{
  "dataset": "breast_cancer",
  "mean_abs_skewness": 1.7358152690860298,
  "mean_abs_kurtosis": 7.771798149038248,
  "distribution_score": 9.507613418124281,
  "fraction_normal_features": 0.0,
  "avg_abs_correlation": 0.39489662556591254,
  "max_abs_correlation": 0.9978552814938112,
  "pca_dim_95": 10,
  "mle_intrinsic_dim": 8.01,
  "variance_retained_8": 0.926,
  "n_features": 30,
  "fisher_separability": 3.4053,
  "silhouette_score": 0.2941,
  "n_classes": 2,
  "sparsity_index": 0.0045694200351493845,
  "n_samples": 569,
  "class_entropy": 0.9526,
  "max_class_entropy": 1.0,
  "balance_ratio": 0.5938,
  "class_distribution": {
    "0": 212,
    "1": 357
  }
}