{
  "dataset": "credit_fraud",
  "mean_abs_skewness": 1.039900516159731,
  "mean_abs_kurtosis": 21.47738386166643,
  "distribution_score": 22.517284377826165,
  "fraction_normal_features": 0.0,
  "avg_abs_correlation": 0.029434902208151457,
  "max_abs_correlation": 0.13170547374671202,
  "pca_dim_95": 27,
  "mle_intrinsic_dim": 20.79,
  "variance_retained_8": 0.3542,
  "n_features": 28,
  "fisher_separability": 0.202,
  "silhouette_score": 0.5613,
  "n_classes": 2,
  "sparsity_index": 0.0,
  "n_samples": 1960,
  "class_entropy": 0.1975,
  "max_class_entropy": 1.0,
  "balance_ratio": 0.0316,
  "class_distribution": {
    "0": 1900,
    "1": 60
  }
}