dataset,n_samples,n_features,n_classes,mean_abs_skewness,mean_abs_kurtosis,distribution_score,fraction_normal_features,avg_abs_correlation,max_abs_correlation,pca_dim_95,mle_intrinsic_dim,variance_retained_8,fisher_separability,silhouette_score,sparsity_index,balance_ratio
iris,150,4,3,0.2503955094658882,0.8715368895195007,1.1219323989853889,0.25,0.594116025760156,0.9628654314027962,2,2.68,1.0,29.0626,0.3811,0.0,1.0
wine,178,13,3,0.42889442533348626,0.7396714910419886,1.1685659163754747,0.07692307692307693,0.3049574813503491,0.8645635000951158,10,6.33,0.9202,9.651,0.2798,0.0,0.6761
breast_cancer,569,30,2,1.7358152690860298,7.771798149038248,9.507613418124281,0.0,0.39489662556591254,0.9978552814938112,10,8.01,0.926,3.4053,0.2941,0.0045694200351493845,0.5938
mnist_01,360,64,2,1.795404914378938,18.128999799782683,19.92440471416162,0.0,0.17106457532307026,1.0,25,7.96,0.7419,15.2771,0.2826,0.49331597222222223,0.978
credit_fraud,1960,28,2,1.039900516159731,21.47738386166643,22.517284377826165,0.0,0.029434902208151457,0.13170547374671202,27,20.79,0.3542,0.202,0.5613,0.0,0.0316
nsl_kdd,2000,40,5,0.8999739179200053,1.0735134040655803,1.9734873219855857,0.0,0.2311877398804164,0.9270471035025986,14,8.71,0.8081,224.9541,0.3847,0.175,0.25
har,1800,561,6,0.05650800990072492,0.13852557081678724,0.19503358071751217,0.9019607843137255,0.01927637822165513,0.9404720180004768,460,104.51,0.0525,406.0823,0.0149,3.961180431768667e-06,1.0
heart_disease,270,13,2,0.7886896369092226,1.3808855998720564,2.169575236781279,0.0,0.1575256396387435,0.6097115673478992,12,7.2,0.8116,0.7598,0.1129,0.249002849002849,0.8
