{
  "dataset": "har",
  "mean_abs_skewness": 0.05650800990072492,
  "mean_abs_kurtosis": 0.13852557081678724,
  "distribution_score": 0.19503358071751217,
  "fraction_normal_features": 0.9019607843137255,
  "avg_abs_correlation": 0.01927637822165513,
  "max_abs_correlation": 0.9404720180004768,
  "pca_dim_95": 460,
  "mle_intrinsic_dim": 104.51,
  "variance_retained_8": 0.0525,
  "n_features": 561,
  "fisher_separability": 406.0823,
  "silhouette_score": 0.0149,
  "n_classes": 6,
  "sparsity_index": 3.961180431768667e-06,
  "n_samples": 1800,
  "class_entropy": 2.585,
  "max_class_entropy": 2.585,
  "balance_ratio": 1.0,
  "class_distribution": {
    "0": 300,
    "1": 300,
    "2": 300,
    "3": 300,
    "4": 300,
    "5": 300
  }
}