{
  "dataset": "heart_disease",
  "mean_abs_skewness": 0.7886896369092226,
  "mean_abs_kurtosis": 1.3808855998720564,
  "distribution_score": 2.169575236781279,
  "fraction_normal_features": 0.0,
  "avg_abs_correlation": 0.1575256396387435,
  "max_abs_correlation": 0.6097115673478992,
  "pca_dim_95": 12,
  "mle_intrinsic_dim": 7.2,
  "variance_retained_8": 0.8116,
  "n_features": 13,
  "fisher_separability": 0.7598,
  "silhouette_score": 0.1129,
  "n_classes": 2,
  "sparsity_index": 0.249002849002849,
  "n_samples": 270,
  "class_entropy": 0.9911,
  "max_class_entropy": 1.0,
  "balance_ratio": 0.8,
  "class_distribution": {
    "0": 150,
    "1": 120
  }
}