{
  "dataset": "mnist_01",
  "mean_abs_skewness": 1.795404914378938,
  "mean_abs_kurtosis": 18.128999799782683,
  "distribution_score": 19.92440471416162,
  "fraction_normal_features": 0.0,
  "avg_abs_correlation": 0.17106457532307026,
  "max_abs_correlation": 1.0,
  "pca_dim_95": 25,
  "mle_intrinsic_dim": 7.96,
  "variance_retained_8": 0.7419,
  "n_features": 64,
  "fisher_separability": 15.2771,
  "silhouette_score": 0.2826,
  "n_classes": 2,
  "sparsity_index": 0.49331597222222223,
  "n_samples": 360,
  "class_entropy": 0.9999,
  "max_class_entropy": 1.0,
  "balance_ratio": 0.978,
  "class_distribution": {
    "0": 178,
    "1": 182
  }
}