{
  "dataset": "nsl_kdd",
  "mean_abs_skewness": 0.8999739179200053,
  "mean_abs_kurtosis": 1.0735134040655803,
  "distribution_score": 1.9734873219855857,
  "fraction_normal_features": 0.0,
  "avg_abs_correlation": 0.2311877398804164,
  "max_abs_correlation": 0.9270471035025986,
  "pca_dim_95": 14,
  "mle_intrinsic_dim": 8.71,
  "variance_retained_8": 0.8081,
  "n_features": 40,
  "fisher_separability": 224.9541,
  "silhouette_score": 0.3847,
  "n_classes": 5,
  "sparsity_index": 0.175,
  "n_samples": 2000,
  "class_entropy": 2.1219,
  "max_class_entropy": 2.3219,
  "balance_ratio": 0.25,
  "class_distribution": {
    "0": 800,
    "1": 400,
    "2": 400,
    "3": 200,
    "4": 200
  }
}