{
  "dataset": "wine",
  "mean_abs_skewness": 0.42889442533348626,
  "mean_abs_kurtosis": 0.7396714910419886,
  "distribution_score": 1.1685659163754747,
  "fraction_normal_features": 0.07692307692307693,
  "avg_abs_correlation": 0.3049574813503491,
  "max_abs_correlation": 0.8645635000951158,
  "pca_dim_95": 10,
  "mle_intrinsic_dim": 6.33,
  "variance_retained_8": 0.9202,
  "n_features": 13,
  "fisher_separability": 9.651,
  "silhouette_score": 0.2798,
  "n_classes": 3,
  "sparsity_index": 0.0,
  "n_samples": 178,
  "class_entropy": 1.5668,
  "max_class_entropy": 1.585,
  "balance_ratio": 0.6761,
  "class_distribution": {
    "0": 59,
    "1": 71,
    "2": 48
  }
}