algorithm,config_id,backend_name,execution_type,shots,num_qubits,optimization_level,transpiled_depth,result_id,source_file,row_id,cohort,output_width,k,target_group,register_aligned,candidate_correct,candidate,stored_dsr,n1,n2,contrast,pair_mass,top_mass,gap,rank_p,unique,target_mass,wrong_max_count,target_mean_signed,target_dsr,target_sum_signed,target_min_signed,target_coverage,target_min_count,target_max_count,pass_inspect_all,pass_unique_mode,pass_contrast_0.2,pass_contrast_0.5,pass_contrast_0.8,pass_rank_0.05,pass_rank_0.01,pass_contrast_0.2_and_rank_0.05,pass_gap_0.05
GROVER,ASYM-1,ibm_fez,IBM_QPU,1024,3,0.0,223.0,ASYM-1_IBM-QPU_000,ASYM-1_IBM_ibm_fez_20260205_193801.json,0,primary,3,2,multiple,False,1.0,000,0.317333,320,174,0.29554655870445345,0.482421875,0.3125,0.142578125,4.995032565734178e-11,True,0.482421875,128,0.31733333333333336,0.31733333333333336,0.5884244372990354,0.152317880794702,1.0,174,320,True,True,True,False,False,True,True,True,True
GROVER,ASYM-1,ibm_fez,IBM_QPU,1024,3,1.0,132.0,ASYM-1_IBM-QPU_001,ASYM-1_IBM_ibm_fez_20260205_193801.json,1,primary,3,2,multiple,False,1.0,000,0.897013,505,416,0.09663409337676439,0.8994140625,0.4931640625,0.0869140625,0.003712047226564112,True,0.8994140625,25,0.8970133882595263,0.8970133882595263,0.9471458773784355,0.8866213151927438,1.0,416,505,True,True,False,False,False,True,True,False,True
GROVER,ASYM-1,ibm_fez,IBM_QPU,1024,3,2.0,108.0,ASYM-1_IBM-QPU_002,ASYM-1_IBM_ibm_fez_20260205_193801.json,2,primary,3,2,multiple,False,1.0,000,0.938525,532,414,0.12473572938689217,0.923828125,0.51953125,0.115234375,0.0001397914003663361,True,0.923828125,15,0.9385245901639344,0.9385245901639344,0.9687825182101977,0.9300699300699301,1.0,414,532,True,True,False,False,False,True,True,False,True
GROVER,ASYM-1,ibm_fez,IBM_QPU,1024,3,3.0,108.0,ASYM-1_IBM-QPU_003,ASYM-1_IBM_ibm_fez_20260205_193801.json,3,primary,3,2,multiple,False,1.0,000,0.921891,501,434,0.07165775401069518,0.9130859375,0.4892578125,0.0654296875,0.030839636946775238,True,0.9130859375,19,0.9218910585817061,0.9218910585817061,0.960167714884696,0.9161147902869757,1.0,434,501,True,True,False,False,False,True,False,False,True
GROVER,ASYM-1,ibm_kingston,IBM_QPU,1024,3,3.0,103.0,ASYM-1_IBM-QPU_003,ASYM-1_IBM_ibm_kingston_20260331_140901.json,4,primary,3,2,multiple,False,1.0,001,0.901235,478,446,0.03463203463203463,0.90234375,0.466796875,0.03125,0.30780971746727437,True,0.90234375,24,0.9012345679012346,0.9012345679012346,0.9493670886075949,0.8978723404255319,1.0,446,478,True,True,False,False,False,False,False,False,False
GROVER,ASYM-1,ibm_kingston,IBM_QPU,1024,3,3.0,108.0,ASYM-1_IBM-QPU_003,ASYM-1_IBM_ibm_kingston_20260331_140927.json,5,primary,3,2,multiple,False,1.0,001,0.875389,473,430,0.047619047619047616,0.8818359375,0.4619140625,0.0419921875,0.1621745175693167,True,0.8818359375,30,0.8753894080996885,0.8753894080996885,0.9356913183279743,0.8695652173913043,1.0,430,473,True,True,False,False,False,False,False,False,False
GROVER,ASYM-1,ibm_torino,IBM_QPU,1024,3,0.0,227.0,ASYM-1_IBM-QPU_000,ASYM-1_IBM_ibm_torino_20260127_133119.json,6,primary,3,2,multiple,False,1.0,000,0.728368,415,374,0.051964512040557666,0.7705078125,0.4052734375,0.0400390625,0.1543908344247074,True,0.7705078125,62,0.7283680175246441,0.7283680175246441,0.854289071680376,0.7155963302752294,1.0,374,415,True,True,False,False,False,False,False,False,False
GROVER,ASYM-1,ibm_torino,IBM_QPU,1024,3,1.0,132.0,ASYM-1_IBM-QPU_001,ASYM-1_IBM_ibm_torino_20260127_133119.json,7,primary,3,2,multiple,False,1.0,000,0.883938,483,426,0.0627062706270627,0.8876953125,0.4716796875,0.0556640625,0.06319453586312129,True,0.8876953125,28,0.883937823834197,0.883937823834197,0.9402347918890075,0.8766519823788547,1.0,426,483,True,True,False,False,False,False,False,False,True
GROVER,ASYM-1,ibm_torino,IBM_QPU,1024,3,2.0,107.0,ASYM-1_IBM-QPU_002,ASYM-1_IBM_ibm_torino_20260127_133119.json,8,primary,3,2,multiple,False,1.0,000,0.908997,494,429,0.07042253521126761,0.9013671875,0.482421875,0.0634765625,0.035096743336530754,True,0.9013671875,22,0.9089968976215098,0.9089968976215098,0.9534391534391534,0.9024390243902439,1.0,429,494,True,True,False,False,False,True,False,False,True
GROVER,ASYM-1,ibm_torino,IBM_QPU,1024,3,3.0,107.0,ASYM-1_IBM-QPU_003,ASYM-1_IBM_ibm_torino_20260127_133119.json,9,primary,3,2,multiple,False,1.0,001,0.921811,495,439,0.059957173447537475,0.912109375,0.4833984375,0.0546875,0.07185831375533422,True,0.912109375,19,0.9218106995884774,0.9218106995884774,0.9601259181532005,0.9170305676855895,1.0,439,495,True,True,False,False,False,False,False,False,True
GROVER,ASYM-2,ibm_fez,IBM_QPU,1024,3,0.0,204.0,ASYM-2_IBM-QPU_000,ASYM-2_IBM_ibm_fez_20260205_193832.json,10,primary,3,2,multiple,False,1.0,011,0.413265,362,192,0.30685920577617326,0.541015625,0.353515625,0.166015625,4.599164348945478e-13,True,0.541015625,115,0.413265306122449,0.413265306122449,0.656203288490284,0.250814332247557,1.0,192,362,True,True,True,False,False,True,True,True,True
GROVER,ASYM-2,ibm_fez,IBM_QPU,1024,3,1.0,132.0,ASYM-2_IBM-QPU_001,ASYM-2_IBM_ibm_fez_20260205_193832.json,11,primary,3,2,multiple,False,1.0,011,0.888774,498,419,0.0861504907306434,0.8955078125,0.486328125,0.0771484375,0.009963048251267904,True,0.8955078125,27,0.8887744593202883,0.8887744593202883,0.9427966101694916,0.8789237668161435,1.0,419,498,True,True,False,False,False,True,True,False,True
GROVER,ASYM-2,ibm_fez,IBM_QPU,1024,3,2.0,103.0,ASYM-2_IBM-QPU_002,ASYM-2_IBM_ibm_fez_20260205_193832.json,12,primary,3,2,multiple,False,1.0,011,0.87667,487,426,0.06681270536692223,0.8916015625,0.4755859375,0.0595703125,0.04700621210557438,True,0.8916015625,30,0.8766700924974307,0.8766700924974307,0.936373276776246,0.868421052631579,1.0,426,487,True,True,False,False,False,True,False,False,True
GROVER,ASYM-2,ibm_fez,IBM_QPU,1024,3,3.0,103.0,ASYM-2_IBM-QPU_003,ASYM-2_IBM_ibm_fez_20260205_193832.json,13,primary,3,2,multiple,False,1.0,011,0.893333,507,416,0.09859154929577464,0.9013671875,0.4951171875,0.0888671875,0.0030320204250577245,True,0.9013671875,26,0.8933333333333333,0.8933333333333333,0.9452054794520548,0.8823529411764706,1.0,416,507,True,True,False,False,False,True,True,False,True
GROVER,ASYM-2,ibm_kingston,IBM_QPU,1024,3,3.0,107.0,ASYM-2_IBM-QPU_003,ASYM-2_IBM_ibm_kingston_20260331_140953.json,14,primary,3,2,multiple,False,1.0,000,0.839341,481,412,0.07726763717805152,0.8720703125,0.4697265625,0.0673828125,0.022820757898143477,True,0.8720703125,39,0.839340885684861,0.839340885684861,0.9163090128755365,0.8270509977827051,1.0,412,481,True,True,False,False,False,True,False,False,True
GROVER,ASYM-2,ibm_kingston,IBM_QPU,1024,3,3.0,107.0,ASYM-2_IBM-QPU_003,ASYM-2_IBM_ibm_kingston_20260331_141019.json,15,primary,3,2,multiple,False,1.0,000,0.836,471,447,0.026143790849673203,0.896484375,0.4599609375,0.0234375,0.44780242471006076,True,0.896484375,41,0.836,0.836,0.9144942648592284,0.8319672131147541,1.0,447,471,True,True,False,False,False,False,False,False,False
GROVER,ASYM-2,ibm_torino,IBM_QPU,1024,3,0.0,226.0,ASYM-2_IBM-QPU_000,ASYM-2_IBM_ibm_torino_20260127_133148.json,16,primary,3,2,multiple,False,1.0,000,0.640045,388,341,0.0644718792866941,0.7119140625,0.37890625,0.0458984375,0.08836717218452184,True,0.7119140625,80,0.6400449943757031,0.6400449943757031,0.8022249690976514,0.6199524940617577,1.0,341,388,True,True,False,False,False,False,False,False,False
GROVER,ASYM-2,ibm_torino,IBM_QPU,1024,3,1.0,132.0,ASYM-2_IBM-QPU_001,ASYM-2_IBM_ibm_torino_20260127_133148.json,17,primary,3,2,multiple,False,1.0,000,0.830688,456,409,0.05433526011560694,0.8447265625,0.4453125,0.0458984375,0.11775537945549978,True,0.8447265625,40,0.8306878306878307,0.8306878306878307,0.9116022099447514,0.821826280623608,1.0,409,456,True,True,False,False,False,False,False,False,False
GROVER,ASYM-2,ibm_torino,IBM_QPU,1024,3,2.0,102.0,ASYM-2_IBM-QPU_002,ASYM-2_IBM_ibm_torino_20260127_133148.json,18,primary,3,2,multiple,False,1.0,000,0.8826,470,428,0.0467706013363029,0.876953125,0.458984375,0.041015625,0.17121870974966696,True,0.876953125,28,0.8825995807127882,0.8825995807127882,0.9395248380129589,0.8771929824561403,1.0,428,470,True,True,False,False,False,False,False,False,False
GROVER,ASYM-2,ibm_torino,IBM_QPU,1024,3,3.0,102.0,ASYM-2_IBM-QPU_003,ASYM-2_IBM_ibm_torino_20260127_133148.json,19,primary,3,2,multiple,False,1.0,000,0.862069,457,434,0.025813692480359147,0.8701171875,0.4462890625,0.0224609375,0.4611247018644649,True,0.8701171875,33,0.8620689655172413,0.8620689655172413,0.9285714285714286,0.8586723768736617,1.0,434,457,True,True,False,False,False,False,False,False,False
GROVER,H3-0,ibm_fez,IBM_QPU,1024,3,3.0,140.0,H3-0_IBM-QPU_003,H3-0_IBM_ibm_fez_20260331_141135.json,20,primary,3,1,singleton,False,1.0,000,0.864865,759,55,0.8648648648648649,0.794921875,0.7412109375,0.6875,2.919142291616352e-159,True,0.7412109375,55,0.8648648648648649,0.8648648648648649,0.8648648648648649,0.8648648648648649,1.0,759,759,True,True,True,True,True,True,True,True,True
GROVER,H3-0,ibm_kingston,IBM_QPU,1024,3,3.0,141.0,H3-0_IBM-QPU_003,H3-0_IBM_ibm_kingston_20260331_141047.json,21,primary,3,1,singleton,False,1.0,000,0.925926,832,32,0.9259259259259259,0.84375,0.8125,0.78125,3.341706330906051e-202,True,0.8125,32,0.9259259259259259,0.9259259259259259,0.9259259259259259,0.9259259259259259,1.0,832,832,True,True,True,True,True,True,True,True,True
GROVER,H3-1,ibm_fez,IBM_QPU,1024,3,3.0,140.0,H3-1_IBM-QPU_003,H3-1_IBM_ibm_fez_20260331_141201.json,22,primary,3,1,singleton,False,1.0,001,0.839308,744,65,0.8393077873918418,0.7900390625,0.7265625,0.6630859375,5.756348435112688e-147,True,0.7265625,65,0.8393077873918418,0.8393077873918418,0.8393077873918418,0.8393077873918418,1.0,744,744,True,True,True,True,True,True,True,True,True
GROVER,H3-1,ibm_fez,IBM_QPU,1024,3,3.0,140.0,H3-1_IBM-QPU_003,H3-1_IBM_ibm_fez_20260331_141228.json,23,primary,3,1,singleton,False,1.0,001,0.854501,752,59,0.8545006165228114,0.7919921875,0.734375,0.6767578125,5.651692800918024e-154,True,0.734375,59,0.8545006165228114,0.8545006165228114,0.8545006165228114,0.8545006165228114,1.0,752,752,True,True,True,True,True,True,True,True,True
GROVER,H3-2,ibm_fez,IBM_QPU,1024,3,0.0,312.0,H3-2_IBM-QPU_000,H3-2_IBM_ibm_fez_20260205_194659.json,24,primary,3,1,singleton,False,1.0,011,0.262473,291,170,0.26247288503253796,0.4501953125,0.2841796875,0.1181640625,1.9064911966844858e-08,True,0.2841796875,170,0.26247288503253796,0.26247288503253796,0.26247288503253796,0.26247288503253796,1.0,291,291,True,True,True,False,False,True,True,True,True
GROVER,H3-2,ibm_fez,IBM_QPU,1024,3,1.0,161.0,H3-2_IBM-QPU_001,H3-2_IBM_ibm_fez_20260205_194659.json,25,primary,3,1,singleton,False,1.0,011,0.811944,713,74,0.8119440914866582,0.7685546875,0.6962890625,0.6240234375,4.799884960579604e-132,True,0.6962890625,74,0.8119440914866582,0.8119440914866582,0.8119440914866582,0.8119440914866582,1.0,713,713,True,True,True,True,True,True,True,True,True
GROVER,H3-2,ibm_fez,IBM_QPU,1024,3,2.0,140.0,H3-2_IBM-QPU_002,H3-2_IBM_ibm_fez_20260205_194659.json,26,primary,3,1,singleton,False,1.0,011,0.890084,791,46,0.8900836320191159,0.8173828125,0.7724609375,0.7275390625,3.331487371850978e-176,True,0.7724609375,46,0.8900836320191159,0.8900836320191159,0.8900836320191159,0.8900836320191159,1.0,791,791,True,True,True,True,True,True,True,True,True
GROVER,H3-2,ibm_fez,IBM_QPU,1024,3,3.0,144.0,H3-2_IBM-QPU_003,H3-2_IBM_ibm_fez_20260205_194659.json,27,primary,3,1,singleton,False,1.0,011,0.929625,850,31,0.9296254256526674,0.8603515625,0.830078125,0.7998046875,1.807230683368974e-208,True,0.830078125,31,0.9296254256526674,0.9296254256526674,0.9296254256526674,0.9296254256526674,1.0,850,850,True,True,True,True,True,True,True,True,True
GROVER,H3-2,ibm_fez,IBM_QPU,1024,3,3.0,144.0,H3-2_IBM-QPU_003,H3-2_IBM_ibm_fez_20260331_141346.json,28,primary,3,1,singleton,False,1.0,011,0.85396,749,59,0.8539603960396039,0.7890625,0.7314453125,0.673828125,3.604793398946695e-153,True,0.7314453125,59,0.8539603960396039,0.8539603960396039,0.8539603960396039,0.8539603960396039,1.0,749,749,True,True,True,True,True,True,True,True,True
GROVER,H3-2,ibm_torino,IBM_QPU,1024,3,0.0,312.0,H3-2_IBM-QPU_000,H3-2_IBM_ibm_torino_20260127_133605.json,29,primary,3,1,singleton,False,1.0,011,0.710145,590,100,0.7101449275362319,0.673828125,0.576171875,0.478515625,2.0340125666906118e-85,True,0.576171875,100,0.7101449275362319,0.7101449275362319,0.7101449275362319,0.7101449275362319,1.0,590,590,True,True,True,True,False,True,True,True,True
GROVER,H3-2,ibm_torino,IBM_QPU,1024,3,1.0,161.0,H3-2_IBM-QPU_001,H3-2_IBM_ibm_torino_20260127_133605.json,30,primary,3,1,singleton,False,1.0,011,0.857831,771,59,0.8578313253012049,0.810546875,0.7529296875,0.6953125,4.437200514074078e-159,True,0.7529296875,59,0.8578313253012049,0.8578313253012049,0.8578313253012049,0.8578313253012049,1.0,771,771,True,True,True,True,True,True,True,True,True
GROVER,H3-2,ibm_torino,IBM_QPU,1024,3,2.0,141.0,H3-2_IBM-QPU_002,H3-2_IBM_ibm_torino_20260127_133605.json,31,primary,3,1,singleton,False,1.0,011,0.881188,760,48,0.8811881188118812,0.7890625,0.7421875,0.6953125,8.716592566505577e-166,True,0.7421875,48,0.8811881188118812,0.8811881188118812,0.8811881188118812,0.8811881188118812,1.0,760,760,True,True,True,True,True,True,True,True,True
GROVER,H3-2,ibm_torino,IBM_QPU,1024,3,3.0,141.0,H3-2_IBM-QPU_003,H3-2_IBM_ibm_torino_20260127_133605.json,32,primary,3,1,singleton,False,1.0,011,0.882497,769,48,0.8824969400244798,0.7978515625,0.7509765625,0.7041015625,2.941716612503553e-168,True,0.7509765625,48,0.8824969400244798,0.8824969400244798,0.8824969400244798,0.8824969400244798,1.0,769,769,True,True,True,True,True,True,True,True,True
GROVER,H3-3,ibm_fez,IBM_QPU,1024,3,0.0,311.0,H3-3_IBM-QPU_000,H3-3_IBM_ibm_fez_20260205_194627.json,33,primary,3,1,singleton,False,1.0,111,0.084282,238,201,0.08428246013667426,0.4287109375,0.232421875,0.0361328125,0.08564647621489502,True,0.232421875,201,0.08428246013667426,0.08428246013667426,0.08428246013667426,0.08428246013667426,1.0,238,238,True,True,False,False,False,False,False,False,False
GROVER,H3-3,ibm_fez,IBM_QPU,1024,3,1.0,172.0,H3-3_IBM-QPU_001,H3-3_IBM_ibm_fez_20260205_194627.json,34,primary,3,1,singleton,False,1.0,111,0.890443,811,47,0.8904428904428905,0.837890625,0.7919921875,0.74609375,8.85226392181102e-181,True,0.7919921875,47,0.8904428904428905,0.8904428904428905,0.8904428904428905,0.8904428904428905,1.0,811,811,True,True,True,True,True,True,True,True,True
GROVER,H3-3,ibm_fez,IBM_QPU,1024,3,2.0,144.0,H3-3_IBM-QPU_002,H3-3_IBM_ibm_fez_20260205_194627.json,35,primary,3,1,singleton,False,1.0,111,0.91236,851,39,0.9123595505617977,0.869140625,0.8310546875,0.79296875,5.68021773163065e-200,True,0.8310546875,39,0.9123595505617977,0.9123595505617977,0.9123595505617977,0.9123595505617977,1.0,851,851,True,True,True,True,True,True,True,True,True
GROVER,H3-3,ibm_fez,IBM_QPU,1024,3,3.0,144.0,H3-3_IBM-QPU_003,H3-3_IBM_ibm_fez_20260205_194627.json,36,primary,3,1,singleton,False,1.0,111,0.911464,842,39,0.9114642451759364,0.8603515625,0.822265625,0.7841796875,1.9404499295125702e-197,True,0.822265625,39,0.9114642451759364,0.9114642451759364,0.9114642451759364,0.9114642451759364,1.0,842,842,True,True,True,True,True,True,True,True,True
GROVER,H3-3,ibm_fez,IBM_QPU,1024,3,3.0,144.0,H3-3_IBM-QPU_003,H3-3_IBM_ibm_fez_20260331_141411.json,37,primary,3,1,singleton,False,1.0,111,0.87,748,52,0.87,0.78125,0.73046875,0.6796875,6.705899205871646e-159,True,0.73046875,52,0.87,0.87,0.87,0.87,1.0,748,748,True,True,True,True,True,True,True,True,True
GROVER,H3-3,ibm_fez,IBM_QPU,1024,3,3.0,144.0,H3-3_IBM-QPU_003,H3-3_IBM_ibm_fez_20260331_141438.json,38,primary,3,1,singleton,False,1.0,111,0.868649,754,53,0.8686493184634448,0.7880859375,0.736328125,0.6845703125,1.1927446126639523e-159,True,0.736328125,53,0.8686493184634448,0.8686493184634448,0.8686493184634448,0.8686493184634448,1.0,754,754,True,True,True,True,True,True,True,True,True
GROVER,H3-3,ibm_torino,IBM_QPU,1024,3,0.0,302.0,H3-3_IBM-QPU_000,H3-3_IBM_ibm_torino_20260127_133534.json,39,primary,3,1,singleton,False,1.0,111,0.739508,601,90,0.7395079594790159,0.6748046875,0.5869140625,0.4990234375,1.2796384485085239e-93,True,0.5869140625,90,0.7395079594790159,0.7395079594790159,0.7395079594790159,0.7395079594790159,1.0,601,601,True,True,True,True,False,True,True,True,True
GROVER,H3-3,ibm_torino,IBM_QPU,1024,3,1.0,162.0,H3-3_IBM-QPU_001,H3-3_IBM_ibm_torino_20260127_133534.json,40,primary,3,1,singleton,False,1.0,111,0.832021,698,64,0.8320209973753281,0.744140625,0.681640625,0.619140625,1.3097450770429215e-135,True,0.681640625,64,0.8320209973753281,0.8320209973753281,0.8320209973753281,0.8320209973753281,1.0,698,698,True,True,True,True,True,True,True,True,True
GROVER,H3-3,ibm_torino,IBM_QPU,1024,3,2.0,138.0,H3-3_IBM-QPU_002,H3-3_IBM_ibm_torino_20260127_133534.json,41,primary,3,1,singleton,False,1.0,111,0.85258,754,60,0.8525798525798526,0.794921875,0.736328125,0.677734375,1.1157521922596519e-153,True,0.736328125,60,0.8525798525798526,0.8525798525798526,0.8525798525798526,0.8525798525798526,1.0,754,754,True,True,True,True,True,True,True,True,True
GROVER,H3-3,ibm_torino,IBM_QPU,1024,3,3.0,142.0,H3-3_IBM-QPU_003,H3-3_IBM_ibm_torino_20260127_133534.json,42,primary,3,1,singleton,False,1.0,111,0.847909,729,60,0.8479087452471483,0.7705078125,0.7119140625,0.6533203125,5.373578119170044e-147,True,0.7119140625,60,0.8479087452471483,0.8479087452471483,0.8479087452471483,0.8479087452471483,1.0,729,729,True,True,True,True,True,True,True,True,True
GROVER,H4-0,ibm_fez,IBM_QPU,1024,4,0.0,881.0,H4-0_IBM-QPU_000,H4-0_IBM_ibm_fez_20260127_111225.json,43,primary,4,1,singleton,False,1.0,0000,0.194313,126,85,0.1943127962085308,0.2060546875,0.123046875,0.0400390625,0.005763098755847958,True,0.123046875,85,0.1943127962085308,0.1943127962085308,0.1943127962085308,0.1943127962085308,1.0,126,126,True,True,False,False,False,True,True,False,False
GROVER,H4-0,ibm_fez,IBM_QPU,1024,4,2.0,436.0,H4-0_IBM-QPU_002,H4-0_IBM_ibm_fez_20260127_111225.json,44,primary,4,1,singleton,False,1.0,0000,0.761821,503,68,0.7618213660245184,0.5576171875,0.4912109375,0.4248046875,5.336246510481063e-83,True,0.4912109375,68,0.7618213660245184,0.7618213660245184,0.7618213660245184,0.7618213660245184,1.0,503,503,True,True,True,True,False,True,True,True,True
GROVER,H4-4,ibm_torino,IBM_QPU,1024,4,0.0,930.0,H4-4_IBM-QPU_000,H4-4_IBM_ibm_torino_20260127_133955.json,45,primary,4,1,singleton,False,1.0,1111,0.350427,158,76,0.3504273504273504,0.228515625,0.154296875,0.080078125,8.869833848799515e-08,True,0.154296875,76,0.3504273504273504,0.3504273504273504,0.3504273504273504,0.3504273504273504,1.0,158,158,True,True,True,False,False,True,True,True,True
GROVER,H4-4,ibm_torino,IBM_QPU,1024,4,1.0,587.0,H4-4_IBM-QPU_001,H4-4_IBM_ibm_torino_20260127_133955.json,46,primary,4,1,singleton,False,1.0,1111,0.664198,337,68,0.6641975308641975,0.3955078125,0.3291015625,0.2626953125,6.344178719690838e-44,True,0.3291015625,68,0.6641975308641975,0.6641975308641975,0.6641975308641975,0.6641975308641975,1.0,337,337,True,True,True,True,False,True,True,True,True
GROVER,H4-4,ibm_torino,IBM_QPU,1024,4,2.0,427.0,H4-4_IBM-QPU_002,H4-4_IBM_ibm_torino_20260127_133955.json,47,primary,4,1,singleton,False,1.0,1111,0.737634,404,61,0.7376344086021506,0.4541015625,0.39453125,0.3349609375,4.105173041040214e-63,True,0.39453125,61,0.7376344086021506,0.7376344086021506,0.7376344086021506,0.7376344086021506,1.0,404,404,True,True,True,True,False,True,True,True,True
GROVER,H4-4,ibm_torino,IBM_QPU,1024,4,3.0,430.0,H4-4_IBM-QPU_003,H4-4_IBM_ibm_torino_20260127_133955.json,48,primary,4,1,singleton,False,1.0,1111,0.724289,394,63,0.7242888402625821,0.4462890625,0.384765625,0.3232421875,1.3680333178645156e-59,True,0.384765625,63,0.7242888402625821,0.7242888402625821,0.7242888402625821,0.7242888402625821,1.0,394,394,True,True,True,True,False,True,True,True,True
GROVER,H4-4,ibm_torino,IBM_QPU,1024,4,0.0,922.0,H4-4_IBM-QPU_000,H4-4_IBM_ibm_torino_20260205_200001.json,49,primary,4,1,singleton,False,1.0,1111,0.201681,143,95,0.20168067226890757,0.232421875,0.1396484375,0.046875,0.002246734507600873,True,0.1396484375,95,0.20168067226890757,0.20168067226890757,0.20168067226890757,0.20168067226890757,1.0,143,143,True,True,True,False,False,True,True,True,False
GROVER,H4-4,ibm_torino,IBM_QPU,1024,4,1.0,597.0,H4-4_IBM-QPU_001,H4-4_IBM_ibm_torino_20260205_200001.json,50,primary,4,1,singleton,False,1.0,1111,0.784615,464,56,0.7846153846153846,0.5078125,0.453125,0.3984375,5.379857094040735e-81,True,0.453125,56,0.7846153846153846,0.7846153846153846,0.7846153846153846,0.7846153846153846,1.0,464,464,True,True,True,True,False,True,True,True,True
GROVER,H4-4,ibm_torino,IBM_QPU,1024,4,2.0,423.0,H4-4_IBM-QPU_002,H4-4_IBM_ibm_torino_20260205_200001.json,51,primary,4,1,singleton,False,1.0,1111,0.777778,456,57,0.7777777777777778,0.5009765625,0.4453125,0.3896484375,2.486591589578282e-78,True,0.4453125,57,0.7777777777777778,0.7777777777777778,0.7777777777777778,0.7777777777777778,1.0,456,456,True,True,True,True,False,True,True,True,True
GROVER,H4-4,ibm_torino,IBM_QPU,1024,4,3.0,435.0,H4-4_IBM-QPU_003,H4-4_IBM_ibm_torino_20260205_200001.json,52,primary,4,1,singleton,False,1.0,1111,0.792961,433,50,0.7929606625258799,0.4716796875,0.4228515625,0.3740234375,3.3858285207524948e-77,True,0.4228515625,50,0.7929606625258799,0.7929606625258799,0.7929606625258799,0.7929606625258799,1.0,433,433,True,True,True,True,False,True,True,True,True
GROVER,M3-1,ibm_fez,IBM_QPU,1024,3,0.0,315.0,M3-1_IBM-QPU_000,M3-1_IBM_ibm_fez_20260127_133714.json,53,primary,3,1,singleton,False,1.0,000,0.46383,344,126,0.46382978723404256,0.458984375,0.3359375,0.212890625,1.9686564152440163e-24,True,0.3359375,126,0.46382978723404256,0.46382978723404256,0.46382978723404256,0.46382978723404256,1.0,344,344,True,True,True,False,False,True,True,True,True
GROVER,M3-1,ibm_fez,IBM_QPU,1024,3,1.0,175.0,M3-1_IBM-QPU_001,M3-1_IBM_ibm_fez_20260127_133714.json,54,primary,3,1,singleton,False,1.0,000,0.839308,744,65,0.8393077873918418,0.7900390625,0.7265625,0.6630859375,5.756348435112688e-147,True,0.7265625,65,0.8393077873918418,0.8393077873918418,0.8393077873918418,0.8393077873918418,1.0,744,744,True,True,True,True,True,True,True,True,True
GROVER,M3-1,ibm_fez,IBM_QPU,1024,3,2.0,140.0,M3-1_IBM-QPU_002,M3-1_IBM_ibm_fez_20260127_133714.json,55,primary,3,1,singleton,False,1.0,000,0.869182,743,52,0.869182389937107,0.7763671875,0.7255859375,0.6748046875,1.5328626859708878e-157,True,0.7255859375,52,0.869182389937107,0.869182389937107,0.869182389937107,0.869182389937107,1.0,743,743,True,True,True,True,True,True,True,True,True
GROVER,M3-1,ibm_fez,IBM_QPU,1024,3,3.0,141.0,M3-1_IBM-QPU_003,M3-1_IBM_ibm_fez_20260127_133714.json,56,primary,3,1,singleton,False,1.0,000,0.926007,885,34,0.926006528835691,0.8974609375,0.8642578125,0.8310546875,4.848474097052735e-215,True,0.8642578125,34,0.926006528835691,0.926006528835691,0.926006528835691,0.926006528835691,1.0,885,885,True,True,True,True,True,True,True,True,True
GROVER,M3-1,ibm_fez,IBM_QPU,1024,3,0.0,306.0,M3-1_IBM-QPU_000,M3-1_IBM_ibm_fez_20260206_114454.json,57,primary,3,1,singleton,False,0.0,100,0.0,168,150,0.05660377358490566,0.310546875,0.1640625,0.017578125,0.34044375231254004,True,0.138671875,168,-0.08387096774193549,0.0,-0.08387096774193549,-0.08387096774193549,1.0,142,142,True,True,False,False,False,False,False,False,False
GROVER,M3-1,ibm_fez,IBM_QPU,1024,3,1.0,165.0,M3-1_IBM-QPU_001,M3-1_IBM_ibm_fez_20260206_114454.json,58,primary,3,1,singleton,False,1.0,000,0.911935,825,38,0.9119351100811124,0.8427734375,0.8056640625,0.7685546875,1.0554671961887591e-193,True,0.8056640625,38,0.9119351100811124,0.9119351100811124,0.9119351100811124,0.9119351100811124,1.0,825,825,True,True,True,True,True,True,True,True,True
GROVER,M3-1,ibm_fez,IBM_QPU,1024,3,2.0,144.0,M3-1_IBM-QPU_002,M3-1_IBM_ibm_fez_20260206_114454.json,59,primary,3,1,singleton,False,1.0,000,0.92752,851,32,0.927519818799547,0.8623046875,0.8310546875,0.7998046875,1.2936377942657175e-207,True,0.8310546875,32,0.927519818799547,0.927519818799547,0.927519818799547,0.927519818799547,1.0,851,851,True,True,True,True,True,True,True,True,True
GROVER,M3-1,ibm_fez,IBM_QPU,1024,3,3.0,140.0,M3-1_IBM-QPU_003,M3-1_IBM_ibm_fez_20260206_114454.json,60,primary,3,1,singleton,False,1.0,000,0.888763,832,49,0.8887627695800226,0.8603515625,0.8125,0.7646484375,1.1193179769775382e-184,True,0.8125,49,0.8887627695800226,0.8887627695800226,0.8887627695800226,0.8887627695800226,1.0,832,832,True,True,True,True,True,True,True,True,True
GROVER,M3-1,ibm_fez,IBM_QPU,1024,3,3.0,140.0,M3-1_IBM-QPU_003,M3-1_IBM_ibm_fez_20260331_141503.json,61,primary,3,1,singleton,False,1.0,000,0.869779,761,53,0.8697788697788698,0.794921875,0.7431640625,0.69140625,1.4945149813113998e-161,True,0.7431640625,53,0.8697788697788698,0.8697788697788698,0.8697788697788698,0.8697788697788698,1.0,761,761,True,True,True,True,True,True,True,True,True
GROVER,M3-1,ibm_fez,IBM_QPU,1024,3,3.0,144.0,M3-1_IBM-QPU_003,M3-1_IBM_ibm_fez_20260331_141529.json,62,primary,3,1,singleton,False,1.0,000,0.839416,756,66,0.8394160583941606,0.802734375,0.73828125,0.673828125,2.371069307524641e-149,True,0.73828125,66,0.8394160583941606,0.8394160583941606,0.8394160583941606,0.8394160583941606,1.0,756,756,True,True,True,True,True,True,True,True,True
GROVER,M3-2,ibm_fez,IBM_QPU,1024,3,0.0,221.0,M3-2_IBM-QPU_000,M3-2_IBM_ibm_fez_20260205_194136.json,63,primary,3,2,multiple,False,0.0,001,0.0,220,138,0.22905027932960895,0.349609375,0.21484375,0.080078125,1.7189818549848468e-05,True,0.224609375,220,-0.31343283582089554,0.0,0.022222222222222223,-0.41025641025641024,1.0,92,138,True,True,True,False,False,True,True,True,True
GROVER,M3-2,ibm_fez,IBM_QPU,1024,3,1.0,132.0,M3-2_IBM-QPU_001,M3-2_IBM_ibm_fez_20260205_194136.json,64,primary,3,2,multiple,False,1.0,000,0.908997,468,455,0.014084507042253521,0.9013671875,0.45703125,0.0126953125,0.6928763513614966,True,0.9013671875,22,0.9089968976215098,0.9089968976215098,0.9534391534391534,0.9077568134171907,1.0,455,468,True,True,False,False,False,False,False,False,False
GROVER,M3-2,ibm_fez,IBM_QPU,1024,3,2.0,103.0,M3-2_IBM-QPU_002,M3-2_IBM_ibm_fez_20260205_194136.json,65,primary,3,2,multiple,False,1.0,000,0.900312,466,449,0.018579234972677595,0.8935546875,0.455078125,0.0166015625,0.5968686396753815,True,0.8935546875,24,0.9003115264797508,0.9003115264797508,0.9488817891373802,0.8985200845665962,1.0,449,466,True,True,False,False,False,False,False,False,False
GROVER,M3-2,ibm_fez,IBM_QPU,1024,3,3.0,107.0,M3-2_IBM-QPU_003,M3-2_IBM_ibm_fez_20260205_194136.json,66,primary,3,2,multiple,False,1.0,000,0.883534,491,447,0.046908315565031986,0.916015625,0.4794921875,0.04296875,0.1602828669153233,True,0.916015625,29,0.8835341365461847,0.8835341365461847,0.9400206825232679,0.8781512605042017,1.0,447,491,True,True,False,False,False,False,False,False,False
GROVER,M3-2,ibm_fez,IBM_QPU,1024,3,3.0,103.0,M3-2_IBM-QPU_003,M3-2_IBM_ibm_fez_20260331_141555.json,67,primary,3,2,multiple,False,1.0,000,0.826652,433,410,0.027283511269276393,0.8232421875,0.4228515625,0.0224609375,0.448637650957628,True,0.8232421875,40,0.8266522210184182,0.8266522210184182,0.9093997734994338,0.8222222222222222,1.0,410,433,True,True,False,False,False,False,False,False,False
GROVER,M3-2,ibm_fez,IBM_QPU,1024,3,3.0,103.0,M3-2_IBM-QPU_003,M3-2_IBM_ibm_fez_20260331_141621.json,68,primary,3,2,multiple,False,1.0,000,0.867095,463,408,0.06314580941446613,0.8505859375,0.4521484375,0.0537109375,0.0672302657032407,True,0.8505859375,31,0.8670953912111469,0.8670953912111469,0.9312638580931264,0.8587699316628702,1.0,408,463,True,True,False,False,False,False,False,False,True
GROVER,M3-2,ibm_torino,IBM_QPU,1024,3,0.0,202.0,M3-2_IBM-QPU_000,M3-2_IBM_ibm_torino_20260127_133253.json,69,primary,3,2,multiple,False,1.0,111,0.623472,347,317,0.045180722891566265,0.6484375,0.3388671875,0.029296875,0.2603959926871877,True,0.6484375,77,0.6234718826405868,0.6234718826405868,0.7921727395411606,0.6091370558375635,1.0,317,347,True,True,False,False,False,False,False,False,False
GROVER,M3-2,ibm_torino,IBM_QPU,1024,3,1.0,132.0,M3-2_IBM-QPU_001,M3-2_IBM_ibm_torino_20260127_133253.json,70,primary,3,2,multiple,False,1.0,000,0.866235,497,368,0.14913294797687862,0.8447265625,0.4853515625,0.1259765625,1.3023310802597558e-05,True,0.8447265625,31,0.866235167206041,0.866235167206041,0.9308035714285714,0.8446115288220551,1.0,368,497,True,True,False,False,False,True,True,False,True
GROVER,M3-2,ibm_torino,IBM_QPU,1024,3,2.0,100.0,M3-2_IBM-QPU_002,M3-2_IBM_ibm_torino_20260127_133253.json,71,primary,3,2,multiple,False,1.0,111,0.747277,408,394,0.017456359102244388,0.783203125,0.3984375,0.013671875,0.6462282597421379,True,0.783203125,58,0.7472766884531591,0.7472766884531591,0.8651162790697674,0.7433628318584071,1.0,394,408,True,True,False,False,False,False,False,False,False
GROVER,M3-2,ibm_torino,IBM_QPU,1024,3,3.0,104.0,M3-2_IBM-QPU_003,M3-2_IBM_ibm_torino_20260127_133253.json,72,primary,3,2,multiple,False,1.0,000,0.862213,456,436,0.02242152466367713,0.87109375,0.4453125,0.01953125,0.5246906658636027,True,0.87109375,33,0.8622129436325678,0.8622129436325678,0.9286486486486486,0.8592750533049041,1.0,436,456,True,True,False,False,False,False,False,False,False
GROVER,M4-2,ibm_fez,IBM_QPU,1024,4,0.0,874.0,M4-2_IBM-QPU_000,M4-2_IBM_ibm_fez_20260127_133835.json,73,primary,4,2,multiple,False,0.0,0001,0.0,91,87,0.02247191011235955,0.173828125,0.0888671875,0.00390625,0.8221669881349837,True,0.150390625,91,-0.08333333333333333,0.0,0.2571428571428571,-0.08982035928143713,1.0,76,78,True,True,False,False,False,False,False,False,False
GROVER,M4-2,ibm_fez,IBM_QPU,1024,4,1.0,592.0,M4-2_IBM-QPU_001,M4-2_IBM_ibm_fez_20260127_133835.json,74,primary,4,2,multiple,False,1.0,0000,0.212308,204,190,0.03553299492385787,0.384765625,0.19921875,0.013671875,0.5125637422791144,True,0.384765625,128,0.2123076923076923,0.2123076923076923,0.5095785440613027,0.1949685534591195,1.0,190,204,True,True,False,False,False,False,False,False,False
GROVER,M4-2,ibm_fez,IBM_QPU,1024,4,2.0,440.0,M4-2_IBM-QPU_002,M4-2_IBM_ibm_fez_20260127_133835.json,75,primary,4,2,multiple,False,1.0,1111,0.767568,359,295,0.09785932721712538,0.638671875,0.3505859375,0.0625,0.013697844310372548,True,0.638671875,43,0.7675675675675676,0.7675675675675676,0.8766140602582496,0.7455621301775148,1.0,295,359,True,True,False,False,False,True,False,False,True
GROVER,M4-2,ibm_fez,IBM_QPU,1024,4,3.0,431.0,M4-2_IBM-QPU_003,M4-2_IBM_ibm_fez_20260127_133835.json,76,primary,4,2,multiple,False,1.0,0000,0.55493,280,272,0.014492753623188406,0.5390625,0.2734375,0.0078125,0.765780493822459,True,0.5390625,79,0.5549295774647888,0.5549295774647888,0.7496038034865293,0.5498575498575499,1.0,272,280,True,True,False,False,False,False,False,False,False
GROVER,M4-2,ibm_torino,IBM_QPU,1024,4,0.0,871.0,M4-2_IBM-QPU_000,M4-2_IBM_ibm_torino_20260205_195902.json,77,primary,4,2,multiple,False,1.0,0000,0.396378,219,128,0.2622478386167147,0.3388671875,0.2138671875,0.0888671875,1.185594641361873e-06,True,0.3388671875,75,0.3963782696177062,0.3963782696177062,0.6445497630331753,0.26108374384236455,1.0,128,219,True,True,True,False,False,True,True,True,True
GROVER,M4-2,ibm_torino,IBM_QPU,1024,4,1.0,587.0,M4-2_IBM-QPU_001,M4-2_IBM_ibm_torino_20260205_195902.json,78,primary,4,2,multiple,False,1.0,1111,0.717042,342,192,0.2808988764044944,0.521484375,0.333984375,0.146484375,8.590351984828393e-11,True,0.521484375,44,0.7170418006430869,0.7170418006430869,0.8477508650519031,0.6271186440677966,1.0,192,342,True,True,True,False,False,True,True,True,True
GROVER,M4-2,ibm_torino,IBM_QPU,1024,4,2.0,435.0,M4-2_IBM-QPU_002,M4-2_IBM_ibm_torino_20260205_195902.json,79,primary,4,2,multiple,False,1.0,1111,0.728614,349,237,0.19112627986348124,0.572265625,0.3408203125,0.109375,4.253431004308504e-06,True,0.572265625,46,0.7286135693215339,0.7286135693215339,0.8544303797468354,0.6749116607773852,1.0,237,349,True,True,False,False,False,True,True,False,True
GROVER,M4-2,ibm_torino,IBM_QPU,1024,4,3.0,438.0,M4-2_IBM-QPU_003,M4-2_IBM_ibm_torino_20260205_195902.json,80,primary,4,2,multiple,False,1.0,1111,0.632399,277,247,0.05725190839694656,0.51171875,0.2705078125,0.029296875,0.20515799723841635,True,0.51171875,59,0.632398753894081,0.632398753894081,0.7975986277873071,0.6143790849673203,1.0,247,277,True,True,False,False,False,False,False,False,False
GROVER,M4-4,ibm_fez,IBM_QPU,1024,4,0.0,719.0,M4-4_IBM-QPU_000,M4-4_IBM_ibm_fez_20260127_133807.json,81,primary,4,4,multiple,False,1.0,1100,0.0,91,82,0.05202312138728324,0.1689453125,0.0888671875,0.0087890625,0.5431598394773466,True,0.3046875,81,-0.018867924528301886,0.0,0.5877862595419847,-0.14084507042253522,1.0,61,91,True,True,False,False,False,False,False,False,False
GROVER,M4-4,ibm_fez,IBM_QPU,1024,4,1.0,495.0,M4-4_IBM-QPU_001,M4-4_IBM_ibm_fez_20260127_133807.json,82,primary,4,4,multiple,False,0.0,1000,0.0,188,134,0.16770186335403728,0.314453125,0.18359375,0.052734375,0.0030810311313976707,True,0.353515625,188,-0.3500897666068223,0.0,0.31636363636363635,-0.6419213973799127,1.0,41,134,True,True,False,False,False,True,True,False,True
GROVER,M4-4,ibm_fez,IBM_QPU,1024,4,2.0,364.0,M4-4_IBM-QPU_002,M4-4_IBM_ibm_fez_20260127_133807.json,83,primary,4,4,multiple,False,1.0,1100,0.0,187,166,0.059490084985835696,0.3447265625,0.1826171875,0.0205078125,0.2870908572402705,True,0.4521484375,166,-0.17834960070984915,0.0,0.47217806041335453,-0.5660377358490566,1.0,46,187,True,True,False,False,False,False,False,False,False
GROVER,M4-4,ibm_fez,IBM_QPU,1024,4,3.0,356.0,M4-4_IBM-QPU_003,M4-4_IBM_ibm_fez_20260127_133807.json,84,primary,4,4,multiple,False,1.0,1100,0.100937,176,135,0.13183279742765272,0.3037109375,0.171875,0.0400390625,0.02316366578795596,True,0.5166015625,108,0.10093652445369407,0.10093652445369407,0.6609105180533752,-0.02857142857142857,1.0,102,176,True,True,False,False,False,True,False,False,False
GROVER,M4-4,ibm_torino,IBM_QPU,1024,4,0.0,715.0,M4-4_IBM-QPU_000,M4-4_IBM_ibm_torino_20260205_195832.json,85,primary,4,4,multiple,False,1.0,1111,0.288646,124,123,0.004048582995951417,0.2412109375,0.12109375,0.0009765625,1.0,True,0.4599609375,65,0.28864569083447333,0.28864569083447333,0.7574626865671642,0.23976608187134502,1.0,106,124,True,True,False,False,False,False,False,False,False
GROVER,M4-4,ibm_torino,IBM_QPU,1024,4,1.0,499.0,M4-4_IBM-QPU_001,M4-4_IBM_ibm_torino_20260205_195832.json,86,primary,4,4,multiple,False,1.0,1111,0.579976,189,182,0.018867924528301886,0.3623046875,0.1845703125,0.0068359375,0.7554653687139946,True,0.6318359375,43,0.57997557997558,0.57997557997558,0.8753623188405797,0.5057471264367817,1.0,131,189,True,True,False,False,False,False,False,False,False
GROVER,M4-4,ibm_torino,IBM_QPU,1024,4,2.0,363.0,M4-4_IBM-QPU_002,M4-4_IBM_ibm_torino_20260205_195832.json,87,primary,4,4,multiple,False,1.0,0000,0.426738,183,171,0.03389830508474576,0.345703125,0.1787109375,0.01171875,0.5588488229617017,True,0.6513671875,67,0.4267379679144385,0.4267379679144385,0.8174386920980926,0.36492890995260663,1.0,144,183,True,True,False,False,False,False,False,False,False
GROVER,M4-4,ibm_torino,IBM_QPU,1024,4,3.0,360.0,M4-4_IBM-QPU_003,M4-4_IBM_ibm_torino_20260205_195832.json,88,primary,4,4,multiple,False,1.0,1100,0.507973,212,179,0.08439897698209718,0.3818359375,0.20703125,0.0322265625,0.10547560051627243,True,0.646484375,54,0.5079726651480638,0.5079726651480638,0.8491620111731844,0.41304347826086957,1.0,130,212,True,True,False,False,False,False,False,False,False
GROVER,S2-00,ibm_fez,IBM_QPU,1024,2,3.0,11.0,S2-00_IBM-QPU_003,S2-00_IBM_ibm_fez_20260331_134949.json,89,primary,2,1,singleton,False,1.0,00,0.972167,992,14,0.9721669980119284,0.982421875,0.96875,0.955078125,3.3691153195953625e-272,True,0.96875,14,0.9721669980119284,0.9721669980119284,0.9721669980119284,0.9721669980119284,1.0,992,992,True,True,True,True,True,True,True,True,True
GROVER,S2-00,ibm_fez,IBM_QPU,1024,2,3.0,11.0,S2-00_IBM-QPU_003,S2-00_IBM_ibm_fez_20260331_135912.json,90,primary,2,1,singleton,False,1.0,00,0.98622,1009,7,0.9862204724409449,0.9921875,0.9853515625,0.978515625,6.2287580884404135e-289,True,0.9853515625,7,0.9862204724409449,0.9862204724409449,0.9862204724409449,0.9862204724409449,1.0,1009,1009,True,True,True,True,True,True,True,True,True
GROVER,S2-00,ibm_fez,IBM_QPU,1024,2,3.0,11.0,S2-00_IBM-QPU_003,S2-00_IBM_ibm_fez_20260331_140022.json,91,primary,2,1,singleton,False,1.0,00,0.972332,998,14,0.9723320158102767,0.98828125,0.974609375,0.9609375,5.723861820461676e-274,True,0.974609375,14,0.9723320158102767,0.9723320158102767,0.9723320158102767,0.9723320158102767,1.0,998,998,True,True,True,True,True,True,True,True,True
GROVER,S2-00,ibm_fez,IBM_QPU,1024,2,3.0,11.0,S2-00_IBM-QPU_003,S2-00_IBM_ibm_fez_20260331_140111.json,92,primary,2,1,singleton,False,1.0,00,0.966303,992,17,0.9663032705649157,0.9853515625,0.96875,0.9521484375,1.0604210108288995e-267,True,0.96875,17,0.9663032705649157,0.9663032705649157,0.9663032705649157,0.9663032705649157,1.0,992,992,True,True,True,True,True,True,True,True,True
GROVER,S2-00,ibm_fez,IBM_QPU,1024,2,3.0,11.0,S2-00_IBM-QPU_003,S2-00_IBM_ibm_fez_20260331_140159.json,93,primary,2,1,singleton,False,1.0,00,0.968317,994,16,0.9683168316831683,0.986328125,0.970703125,0.955078125,9.21349625695517e-270,True,0.970703125,16,0.9683168316831683,0.9683168316831683,0.9683168316831683,0.9683168316831683,1.0,994,994,True,True,True,True,True,True,True,True,True
GROVER,S2-10,ibm_fez,IBM_QPU,1024,2,3.0,12.0,S2-10_IBM-QPU_003,S2-10_IBM_ibm_fez_20260331_135030.json,94,primary,2,1,singleton,False,1.0,10,0.970179,991,15,0.9701789264413518,0.982421875,0.9677734375,0.953125,2.2304184463277204e-270,True,0.9677734375,15,0.9701789264413518,0.9701789264413518,0.9701789264413518,0.9701789264413518,1.0,991,991,True,True,True,True,True,True,True,True,True
GROVER,S2-10,ibm_kingston,IBM_QPU,1024,2,3.0,13.0,S2-10_IBM-QPU_003,S2-10_IBM_ibm_kingston_20260331_140457.json,95,primary,2,1,singleton,False,1.0,10,0.936382,974,32,0.9363817097415507,0.982421875,0.951171875,0.919921875,8.431385764059883e-243,True,0.951171875,32,0.9363817097415507,0.9363817097415507,0.9363817097415507,0.9363817097415507,1.0,974,974,True,True,True,True,True,True,True,True,True
GROVER,S2-10,ibm_kingston,IBM_QPU,1024,2,3.0,13.0,S2-10_IBM-QPU_003,S2-10_IBM_ibm_kingston_20260331_140523.json,96,primary,2,1,singleton,False,1.0,10,0.974334,1000,13,0.9743336623889437,0.9892578125,0.9765625,0.9638671875,4.0586304300929625e-276,True,0.9765625,13,0.9743336623889437,0.9743336623889437,0.9743336623889437,0.9743336623889437,1.0,1000,1000,True,True,True,True,True,True,True,True,True
GROVER,S2-10,ibm_kingston,IBM_QPU,1024,2,3.0,13.0,S2-10_IBM-QPU_003,S2-10_IBM_ibm_kingston_20260331_140600.json,97,primary,2,1,singleton,False,1.0,10,0.974359,1001,13,0.9743589743589743,0.990234375,0.9775390625,0.96484375,2.055643020296945e-276,True,0.9775390625,13,0.9743589743589743,0.9743589743589743,0.9743589743589743,0.9743589743589743,1.0,1001,1001,True,True,True,True,True,True,True,True,True
GROVER,S2-10,ibm_kingston,IBM_QPU,1024,2,3.0,13.0,S2-10_IBM-QPU_003,S2-10_IBM_ibm_kingston_20260331_140627.json,98,primary,2,1,singleton,False,1.0,10,0.974384,1002,13,0.9743842364532019,0.9912109375,0.978515625,0.9658203125,1.0411429036470151e-276,True,0.978515625,13,0.9743842364532019,0.9743842364532019,0.9743842364532019,0.9743842364532019,1.0,1002,1002,True,True,True,True,True,True,True,True,True
GROVER,S2-11,ibm_fez,IBM_QPU,1024,2,3.0,12.0,S2-11_IBM-QPU_003,S2-11_IBM_ibm_fez_20260331_135116.json,99,primary,2,1,singleton,False,1.0,11,0.968222,991,16,0.968222442899702,0.9833984375,0.9677734375,0.9521484375,7.02603168055021e-269,True,0.9677734375,16,0.968222442899702,0.968222442899702,0.968222442899702,0.968222442899702,1.0,991,991,True,True,True,True,True,True,True,True,True
GROVER,S2-11,ibm_kingston,IBM_QPU,1024,2,3.0,12.0,S2-11_IBM-QPU_003,S2-11_IBM_ibm_kingston_20260331_140653.json,100,primary,2,1,singleton,False,1.0,11,0.966102,986,17,0.9661016949152542,0.9794921875,0.962890625,0.9462890625,6.127963550263766e-266,True,0.962890625,17,0.9661016949152542,0.9661016949152542,0.9661016949152542,0.9661016949152542,1.0,986,986,True,True,True,True,True,True,True,True,True
GROVER,S2-11,ibm_kingston,IBM_QPU,1024,2,3.0,12.0,S2-11_IBM-QPU_003,S2-11_IBM_ibm_kingston_20260331_140740.json,101,primary,2,1,singleton,False,1.0,11,0.97225,995,14,0.9722497522299306,0.9853515625,0.9716796875,0.9580078125,4.3916697897164205e-273,True,0.9716796875,14,0.9722497522299306,0.9722497522299306,0.9722497522299306,0.9722497522299306,1.0,995,995,True,True,True,True,True,True,True,True,True
GROVER,S2-11,ibm_kingston,IBM_QPU,1024,2,3.0,12.0,S2-11_IBM-QPU_003,S2-11_IBM_ibm_kingston_20260331_140808.json,102,primary,2,1,singleton,False,1.0,11,0.952239,981,24,0.9522388059701492,0.9814453125,0.9580078125,0.9345703125,8.235481032896322e-255,True,0.9580078125,24,0.9522388059701492,0.9522388059701492,0.9522388059701492,0.9522388059701492,1.0,981,981,True,True,True,True,True,True,True,True,True
GROVER,S2-11,ibm_kingston,IBM_QPU,1024,2,3.0,12.0,S2-11_IBM-QPU_003,S2-11_IBM_ibm_kingston_20260331_140834.json,103,primary,2,1,singleton,False,1.0,11,0.968127,988,16,0.9681274900398407,0.98046875,0.96484375,0.94921875,5.357143369758258e-268,True,0.96484375,16,0.9681274900398407,0.9681274900398407,0.9681274900398407,0.9681274900398407,1.0,988,988,True,True,True,True,True,True,True,True,True
GROVER,S2-1,ibm_fez,IBM_QPU,1024,2,0.0,28.0,S2-1_IBM-QPU_000,S2-1_IBM_ibm_fez_20260127_105452.json,104,primary,2,1,singleton,False,1.0,01,0.885892,909,55,0.8858921161825726,0.94140625,0.8876953125,0.833984375,2.976616329693253e-200,True,0.8876953125,55,0.8858921161825726,0.8858921161825726,0.8858921161825726,0.8858921161825726,1.0,909,909,True,True,True,True,True,True,True,True,True
GROVER,S2-1,ibm_fez,IBM_QPU,1024,2,2.0,13.0,S2-1_IBM-QPU_002,S2-1_IBM_ibm_fez_20260127_105452.json,105,primary,2,1,singleton,False,1.0,01,0.841542,860,74,0.841541755888651,0.912109375,0.83984375,0.767578125,1.4923801129396649e-170,True,0.83984375,74,0.841541755888651,0.841541755888651,0.841541755888651,0.841541755888651,1.0,860,860,True,True,True,True,True,True,True,True,True
GROVER,S2-1,ibm_fez,IBM_QPU,1024,2,3.0,12.0,S2-1_IBM-QPU_003,S2-1_IBM_ibm_fez_20260331_134130.json,106,primary,2,1,singleton,False,1.0,01,0.964286,990,18,0.9642857142857143,0.984375,0.966796875,0.94921875,1.1491873490263643e-265,True,0.966796875,18,0.9642857142857143,0.9642857142857143,0.9642857142857143,0.9642857142857143,1.0,990,990,True,True,True,True,True,True,True,True,True
GROVER,S2-1,ibm_fez,IBM_QPU,1024,2,2.0,12.0,S2-1_IBM-QPU_002,S2-1_IBM_ibm_fez_20260617_105053.json,107,primary,2,1,singleton,False,1.0,01,0.964215,988,18,0.9642147117296223,0.982421875,0.96484375,0.947265625,4.4341310440609107e-265,True,0.96484375,18,0.9642147117296223,0.9642147117296223,0.9642147117296223,0.9642147117296223,1.0,988,988,True,True,True,True,True,True,True,True,True
GROVER,S2-1,ibm_fez,IBM_QPU,1024,2,3.0,12.0,S2-1_IBM-QPU_003,S2-1_IBM_ibm_fez_20260617_105053.json,108,primary,2,1,singleton,False,1.0,01,0.972387,1000,14,0.9723865877712031,0.990234375,0.9765625,0.962890625,1.4712915970123697e-274,True,0.9765625,14,0.9723865877712031,0.9723865877712031,0.9723865877712031,0.9723865877712031,1.0,1000,1000,True,True,True,True,True,True,True,True,True
GROVER,S2-1,ibm_kingston,IBM_QPU,1024,2,3.0,13.0,S2-1_IBM-QPU_003,S2-1_IBM_ibm_kingston_20260331_140231.json,109,primary,2,1,singleton,False,1.0,01,0.976238,998,12,0.9762376237623762,0.986328125,0.974609375,0.962890625,4.0645162808487e-277,True,0.974609375,12,0.9762376237623762,0.9762376237623762,0.9762376237623762,0.9762376237623762,1.0,998,998,True,True,True,True,True,True,True,True,True
GROVER,S2-1,ibm_kingston,IBM_QPU,1024,2,3.0,13.0,S2-1_IBM-QPU_003,S2-1_IBM_ibm_kingston_20260331_140344.json,110,primary,2,1,singleton,False,1.0,01,0.95459,990,23,0.9545903257650543,0.9892578125,0.966796875,0.9443359375,9.442263031958899e-259,True,0.966796875,23,0.9545903257650543,0.9545903257650543,0.9545903257650543,0.9545903257650543,1.0,990,990,True,True,True,True,True,True,True,True,True
GROVER,S2-1,ibm_kingston,IBM_QPU,1024,2,3.0,13.0,S2-1_IBM-QPU_003,S2-1_IBM_ibm_kingston_20260331_140431.json,111,primary,2,1,singleton,False,1.0,01,0.966169,988,17,0.9661691542288557,0.9814453125,0.96484375,0.9482421875,1.5851358950316985e-266,True,0.96484375,17,0.9661691542288557,0.9661691542288557,0.9661691542288557,0.9661691542288557,1.0,988,988,True,True,True,True,True,True,True,True,True
GROVER,S3-1,ibm_fez,IBM_QPU,1024,3,0.0,287.0,S3-1_IBM-QPU_000,S3-1_IBM_ibm_fez_20260205_194730.json,112,primary,3,1,singleton,False,1.0,011,0.086705,188,158,0.08670520231213873,0.337890625,0.18359375,0.029296875,0.11885751411117539,True,0.18359375,158,0.08670520231213873,0.08670520231213873,0.08670520231213873,0.08670520231213873,1.0,188,188,True,True,False,False,False,False,False,False,False
GROVER,S3-1,ibm_fez,IBM_QPU,1024,3,1.0,162.0,S3-1_IBM-QPU_001,S3-1_IBM_ibm_fez_20260205_194730.json,113,primary,3,1,singleton,False,1.0,011,0.7825,713,87,0.7825,0.78125,0.6962890625,0.611328125,4.678061690620205e-123,True,0.6962890625,87,0.7825,0.7825,0.7825,0.7825,1.0,713,713,True,True,True,True,False,True,True,True,True
GROVER,S3-1,ibm_fez,IBM_QPU,1024,3,2.0,144.0,S3-1_IBM-QPU_002,S3-1_IBM_ibm_fez_20260205_194730.json,114,primary,3,1,singleton,False,1.0,011,0.92669,841,32,0.9266895761741123,0.8525390625,0.8212890625,0.7900390625,9.144576997584443e-205,True,0.8212890625,32,0.9266895761741123,0.9266895761741123,0.9266895761741123,0.9266895761741123,1.0,841,841,True,True,True,True,True,True,True,True,True
GROVER,S3-1,ibm_fez,IBM_QPU,1024,3,3.0,140.0,S3-1_IBM-QPU_003,S3-1_IBM_ibm_fez_20260205_194730.json,115,primary,3,1,singleton,False,1.0,011,0.890825,814,47,0.8908246225319396,0.8408203125,0.794921875,0.7490234375,1.309453983231358e-181,True,0.794921875,47,0.8908246225319396,0.8908246225319396,0.8908246225319396,0.8908246225319396,1.0,814,814,True,True,True,True,True,True,True,True,True
GROVER,S3-1,ibm_fez,IBM_QPU,1024,3,3.0,144.0,S3-1_IBM-QPU_003,S3-1_IBM_ibm_fez_20260331_142421.json,116,primary,3,1,singleton,False,1.0,011,0.862595,732,54,0.8625954198473282,0.767578125,0.71484375,0.662109375,8.032956352300571e-153,True,0.71484375,54,0.8625954198473282,0.8625954198473282,0.8625954198473282,0.8625954198473282,1.0,732,732,True,True,True,True,True,True,True,True,True
GROVER,S3-1,ibm_fez,IBM_QPU,1024,3,3.0,144.0,S3-1_IBM-QPU_003,S3-1_IBM_ibm_fez_20260331_142448.json,117,primary,3,1,singleton,False,1.0,011,0.865311,734,53,0.8653113087674714,0.7685546875,0.716796875,0.6650390625,3.1672634031631523e-154,True,0.716796875,53,0.8653113087674714,0.8653113087674714,0.8653113087674714,0.8653113087674714,1.0,734,734,True,True,True,True,True,True,True,True,True
GROVER,S3-1,ibm_fez,IBM_QPU,1024,3,3.0,144.0,S3-1_IBM-QPU_003,S3-1_IBM_ibm_fez_20260331_142515.json,118,primary,3,1,singleton,False,1.0,011,0.863524,751,55,0.8635235732009926,0.787109375,0.7333984375,0.6796875,4.2628897407819145e-157,True,0.7333984375,55,0.8635235732009926,0.8635235732009926,0.8635235732009926,0.8635235732009926,1.0,751,751,True,True,True,True,True,True,True,True,True
GROVER,S3-1,ibm_torino,IBM_QPU,1024,3,0.0,312.0,S3-1_IBM-QPU_000,S3-1_IBM_ibm_torino_20260127_133634.json,119,primary,3,1,singleton,False,1.0,011,0.761364,620,84,0.7613636363636364,0.6875,0.60546875,0.5234375,7.475760451260505e-102,True,0.60546875,84,0.7613636363636364,0.7613636363636364,0.7613636363636364,0.7613636363636364,1.0,620,620,True,True,True,True,False,True,True,True,True
GROVER,S3-1,ibm_torino,IBM_QPU,1024,3,1.0,172.0,S3-1_IBM-QPU_001,S3-1_IBM_ibm_torino_20260127_133634.json,120,primary,3,1,singleton,False,1.0,011,0.880668,788,50,0.8806682577565632,0.818359375,0.76953125,0.720703125,1.2521879698508493e-171,True,0.76953125,50,0.8806682577565632,0.8806682577565632,0.8806682577565632,0.8806682577565632,1.0,788,788,True,True,True,True,True,True,True,True,True
GROVER,S3-1,ibm_torino,IBM_QPU,1024,3,2.0,141.0,S3-1_IBM-QPU_002,S3-1_IBM_ibm_torino_20260127_133634.json,121,primary,3,1,singleton,False,1.0,011,0.880923,774,49,0.8809234507897934,0.8037109375,0.755859375,0.7080078125,1.0447656845506571e-168,True,0.755859375,49,0.8809234507897934,0.8809234507897934,0.8809234507897934,0.8809234507897934,1.0,774,774,True,True,True,True,True,True,True,True,True
GROVER,S3-1,ibm_torino,IBM_QPU,1024,3,3.0,141.0,S3-1_IBM-QPU_003,S3-1_IBM_ibm_torino_20260127_133634.json,122,primary,3,1,singleton,False,1.0,011,0.884393,815,50,0.884393063583815,0.8447265625,0.7958984375,0.7470703125,4.765577971021242e-179,True,0.7958984375,50,0.884393063583815,0.884393063583815,0.884393063583815,0.884393063583815,1.0,815,815,True,True,True,True,True,True,True,True,True
GROVER,S4-1,ibm_torino,IBM_QPU,1024,4,0.0,897.0,S4-1_IBM-QPU_000,S4-1_IBM_ibm_torino_20260127_133903.json,123,primary,4,1,singleton,False,1.0,0110,0.571429,253,69,0.5714285714285714,0.314453125,0.2470703125,0.1796875,7.920605721977934e-26,True,0.2470703125,69,0.5714285714285714,0.5714285714285714,0.5714285714285714,0.5714285714285714,1.0,253,253,True,True,True,True,False,True,True,True,True
GROVER,S4-1,ibm_torino,IBM_QPU,1024,4,1.0,587.0,S4-1_IBM-QPU_001,S4-1_IBM_ibm_torino_20260127_133903.json,124,primary,4,1,singleton,False,1.0,0110,0.730769,405,63,0.7307692307692307,0.45703125,0.3955078125,0.333984375,3.3214468198370104e-62,True,0.3955078125,63,0.7307692307692307,0.7307692307692307,0.7307692307692307,0.7307692307692307,1.0,405,405,True,True,True,True,False,True,True,True,True
GROVER,S4-1,ibm_torino,IBM_QPU,1024,4,2.0,434.0,S4-1_IBM-QPU_002,S4-1_IBM_ibm_torino_20260127_133903.json,125,primary,4,1,singleton,False,1.0,0110,0.741313,451,67,0.7413127413127413,0.505859375,0.4404296875,0.375,6.259345500217805e-71,True,0.4404296875,67,0.7413127413127413,0.7413127413127413,0.7413127413127413,0.7413127413127413,1.0,451,451,True,True,True,True,False,True,True,True,True
GROVER,S4-1,ibm_torino,IBM_QPU,1024,4,3.0,434.0,S4-1_IBM-QPU_003,S4-1_IBM_ibm_torino_20260127_133903.json,126,primary,4,1,singleton,False,1.0,0110,0.774011,471,60,0.7740112994350282,0.5185546875,0.4599609375,0.4013671875,3.9219623706787264e-80,True,0.4599609375,60,0.7740112994350282,0.7740112994350282,0.7740112994350282,0.7740112994350282,1.0,471,471,True,True,True,True,False,True,True,True,True
GROVER,S4-1,ibm_torino,IBM_QPU,1024,4,0.0,890.0,S4-1_IBM-QPU_000,S4-1_IBM_ibm_torino_20260205_195933.json,127,primary,4,1,singleton,False,1.0,0110,0.555556,259,74,0.5555555555555556,0.3251953125,0.2529296875,0.1806640625,3.3793247809073757e-25,True,0.2529296875,74,0.5555555555555556,0.5555555555555556,0.5555555555555556,0.5555555555555556,1.0,259,259,True,True,True,True,False,True,True,True,True
GROVER,S4-1,ibm_torino,IBM_QPU,1024,4,1.0,595.0,S4-1_IBM-QPU_001,S4-1_IBM_ibm_torino_20260205_195933.json,128,primary,4,1,singleton,False,1.0,0110,0.826087,525,50,0.8260869565217391,0.5615234375,0.5126953125,0.4638671875,6.30061332593894e-101,True,0.5126953125,50,0.8260869565217391,0.8260869565217391,0.8260869565217391,0.8260869565217391,1.0,525,525,True,True,True,True,True,True,True,True,True
GROVER,S4-1,ibm_torino,IBM_QPU,1024,4,2.0,437.0,S4-1_IBM-QPU_002,S4-1_IBM_ibm_torino_20260205_195933.json,129,primary,4,1,singleton,False,1.0,0110,0.79346,521,60,0.7934595524956971,0.5673828125,0.5087890625,0.4501953125,1.0356031284876375e-92,True,0.5087890625,60,0.7934595524956971,0.7934595524956971,0.7934595524956971,0.7934595524956971,1.0,521,521,True,True,True,True,False,True,True,True,True
GROVER,S4-1,ibm_torino,IBM_QPU,1024,4,3.0,436.0,S4-1_IBM-QPU_003,S4-1_IBM_ibm_torino_20260205_195933.json,130,primary,4,1,singleton,False,1.0,0110,0.832528,569,52,0.8325281803542673,0.6064453125,0.5556640625,0.5048828125,6.065737121621011e-111,True,0.5556640625,52,0.8325281803542673,0.8325281803542673,0.8325281803542673,0.8325281803542673,1.0,569,569,True,True,True,True,True,True,True,True,True
GROVER,S5-1,ibm_fez,IBM_QPU,1024,5,3.0,1417.0,S5-1_IBM-QPU_003,S5-1_IBM_ibm_fez_20260331_134220.json,131,primary,5,1,singleton,False,1.0,01100,0.106796,57,46,0.10679611650485436,0.1005859375,0.0556640625,0.0107421875,0.3244787802880663,True,0.0556640625,46,0.10679611650485436,0.10679611650485436,0.10679611650485436,0.10679611650485436,1.0,57,57,True,True,False,False,False,False,False,False,False
GROVER,S5-1,ibm_torino,IBM_QPU,1024,5,0.0,3205.0,S5-1_IBM-QPU_000,S5-1_IBM_ibm_torino_20260127_134125.json,132,primary,5,1,singleton,False,0.0,00001,0.0,56,44,0.12,0.09765625,0.0546875,0.01171875,0.27125302407383545,True,0.033203125,56,-0.24444444444444444,0.0,-0.24444444444444444,-0.24444444444444444,1.0,34,34,True,True,False,False,False,False,False,False,False
GROVER,S5-1,ibm_torino,IBM_QPU,1024,5,1.0,1758.0,S5-1_IBM-QPU_001,S5-1_IBM_ibm_torino_20260127_134125.json,133,primary,5,1,singleton,False,1.0,01100,0.147541,70,52,0.14754098360655737,0.119140625,0.068359375,0.017578125,0.12342708698379867,True,0.068359375,52,0.14754098360655737,0.14754098360655737,0.14754098360655737,0.14754098360655737,1.0,70,70,True,True,False,False,False,False,False,False,False
GROVER,S5-1,ibm_torino,IBM_QPU,1024,5,2.0,1410.0,S5-1_IBM-QPU_002,S5-1_IBM_ibm_torino_20260127_134125.json,134,primary,5,1,singleton,False,1.0,01100,0.261261,70,41,0.26126126126126126,0.1083984375,0.068359375,0.0283203125,0.007584811775431619,True,0.068359375,41,0.26126126126126126,0.26126126126126126,0.26126126126126126,0.26126126126126126,1.0,70,70,True,True,True,False,False,True,True,True,False
GROVER,S5-1,ibm_torino,IBM_QPU,1024,5,3.0,1419.0,S5-1_IBM-QPU_003,S5-1_IBM_ibm_torino_20260127_134125.json,135,primary,5,1,singleton,False,1.0,01100,0.108911,56,45,0.10891089108910891,0.0986328125,0.0546875,0.0107421875,0.31972732070026555,True,0.0546875,45,0.10891089108910891,0.10891089108910891,0.10891089108910891,0.10891089108910891,1.0,56,56,True,True,False,False,False,False,False,False,False
GROVER,S5-1,ibm_torino,IBM_QPU,1024,5,0.0,3122.0,S5-1_IBM-QPU_000,S5-1_IBM_ibm_torino_20260205_200030.json,136,primary,5,1,singleton,False,0.0,01011,0.0,53,44,0.09278350515463918,0.0947265625,0.0517578125,0.0087890625,0.4167748410890994,True,0.0302734375,53,-0.2619047619047619,0.0,-0.2619047619047619,-0.2619047619047619,1.0,31,31,True,True,False,False,False,False,False,False,False
GROVER,S5-1,ibm_torino,IBM_QPU,1024,5,1.0,1758.0,S5-1_IBM-QPU_001,S5-1_IBM_ibm_torino_20260205_200030.json,137,primary,5,1,singleton,False,1.0,01100,0.437838,133,52,0.43783783783783786,0.1806640625,0.1298828125,0.0791015625,2.2675375242635667e-09,True,0.1298828125,52,0.43783783783783786,0.43783783783783786,0.43783783783783786,0.43783783783783786,1.0,133,133,True,True,True,False,False,True,True,True,True
GROVER,S5-1,ibm_torino,IBM_QPU,1024,5,2.0,1423.0,S5-1_IBM-QPU_002,S5-1_IBM_ibm_torino_20260205_200030.json,138,primary,5,1,singleton,False,1.0,01100,0.2,87,58,0.2,0.1416015625,0.0849609375,0.0283203125,0.01974093986302582,True,0.0849609375,58,0.2,0.2,0.2,0.2,1.0,87,87,True,True,True,False,False,True,False,True,False
GROVER,S5-1,ibm_torino,IBM_QPU,1024,5,3.0,1426.0,S5-1_IBM-QPU_003,S5-1_IBM_ibm_torino_20260205_200030.json,139,primary,5,1,singleton,False,1.0,01100,0.5,135,45,0.5,0.17578125,0.1318359375,0.087890625,1.2091917721160895e-11,True,0.1318359375,45,0.5,0.5,0.5,0.5,1.0,135,135,True,True,True,True,False,True,True,True,True
GROVER,S6-1,ibm_fez,IBM_QPU,1024,6,0.0,10100.0,S6-1_IBM-QPU_000,S6-1_IBM_ibm_fez_20260127_113844.json,140,primary,6,1,singleton,False,0.0,000000,0.0,32,27,0.0847457627118644,0.0576171875,0.03125,0.0048828125,0.6029232012571504,True,0.013671875,32,-0.391304347826087,0.0,-0.391304347826087,-0.391304347826087,1.0,14,14,True,True,False,False,False,False,False,False,False
GROVER,S6-1,ibm_fez,IBM_QPU,1024,6,1.0,6451.0,S6-1_IBM-QPU_001,S6-1_IBM_ibm_fez_20260127_113844.json,141,primary,6,1,singleton,False,0.0,000110,0.0,30,28,0.034482758620689655,0.056640625,0.029296875,0.001953125,0.8956832138895906,True,0.0166015625,30,-0.2765957446808511,0.0,-0.2765957446808511,-0.2765957446808511,1.0,17,17,True,True,False,False,False,False,False,False,False
GROVER,S6-1,ibm_fez,IBM_QPU,1024,6,2.0,5369.0,S6-1_IBM-QPU_002,S6-1_IBM_ibm_fez_20260127_113844.json,142,primary,6,1,singleton,False,0.0,001011,0.0,30,27,0.05263157894736842,0.0556640625,0.029296875,0.0029296875,0.7913664277791806,True,0.0078125,30,-0.5789473684210527,0.0,-0.5789473684210527,-0.5789473684210527,1.0,8,8,True,True,False,False,False,False,False,False,False
GROVER,S6-1,ibm_fez,IBM_QPU,1024,6,3.0,5610.0,S6-1_IBM-QPU_003,S6-1_IBM_ibm_fez_20260127_113844.json,143,primary,6,1,singleton,False,0.0,000100,0.0,28,26,0.037037037037037035,0.052734375,0.02734375,0.001953125,0.8919231511047488,True,0.0166015625,28,-0.24444444444444444,0.0,-0.24444444444444444,-0.24444444444444444,1.0,17,17,True,True,False,False,False,False,False,False,False
GROVER,S6-1,ibm_fez,IBM_QPU,1024,6,3.0,5447.0,S6-1_IBM-QPU_003,S6-1_IBM_ibm_fez_20260331_134252.json,144,primary,6,1,singleton,False,0.0,000110,0.0,34,33,0.014925373134328358,0.0654296875,0.033203125,0.0009765625,0.9999999999999996,True,0.0146484375,34,-0.3877551020408163,0.0,-0.3877551020408163,-0.3877551020408163,1.0,15,15,True,True,False,False,False,False,False,False,False
GROVER,S7-1,ibm_torino,IBM_QPU,1024,7,0.0,19626.0,S7-1_IBM-QPU_000,S7-1_IBM_ibm_torino_20260127_134209.json,145,primary,7,1,singleton,False,0.0,0101011,0.0,18,15,0.09090909090909091,0.0322265625,0.017578125,0.0029296875,0.7283324808813632,True,0.0126953125,18,-0.16129032258064516,0.0,-0.16129032258064516,-0.16129032258064516,1.0,13,13,True,True,False,False,False,False,False,False,False
GROVER,S7-1,ibm_torino,IBM_QPU,1024,7,1.0,12227.0,S7-1_IBM-QPU_001,S7-1_IBM_ibm_torino_20260127_134209.json,146,primary,7,1,singleton,False,0.0,0000110,0.0,18,16,0.058823529411764705,0.033203125,0.017578125,0.001953125,0.8641662404406816,True,0.0068359375,18,-0.44,0.0,-0.44,-0.44,1.0,7,7,True,True,False,False,False,False,False,False,False
GROVER,S7-1,ibm_torino,IBM_QPU,1024,7,2.0,9196.0,S7-1_IBM-QPU_002,S7-1_IBM_ibm_torino_20260127_134209.json,147,primary,7,1,singleton,False,0.0,0010100,0.0,17,15,0.0625,0.03125,0.0166015625,0.001953125,0.860050065908581,True,0.0107421875,17,-0.21428571428571427,0.0,-0.21428571428571427,-0.21428571428571427,1.0,11,11,True,True,False,False,False,False,False,False,False
GROVER,S7-1,ibm_torino,IBM_QPU,1024,7,3.0,10252.0,S7-1_IBM-QPU_003,S7-1_IBM_ibm_torino_20260127_134209.json,148,primary,7,1,singleton,False,0.0,0010110,0.0,20,15,0.14285714285714285,0.0341796875,0.01953125,0.0048828125,0.4995598332025112,True,0.0126953125,20,-0.21212121212121213,0.0,-0.21212121212121213,-0.21212121212121213,1.0,13,13,True,True,False,False,False,False,False,False,False
GROVER,S7-1,ibm_torino,IBM_QPU,1024,7,0.0,19182.0,S7-1_IBM-QPU_000,S7-1_IBM_ibm_torino_20260205_200103.json,149,primary,7,1,singleton,False,0.0,0000111,0.0,22,19,0.07317073170731707,0.0400390625,0.021484375,0.0029296875,0.755228657504631,True,0.0068359375,22,-0.5172413793103449,0.0,-0.5172413793103449,-0.5172413793103449,1.0,7,7,True,True,False,False,False,False,False,False,False
GROVER,S7-1,ibm_torino,IBM_QPU,1024,7,1.0,12282.0,S7-1_IBM-QPU_001,S7-1_IBM_ibm_torino_20260205_200103.json,150,primary,7,1,singleton,False,0.0,TIED,0.0,18,18,0.0,0.03515625,0.017578125,0.0,1.0,False,0.0087890625,18,-0.3333333333333333,0.0,-0.3333333333333333,-0.3333333333333333,1.0,9,9,True,False,False,False,False,False,False,False,False
GROVER,S7-1,ibm_torino,IBM_QPU,1024,7,2.0,9171.0,S7-1_IBM-QPU_002,S7-1_IBM_ibm_torino_20260205_200103.json,151,primary,7,1,singleton,False,0.0,0000001,0.0,18,17,0.02857142857142857,0.0341796875,0.017578125,0.0009765625,1.0,True,0.005859375,18,-0.5,0.0,-0.5,-0.5,1.0,6,6,True,True,False,False,False,False,False,False,False
GROVER,S7-1,ibm_torino,IBM_QPU,1024,7,3.0,10269.0,S7-1_IBM-QPU_003,S7-1_IBM_ibm_torino_20260205_200103.json,152,primary,7,1,singleton,False,0.0,TIED,0.0,17,17,0.0,0.033203125,0.0166015625,0.0,1.0,False,0.0048828125,17,-0.5454545454545454,0.0,-0.5454545454545454,-0.5454545454545454,1.0,5,5,True,False,False,False,False,False,False,False,False
GROVER,S8-1,ibm_torino,IBM_QPU,1024,8,0.0,50152.0,S8-1_IBM-QPU_000,S8-1_IBM_ibm_torino_20260127_134246.json,153,primary,8,1,singleton,False,0.0,00001001,0.0,12,10,0.09090909090909091,0.021484375,0.01171875,0.001953125,0.8318119049072266,True,0.001953125,12,-0.7142857142857143,0.0,-0.7142857142857143,-0.7142857142857143,1.0,2,2,True,True,False,False,False,False,False,False,False
GROVER,S8-1,ibm_torino,IBM_QPU,1024,8,1.0,35113.0,S8-1_IBM-QPU_001,S8-1_IBM_ibm_torino_20260127_134246.json,154,primary,8,1,singleton,False,0.0,00100001,0.0,15,14,0.034482758620689655,0.0283203125,0.0146484375,0.0009765625,1.0,True,0.0029296875,15,-0.6666666666666666,0.0,-0.6666666666666666,-0.6666666666666666,1.0,3,3,True,True,False,False,False,False,False,False,False
GROVER,S8-1,ibm_torino,IBM_QPU,1024,8,2.0,30286.0,S8-1_IBM-QPU_002,S8-1_IBM_ibm_torino_20260127_134246.json,155,primary,8,1,singleton,False,0.0,00101011,0.0,13,12,0.04,0.0244140625,0.0126953125,0.0009765625,1.0,True,0.0048828125,13,-0.4444444444444444,0.0,-0.4444444444444444,-0.4444444444444444,1.0,5,5,True,True,False,False,False,False,False,False,False
GROVER,S8-1,ibm_torino,IBM_QPU,1024,8,3.0,29736.0,S8-1_IBM-QPU_003,S8-1_IBM_ibm_torino_20260127_134246.json,156,primary,8,1,singleton,False,0.0,00110011,0.0,11,10,0.047619047619047616,0.0205078125,0.0107421875,0.0009765625,1.0,True,0.00390625,11,-0.4666666666666667,0.0,-0.4666666666666667,-0.4666666666666667,1.0,4,4,True,True,False,False,False,False,False,False,False
GROVER,S8-1,ibm_torino,IBM_QPU,1024,8,0.0,50006.0,S8-1_IBM-QPU_000,S8-1_IBM_ibm_torino_20260205_200138.json,157,primary,8,1,singleton,False,0.0,00001101,0.0,12,10,0.09090909090909091,0.021484375,0.01171875,0.001953125,0.8318119049072266,True,0.001953125,12,-0.7142857142857143,0.0,-0.7142857142857143,-0.7142857142857143,1.0,2,2,True,True,False,False,False,False,False,False,False
GROVER,S8-1,ibm_torino,IBM_QPU,1024,8,1.0,33329.0,S8-1_IBM-QPU_001,S8-1_IBM_ibm_torino_20260205_200138.json,158,primary,8,1,singleton,False,0.0,00101000,0.0,13,10,0.13043478260869565,0.0224609375,0.0126953125,0.0029296875,0.6776394844055176,True,0.0029296875,13,-0.625,0.0,-0.625,-0.625,1.0,3,3,True,True,False,False,False,False,False,False,False
GROVER,S8-1,ibm_torino,IBM_QPU,1024,8,2.0,29974.0,S8-1_IBM-QPU_002,S8-1_IBM_ibm_torino_20260205_200138.json,159,primary,8,1,singleton,False,0.0,01010011,0.0,13,12,0.04,0.0244140625,0.0126953125,0.0009765625,1.0,True,0.0009765625,13,-0.8571428571428571,0.0,-0.8571428571428571,-0.8571428571428571,1.0,1,1,True,True,False,False,False,False,False,False,False
GROVER,S8-1,ibm_torino,IBM_QPU,1024,8,3.0,30252.0,S8-1_IBM-QPU_003,S8-1_IBM_ibm_torino_20260205_200138.json,160,primary,8,1,singleton,False,0.0,00100111,0.0,11,10,0.047619047619047616,0.0205078125,0.0107421875,0.0009765625,1.0,True,0.001953125,11,-0.6923076923076923,0.0,-0.6923076923076923,-0.6923076923076923,1.0,2,2,True,True,False,False,False,False,False,False,False
GROVER,SYM-1,ibm_fez,IBM_QPU,1024,3,0.0,202.0,SYM-1_IBM-QPU_000,SYM-1_IBM_ibm_fez_20260205_194206.json,161,primary,3,2,multiple,False,0.0,011,0.0,237,184,0.12589073634204276,0.4111328125,0.2314453125,0.0517578125,0.011178795393206552,True,0.3134765625,237,-0.19245283018867926,0.0,0.15053763440860216,-0.26737967914438504,1.0,137,184,True,True,False,False,False,True,False,False,True
GROVER,SYM-1,ibm_fez,IBM_QPU,1024,3,1.0,132.0,SYM-1_IBM-QPU_001,SYM-1_IBM_ibm_fez_20260205_194206.json,162,primary,3,2,multiple,False,1.0,000,0.872033,461,446,0.016538037486218304,0.8857421875,0.4501953125,0.0146484375,0.6420540470104715,True,0.8857421875,31,0.8720330237358102,0.8720330237358102,0.9339019189765458,0.870020964360587,1.0,446,461,True,True,False,False,False,False,False,False,False
GROVER,SYM-1,ibm_fez,IBM_QPU,1024,3,2.0,103.0,SYM-1_IBM-QPU_002,SYM-1_IBM_ibm_fez_20260205_194206.json,163,primary,3,2,multiple,False,1.0,000,0.891554,508,399,0.12017640573318633,0.8857421875,0.49609375,0.1064453125,0.00033066673199699543,True,0.8857421875,26,0.8915537017726799,0.8915537017726799,0.9442658092175777,0.8776470588235294,1.0,399,508,True,True,False,False,False,True,True,False,True
GROVER,SYM-1,ibm_fez,IBM_QPU,1024,3,3.0,107.0,SYM-1_IBM-QPU_003,SYM-1_IBM_ibm_fez_20260205_194206.json,164,primary,3,2,multiple,False,1.0,000,0.868041,499,407,0.10154525386313466,0.884765625,0.4873046875,0.08984375,0.0024818608939499815,True,0.884765625,32,0.8680412371134021,0.8680412371134021,0.9317697228144989,0.8542141230068337,1.0,407,499,True,True,False,False,False,True,True,False,True
GROVER,SYM-1,ibm_fez,IBM_QPU,1024,3,3.0,107.0,SYM-1_IBM-QPU_003,SYM-1_IBM_ibm_fez_20260331_142541.json,165,primary,3,2,multiple,False,1.0,000,0.83223,433,397,0.043373493975903614,0.810546875,0.4228515625,0.03515625,0.2243944544030006,True,0.810546875,38,0.8322295805739515,0.8322295805739515,0.9124423963133641,0.825287356321839,1.0,397,433,True,True,False,False,False,False,False,False,False
GROVER,SYM-1,ibm_fez,IBM_QPU,1024,3,3.0,107.0,SYM-1_IBM-QPU_003,SYM-1_IBM_ibm_fez_20260331_142627.json,166,primary,3,2,multiple,False,1.0,000,0.807692,464,382,0.09692671394799054,0.826171875,0.453125,0.080078125,0.005324833855422688,True,0.826171875,45,0.8076923076923077,0.8076923076923077,0.898989898989899,0.7892271662763466,1.0,382,464,True,True,False,False,False,True,True,False,True
GROVER,SYM-1,ibm_torino,IBM_QPU,1024,3,0.0,230.0,SYM-1_IBM-QPU_000,SYM-1_IBM_ibm_torino_20260127_133357.json,167,primary,3,2,multiple,False,1.0,000,0.634592,338,333,0.007451564828614009,0.6552734375,0.330078125,0.0048828125,0.8772947272937893,True,0.6552734375,75,0.6345919610231425,0.6345919610231425,0.7989276139410187,0.6323529411764706,1.0,333,338,True,True,False,False,False,False,False,False,False
GROVER,SYM-1,ibm_torino,IBM_QPU,1024,3,1.0,132.0,SYM-1_IBM-QPU_001,SYM-1_IBM_ibm_torino_20260127_133357.json,168,primary,3,2,multiple,False,1.0,000,0.835676,446,403,0.050647820965842166,0.8291015625,0.435546875,0.0419921875,0.14941844089954512,True,0.8291015625,38,0.8356756756756757,0.8356756756756757,0.9143179255918827,0.8276643990929705,1.0,403,446,True,True,False,False,False,False,False,False,False
GROVER,SYM-1,ibm_torino,IBM_QPU,1024,3,2.0,100.0,SYM-1_IBM-QPU_002,SYM-1_IBM_ibm_torino_20260127_133357.json,169,primary,3,2,multiple,False,1.0,111,0.819742,473,375,0.11556603773584906,0.828125,0.4619140625,0.095703125,0.0008551009720421805,True,0.828125,42,0.8197424892703863,0.8197424892703863,0.9056179775280899,0.7985611510791367,1.0,375,473,True,True,False,False,False,True,True,False,True
GROVER,SYM-1,ibm_torino,IBM_QPU,1024,3,3.0,100.0,SYM-1_IBM-QPU_003,SYM-1_IBM_ibm_torino_20260127_133357.json,170,primary,3,2,multiple,False,1.0,111,0.828326,450,402,0.056338028169014086,0.83203125,0.439453125,0.046875,0.10730087897772679,True,0.83203125,40,0.8283261802575107,0.8283261802575107,0.9103139013452914,0.8190045248868778,1.0,402,450,True,True,False,False,False,False,False,False,False
GROVER,SYM-2,ibm_fez,IBM_QPU,1024,3,0.0,227.0,SYM-2_IBM-QPU_000,SYM-2_IBM_ibm_fez_20260127_133440.json,171,primary,3,2,multiple,False,1.0,110,0.232472,271,230,0.08183632734530938,0.4892578125,0.2646484375,0.0400390625,0.07382100939689273,True,0.4892578125,156,0.23247232472324722,0.23247232472324722,0.5251141552511416,0.19170984455958548,1.0,230,271,True,True,False,False,False,False,False,False,False
GROVER,SYM-2,ibm_fez,IBM_QPU,1024,3,1.0,133.0,SYM-2_IBM-QPU_001,SYM-2_IBM_ibm_fez_20260127_133440.json,172,primary,3,2,multiple,False,1.0,001,0.829322,463,373,0.1076555023923445,0.81640625,0.4521484375,0.087890625,0.0020648669467238758,True,0.81640625,39,0.8293216630196937,0.8293216630196937,0.9108571428571428,0.8106796116504854,1.0,373,463,True,True,False,False,False,True,True,False,True
GROVER,SYM-2,ibm_fez,IBM_QPU,1024,3,2.0,103.0,SYM-2_IBM-QPU_002,SYM-2_IBM_ibm_fez_20260127_133440.json,173,primary,3,2,multiple,False,1.0,001,0.84,441,410,0.036427732079905996,0.8310546875,0.4306640625,0.0302734375,0.3037652805674707,True,0.8310546875,37,0.84,0.84,0.9166666666666666,0.8344519015659956,1.0,410,441,True,True,False,False,False,False,False,False,False
GROVER,SYM-2,ibm_fez,IBM_QPU,1024,3,3.0,103.0,SYM-2_IBM-QPU_003,SYM-2_IBM_ibm_fez_20260127_133440.json,174,primary,3,2,multiple,False,1.0,110,0.859574,472,402,0.08009153318077804,0.853515625,0.4609375,0.068359375,0.019545952307535128,True,0.853515625,33,0.8595744680851064,0.8595744680851064,0.9272326350606395,0.8482758620689655,1.0,402,472,True,True,False,False,False,True,False,False,True
GROVER,SYM-2,ibm_fez,IBM_QPU,1024,3,0.0,222.0,SYM-2_IBM-QPU_000,SYM-2_IBM_ibm_fez_20260205_194415.json,175,primary,3,2,multiple,False,1.0,001,0.085537,185,164,0.06017191977077364,0.3408203125,0.1806640625,0.0205078125,0.28434396436399045,True,0.3408203125,147,0.08553654743390357,0.08553654743390357,0.40725806451612906,0.05466237942122187,1.0,164,185,True,True,False,False,False,False,False,False,False
GROVER,SYM-2,ibm_fez,IBM_QPU,1024,3,1.0,133.0,SYM-2_IBM-QPU_001,SYM-2_IBM_ibm_fez_20260205_194415.json,176,primary,3,2,multiple,False,1.0,110,0.916667,469,451,0.01956521739130435,0.8984375,0.4580078125,0.017578125,0.5751803760617095,True,0.8984375,20,0.9166666666666666,0.9166666666666666,0.9574468085106383,0.9150743099787686,1.0,451,469,True,True,False,False,False,False,False,False,False
GROVER,SYM-2,ibm_fez,IBM_QPU,1024,3,2.0,107.0,SYM-2_IBM-QPU_002,SYM-2_IBM_ibm_fez_20260205_194415.json,177,primary,3,2,multiple,False,1.0,001,0.903564,460,448,0.013215859030837005,0.88671875,0.44921875,0.01171875,0.7150974252774642,True,0.88671875,23,0.9035639412997903,0.9035639412997903,0.9505907626208379,0.9023354564755839,1.0,448,460,True,True,False,False,False,False,False,False,False
GROVER,SYM-2,ibm_fez,IBM_QPU,1024,3,3.0,107.0,SYM-2_IBM-QPU_003,SYM-2_IBM_ibm_fez_20260205_194415.json,178,primary,3,2,multiple,False,1.0,110,0.917012,485,439,0.049783549783549784,0.90234375,0.4736328125,0.044921875,0.13872642869363835,True,0.90234375,20,0.91701244813278,0.91701244813278,0.9576271186440678,0.9128540305010894,1.0,439,485,True,True,False,False,False,False,False,False,False
GROVER,SYM-2,ibm_fez,IBM_QPU,1024,3,3.0,107.0,SYM-2_IBM-QPU_003,SYM-2_IBM_ibm_fez_20260331_142654.json,179,primary,3,2,multiple,False,1.0,001,0.833155,449,408,0.047841306884480746,0.8369140625,0.4384765625,0.0400390625,0.17178551028711667,True,0.8369140625,39,0.8331550802139037,0.8331550802139037,0.9129464285714286,0.825503355704698,1.0,408,449,True,True,False,False,False,False,False,False,False
GROVER,SYM-2,ibm_fez,IBM_QPU,1024,3,3.0,103.0,SYM-2_IBM-QPU_003,SYM-2_IBM_ibm_fez_20260331_142740.json,180,primary,3,2,multiple,False,1.0,001,0.836383,447,406,0.04806565064478312,0.8330078125,0.4365234375,0.0400390625,0.17078338153342934,True,0.8330078125,38,0.8363832077502691,0.8363832077502691,0.9147025813692481,0.8288288288288288,1.0,406,447,True,True,False,False,False,False,False,False,False
GROVER,ASYM-1,Ankaa-3,AWS_BRAKET,1024,3,,46.0,ASYM-1_AWS-QPU_000,ASYM-1_AWS_Ankaa-3_20260216_093817.json,181,primary,3,2,multiple,False,0.0,100,0.0,338,234,0.18181818181818182,0.55859375,0.330078125,0.1015625,1.576014232140755e-05,True,0.146484375,338,-0.6368038740920097,0.0,-0.38524590163934425,-0.8123324396782842,1.0,35,115,True,True,False,False,False,True,True,False,True
GROVER,ASYM-1,Ankaa-3,AWS_BRAKET,1024,3,,167.0,ASYM-1_AWS-QPU_000,ASYM-1_AWS_Ankaa-3_20260220_093917.json,182,primary,3,2,multiple,False,0.0,011,0.0,180,144,0.1111111111111111,0.31640625,0.17578125,0.03515625,0.051674015664153215,True,0.2431640625,180,-0.18226600985221675,0.0,0.16083916083916083,-0.25,1.0,108,141,True,True,False,False,False,False,False,False,False
GROVER,ASYM-1,Ankaa-3,AWS_BRAKET,1024,3,,159.0,ASYM-1_AWS-QPU_000,ASYM-1_AWS_Ankaa-3_20260220_095017.json,183,primary,3,2,multiple,False,0.0,010,0.0,207,145,0.17613636363636365,0.34375,0.2021484375,0.060546875,0.0011190099295040916,True,0.244140625,207,-0.2469879518072289,0.0,0.09409190371991247,-0.29375,1.0,113,137,True,True,False,False,False,True,True,False,True
GROVER,ASYM-1,Ankaa-3,AWS_BRAKET,1024,3,,159.0,ASYM-1_AWS-QPU_000,ASYM-1_AWS_Ankaa-3_20260220_100653.json,184,primary,3,2,multiple,False,0.0,010,0.0,190,164,0.07344632768361582,0.345703125,0.185546875,0.025390625,0.18385660677104454,True,0.236328125,190,-0.22186495176848875,0.0,0.12037037037037036,-0.2459016393442623,1.0,115,127,True,True,False,False,False,False,False,False,False
GROVER,ASYM-1,Ankaa-3,AWS_BRAKET,1024,3,,180.0,ASYM-1_AWS-QPU_000,ASYM-1_AWS_Ankaa-3_20260220_101021.json,185,primary,3,2,multiple,False,0.0,111,0.0,248,202,0.10222222222222223,0.439453125,0.2421875,0.044921875,0.03377904405213225,True,0.1259765625,248,-0.5872,0.0,-0.3156498673740053,-0.631578947368421,1.0,56,73,True,True,False,False,False,True,False,False,False
GROVER,ASYM-1,Ankaa-3,AWS_BRAKET,1024,3,,46.0,ASYM-1_AWS-QPU_000,ASYM-1_AWS_Ankaa-3_test_20260210.json,186,primary,3,2,multiple,False,0.0,100,0.0,368,177,0.3504587155963303,0.5322265625,0.359375,0.1865234375,1.973465830859141e-16,True,0.16796875,368,-0.6211453744493393,0.0,-0.362962962962963,-0.853904282115869,1.0,29,143,True,True,True,False,False,True,True,True,True
GROVER,ASYM-2,Ankaa-3,AWS_BRAKET,1024,3,,46.0,ASYM-2_AWS-QPU_000,ASYM-2_AWS_Ankaa-3_20260216_093839.json,187,primary,3,2,multiple,False,0.0,001,0.0,247,206,0.09050772626931568,0.4423828125,0.2412109375,0.0400390625,0.060075237288515645,True,0.193359375,247,-0.4277456647398844,0.0,-0.1101123595505618,-0.5107033639143731,1.0,80,118,True,True,False,False,False,False,False,False,False
GROVER,ASYM-2,Ankaa-3,AWS_BRAKET,1024,3,,141.0,ASYM-2_AWS-QPU_000,ASYM-2_AWS_Ankaa-3_20260220_093917.json,188,primary,3,2,multiple,False,1.0,011,0.243807,289,188,0.21174004192872117,0.4658203125,0.2822265625,0.0986328125,4.3292671273907965e-06,True,0.4658203125,145,0.2438070404172099,0.2438070404172099,0.5337620578778135,0.12912912912912913,1.0,188,289,True,True,True,False,False,True,True,True,True
GROVER,ASYM-2,Ankaa-3,AWS_BRAKET,1024,3,,141.0,ASYM-2_AWS-QPU_000,ASYM-2_AWS_Ankaa-3_20260220_095042.json,189,primary,3,2,multiple,False,1.0,011,0.303597,276,177,0.2185430463576159,0.4423828125,0.26953125,0.0966796875,3.803353250900269e-06,True,0.4423828125,121,0.3035971223021583,0.3035971223021583,0.578397212543554,0.18791946308724833,1.0,177,276,True,True,True,False,False,True,True,True,True
GROVER,ASYM-2,Ankaa-3,AWS_BRAKET,1024,3,,160.0,ASYM-2_AWS-QPU_000,ASYM-2_AWS_Ankaa-3_20260220_100716.json,190,primary,3,2,multiple,False,1.0,011,0.0,219,173,0.11734693877551021,0.3828125,0.2138671875,0.044921875,0.022914052057290826,True,0.337890625,173,0.0,0.0,0.3333333333333333,-0.15333333333333332,1.0,127,219,True,True,False,False,False,True,False,False,False
GROVER,ASYM-2,Ankaa-3,AWS_BRAKET,1024,3,,160.0,ASYM-2_AWS-QPU_000,ASYM-2_AWS_Ankaa-3_20260220_101044.json,191,primary,3,2,multiple,False,0.0,010,0.0,177,172,0.014326647564469915,0.3408203125,0.1728515625,0.0048828125,0.8304955119979021,True,0.30859375,177,-0.056716417910447764,0.0,0.281947261663286,-0.102803738317757,1.0,144,172,True,True,False,False,False,False,False,False,False
GROVER,H3-0,Ankaa-3,AWS_BRAKET,1024,3,,227.0,H3-0_AWS-QPU_000,H3-0_AWS_Ankaa-3_20260220_094849.json,192,primary,3,1,singleton,False,0.0,101,0.0,311,139,0.38222222222222224,0.439453125,0.3037109375,0.16796875,3.2981026122114084e-16,True,0.05859375,311,-0.6765498652291105,0.0,-0.6765498652291105,-0.6765498652291105,1.0,60,60,True,True,True,False,False,True,True,True,True
GROVER,H3-0,Ankaa-3,AWS_BRAKET,1024,3,,210.0,H3-0_AWS-QPU_000,H3-0_AWS_Ankaa-3_20260220_100519.json,193,primary,3,1,singleton,False,0.0,100,0.0,227,225,0.004424778761061947,0.44140625,0.2216796875,0.001953125,0.9624914187726555,True,0.2197265625,227,-0.004424778761061947,0.0,-0.004424778761061947,-0.004424778761061947,1.0,225,225,True,True,False,False,False,False,False,False,False
GROVER,H3-0,Ankaa-3,AWS_BRAKET,1024,3,,209.0,H3-0_AWS-QPU_000,H3-0_AWS_Ankaa-3_20260220_100851.json,194,primary,3,1,singleton,False,0.0,011,0.0,210,163,0.1260053619302949,0.3642578125,0.205078125,0.0458984375,0.017112162296170613,True,0.0810546875,210,-0.4334470989761092,0.0,-0.4334470989761092,-0.4334470989761092,1.0,83,83,True,True,False,False,False,True,False,False,False
GROVER,H3-2,Ankaa-3,AWS_BRAKET,1024,3,,62.0,H3-2_AWS-QPU_000,H3-2_AWS_Ankaa-3_20260216_094032.json,195,primary,3,1,singleton,False,0.0,000,0.0,227,175,0.12935323383084577,0.392578125,0.2216796875,0.05078125,0.01087939027323063,True,0.1708984375,227,-0.12935323383084577,0.0,-0.12935323383084577,-0.12935323383084577,1.0,175,175,True,True,False,False,False,True,False,False,True
GROVER,H3-2,Ankaa-3,AWS_BRAKET,1024,3,,235.0,H3-2_AWS-QPU_000,H3-2_AWS_Ankaa-3_20260220_094912.json,196,primary,3,1,singleton,False,0.0,010,0.0,171,160,0.03323262839879154,0.3232421875,0.1669921875,0.0107421875,0.582626329269268,True,0.0927734375,171,-0.2857142857142857,0.0,-0.2857142857142857,-0.2857142857142857,1.0,95,95,True,True,False,False,False,False,False,False,False
GROVER,H3-2,Ankaa-3,AWS_BRAKET,1024,3,,191.0,H3-2_AWS-QPU_000,H3-2_AWS_Ankaa-3_20260220_100543.json,197,primary,3,1,singleton,False,0.0,110,0.0,303,278,0.043029259896729774,0.5673828125,0.2958984375,0.0244140625,0.31940262442487016,True,0.05078125,303,-0.7070422535211267,0.0,-0.7070422535211267,-0.7070422535211267,1.0,52,52,True,True,False,False,False,False,False,False,False
GROVER,H3-2,Ankaa-3,AWS_BRAKET,1024,3,,228.0,H3-2_AWS-QPU_000,H3-2_AWS_Ankaa-3_20260220_100914.json,198,primary,3,1,singleton,False,0.0,111,0.0,235,174,0.1491442542787286,0.3994140625,0.2294921875,0.0595703125,0.002962895377975117,True,0.0576171875,235,-0.5986394557823129,0.0,-0.5986394557823129,-0.5986394557823129,1.0,59,59,True,True,False,False,False,True,True,False,True
GROVER,H3-3,Ankaa-3,AWS_BRAKET,1024,3,,58.0,H3-3_AWS-QPU_000,H3-3_AWS_Ankaa-3_20260216_094010.json,199,primary,3,1,singleton,False,0.0,000,0.0,211,172,0.10182767624020887,0.3740234375,0.2060546875,0.0380859375,0.05203032738420844,True,0.115234375,211,-0.2826747720364742,0.0,-0.2826747720364742,-0.2826747720364742,1.0,118,118,True,True,False,False,False,False,False,False,False
GROVER,H3-3,Ankaa-3,AWS_BRAKET,1024,3,,208.0,H3-3_AWS-QPU_000,H3-3_AWS_Ankaa-3_20260220_094934.json,200,primary,3,1,singleton,False,0.0,000,0.0,167,157,0.030864197530864196,0.31640625,0.1630859375,0.009765625,0.6171434010006933,True,0.1103515625,167,-0.19285714285714287,0.0,-0.19285714285714287,-0.19285714285714287,1.0,113,113,True,True,False,False,False,False,False,False,False
GROVER,H3-3,Ankaa-3,AWS_BRAKET,1024,3,,189.0,H3-3_AWS-QPU_000,H3-3_AWS_Ankaa-3_20260220_100605.json,201,primary,3,1,singleton,False,0.0,000,0.0,211,163,0.12834224598930483,0.365234375,0.2060546875,0.046875,0.014974996776070565,True,0.0859375,211,-0.411371237458194,0.0,-0.411371237458194,-0.411371237458194,1.0,88,88,True,True,False,False,False,True,False,False,False
GROVER,H3-3,Ankaa-3,AWS_BRAKET,1024,3,,219.0,H3-3_AWS-QPU_000,H3-3_AWS_Ankaa-3_20260220_100936.json,202,primary,3,1,singleton,False,1.0,111,0.149171,208,154,0.14917127071823205,0.353515625,0.203125,0.052734375,0.005271037585646319,True,0.203125,154,0.14917127071823205,0.14917127071823205,0.14917127071823205,0.14917127071823205,1.0,208,208,True,True,False,False,False,True,True,False,True
GROVER,H4-0,Ankaa-3,AWS_BRAKET,1024,4,,178.0,H4-0_AWS-QPU_000,H4-0_AWS_Ankaa-3_20260216_094312.json,203,primary,4,1,singleton,False,0.0,1101,0.0,106,97,0.04433497536945813,0.1982421875,0.103515625,0.0087890625,0.5745722959151973,True,0.0537109375,106,-0.3167701863354037,0.0,-0.3167701863354037,-0.3167701863354037,1.0,55,55,True,True,False,False,False,False,False,False,False
GROVER,H4-4,Ankaa-3,AWS_BRAKET,1024,4,,172.0,H4-4_AWS-QPU_000,H4-4_AWS_Ankaa-3_20260216_094249.json,204,primary,4,1,singleton,False,1.0,1111,0.099526,116,95,0.0995260663507109,0.2060546875,0.11328125,0.0205078125,0.16840642629329217,True,0.11328125,95,0.0995260663507109,0.0995260663507109,0.0995260663507109,0.0995260663507109,1.0,116,116,True,True,False,False,False,False,False,False,False
GROVER,M3-1,Ankaa-3,AWS_BRAKET,1024,3,,62.0,M3-1_AWS-QPU_000,M3-1_AWS_Ankaa-3_20260216_094117.json,205,primary,3,1,singleton,False,0.0,111,0.0,322,128,0.4311111111111111,0.439453125,0.314453125,0.189453125,2.3310732845877625e-20,True,0.06640625,322,-0.6512820512820513,0.0,-0.6512820512820513,-0.6512820512820513,1.0,68,68,True,True,True,False,False,True,True,True,True
GROVER,M3-1,Ankaa-3,AWS_BRAKET,1024,3,,234.0,M3-1_AWS-QPU_000,M3-1_AWS_Ankaa-3_20260220_094804.json,206,primary,3,1,singleton,False,0.0,101,0.0,343,216,0.22719141323792486,0.5458984375,0.3349609375,0.1240234375,8.727105969750884e-08,True,0.0400390625,343,-0.7864583333333334,0.0,-0.7864583333333334,-0.7864583333333334,1.0,41,41,True,True,True,False,False,True,True,True,True
GROVER,M3-1,Ankaa-3,AWS_BRAKET,1024,3,,235.0,M3-1_AWS-QPU_000,M3-1_AWS_Ankaa-3_20260220_100434.json,207,primary,3,1,singleton,False,0.0,100,0.0,179,172,0.019943019943019943,0.3427734375,0.1748046875,0.0068359375,0.7488260020389274,True,0.1337890625,179,-0.13291139240506328,0.0,-0.13291139240506328,-0.13291139240506328,1.0,137,137,True,True,False,False,False,False,False,False,False
GROVER,M3-1,Ankaa-3,AWS_BRAKET,1024,3,,207.0,M3-1_AWS-QPU_000,M3-1_AWS_Ankaa-3_20260220_100806.json,208,primary,3,1,singleton,False,0.0,010,0.0,234,140,0.25133689839572193,0.365234375,0.228515625,0.091796875,1.3437582074804696e-06,True,0.076171875,234,-0.5,0.0,-0.5,-0.5,1.0,78,78,True,True,True,False,False,True,True,True,True
GROVER,M3-2,Ankaa-3,AWS_BRAKET,1024,3,,44.0,M3-2_AWS-QPU_000,M3-2_AWS_Ankaa-3_20260216_093901.json,209,primary,3,2,multiple,False,0.0,100,0.0,171,148,0.07210031347962383,0.3115234375,0.1669921875,0.0224609375,0.21797560962097423,True,0.1953125,171,-0.26199261992619927,0.0,0.07816711590296496,-0.3204633204633205,1.0,88,112,True,True,False,False,False,False,False,False,False
GROVER,M3-2,Ankaa-3,AWS_BRAKET,1024,3,,153.0,M3-2_AWS-QPU_000,M3-2_AWS_Ankaa-3_20260220_093916.json,210,primary,3,2,multiple,False,0.0,100,0.0,189,149,0.11834319526627218,0.330078125,0.1845703125,0.0390625,0.033740588426437734,True,0.234375,189,-0.22330097087378642,0.0,0.11888111888111888,-0.35,1.0,91,149,True,True,False,False,False,True,False,False,False
GROVER,M3-2,Ankaa-3,AWS_BRAKET,1024,3,,141.0,M3-2_AWS-QPU_000,M3-2_AWS_Ankaa-3_20260220_094827.json,211,primary,3,2,multiple,False,0.0,101,0.0,221,157,0.1693121693121693,0.369140625,0.2158203125,0.0625,0.0011653617338665805,True,0.28125,221,-0.21095890410958903,0.0,0.13163064833005894,-0.21428571428571427,1.0,143,145,True,True,False,False,False,True,True,False,True
GROVER,M3-2,Ankaa-3,AWS_BRAKET,1024,3,,141.0,M3-2_AWS-QPU_000,M3-2_AWS_Ankaa-3_20260220_100457.json,212,primary,3,2,multiple,False,0.0,101,0.0,195,170,0.0684931506849315,0.3564453125,0.1904296875,0.0244140625,0.20897732275159078,True,0.2822265625,195,-0.1487481590574374,0.0,0.19421487603305784,-0.1572700296735905,1.0,142,147,True,True,False,False,False,False,False,False,False
GROVER,M3-2,Ankaa-3,AWS_BRAKET,1024,3,,141.0,M3-2_AWS-QPU_000,M3-2_AWS_Ankaa-3_20260220_100828.json,213,primary,3,2,multiple,False,0.0,101,0.0,186,169,0.04788732394366197,0.3466796875,0.181640625,0.0166015625,0.3958059285465871,True,0.27734375,186,-0.13414634146341464,0.0,0.20851063829787234,-0.13414634146341464,1.0,142,142,True,True,False,False,False,False,False,False,False
GROVER,M4-2,Ankaa-3,AWS_BRAKET,1024,4,,172.0,M4-2_AWS-QPU_000,M4-2_AWS_Ankaa-3_20260216_094203.json,214,primary,4,2,multiple,False,1.0,1111,0.0,95,88,0.03825136612021858,0.1787109375,0.0927734375,0.0068359375,0.6574989153775926,True,0.15234375,88,-0.060240963855421686,0.0,0.2786885245901639,-0.18120805369127516,1.0,61,95,True,True,False,False,False,False,False,False,False
GROVER,M4-4,Ankaa-3,AWS_BRAKET,1024,4,,142.0,M4-4_AWS-QPU_000,M4-4_AWS_Ankaa-3_20260216_094140.json,215,primary,4,4,multiple,False,1.0,1111,0.0,115,102,0.059907834101382486,0.2119140625,0.1123046875,0.0126953125,0.41535525707724746,True,0.26171875,102,-0.20710059171597633,0.0,0.4486486486486487,-0.3877551020408163,1.0,45,115,True,True,False,False,False,False,False,False,False
GROVER,S2-00,Ankaa-3,AWS_BRAKET,1024,2,,10.0,S2-00_AWS-QPU_000,S2-00_AWS_Ankaa-3_20260220_094611.json,216,primary,2,1,singleton,False,1.0,00,0.958167,983,21,0.9581673306772909,0.98046875,0.9599609375,0.939453125,2.0552945727908892e-259,True,0.9599609375,21,0.9581673306772909,0.9581673306772909,0.9581673306772909,0.9581673306772909,1.0,983,983,True,True,True,True,True,True,True,True,True
GROVER,S2-00,Ankaa-3,AWS_BRAKET,1024,2,,10.0,S2-00_AWS-QPU_000,S2-00_AWS_Ankaa-3_20260220_095823.json,217,primary,2,1,singleton,False,1.0,00,0.939819,967,30,0.9398194583751254,0.9736328125,0.9443359375,0.9150390625,3.416588733001134e-243,True,0.9443359375,30,0.9398194583751254,0.9398194583751254,0.9398194583751254,0.9398194583751254,1.0,967,967,True,True,True,True,True,True,True,True,True
GROVER,S2-00,Ankaa-3,AWS_BRAKET,1024,2,,10.0,S2-00_AWS-QPU_000,S2-00_AWS_Ankaa-3_20260220_095955.json,218,primary,2,1,singleton,False,1.0,00,0.938553,978,31,0.9385530227948464,0.9853515625,0.955078125,0.9248046875,3.794323744330433e-245,True,0.955078125,31,0.9385530227948464,0.9385530227948464,0.9385530227948464,0.9385530227948464,1.0,978,978,True,True,True,True,True,True,True,True,True
GROVER,S2-00,Ankaa-3,AWS_BRAKET,1024,2,,10.0,S2-00_AWS-QPU_000,S2-00_AWS_Ankaa-3_20260220_100129.json,219,primary,2,1,singleton,False,1.0,00,0.942346,977,29,0.9423459244532804,0.982421875,0.9541015625,0.92578125,2.6900747301935974e-247,True,0.9541015625,29,0.9423459244532804,0.9423459244532804,0.9423459244532804,0.9423459244532804,1.0,977,977,True,True,True,True,True,True,True,True,True
GROVER,S2-10,Ankaa-3,AWS_BRAKET,1024,2,,9.0,S2-10_AWS-QPU_000,S2-10_AWS_Ankaa-3_20260220_094655.json,220,primary,2,1,singleton,False,1.0,10,0.883768,940,58,0.8837675350701403,0.974609375,0.91796875,0.861328125,5.565888018200922e-206,True,0.91796875,58,0.8837675350701403,0.8837675350701403,0.8837675350701403,0.8837675350701403,1.0,940,940,True,True,True,True,True,True,True,True,True
GROVER,S2-10,Ankaa-3,AWS_BRAKET,1024,2,,9.0,S2-10_AWS-QPU_000,S2-10_AWS_Ankaa-3_20260220_095907.json,221,primary,2,1,singleton,False,1.0,10,0.88668,949,57,0.8866799204771372,0.982421875,0.9267578125,0.87109375,2.1367877910375368e-209,True,0.9267578125,57,0.8866799204771372,0.8866799204771372,0.8866799204771372,0.8866799204771372,1.0,949,949,True,True,True,True,True,True,True,True,True
GROVER,S2-10,Ankaa-3,AWS_BRAKET,1024,2,,9.0,S2-10_AWS-QPU_000,S2-10_AWS_Ankaa-3_20260220_100041.json,222,primary,2,1,singleton,False,1.0,10,0.911912,955,44,0.9119119119119119,0.9755859375,0.9326171875,0.8896484375,5.388019369183944e-224,True,0.9326171875,44,0.9119119119119119,0.9119119119119119,0.9119119119119119,0.9119119119119119,1.0,955,955,True,True,True,True,True,True,True,True,True
GROVER,S2-10,Ankaa-3,AWS_BRAKET,1024,2,,9.0,S2-10_AWS-QPU_000,S2-10_AWS_Ankaa-3_20260220_100215.json,223,primary,2,1,singleton,False,1.0,10,0.882236,943,59,0.8822355289421158,0.978515625,0.9208984375,0.86328125,7.074192633823694e-206,True,0.9208984375,59,0.8822355289421158,0.8822355289421158,0.8822355289421158,0.8822355289421158,1.0,943,943,True,True,True,True,True,True,True,True,True
GROVER,S2-11,Ankaa-3,AWS_BRAKET,1024,2,,9.0,S2-11_AWS-QPU_000,S2-11_AWS_Ankaa-3_20260220_094718.json,224,primary,2,1,singleton,False,1.0,11,0.884892,917,56,0.8848920863309353,0.9501953125,0.8955078125,0.8408203125,1.613494779749417e-201,True,0.8955078125,56,0.8848920863309353,0.8848920863309353,0.8848920863309353,0.8848920863309353,1.0,917,917,True,True,True,True,True,True,True,True,True
GROVER,S2-11,Ankaa-3,AWS_BRAKET,1024,2,,9.0,S2-11_AWS-QPU_000,S2-11_AWS_Ankaa-3_20260220_095930.json,225,primary,2,1,singleton,False,1.0,11,0.876698,898,59,0.8766980146290491,0.9345703125,0.876953125,0.8193359375,1.526713050847855e-193,True,0.876953125,59,0.8766980146290491,0.8766980146290491,0.8766980146290491,0.8766980146290491,1.0,898,898,True,True,True,True,True,True,True,True,True
GROVER,S2-11,Ankaa-3,AWS_BRAKET,1024,2,,9.0,S2-11_AWS-QPU_000,S2-11_AWS_Ankaa-3_20260220_100103.json,226,primary,2,1,singleton,False,1.0,11,0.900929,921,48,0.9009287925696594,0.9462890625,0.8994140625,0.8525390625,2.300180096385387e-210,True,0.8994140625,48,0.9009287925696594,0.9009287925696594,0.9009287925696594,0.9009287925696594,1.0,921,921,True,True,True,True,True,True,True,True,True
GROVER,S2-11,Ankaa-3,AWS_BRAKET,1024,2,,9.0,S2-11_AWS-QPU_000,S2-11_AWS_Ankaa-3_20260220_100237.json,227,primary,2,1,singleton,False,1.0,11,0.892894,919,52,0.8928939237899073,0.9482421875,0.8974609375,0.8466796875,7.096534792383895e-206,True,0.8974609375,52,0.8928939237899073,0.8928939237899073,0.8928939237899073,0.8928939237899073,1.0,919,919,True,True,True,True,True,True,True,True,True
GROVER,S2-1,Ankaa-3,AWS_BRAKET,1024,2,,14.0,S2-1_AWS-QPU_000,S2-1_AWS_Ankaa-3_20260216_092426.json,228,primary,2,1,singleton,False,1.0,01,0.871486,932,64,0.8714859437751004,0.97265625,0.91015625,0.84765625,2.470604557416174e-198,True,0.91015625,64,0.8714859437751004,0.8714859437751004,0.8714859437751004,0.8714859437751004,1.0,932,932,True,True,True,True,True,True,True,True,True
GROVER,S2-1,Ankaa-3,AWS_BRAKET,1024,2,,14.0,S2-1_AWS-QPU_000,S2-1_AWS_Ankaa-3_20260216_093754.json,229,primary,2,1,singleton,False,1.0,01,0.898709,956,51,0.8987090367428004,0.9833984375,0.93359375,0.8837890625,3.909595819493072e-217,True,0.93359375,51,0.8987090367428004,0.8987090367428004,0.8987090367428004,0.8987090367428004,1.0,956,956,True,True,True,True,True,True,True,True,True
GROVER,S2-1,Ankaa-3,AWS_BRAKET,1024,2,,10.0,S2-1_AWS-QPU_000,S2-1_AWS_Ankaa-3_20260220_093837.json,230,primary,2,1,singleton,False,1.0,01,0.904192,954,48,0.9041916167664671,0.978515625,0.931640625,0.884765625,1.3876033837234275e-219,True,0.931640625,48,0.9041916167664671,0.9041916167664671,0.9041916167664671,0.9041916167664671,1.0,954,954,True,True,True,True,True,True,True,True,True
GROVER,S2-1,Ankaa-3,AWS_BRAKET,1024,2,,10.0,S2-1_AWS-QPU_000,S2-1_AWS_Ankaa-3_20260220_094633.json,231,primary,2,1,singleton,False,1.0,01,0.890438,949,55,0.8904382470119522,0.98046875,0.9267578125,0.873046875,2.6924646000593212e-211,True,0.9267578125,55,0.8904382470119522,0.8904382470119522,0.8904382470119522,0.8904382470119522,1.0,949,949,True,True,True,True,True,True,True,True,True
GROVER,S2-1,Ankaa-3,AWS_BRAKET,1024,2,,10.0,S2-1_AWS-QPU_000,S2-1_AWS_Ankaa-3_20260220_095845.json,232,primary,2,1,singleton,False,1.0,01,0.902293,954,49,0.9022931206380858,0.9794921875,0.931640625,0.8837890625,1.4217350098115939e-218,True,0.931640625,49,0.9022931206380858,0.9022931206380858,0.9022931206380858,0.9022931206380858,1.0,954,954,True,True,True,True,True,True,True,True,True
GROVER,S2-1,Ankaa-3,AWS_BRAKET,1024,2,,10.0,S2-1_AWS-QPU_000,S2-1_AWS_Ankaa-3_20260220_100017.json,233,primary,2,1,singleton,False,1.0,01,0.871357,931,64,0.871356783919598,0.9716796875,0.9091796875,0.8466796875,4.62406611330491e-198,True,0.9091796875,64,0.871356783919598,0.871356783919598,0.871356783919598,0.871356783919598,1.0,931,931,True,True,True,True,True,True,True,True,True
GROVER,S2-1,Ankaa-3,AWS_BRAKET,1024,2,,10.0,S2-1_AWS-QPU_000,S2-1_AWS_Ankaa-3_20260220_100152.json,234,primary,2,1,singleton,False,1.0,01,0.893681,944,53,0.8936810431293881,0.9736328125,0.921875,0.8701171875,7.726784419807475e-212,True,0.921875,53,0.8936810431293881,0.8936810431293881,0.8936810431293881,0.8936810431293881,1.0,944,944,True,True,True,True,True,True,True,True,True
GROVER,S2-1,Forte 1,AWS_BRAKET,128,2,,33.0,S2-1_AWS-QPU_000,S2-1_AWS_Forte-1_20260220_140916.json,235,primary,2,1,singleton,False,1.0,01,0.984375,127,1,0.984375,1.0,0.9921875,0.984375,7.581938562803754e-37,True,0.9921875,1,0.984375,0.984375,0.984375,0.984375,1.0,127,127,True,True,True,True,True,True,True,True,True
GROVER,S3-1,Ankaa-3,AWS_BRAKET,1024,3,,62.0,S3-1_AWS-QPU_000,S3-1_AWS_Ankaa-3_20260216_094055.json,236,primary,3,1,singleton,False,0.0,000,0.0,204,163,0.11171662125340599,0.3583984375,0.19921875,0.0400390625,0.03665540727988404,True,0.146484375,204,-0.15254237288135594,0.0,-0.15254237288135594,-0.15254237288135594,1.0,150,150,True,True,False,False,False,True,False,False,False
GROVER,S3-1,Ankaa-3,AWS_BRAKET,1024,3,,227.0,S3-1_AWS-QPU_000,S3-1_AWS_Ankaa-3_20260220_094742.json,237,primary,3,1,singleton,False,0.0,010,0.0,299,236,0.11775700934579439,0.5224609375,0.2919921875,0.0615234375,0.007294574172211067,True,0.076171875,299,-0.5862068965517241,0.0,-0.5862068965517241,-0.5862068965517241,1.0,78,78,True,True,False,False,False,True,True,False,True
GROVER,S3-1,Ankaa-3,AWS_BRAKET,1024,3,,217.0,S3-1_AWS-QPU_000,S3-1_AWS_Ankaa-3_20260220_100412.json,238,primary,3,1,singleton,False,0.0,001,0.0,251,179,0.16744186046511628,0.419921875,0.2451171875,0.0703125,0.0006011167829130397,True,0.1474609375,251,-0.24875621890547264,0.0,-0.24875621890547264,-0.24875621890547264,1.0,151,151,True,True,False,False,False,True,True,False,True
GROVER,S3-1,Ankaa-3,AWS_BRAKET,1024,3,,199.0,S3-1_AWS-QPU_000,S3-1_AWS_Ankaa-3_20260220_100744.json,239,primary,3,1,singleton,False,1.0,011,0.159763,294,213,0.15976331360946747,0.4951171875,0.287109375,0.0791015625,0.0003711741126901511,True,0.287109375,213,0.15976331360946747,0.15976331360946747,0.15976331360946747,0.15976331360946747,1.0,294,294,True,True,False,False,False,True,True,False,True
GROVER,S4-1,Ankaa-3,AWS_BRAKET,1024,4,,178.0,S4-1_AWS-QPU_000,S4-1_AWS_Ankaa-3_20260216_094227.json,240,primary,4,1,singleton,False,0.0,1111,0.0,99,85,0.07608695652173914,0.1796875,0.0966796875,0.013671875,0.3378942799553425,True,0.048828125,99,-0.3288590604026846,0.0,-0.3288590604026846,-0.3288590604026846,1.0,50,50,True,True,False,False,False,False,False,False,False
GROVER,S5-1,Ankaa-3,AWS_BRAKET,1024,5,,690.0,S5-1_AWS-QPU_000,S5-1_AWS_Ankaa-3_20260216_094346.json,241,primary,5,1,singleton,False,1.0,01100,0.008696,58,57,0.008695652173913044,0.1123046875,0.056640625,0.0009765625,0.9999999999999993,True,0.056640625,57,0.008695652173913044,0.008695652173913044,0.008695652173913044,0.008695652173913044,1.0,58,58,True,True,False,False,False,False,False,False,False
GROVER,S6-1,Ankaa-3,AWS_BRAKET,1024,6,,1827.0,S6-1_AWS-QPU_000,S6-1_AWS_Ankaa-3_20260216_094502.json,242,primary,6,1,singleton,False,0.0,001110,0.0,42,41,0.012048192771084338,0.0810546875,0.041015625,0.0009765625,0.9999999999999994,True,0.00390625,42,-0.8260869565217391,0.0,-0.8260869565217391,-0.8260869565217391,1.0,4,4,True,True,False,False,False,False,False,False,False
GROVER,SYM-1,Ankaa-3,AWS_BRAKET,1024,3,,44.0,SYM-1_AWS-QPU_000,SYM-1_AWS_Ankaa-3_20260216_093925.json,243,primary,3,2,multiple,False,0.0,100,0.0,194,162,0.0898876404494382,0.34765625,0.189453125,0.03125,0.10024833133657882,True,0.1962890625,194,-0.3174872665534805,0.0,0.017721518987341773,-0.3472222222222222,1.0,94,107,True,True,False,False,False,False,False,False,False
GROVER,SYM-1,Ankaa-3,AWS_BRAKET,1024,3,,164.0,SYM-1_AWS-QPU_000,SYM-1_AWS_Ankaa-3_20260220_094956.json,244,primary,3,2,multiple,False,0.0,101,0.0,166,162,0.012195121951219513,0.3203125,0.162109375,0.00390625,0.8684668871918676,True,0.294921875,166,-0.0473186119873817,0.0,0.2905982905982906,-0.08496732026143791,1.0,140,162,True,True,False,False,False,False,False,False,False
GROVER,SYM-1,Ankaa-3,AWS_BRAKET,1024,3,,160.0,SYM-1_AWS-QPU_000,SYM-1_AWS_Ankaa-3_20260220_100631.json,245,primary,3,2,multiple,False,0.0,001,0.0,245,244,0.002044989775051125,0.4775390625,0.2392578125,0.0009765625,0.9999999999999982,True,0.169921875,245,-0.4759036144578313,0.0,-0.16945107398568018,-0.5360501567398119,1.0,74,100,True,True,False,False,False,False,False,False,False
GROVER,SYM-1,Ankaa-3,AWS_BRAKET,1024,3,,141.0,SYM-1_AWS-QPU_000,SYM-1_AWS_Ankaa-3_20260220_100959.json,246,primary,3,2,multiple,False,0.0,001,0.0,181,177,0.0111731843575419,0.349609375,0.1767578125,0.00390625,0.8740480078966046,True,0.267578125,181,-0.13836477987421383,0.0,0.2043956043956044,-0.15654952076677317,1.0,132,142,True,True,False,False,False,False,False,False,False
GROVER,SYM-2,Ankaa-3,AWS_BRAKET,1024,3,,44.0,SYM-2_AWS-QPU_000,SYM-2_AWS_Ankaa-3_20260216_093948.json,247,primary,3,2,multiple,False,0.0,100,0.0,257,190,0.14988814317673377,0.4365234375,0.2509765625,0.0654296875,0.0017670680953066544,True,0.16796875,257,-0.49854227405247814,0.0,-0.19813519813519814,-0.6580645161290323,1.0,53,119,True,True,False,False,False,True,True,False,True
QFT,IV4-0000,ibm_fez,IBM_QPU,1024,4,0.0,239.0,IV4-0000_IBM-QPU_000,IV4-0000_IBM_ibm_fez_20260127_134935.json,248,primary,4,1,singleton,False,0.0,0100,0.0,288,285,0.005235602094240838,0.5595703125,0.28125,0.0029296875,0.9334228870631656,True,0.2783203125,288,-0.005235602094240838,0.0,-0.005235602094240838,-0.005235602094240838,1.0,285,285,True,True,False,False,False,False,False,False,False
QFT,IV4-0000,ibm_fez,IBM_QPU,1024,4,1.0,152.0,IV4-0000_IBM-QPU_001,IV4-0000_IBM_ibm_fez_20260127_134935.json,249,primary,4,1,singleton,False,1.0,0000,0.887486,822,49,0.8874856486796785,0.8505859375,0.802734375,0.7548828125,6.452683677594682e-182,True,0.802734375,49,0.8874856486796785,0.8874856486796785,0.8874856486796785,0.8874856486796785,1.0,822,822,True,True,True,True,True,True,True,True,True
QFT,IV4-0000,ibm_fez,IBM_QPU,1024,4,2.0,139.0,IV4-0000_IBM-QPU_002,IV4-0000_IBM_ibm_fez_20260127_134935.json,250,primary,4,1,singleton,False,1.0,0000,0.91504,834,37,0.9150401836969001,0.8505859375,0.814453125,0.7783203125,2.683362810416688e-197,True,0.814453125,37,0.9150401836969001,0.9150401836969001,0.9150401836969001,0.9150401836969001,1.0,834,834,True,True,True,True,True,True,True,True,True
QFT,IV4-0000,ibm_fez,IBM_QPU,1024,4,3.0,111.0,IV4-0000_IBM-QPU_003,IV4-0000_IBM_ibm_fez_20260127_134935.json,251,primary,4,1,singleton,False,1.0,0000,0.926486,891,34,0.9264864864864865,0.9033203125,0.8701171875,0.8369140625,9.487741585487853e-217,True,0.8701171875,34,0.9264864864864865,0.9264864864864865,0.9264864864864865,0.9264864864864865,1.0,891,891,True,True,True,True,True,True,True,True,True
QFT,IV4-0000,ibm_fez,IBM_QPU,1024,4,0.0,231.0,IV4-0000_IBM-QPU_000,IV4-0000_IBM_ibm_fez_20260205_203134.json,252,primary,4,1,singleton,False,0.0,1000,0.0,304,210,0.1828793774319066,0.501953125,0.296875,0.091796875,3.9104771216516833e-05,True,0.205078125,304,-0.1828793774319066,0.0,-0.1828793774319066,-0.1828793774319066,1.0,210,210,True,True,False,False,False,True,True,False,True
QFT,IV4-0000,ibm_fez,IBM_QPU,1024,4,1.0,152.0,IV4-0000_IBM-QPU_001,IV4-0000_IBM_ibm_fez_20260205_203134.json,253,primary,4,1,singleton,False,1.0,0000,0.839704,746,65,0.8397040690505548,0.7919921875,0.728515625,0.6650390625,1.700541059896563e-147,True,0.728515625,65,0.8397040690505548,0.8397040690505548,0.8397040690505548,0.8397040690505548,1.0,746,746,True,True,True,True,True,True,True,True,True
QFT,IV4-0000,ibm_fez,IBM_QPU,1024,4,2.0,110.0,IV4-0000_IBM-QPU_002,IV4-0000_IBM_ibm_fez_20260205_203134.json,254,primary,4,1,singleton,False,1.0,0000,0.877457,812,53,0.8774566473988439,0.8447265625,0.79296875,0.7412109375,1.8363318112854793e-175,True,0.79296875,53,0.8774566473988439,0.8774566473988439,0.8774566473988439,0.8774566473988439,1.0,812,812,True,True,True,True,True,True,True,True,True
QFT,IV4-0000,ibm_fez,IBM_QPU,1024,4,3.0,115.0,IV4-0000_IBM-QPU_003,IV4-0000_IBM_ibm_fez_20260205_203134.json,255,primary,4,1,singleton,False,1.0,0000,0.938596,884,28,0.9385964912280702,0.890625,0.86328125,0.8359375,9.760979017200809e-222,True,0.86328125,28,0.9385964912280702,0.9385964912280702,0.9385964912280702,0.9385964912280702,1.0,884,884,True,True,True,True,True,True,True,True,True
QFT,IV4-0101,ibm_fez,IBM_QPU,1024,4,0.0,236.0,IV4-0101_IBM-QPU_000,IV4-0101_IBM_ibm_fez_20260205_203205.json,256,primary,4,1,singleton,False,0.0,0100,0.0,266,204,0.13191489361702127,0.458984375,0.259765625,0.060546875,0.004844562677869519,True,0.134765625,266,-0.31683168316831684,0.0,-0.31683168316831684,-0.31683168316831684,1.0,138,138,True,True,False,False,False,True,True,False,True
QFT,IV4-0101,ibm_fez,IBM_QPU,1024,4,1.0,153.0,IV4-0101_IBM-QPU_001,IV4-0101_IBM_ibm_fez_20260205_203205.json,257,primary,4,1,singleton,False,1.0,0101,0.900348,820,43,0.9003476245654692,0.8427734375,0.80078125,0.7587890625,3.473118437570608e-187,True,0.80078125,43,0.9003476245654692,0.9003476245654692,0.9003476245654692,0.9003476245654692,1.0,820,820,True,True,True,True,True,True,True,True,True
QFT,IV4-0101,ibm_fez,IBM_QPU,1024,4,2.0,123.0,IV4-0101_IBM-QPU_002,IV4-0101_IBM_ibm_fez_20260205_203205.json,258,primary,4,1,singleton,False,1.0,0101,0.837321,768,68,0.8373205741626795,0.81640625,0.75,0.68359375,6.012621057586203e-151,True,0.75,68,0.8373205741626795,0.8373205741626795,0.8373205741626795,0.8373205741626795,1.0,768,768,True,True,True,True,True,True,True,True,True
QFT,IV4-0101,ibm_fez,IBM_QPU,1024,4,3.0,111.0,IV4-0101_IBM-QPU_003,IV4-0101_IBM_ibm_fez_20260205_203205.json,259,primary,4,1,singleton,False,1.0,0101,0.841232,777,67,0.8412322274881516,0.82421875,0.7587890625,0.693359375,4.0265446725421814e-154,True,0.7587890625,67,0.8412322274881516,0.8412322274881516,0.8412322274881516,0.8412322274881516,1.0,777,777,True,True,True,True,True,True,True,True,True
QFT,IV4-0101,ibm_torino,IBM_QPU,1024,4,0.0,218.0,IV4-0101_IBM-QPU_000,IV4-0101_IBM_ibm_torino_20260127_135042.json,260,primary,4,1,singleton,False,1.0,0101,0.692722,628,114,0.692722371967655,0.724609375,0.61328125,0.501953125,7.339048370286461e-87,True,0.61328125,114,0.692722371967655,0.692722371967655,0.692722371967655,0.692722371967655,1.0,628,628,True,True,True,True,False,True,True,True,True
QFT,IV4-0101,ibm_torino,IBM_QPU,1024,4,1.0,153.0,IV4-0101_IBM-QPU_001,IV4-0101_IBM_ibm_torino_20260127_135042.json,261,primary,4,1,singleton,False,1.0,0101,0.91657,827,36,0.9165701042873696,0.8427734375,0.8076171875,0.7724609375,2.166694157782258e-196,True,0.8076171875,36,0.9165701042873696,0.9165701042873696,0.9165701042873696,0.9165701042873696,1.0,827,827,True,True,True,True,True,True,True,True,True
QFT,IV4-0101,ibm_torino,IBM_QPU,1024,4,2.0,111.0,IV4-0101_IBM-QPU_002,IV4-0101_IBM_ibm_torino_20260127_135042.json,262,primary,4,1,singleton,False,1.0,0101,0.860789,802,60,0.8607888631090487,0.841796875,0.783203125,0.724609375,1.3934432645172474e-166,True,0.783203125,60,0.8607888631090487,0.8607888631090487,0.8607888631090487,0.8607888631090487,1.0,802,802,True,True,True,True,True,True,True,True,True
QFT,IV4-0101,ibm_torino,IBM_QPU,1024,4,3.0,125.0,IV4-0101_IBM-QPU_003,IV4-0101_IBM_ibm_torino_20260127_135042.json,263,primary,4,1,singleton,False,1.0,0101,0.887155,786,47,0.8871548619447779,0.8134765625,0.767578125,0.7216796875,7.128738941863975e-174,True,0.767578125,47,0.8871548619447779,0.8871548619447779,0.8871548619447779,0.8871548619447779,1.0,786,786,True,True,True,True,True,True,True,True,True
QFT,PV4-P4,ibm_fez,IBM_QPU,1024,4,0.0,205.0,PV4-P4_IBM-QPU_000,PV4-P4_IBM_ibm_fez_20260127_134707.json,264,primary,4,4,multiple,False,1.0,1000,0.014876,238,217,0.046153846153846156,0.4443359375,0.232421875,0.0205078125,0.34845351102347266,True,0.599609375,149,0.01487603305785124,0.01487603305785124,0.6094364351245085,-0.664804469273743,1.0,30,238,True,True,False,False,False,False,False,False,False
QFT,PV4-P4,ibm_fez,IBM_QPU,1024,4,1.0,131.0,PV4-P4_IBM-QPU_001,PV4-P4_IBM_ibm_fez_20260127_134707.json,265,primary,4,4,multiple,False,1.0,0100,0.833663,835,41,0.906392694063927,0.85546875,0.8154296875,0.775390625,2.1176666031910608e-193,True,0.904296875,21,0.8336633663366336,0.8336633663366336,0.955649419218585,0.06666666666666667,1.0,24,835,True,True,True,True,True,True,True,True,True
QFT,PV4-P4,ibm_fez,IBM_QPU,1024,4,2.0,70.0,PV4-P4_IBM-QPU_002,PV4-P4_IBM_ibm_fez_20260127_134707.json,266,primary,4,4,multiple,False,1.0,0100,0.868345,863,50,0.8904709748083242,0.8916015625,0.8427734375,0.7939453125,2.7128805866038538e-192,True,0.9423828125,17,0.8683446272991288,0.8683446272991288,0.9653767820773931,0.17073170731707318,1.0,24,863,True,True,True,True,True,True,True,True,True
QFT,PV4-P4,ibm_fez,IBM_QPU,1024,4,3.0,70.0,PV4-P4_IBM-QPU_003,PV4-P4_IBM_ibm_fez_20260127_134707.json,267,primary,4,4,multiple,False,1.0,0100,0.806763,871,32,0.929125138427464,0.8818359375,0.8505859375,0.8193359375,2.55637432739651e-213,True,0.9130859375,25,0.8067632850241546,0.8067632850241546,0.9479166666666666,-0.3157894736842105,1.0,13,871,True,True,True,True,True,True,True,True,True
QFT,PV4-P4,ibm_fez,IBM_QPU,1024,4,0.0,205.0,PV4-P4_IBM-QPU_000,PV4-P4_IBM_ibm_fez_20260205_201559.json,268,primary,4,4,multiple,False,0.0,0010,0.0,189,136,0.16307692307692306,0.3173828125,0.1845703125,0.0517578125,0.0038535913012815665,True,0.341796875,189,-0.3670886075949367,0.0,0.2987012987012987,-0.7419354838709677,1.0,28,129,True,True,False,False,False,True,True,False,True
QFT,PV4-P4,ibm_fez,IBM_QPU,1024,4,1.0,126.0,PV4-P4_IBM-QPU_001,PV4-P4_IBM_ibm_fez_20260205_201559.json,269,primary,4,4,multiple,False,1.0,0100,0.770115,854,30,0.9321266968325792,0.86328125,0.833984375,0.8046875,9.115661447579005e-211,True,0.90234375,30,0.7701149425287356,0.7701149425287356,0.9371069182389937,-0.17647058823529413,1.0,21,854,True,True,True,True,True,True,True,True,True
QFT,PV4-P4,ibm_fez,IBM_QPU,1024,4,2.0,67.0,PV4-P4_IBM-QPU_002,PV4-P4_IBM_ibm_fez_20260205_201559.json,270,primary,4,4,multiple,False,1.0,0100,0.889219,877,33,0.9274725274725275,0.888671875,0.8564453125,0.82421875,6.838965996659736e-214,True,0.9326171875,14,0.8892185954500494,0.8892185954500494,0.9711042311661506,0.0,1.0,14,877,True,True,True,True,True,True,True,True,True
QFT,PV4-P4,ibm_fez,IBM_QPU,1024,4,3.0,67.0,PV4-P4_IBM-QPU_003,PV4-P4_IBM_ibm_fez_20260205_201559.json,271,primary,4,4,multiple,False,1.0,0100,0.851272,877,35,0.9232456140350878,0.890625,0.8564453125,0.822265625,1.1965323127975622e-211,True,0.923828125,19,0.8512720156555773,0.8512720156555773,0.960621761658031,-0.15151515151515152,1.0,14,877,True,True,True,True,True,True,True,True,True
QFT,PV4-P8,ibm_fez,IBM_QPU,1024,4,0.0,223.0,PV4-P8_IBM-QPU_000,PV4-P8_IBM_ibm_fez_20260127_134609.json,272,primary,4,8,multiple,False,1.0,1010,0.379026,369,275,0.14596273291925466,0.62890625,0.3603515625,0.091796875,0.00024193196575323056,True,0.8154296875,47,0.3790255986787779,0.3790255986787779,0.8934240362811792,-0.38235294117647056,1.0,21,369,True,True,False,False,False,True,True,False,True
QFT,PV4-P8,ibm_fez,IBM_QPU,1024,4,1.0,147.0,PV4-P8_IBM-QPU_001,PV4-P8_IBM_ibm_fez_20260127_134609.json,273,primary,4,8,multiple,False,1.0,0010,0.399234,707,60,0.8435462842242504,0.7490234375,0.6904296875,0.6318359375,3.8705565824841427e-141,True,0.8916015625,49,0.3992337164750958,0.3992337164750958,0.8981288981288982,-0.8148148148148148,1.0,5,707,True,True,True,True,True,True,True,True,True
QFT,PV4-P8,ibm_fez,IBM_QPU,1024,4,2.0,82.0,PV4-P8_IBM-QPU_002,PV4-P8_IBM_ibm_fez_20260127_134609.json,274,primary,4,8,multiple,False,1.0,0010,0.721739,797,71,0.836405529953917,0.84765625,0.7783203125,0.708984375,2.979845196898434e-156,True,0.966796875,20,0.7217391304347827,0.7217391304347827,0.9603960396039604,-0.6,1.0,5,797,True,True,True,True,True,True,True,True,True
QFT,PV4-P8,ibm_fez,IBM_QPU,1024,4,3.0,82.0,PV4-P8_IBM-QPU_003,PV4-P8_IBM_ibm_fez_20260127_134609.json,275,primary,4,8,multiple,False,1.0,0010,0.837788,816,68,0.8461538461538461,0.86328125,0.796875,0.73046875,1.1059232902096386e-163,True,0.9736328125,11,0.8377880184331797,0.8377880184331797,0.9781746031746031,-0.6923076923076923,1.0,2,816,True,True,True,True,True,True,True,True,True
QFT,PV4-P8,ibm_fez,IBM_QPU,1024,4,0.0,199.0,PV4-P8_IBM-QPU_000,PV4-P8_IBM_ibm_fez_20260205_201456.json,276,primary,4,8,multiple,False,1.0,1000,0.539568,249,111,0.38333333333333336,0.3515625,0.2431640625,0.134765625,2.655017579052819e-13,True,0.8359375,32,0.539568345323741,0.539568345323741,0.9279279279279279,0.16883116883116883,1.0,45,249,True,True,True,False,False,True,True,True,True
QFT,PV4-P8,ibm_fez,IBM_QPU,1024,4,1.0,139.0,PV4-P8_IBM-QPU_001,PV4-P8_IBM_ibm_fez_20260205_201456.json,277,primary,4,8,multiple,False,1.0,0010,0.754955,794,47,0.8882282996432818,0.8212890625,0.775390625,0.7294921875,4.4173442309784124e-176,True,0.951171875,17,0.7549549549549549,0.7549549549549549,0.9656912209889001,-0.3076923076923077,1.0,9,794,True,True,True,True,True,True,True,True,True
QFT,PV4-P8,ibm_fez,IBM_QPU,1024,4,2.0,81.0,PV4-P8_IBM-QPU_002,PV4-P8_IBM_ibm_fez_20260205_201456.json,278,primary,4,8,multiple,False,1.0,0010,0.809872,841,44,0.9005649717514125,0.8642578125,0.8212890625,0.7783203125,4.804394219027065e-192,True,0.966796875,13,0.8098720292504571,0.8098720292504571,0.9740777666999003,-0.7333333333333333,1.0,2,841,True,True,True,True,True,True,True,True,True
QFT,PV4-P8,ibm_fez,IBM_QPU,1024,4,3.0,81.0,PV4-P8_IBM-QPU_003,PV4-P8_IBM_ibm_fez_20260205_201456.json,279,primary,4,8,multiple,False,1.0,0010,0.83868,863,61,0.8679653679653679,0.90234375,0.8427734375,0.783203125,3.176968022097306e-182,True,0.9794921875,11,0.8386801099908341,0.8386801099908341,0.9783037475345168,-0.5714285714285714,1.0,3,863,True,True,True,True,True,True,True,True,True
QFT,PV6-P16,ibm_fez,IBM_QPU,1024,6,0.0,382.0,PV6-P16_IBM-QPU_000,PV6-P16_IBM_ibm_fez_20260127_134737.json,280,primary,6,16,multiple,False,1.0,000100,0.009458,120,77,0.2182741116751269,0.1923828125,0.1171875,0.0419921875,0.00267674808511391,True,0.5732421875,36,0.009458297506448839,0.009458297506448839,0.884430176565008,-0.7142857142857143,1.0,6,120,True,True,True,False,False,True,True,True,False
QFT,PV6-P16,ibm_fez,IBM_QPU,1024,6,1.0,252.0,PV6-P16_IBM-QPU_001,PV6-P16_IBM_ibm_fez_20260127_134737.json,281,primary,6,16,multiple,False,1.0,000100,0.0,550,56,0.8151815181518152,0.591796875,0.537109375,0.482421875,5.635217111734175e-103,True,0.7041015625,56,-0.10822510822510822,0.0,0.8558558558558559,-0.9310344827586207,1.0,2,550,True,True,True,True,True,True,True,True,True
QFT,PV6-P16,ibm_fez,IBM_QPU,1024,6,2.0,161.0,PV6-P16_IBM-QPU_002,PV6-P16_IBM_ibm_fez_20260127_134737.json,282,primary,6,16,multiple,False,1.0,000100,0.0,379,96,0.5957894736842105,0.4638671875,0.3701171875,0.2763671875,8.378793300633095e-41,True,0.6728515625,96,-0.3806741573033708,0.0,0.7554140127388536,-0.9393939393939394,1.0,3,379,True,True,True,True,False,True,True,True,True
QFT,PV6-P16,ibm_fez,IBM_QPU,1024,6,3.0,155.0,PV6-P16_IBM-QPU_003,PV6-P16_IBM_ibm_fez_20260127_134737.json,283,primary,6,16,multiple,False,1.0,000100,0.418182,342,236,0.18339100346020762,0.564453125,0.333984375,0.103515625,1.192562158638806e-05,True,0.7998046875,21,0.41818181818181815,0.41818181818181815,0.95,-0.68,1.0,4,342,True,True,False,False,False,True,True,False,True
QFT,PV6-P16,ibm_fez,IBM_QPU,1024,6,0.0,368.0,PV6-P16_IBM-QPU_000,PV6-P16_IBM_ibm_fez_20260205_201629.json,284,primary,6,16,multiple,False,1.0,100100,0.175844,142,138,0.014285714285714285,0.2734375,0.138671875,0.00390625,0.8577552432659977,True,0.646484375,29,0.17584369449378331,0.17584369449378331,0.9160636758321273,-0.6571428571428571,1.0,6,142,True,True,False,False,False,False,False,False,False
QFT,PV6-P16,ibm_fez,IBM_QPU,1024,6,1.0,256.0,PV6-P16_IBM-QPU_001,PV6-P16_IBM_ibm_fez_20260205_201629.json,285,primary,6,16,multiple,False,1.0,000100,0.388048,590,49,0.8466353677621283,0.6240234375,0.576171875,0.5283203125,7.006800419029878e-119,True,0.8505859375,24,0.3880478087649402,0.3880478087649402,0.9463687150837988,-0.92,1.0,1,590,True,True,True,True,True,True,True,True,True
QFT,PV6-P16,ibm_fez,IBM_QPU,1024,6,2.0,171.0,PV6-P16_IBM-QPU_002,PV6-P16_IBM_ibm_fez_20260205_201629.json,286,primary,6,16,multiple,False,1.0,000100,0.571429,319,242,0.13725490196078433,0.5478515625,0.3115234375,0.0751953125,0.0013127281307113653,True,0.859375,15,0.5714285714285714,0.5714285714285714,0.9664804469273743,-0.7647058823529411,1.0,2,319,True,True,False,False,False,True,True,False,True
QFT,PV6-P16,ibm_fez,IBM_QPU,1024,6,3.0,171.0,PV6-P16_IBM-QPU_003,PV6-P16_IBM_ibm_fez_20260205_201629.json,287,primary,6,16,multiple,False,1.0,000100,0.51062,352,232,0.2054794520547945,0.5703125,0.34375,0.1171875,7.778630384570827e-07,True,0.8681640625,18,0.5106202209005948,0.5106202209005948,0.960308710033076,-0.8,1.0,2,352,True,True,True,False,False,True,True,True,True
QFT,PV6-P8,ibm_fez,IBM_QPU,1024,6,0.0,418.0,PV6-P8_IBM-QPU_000,PV6-P8_IBM_ibm_fez_20260127_134836.json,288,primary,6,8,multiple,False,1.0,001000,0.0,163,66,0.42358078602620086,0.2236328125,0.1591796875,0.0947265625,1.1886161199415283e-10,True,0.375,61,-0.11926605504587157,0.0,0.7258426966292135,-0.5844155844155844,1.0,16,163,True,True,True,False,False,True,True,True,True
QFT,PV6-P8,ibm_fez,IBM_QPU,1024,6,1.0,244.0,PV6-P8_IBM-QPU_001,PV6-P8_IBM_ibm_fez_20260127_134836.json,289,primary,6,8,multiple,False,1.0,001000,0.084219,543,70,0.7716150081566069,0.5986328125,0.5302734375,0.4619140625,1.2404494124178603e-91,True,0.6474609375,70,0.08421913327882256,0.08421913327882256,0.8090040927694406,-0.9444444444444444,1.0,2,543,True,True,True,True,False,True,True,True,True
QFT,PV6-P8,ibm_fez,IBM_QPU,1024,6,2.0,157.0,PV6-P8_IBM-QPU_002,PV6-P8_IBM_ibm_fez_20260127_134836.json,290,primary,6,8,multiple,False,1.0,001000,0.0,289,198,0.1868583162217659,0.4755859375,0.2822265625,0.0888671875,4.326110025744719e-05,True,0.4833984375,198,-0.5238095238095238,0.0,0.42857142857142855,-0.8857142857142857,1.0,12,289,True,True,False,False,False,True,True,False,True
QFT,PV6-P8,ibm_fez,IBM_QPU,1024,6,3.0,159.0,PV6-P8_IBM-QPU_003,PV6-P8_IBM_ibm_fez_20260127_134836.json,291,primary,6,8,multiple,False,1.0,001000,0.0,367,185,0.32971014492753625,0.5390625,0.3583984375,0.177734375,7.57361673788286e-15,True,0.5029296875,185,-0.48370927318295737,0.0,0.4714285714285714,-0.9576719576719577,1.0,4,367,True,True,True,False,False,True,True,True,True
QFT,PV6-P8,ibm_fez,IBM_QPU,1024,6,0.0,412.0,PV6-P8_IBM-QPU_000,PV6-P8_IBM_ibm_fez_20260205_202727.json,292,primary,6,8,multiple,False,0.0,000100,0.0,131,75,0.27184466019417475,0.201171875,0.1279296875,0.0546875,0.00011629368668712291,True,0.2353515625,131,-0.626066718386346,0.0,0.2956989247311828,-0.8714285714285714,1.0,9,60,True,True,True,False,False,True,True,True,True
QFT,PV6-P8,ibm_fez,IBM_QPU,1024,6,1.0,248.0,PV6-P8_IBM-QPU_001,PV6-P8_IBM_ibm_fez_20260205_202727.json,293,primary,6,8,multiple,False,1.0,001000,0.61165,637,53,0.8463768115942029,0.673828125,0.6220703125,0.5703125,3.6795800788639317e-128,True,0.810546875,25,0.6116504854368932,0.6116504854368932,0.9415204678362573,-0.6666666666666666,1.0,5,637,True,True,True,True,True,True,True,True,True
QFT,PV6-P8,ibm_fez,IBM_QPU,1024,6,2.0,159.0,PV6-P8_IBM-QPU_002,PV6-P8_IBM_ibm_fez_20260205_202727.json,294,primary,6,8,multiple,False,1.0,001000,0.55275,729,43,0.8886010362694301,0.75390625,0.7119140625,0.669921875,6.324383744660803e-162,True,0.8408203125,31,0.5527502254283138,0.5527502254283138,0.9304932735426009,-0.5897435897435898,1.0,8,729,True,True,True,True,True,True,True,True,True
QFT,PV6-P8,ibm_fez,IBM_QPU,1024,6,3.0,140.0,PV6-P8_IBM-QPU_003,PV6-P8_IBM_ibm_fez_20260205_202727.json,295,primary,6,8,multiple,False,1.0,001000,0.505904,694,44,0.8807588075880759,0.720703125,0.677734375,0.634765625,2.3505020217326854e-151,True,0.8095703125,34,0.5059037238873751,0.5059037238873751,0.9212050984936269,-0.8378378378378378,1.0,3,694,True,True,True,True,True,True,True,True,True
QFT,SP10-P4,ibm_fez,IBM_QPU,1024,10,0.0,855.0,SP10-P4_IBM-QPU_000,SP10-P4_IBM_ibm_fez_20260127_135349.json,296,primary,10,4,multiple,False,1.0,0100000000,0.06383,16,13,0.10344827586206896,0.0283203125,0.015625,0.0029296875,0.711071103811264,True,0.048828125,11,0.06382978723404255,0.06382978723404255,0.639344262295082,-0.15789473684210525,1.0,8,16,True,True,False,False,False,False,False,False,False
QFT,SP10-P4,ibm_fez,IBM_QPU,1024,10,1.0,492.0,SP10-P4_IBM-QPU_001,SP10-P4_IBM_ibm_fez_20260127_135349.json,297,primary,10,4,multiple,False,1.0,0100000000,0.328859,145,25,0.7058823529411765,0.166015625,0.1416015625,0.1171875,9.356427960246984e-22,True,0.193359375,25,0.3288590604026846,0.3288590604026846,0.7757847533632287,-0.42857142857142855,1.0,10,145,True,True,True,True,False,True,True,True,True
QFT,SP10-P4,ibm_fez,IBM_QPU,1024,10,2.0,365.0,SP10-P4_IBM-QPU_002,SP10-P4_IBM_ibm_fez_20260127_135349.json,298,primary,10,4,multiple,False,1.0,0100000000,0.333333,280,53,0.6816816816816816,0.3251953125,0.2734375,0.2216796875,2.0279996118945749e-38,True,0.359375,46,0.3333333333333333,0.3333333333333333,0.7777777777777778,-0.6428571428571429,1.0,10,280,True,True,True,True,False,True,True,True,True
QFT,SP10-P4,ibm_fez,IBM_QPU,1024,10,3.0,348.0,SP10-P4_IBM-QPU_003,SP10-P4_IBM_ibm_fez_20260127_135349.json,299,primary,10,4,multiple,False,1.0,0100000000,0.174312,163,59,0.46846846846846846,0.216796875,0.1591796875,0.1015625,1.8553957949543214e-12,True,0.25,45,0.1743119266055046,0.1743119266055046,0.7009966777408638,-0.6666666666666666,1.0,9,163,True,True,True,False,False,True,True,True,True
QFT,SP3-P2,ibm_fez,IBM_QPU,1024,3,3.0,37.0,SP3-P2_IBM-QPU_003,SP3-P2_IBM_ibm_fez_20260331_150540.json,300,primary,3,2,multiple,False,1.0,100,0.944279,947,30,0.9385875127942682,0.9541015625,0.9248046875,0.8955078125,1.9342349100846422e-237,True,0.9541015625,14,0.9442786069651742,0.9442786069651742,0.9717457114026236,0.36363636363636365,1.0,30,947,True,True,True,True,True,True,True,True,True
QFT,SP3-P2,ibm_fez,IBM_QPU,1024,3,3.0,37.0,SP3-P2_IBM-QPU_003,SP3-P2_IBM_ibm_fez_20260331_150607.json,301,primary,3,2,multiple,False,1.0,100,0.936821,946,35,0.928644240570846,0.9580078125,0.923828125,0.8896484375,2.720005391699341e-231,True,0.9580078125,16,0.9368213228035538,0.9368213228035538,0.9679037111334002,0.37254901960784315,1.0,35,946,True,True,True,True,True,True,True,True,True
QFT,SP3-P2,ibm_fez,IBM_QPU,1024,3,3.0,37.0,SP3-P2_IBM-QPU_003,SP3-P2_IBM_ibm_fez_20260331_150633.json,302,primary,3,2,multiple,False,1.0,100,0.936821,935,46,0.9062181447502549,0.9580078125,0.9130859375,0.8681640625,2.6498105495811267e-216,True,0.9580078125,16,0.9368213228035538,0.9368213228035538,0.9679037111334002,0.4838709677419355,1.0,46,935,True,True,True,True,True,True,True,True,True
QFT,SP3-P2,ibm_fez,IBM_QPU,1024,3,3.0,37.0,SP3-P2_IBM-QPU_003,SP3-P2_IBM_ibm_fez_20260331_150746.json,303,primary,3,2,multiple,False,1.0,100,0.932136,929,39,0.9194214876033058,0.9453125,0.9072265625,0.869140625,5.3110848966481533e-222,True,0.9453125,17,0.9321357285429142,0.9321357285429142,0.965482233502538,0.39285714285714285,1.0,39,929,True,True,True,True,True,True,True,True,True
QFT,SP3-P2,ibm_fez,IBM_QPU,1024,3,3.0,42.0,SP3-P2_IBM-QPU_003,SP3-P2_IBM_ibm_fez_20260331_150833.json,304,primary,3,2,multiple,False,1.0,100,0.944,932,40,0.9176954732510288,0.94921875,0.91015625,0.87109375,9.131879824381643e-222,True,0.94921875,14,0.944,0.944,0.9716024340770791,0.48148148148148145,1.0,40,932,True,True,True,True,True,True,True,True,True
QFT,SP3-P2,ibm_fez,IBM_QPU,1024,3,3.0,37.0,SP3-P2_IBM-QPU_003,SP3-P2_IBM_ibm_fez_20260331_150927.json,305,primary,3,2,multiple,False,1.0,100,0.944112,937,37,0.9240246406570842,0.951171875,0.9150390625,0.87890625,1.7884409885877137e-226,True,0.951171875,14,0.9441117764471058,0.9441117764471058,0.97165991902834,0.45098039215686275,1.0,37,937,True,True,True,True,True,True,True,True,True
QFT,SP3-P2,ibm_fez,IBM_QPU,1024,3,3.0,42.0,SP3-P2_IBM-QPU_003,SP3-P2_IBM_ibm_fez_20260331_150953.json,306,primary,3,2,multiple,False,1.0,100,0.943888,945,25,0.9484536082474226,0.947265625,0.9228515625,0.8984375,4.5366686547237753e-243,True,0.947265625,14,0.9438877755511023,0.9438877755511023,0.9715447154471545,0.28205128205128205,1.0,25,945,True,True,True,True,True,True,True,True,True
QFT,SP3-P2,ibm_fez,IBM_QPU,1024,3,3.0,37.0,SP3-P2_IBM-QPU_003,SP3-P2_IBM_ibm_fez_20260331_151019.json,307,primary,3,2,multiple,False,1.0,100,0.944444,958,22,0.9551020408163265,0.95703125,0.935546875,0.9140625,9.011205387389319e-251,True,0.95703125,14,0.9444444444444444,0.9444444444444444,0.971830985915493,0.2222222222222222,1.0,22,958,True,True,True,True,True,True,True,True,True
QFT,SP3-P2,ibm_fez,IBM_QPU,1024,3,3.0,36.0,SP3-P2_IBM-QPU_003,SP3-P2_IBM_ibm_fez_20260331_151047.json,308,primary,3,2,multiple,False,1.0,100,0.91992,938,21,0.9562043795620438,0.9365234375,0.916015625,0.8955078125,2.736131230361038e-246,True,0.9365234375,20,0.91991991991992,0.91991991991992,0.9591419816138917,0.024390243902439025,1.0,21,938,True,True,True,True,True,True,True,True,True
QFT,SP3-P2,ibm_fez,IBM_QPU,1024,3,3.0,37.0,SP3-P2_IBM-QPU_003,SP3-P2_IBM_ibm_fez_20260331_151122.json,309,primary,3,2,multiple,False,1.0,100,0.936696,942,37,0.9244126659856997,0.9560546875,0.919921875,0.8837890625,6.777414486429012e-228,True,0.9560546875,16,0.9366963402571711,0.9366963402571711,0.9678391959798995,0.39622641509433965,1.0,37,942,True,True,True,True,True,True,True,True,True
QFT,SP3-P2,ibm_fez,IBM_QPU,1024,3,3.0,37.0,SP3-P2_IBM-QPU_003,SP3-P2_IBM_ibm_fez_20260331_151149.json,310,primary,3,2,multiple,False,1.0,100,0.936191,937,34,0.9299691040164778,0.9482421875,0.9150390625,0.8818359375,7.217005120819555e-230,True,0.9482421875,16,0.9361914257228315,0.9361914257228315,0.9675785207700102,0.36,1.0,34,937,True,True,True,True,True,True,True,True,True
QFT,SP3-P2,ibm_fez,IBM_QPU,1024,3,3.0,37.0,SP3-P2_IBM-QPU_003,SP3-P2_IBM_ibm_fez_20260331_151213.json,311,primary,3,2,multiple,False,1.0,100,0.932473,951,22,0.9547790339157246,0.9501953125,0.9287109375,0.9072265625,9.836238048058724e-249,True,0.9501953125,17,0.9324726911618669,0.9324726911618669,0.9656565656565657,0.1282051282051282,1.0,22,951,True,True,True,True,True,True,True,True,True
QFT,SP3-P2,ibm_fez,IBM_QPU,1024,3,3.0,37.0,SP3-P2_IBM-QPU_003,SP3-P2_IBM_ibm_fez_20260331_151240.json,312,primary,3,2,multiple,False,1.0,100,0.937008,953,31,0.9369918699186992,0.9609375,0.9306640625,0.900390625,5.784774288252015e-238,True,0.9609375,16,0.937007874015748,0.937007874015748,0.968,0.3191489361702128,1.0,31,953,True,True,True,True,True,True,True,True,True
QFT,SP3-P2,ibm_kingston,IBM_QPU,1024,3,3.0,36.0,SP3-P2_IBM-QPU_003,SP3-P2_IBM_ibm_kingston_20260331_150449.json,313,primary,3,2,multiple,False,1.0,100,0.948156,940,37,0.9242579324462641,0.9541015625,0.91796875,0.8818359375,2.51003989444945e-227,True,0.9541015625,13,0.9481555333998006,0.9481555333998006,0.9737373737373738,0.48,1.0,37,940,True,True,True,True,True,True,True,True,True
QFT,SP3-P2,ibm_kingston,IBM_QPU,1024,3,3.0,36.0,SP3-P2_IBM-QPU_003,SP3-P2_IBM_ibm_kingston_20260331_150515.json,314,primary,3,2,multiple,False,1.0,100,0.93274,953,24,0.9508700102354145,0.9541015625,0.9306640625,0.9072265625,1.1139314174474268e-246,True,0.9541015625,17,0.9327398615232443,0.9327398615232443,0.96579476861167,0.17073170731707318,1.0,24,953,True,True,True,True,True,True,True,True,True
QFT,SP3-P2,ibm_kingston,IBM_QPU,1024,3,3.0,36.0,SP3-P2_IBM-QPU_003,SP3-P2_IBM_ibm_kingston_20260331_150658.json,315,primary,3,2,multiple,False,1.0,100,0.920319,924,40,0.91701244813278,0.94140625,0.90234375,0.86328125,1.6688811906877734e-219,True,0.94140625,20,0.9203187250996016,0.9203187250996016,0.959349593495935,0.3333333333333333,1.0,40,924,True,True,True,True,True,True,True,True,True
QFT,SP3-P2,ibm_kingston,IBM_QPU,1024,3,3.0,39.0,SP3-P2_IBM-QPU_003,SP3-P2_IBM_ibm_kingston_20260331_150859.json,316,primary,3,2,multiple,False,1.0,100,0.94831,935,45,0.9081632653061225,0.95703125,0.9130859375,0.869140625,2.4822562008314153e-217,True,0.95703125,13,0.94831013916501,0.94831013916501,0.973816717019134,0.5517241379310345,1.0,45,935,True,True,True,True,True,True,True,True,True
QFT,SP3-P2,ibm_kingston,IBM_QPU,1024,3,3.0,39.0,SP3-P2_IBM-QPU_003,SP3-P2_IBM_ibm_kingston_20260331_151306.json,317,primary,3,2,multiple,False,1.0,100,0.928429,939,31,0.9360824742268041,0.947265625,0.9169921875,0.88671875,6.039119613912927e-234,True,0.947265625,18,0.9284294234592445,0.9284294234592445,0.9635627530364372,0.2653061224489796,1.0,31,939,True,True,True,True,True,True,True,True,True
QFT,SP4-P4,ibm_fez,IBM_QPU,1024,4,0.0,184.0,SP4-P4_IBM-QPU_000,SP4-P4_IBM_ibm_fez_20260127_134638.json,318,primary,4,4,multiple,False,1.0,0100,0.782038,598,202,0.495,0.78125,0.583984375,0.38671875,3.0894074895996253e-46,True,0.8623046875,27,0.7820383451059536,0.7820383451059536,0.9406593406593406,0.16923076923076924,1.0,38,598,True,True,True,False,False,True,True,True,True
QFT,SP4-P4,ibm_fez,IBM_QPU,1024,4,1.0,124.0,SP4-P4_IBM-QPU_001,SP4-P4_IBM_ibm_fez_20260127_134638.json,319,primary,4,4,multiple,False,1.0,0100,0.864542,819,58,0.8677309007981756,0.8564453125,0.7998046875,0.7431640625,6.535332110881997e-173,True,0.9140625,17,0.8645418326693227,0.8645418326693227,0.9643231899265478,0.19047619047619047,1.0,25,819,True,True,True,True,True,True,True,True,True
QFT,SP4-P4,ibm_fez,IBM_QPU,1024,4,2.0,74.0,SP4-P4_IBM-QPU_002,SP4-P4_IBM_ibm_fez_20260127_134638.json,320,primary,4,4,multiple,False,1.0,0100,0.845709,868,50,0.8910675381263616,0.896484375,0.84765625,0.798828125,1.1220594878140197e-193,True,0.9345703125,20,0.845708775313404,0.845708775313404,0.9590583418628454,-0.14285714285714285,1.0,15,868,True,True,True,True,True,True,True,True,True
QFT,SP4-P4,ibm_fez,IBM_QPU,1024,4,3.0,82.0,SP4-P4_IBM-QPU_003,SP4-P4_IBM_ibm_fez_20260127_134638.json,321,primary,4,4,multiple,False,1.0,0100,0.890838,885,33,0.9281045751633987,0.896484375,0.8642578125,0.83203125,3.5833541570052276e-216,True,0.947265625,14,0.8908382066276803,0.8908382066276803,0.9715447154471545,0.28205128205128205,1.0,25,885,True,True,True,True,True,True,True,True,True
QFT,SP4-P4,ibm_fez,IBM_QPU,1024,4,0.0,196.0,SP4-P4_IBM-QPU_000,SP4-P4_IBM_ibm_fez_20260205_201529.json,322,primary,4,4,multiple,False,1.0,0100,0.44664,389,177,0.3745583038869258,0.552734375,0.3798828125,0.20703125,2.8113507751210913e-19,True,0.71484375,70,0.44664031620553357,0.44664031620553357,0.8254364089775561,0.08496732026143791,1.0,83,389,True,True,True,False,False,True,True,True,True
QFT,SP4-P4,ibm_fez,IBM_QPU,1024,4,1.0,128.0,SP4-P4_IBM-QPU_001,SP4-P4_IBM_ibm_fez_20260205_201529.json,323,primary,4,4,multiple,False,1.0,0100,0.807322,850,39,0.9122609673790776,0.8681640625,0.830078125,0.7919921875,1.0863229307368634e-199,True,0.916015625,25,0.8073217726396917,0.8073217726396917,0.9480789200415368,-0.21951219512195122,1.0,16,850,True,True,True,True,True,True,True,True,True
QFT,SP4-P4,ibm_fez,IBM_QPU,1024,4,2.0,71.0,SP4-P4_IBM-QPU_002,SP4-P4_IBM_ibm_fez_20260205_201529.json,324,primary,4,4,multiple,False,1.0,0100,0.760075,894,32,0.9308855291576674,0.904296875,0.873046875,0.841796875,6.90429001212227e-220,True,0.9169921875,32,0.7600749765698219,0.7600749765698219,0.9340885684860968,-0.6,1.0,8,894,True,True,True,True,True,True,True,True,True
QFT,SP4-P4,ibm_fez,IBM_QPU,1024,4,3.0,67.0,SP4-P4_IBM-QPU_003,SP4-P4_IBM_ibm_fez_20260205_201529.json,325,primary,4,4,multiple,False,1.0,0100,0.824092,890,27,0.9411123227917121,0.8955078125,0.869140625,0.8427734375,1.1194414115197637e-224,True,0.931640625,23,0.8240917782026769,0.8240917782026769,0.9529170931422722,-0.12195121951219512,1.0,18,890,True,True,True,True,True,True,True,True,True
QFT,SP5-P4,ibm_fez,IBM_QPU,1024,5,0.0,287.0,SP5-P4_IBM-QPU_000,SP5-P4_IBM_ibm_fez_20260127_134805.json,326,primary,5,4,multiple,False,1.0,11000,0.534077,274,271,0.005504587155963303,0.5322265625,0.267578125,0.0029296875,0.9317386484151079,True,0.6044921875,47,0.5340768277571252,0.5340768277571252,0.8588588588588588,-0.189873417721519,1.0,32,274,True,True,False,False,False,False,False,False,False
QFT,SP5-P4,ibm_fez,IBM_QPU,1024,5,1.0,160.0,SP5-P4_IBM-QPU_001,SP5-P4_IBM_ibm_fez_20260127_134805.json,327,primary,5,4,multiple,False,1.0,01000,0.809326,798,38,0.9090909090909091,0.81640625,0.779296875,0.7421875,4.126819832903421e-186,True,0.8525390625,23,0.8093264248704664,0.8093264248704664,0.9486607142857143,-0.12195121951219512,1.0,18,798,True,True,True,True,True,True,True,True,True
QFT,SP5-P4,ibm_fez,IBM_QPU,1024,5,2.0,100.0,SP5-P4_IBM-QPU_002,SP5-P4_IBM_ibm_fez_20260127_134805.json,328,primary,5,4,multiple,False,1.0,01000,0.884892,617,237,0.4449648711943794,0.833984375,0.6025390625,0.37109375,9.082023465905455e-40,True,0.8955078125,14,0.8848920863309353,0.8848920863309353,0.9699248120300752,0.0967741935483871,1.0,17,617,True,True,True,False,False,True,True,True,True
QFT,SP5-P4,ibm_fez,IBM_QPU,1024,5,3.0,100.0,SP5-P4_IBM-QPU_003,SP5-P4_IBM_ibm_fez_20260127_134805.json,329,primary,5,4,multiple,False,1.0,01000,0.870445,632,249,0.43473325766174803,0.8603515625,0.6171875,0.3740234375,3.993868854921113e-39,True,0.90234375,16,0.8704453441295547,0.8704453441295547,0.9659574468085106,0.058823529411764705,1.0,18,632,True,True,True,False,False,True,True,True,True
QFT,SP5-P4,ibm_marrakesh,IBM_QPU,1024,5,0.0,289.0,SP5-P4_IBM-QPU_000,SP5-P4_IBM_ibm_marrakesh_20260206_114513.json,330,primary,5,4,multiple,False,1.0,01000,0.0,248,134,0.29842931937172773,0.373046875,0.2421875,0.111328125,5.751269142845708e-09,True,0.46875,134,-0.05511811023622047,0.0,0.5635179153094463,-0.8482758620689655,1.0,11,248,True,True,True,False,False,True,True,True,True
QFT,SP5-P4,ibm_marrakesh,IBM_QPU,1024,5,1.0,172.0,SP5-P4_IBM-QPU_001,SP5-P4_IBM_ibm_marrakesh_20260206_114513.json,331,primary,5,4,multiple,False,1.0,01000,0.691988,585,112,0.6786226685796269,0.6806640625,0.5712890625,0.4619140625,4.2037732877080304e-78,True,0.7939453125,37,0.6919875130072841,0.6919875130072841,0.9129411764705883,0.2127659574468085,1.0,57,585,True,True,True,True,False,True,True,True,True
QFT,SP6-P8,ibm_fez,IBM_QPU,1024,6,0.0,405.0,SP6-P8_IBM-QPU_000,SP6-P8_IBM_ibm_fez_20260127_134904.json,332,primary,6,8,multiple,False,1.0,001000,0.0,118,86,0.1568627450980392,0.19921875,0.115234375,0.03125,0.029724067777956723,True,0.328125,86,-0.34375,0.0,0.5924170616113744,-0.6862745098039216,1.0,16,118,True,True,False,False,False,True,False,False,False
QFT,SP6-P8,ibm_fez,IBM_QPU,1024,6,1.0,244.0,SP6-P8_IBM-QPU_001,SP6-P8_IBM_ibm_fez_20260127_134904.json,333,primary,6,8,multiple,False,1.0,001000,0.218509,433,107,0.6037037037037037,0.52734375,0.4228515625,0.318359375,1.779768736495641e-47,True,0.6943359375,57,0.2185089974293059,0.2185089974293059,0.8515625,-0.9,1.0,3,433,True,True,True,True,False,True,True,True,True
QFT,SP6-P8,ibm_fez,IBM_QPU,1024,6,2.0,165.0,SP6-P8_IBM-QPU_002,SP6-P8_IBM_ibm_fez_20260127_134904.json,334,primary,6,8,multiple,False,1.0,001000,0.471698,619,44,0.8672699849170438,0.6474609375,0.6044921875,0.5615234375,6.892223514849624e-131,True,0.76171875,35,0.4716981132075472,0.4716981132075472,0.9141104294478528,-0.5909090909090909,1.0,9,619,True,True,True,True,True,True,True,True,True
QFT,SP6-P8,ibm_fez,IBM_QPU,1024,6,3.0,154.0,SP6-P8_IBM-QPU_003,SP6-P8_IBM_ibm_fez_20260127_134904.json,335,primary,6,8,multiple,False,1.0,001000,0.515583,683,51,0.8610354223433242,0.716796875,0.6669921875,0.6171875,3.682512468019975e-142,True,0.8310546875,34,0.5155832591273375,0.5155832591273375,0.9231638418079096,-0.5813953488372093,1.0,9,683,True,True,True,True,True,True,True,True,True
QFT,SP6-P8,ibm_fez,IBM_QPU,1024,6,0.0,402.0,SP6-P8_IBM-QPU_000,SP6-P8_IBM_ibm_fez_20260205_202757.json,336,primary,6,8,multiple,False,1.0,001000,0.0,76,59,0.1259259259259259,0.1318359375,0.07421875,0.0166015625,0.16825920465992453,True,0.3212890625,59,-0.17852684144818975,0.0,0.6958762886597938,-0.5526315789473685,1.0,17,76,True,True,False,False,False,False,False,False,False
QFT,SP6-P8,ibm_fez,IBM_QPU,1024,6,1.0,238.0,SP6-P8_IBM-QPU_001,SP6-P8_IBM_ibm_fez_20260205_202757.json,337,primary,6,8,multiple,False,1.0,001000,0.411966,639,43,0.873900293255132,0.666015625,0.6240234375,0.58203125,3.257968948961334e-137,True,0.806640625,43,0.41196581196581195,0.41196581196581195,0.9010356731875719,-0.8695652173913043,1.0,3,639,True,True,True,True,True,True,True,True,True
QFT,SP6-P8,ibm_fez,IBM_QPU,1024,6,2.0,159.0,SP6-P8_IBM-QPU_002,SP6-P8_IBM_ibm_fez_20260205_202757.json,338,primary,6,8,multiple,False,1.0,001000,0.720388,730,59,0.8504435994930292,0.7705078125,0.712890625,0.6552734375,4.409542088294096e-148,True,0.865234375,18,0.7203883495145631,0.7203883495145631,0.9601769911504425,-0.3333333333333333,1.0,9,730,True,True,True,True,True,True,True,True,True
QFT,SP6-P8,ibm_fez,IBM_QPU,1024,6,3.0,177.0,SP6-P8_IBM-QPU_003,SP6-P8_IBM_ibm_fez_20260205_202757.json,339,primary,6,8,multiple,False,1.0,001000,0.542013,724,36,0.9052631578947369,0.7421875,0.70703125,0.671875,2.057427422224475e-167,True,0.8154296875,31,0.5420129270544783,0.5420129270544783,0.9284064665127021,-0.631578947368421,1.0,7,724,True,True,True,True,True,True,True,True,True
QFT,SP8-P4,ibm_torino,IBM_QPU,1024,8,0.0,507.0,SP8-P4_IBM-QPU_000,SP8-P4_IBM_ibm_torino_20260127_135235.json,340,primary,8,4,multiple,False,1.0,01000000,0.542857,194,44,0.6302521008403361,0.232421875,0.189453125,0.146484375,1.170921858564971e-23,True,0.2900390625,22,0.5428571428571428,0.5428571428571428,0.8620689655172413,-0.07317073170731707,1.0,19,194,True,True,True,True,False,True,True,True,True
QFT,SP8-P4,ibm_torino,IBM_QPU,1024,8,1.0,386.0,SP8-P4_IBM-QPU_001,SP8-P4_IBM_ibm_torino_20260127_135235.json,341,primary,8,4,multiple,False,1.0,01000000,0.49899,241,84,0.48307692307692307,0.3173828125,0.2353515625,0.1533203125,1.021641536556251e-18,True,0.3623046875,31,0.498989898989899,0.498989898989899,0.845771144278607,-0.34782608695652173,1.0,15,241,True,True,True,False,False,True,True,True,True
QFT,SP8-P4,ibm_torino,IBM_QPU,1024,8,2.0,264.0,SP8-P4_IBM-QPU_002,SP8-P4_IBM_ibm_torino_20260127_135235.json,342,primary,8,4,multiple,False,0.0,00100000,0.0,260,201,0.1279826464208243,0.4501953125,0.25390625,0.0576171875,0.006842347370502793,True,0.076171875,260,-0.8604651162790697,0.0,-0.5384615384615384,-0.9696969696969697,1.0,4,54,True,True,False,False,False,True,True,False,True
QFT,SP8-P4,ibm_torino,IBM_QPU,1024,8,3.0,221.0,SP8-P4_IBM-QPU_003,SP8-P4_IBM_ibm_torino_20260127_135235.json,343,primary,8,4,multiple,False,1.0,01000000,0.53719,474,42,0.8372093023255814,0.50390625,0.462890625,0.421875,1.1177585614229603e-93,True,0.544921875,42,0.5371900826446281,0.5371900826446281,0.86,-0.2537313432835821,1.0,25,474,True,True,True,True,True,True,True,True,True
QFT,SR10,ibm_torino,IBM_QPU,1024,10,0.0,1273.0,SR10_IBM-QPU_000,SR10_IBM_ibm_torino_20260127_135206.json,344,primary,10,1,singleton,False,0.0,0110011000,0.0,14,10,0.16666666666666666,0.0234375,0.013671875,0.00390625,0.5412561893463135,True,0.009765625,14,-0.16666666666666666,0.0,-0.16666666666666666,-0.16666666666666666,1.0,10,10,True,True,False,False,False,False,False,False,False
QFT,SR10,ibm_torino,IBM_QPU,1024,10,1.0,929.0,SR10_IBM-QPU_001,SR10_IBM_ibm_torino_20260127_135206.json,345,primary,10,1,singleton,False,1.0,0110011001,0.026316,39,37,0.02631578947368421,0.07421875,0.0380859375,0.001953125,0.9087769252754927,True,0.0380859375,37,0.02631578947368421,0.02631578947368421,0.02631578947368421,0.02631578947368421,1.0,39,39,True,True,False,False,False,False,False,False,False
QFT,SR10,ibm_torino,IBM_QPU,1024,10,2.0,634.0,SR10_IBM-QPU_002,SR10_IBM_ibm_torino_20260127_135206.json,346,primary,10,1,singleton,False,1.0,0110011001,0.36,85,40,0.36,0.1220703125,0.0830078125,0.0439453125,7.02891996664176e-05,True,0.0830078125,40,0.36,0.36,0.36,0.36,1.0,85,85,True,True,True,False,False,True,True,True,False
QFT,SR10,ibm_torino,IBM_QPU,1024,10,3.0,652.0,SR10_IBM-QPU_003,SR10_IBM_ibm_torino_20260127_135206.json,347,primary,10,1,singleton,False,1.0,0110011001,0.385714,97,43,0.38571428571428573,0.13671875,0.0947265625,0.052734375,5.81546479866852e-06,True,0.0947265625,43,0.38571428571428573,0.38571428571428573,0.38571428571428573,0.38571428571428573,1.0,97,97,True,True,True,False,False,True,True,True,True
QFT,SR2,ibm_fez,IBM_QPU,1024,2,0.0,57.0,SR2_IBM-QPU_000,SR2_IBM_ibm_fez_20260127_134338.json,348,primary,2,1,singleton,False,1.0,01,0.68069,779,148,0.6806903991370011,0.9052734375,0.7607421875,0.6162109375,4.647398403702617e-104,True,0.7607421875,148,0.6806903991370011,0.6806903991370011,0.6806903991370011,0.6806903991370011,1.0,779,779,True,True,True,True,False,True,True,True,True
QFT,SR2,ibm_fez,IBM_QPU,1024,2,1.0,39.0,SR2_IBM-QPU_001,SR2_IBM_ibm_fez_20260127_134338.json,349,primary,2,1,singleton,False,1.0,01,0.701075,791,139,0.7010752688172043,0.908203125,0.7724609375,0.63671875,2.2057476450675837e-111,True,0.7724609375,139,0.7010752688172043,0.7010752688172043,0.7010752688172043,0.7010752688172043,1.0,791,791,True,True,True,True,False,True,True,True,True
QFT,SR2,ibm_fez,IBM_QPU,1024,2,2.0,24.0,SR2_IBM-QPU_002,SR2_IBM_ibm_fez_20260127_134338.json,350,primary,2,1,singleton,False,1.0,01,0.957874,976,21,0.9578736208625878,0.9736328125,0.953125,0.9326171875,2.268273826178582e-257,True,0.953125,21,0.9578736208625878,0.9578736208625878,0.9578736208625878,0.9578736208625878,1.0,976,976,True,True,True,True,True,True,True,True,True
QFT,SR2,ibm_fez,IBM_QPU,1024,2,3.0,24.0,SR2_IBM-QPU_003,SR2_IBM_ibm_fez_20260127_134338.json,351,primary,2,1,singleton,False,1.0,01,0.942801,985,29,0.9428007889546351,0.990234375,0.9619140625,0.93359375,1.3261284830845047e-249,True,0.9619140625,29,0.9428007889546351,0.9428007889546351,0.9428007889546351,0.9428007889546351,1.0,985,985,True,True,True,True,True,True,True,True,True
QFT,SR2,ibm_fez,IBM_QPU,1024,2,0.0,57.0,SR2_IBM-QPU_000,SR2_IBM_ibm_fez_20260205_201140.json,352,primary,2,1,singleton,False,1.0,01,0.087866,390,327,0.08786610878661087,0.7001953125,0.380859375,0.0615234375,0.020525043116650668,True,0.380859375,327,0.08786610878661087,0.08786610878661087,0.08786610878661087,0.08786610878661087,1.0,390,390,True,True,False,False,False,True,False,False,True
QFT,SR2,ibm_fez,IBM_QPU,1024,2,1.0,39.0,SR2_IBM-QPU_001,SR2_IBM_ibm_fez_20260205_201140.json,353,primary,2,1,singleton,False,1.0,01,0.511432,628,203,0.5114320096269555,0.8115234375,0.61328125,0.4150390625,2.948488371036134e-51,True,0.61328125,203,0.5114320096269555,0.5114320096269555,0.5114320096269555,0.5114320096269555,1.0,628,628,True,True,True,True,False,True,True,True,True
QFT,SR2,ibm_fez,IBM_QPU,1024,2,2.0,25.0,SR2_IBM-QPU_002,SR2_IBM_ibm_fez_20260205_201140.json,354,primary,2,1,singleton,False,1.0,01,0.962562,996,19,0.9625615763546798,0.9912109375,0.97265625,0.9541015625,5.346587072115125e-266,True,0.97265625,19,0.9625615763546798,0.9625615763546798,0.9625615763546798,0.9625615763546798,1.0,996,996,True,True,True,True,True,True,True,True,True
QFT,SR2,ibm_fez,IBM_QPU,1024,2,3.0,25.0,SR2_IBM-QPU_003,SR2_IBM_ibm_fez_20260205_201140.json,355,primary,2,1,singleton,False,1.0,01,0.958333,987,21,0.9583333333333334,0.984375,0.9638671875,0.943359375,1.3974764048563324e-260,True,0.9638671875,21,0.9583333333333334,0.9583333333333334,0.9583333333333334,0.9583333333333334,1.0,987,987,True,True,True,True,True,True,True,True,True
QFT,SR2,ibm_fez,IBM_QPU,1024,2,3.0,25.0,SR2_IBM-QPU_003,SR2_IBM_ibm_fez_20260331_134337.json,356,primary,2,1,singleton,False,1.0,01,0.948566,985,26,0.9485657764589516,0.9873046875,0.9619140625,0.9365234375,2.2305386385555692e-253,True,0.9619140625,26,0.9485657764589516,0.9485657764589516,0.9485657764589516,0.9485657764589516,1.0,985,985,True,True,True,True,True,True,True,True,True
QFT,SR2,ibm_fez,IBM_QPU,1024,2,3.0,25.0,SR2_IBM-QPU_003,SR2_IBM_ibm_fez_20260331_142816.json,357,primary,2,1,singleton,False,1.0,01,0.968254,992,16,0.9682539682539683,0.984375,0.96875,0.953125,3.5696185802631975e-269,True,0.96875,16,0.9682539682539683,0.9682539682539683,0.9682539682539683,0.9682539682539683,1.0,992,992,True,True,True,True,True,True,True,True,True
QFT,SR2,ibm_fez,IBM_QPU,1024,2,3.0,25.0,SR2_IBM-QPU_003,SR2_IBM_ibm_fez_20260331_142858.json,358,primary,2,1,singleton,False,1.0,01,0.956392,987,22,0.956392467789891,0.9853515625,0.9638671875,0.9423828125,3.20798121703148e-259,True,0.9638671875,22,0.956392467789891,0.956392467789891,0.956392467789891,0.956392467789891,1.0,987,987,True,True,True,True,True,True,True,True,True
QFT,SR2,ibm_fez,IBM_QPU,1024,2,3.0,25.0,SR2_IBM-QPU_003,SR2_IBM_ibm_fez_20260331_144103.json,359,primary,2,1,singleton,False,1.0,01,0.940711,982,30,0.9407114624505929,0.98828125,0.958984375,0.9296875,1.6419381786958922e-247,True,0.958984375,30,0.9407114624505929,0.9407114624505929,0.9407114624505929,0.9407114624505929,1.0,982,982,True,True,True,True,True,True,True,True,True
QFT,SR2,ibm_fez,IBM_QPU,1024,2,3.0,25.0,SR2_IBM-QPU_003,SR2_IBM_ibm_fez_20260331_144200.json,360,primary,2,1,singleton,False,1.0,01,0.964072,984,18,0.9640718562874252,0.978515625,0.9609375,0.943359375,6.600087381438787e-264,True,0.9609375,18,0.9640718562874252,0.9640718562874252,0.9640718562874252,0.9640718562874252,1.0,984,984,True,True,True,True,True,True,True,True,True
QFT,SR2,ibm_fez,IBM_QPU,1024,2,3.0,25.0,SR2_IBM-QPU_003,SR2_IBM_ibm_fez_20260331_144228.json,361,primary,2,1,singleton,False,1.0,01,0.958416,989,21,0.9584158415841584,0.986328125,0.9658203125,0.9453125,3.643550428805767e-261,True,0.9658203125,21,0.9584158415841584,0.9584158415841584,0.9584158415841584,0.9584158415841584,1.0,989,989,True,True,True,True,True,True,True,True,True
QFT,SR2,ibm_fez,IBM_QPU,1024,2,3.0,25.0,SR2_IBM-QPU_003,SR2_IBM_ibm_fez_20260331_144255.json,362,primary,2,1,singleton,False,1.0,01,0.964462,995,18,0.9644619940769991,0.9892578125,0.9716796875,0.9541015625,3.928350470556582e-267,True,0.9716796875,18,0.9644619940769991,0.9644619940769991,0.9644619940769991,0.9644619940769991,1.0,995,995,True,True,True,True,True,True,True,True,True
QFT,SR2,ibm_fez,IBM_QPU,1024,2,3.0,25.0,SR2_IBM-QPU_003,SR2_IBM_ibm_fez_20260331_144331.json,363,primary,2,1,singleton,False,1.0,01,0.960317,988,20,0.9603174603174603,0.984375,0.96484375,0.9453125,2.967217620367408e-262,True,0.96484375,20,0.9603174603174603,0.9603174603174603,0.9603174603174603,0.9603174603174603,1.0,988,988,True,True,True,True,True,True,True,True,True
QFT,SR2,ibm_fez,IBM_QPU,1024,2,3.0,25.0,SR2_IBM-QPU_003,SR2_IBM_ibm_fez_20260331_144359.json,364,primary,2,1,singleton,False,1.0,01,0.954138,980,23,0.9541375872382851,0.9794921875,0.95703125,0.9345703125,7.678695584195295e-256,True,0.95703125,23,0.9541375872382851,0.9541375872382851,0.9541375872382851,0.9541375872382851,1.0,980,980,True,True,True,True,True,True,True,True,True
QFT,SR2,ibm_fez,IBM_QPU,1024,2,3.0,25.0,SR2_IBM-QPU_003,SR2_IBM_ibm_fez_20260331_144424.json,365,primary,2,1,singleton,False,1.0,01,0.960357,989,20,0.9603567888999008,0.9853515625,0.9658203125,0.9462890625,1.5135795231150882e-262,True,0.9658203125,20,0.9603567888999008,0.9603567888999008,0.9603567888999008,0.9603567888999008,1.0,989,989,True,True,True,True,True,True,True,True,True
QFT,SR2,ibm_fez,IBM_QPU,1024,2,3.0,25.0,SR2_IBM-QPU_003,SR2_IBM_ibm_fez_20260331_144450.json,366,primary,2,1,singleton,False,1.0,01,0.960239,986,20,0.9602385685884692,0.982421875,0.962890625,0.943359375,1.1402802703149543e-261,True,0.962890625,20,0.9602385685884692,0.9602385685884692,0.9602385685884692,0.9602385685884692,1.0,986,986,True,True,True,True,True,True,True,True,True
QFT,SR2,ibm_kingston,IBM_QPU,1024,2,3.0,24.0,SR2_IBM-QPU_003,SR2_IBM_ibm_kingston_20260331_143926.json,367,primary,2,1,singleton,False,1.0,01,0.974308,999,13,0.974308300395257,0.98828125,0.9755859375,0.962890625,8.013195898594476e-276,True,0.9755859375,13,0.974308300395257,0.974308300395257,0.974308300395257,0.974308300395257,1.0,999,999,True,True,True,True,True,True,True,True,True
QFT,SR2,ibm_kingston,IBM_QPU,1024,2,3.0,24.0,SR2_IBM-QPU_003,SR2_IBM_ibm_kingston_20260331_143956.json,368,primary,2,1,singleton,False,1.0,01,0.958661,995,21,0.9586614173228346,0.9921875,0.9716796875,0.951171875,6.454280297570234e-263,True,0.9716796875,21,0.9586614173228346,0.9586614173228346,0.9586614173228346,0.9586614173228346,1.0,995,995,True,True,True,True,True,True,True,True,True
QFT,SR2,ibm_kingston,IBM_QPU,1024,2,3.0,24.0,SR2_IBM-QPU_003,SR2_IBM_ibm_kingston_20260331_145518.json,369,primary,2,1,singleton,False,1.0,01,0.960513,993,20,0.9605133267522211,0.9892578125,0.9697265625,0.9501953125,1.024570915096902e-263,True,0.9697265625,20,0.9605133267522211,0.9605133267522211,0.9605133267522211,0.9605133267522211,1.0,993,993,True,True,True,True,True,True,True,True,True
QFT,SR2,ibm_kingston,IBM_QPU,1024,2,3.0,24.0,SR2_IBM-QPU_003,SR2_IBM_ibm_kingston_20260331_145544.json,370,primary,2,1,singleton,False,1.0,01,0.966236,990,17,0.9662363455809335,0.9833984375,0.966796875,0.9501953125,4.100031354904832e-267,True,0.966796875,17,0.9662363455809335,0.9662363455809335,0.9662363455809335,0.9662363455809335,1.0,990,990,True,True,True,True,True,True,True,True,True
QFT,SR2,ibm_kingston,IBM_QPU,1024,2,3.0,24.0,SR2_IBM-QPU_003,SR2_IBM_ibm_kingston_20260331_145609.json,371,primary,2,1,singleton,False,1.0,01,0.968473,999,16,0.9684729064039409,0.9912109375,0.9755859375,0.9599609375,3.117529535306371e-271,True,0.9755859375,16,0.9684729064039409,0.9684729064039409,0.9684729064039409,0.9684729064039409,1.0,999,999,True,True,True,True,True,True,True,True,True
QFT,SR3,ibm_fez,IBM_QPU,1024,3,0.0,134.0,SR3_IBM-QPU_000,SR3_IBM_ibm_fez_20260127_134408.json,372,primary,3,1,singleton,False,1.0,101,0.083019,287,243,0.0830188679245283,0.517578125,0.2802734375,0.04296875,0.0616878572547004,True,0.2802734375,243,0.0830188679245283,0.0830188679245283,0.0830188679245283,0.0830188679245283,1.0,287,287,True,True,False,False,False,False,False,False,False
QFT,SR3,ibm_fez,IBM_QPU,1024,3,1.0,94.0,SR3_IBM-QPU_001,SR3_IBM_ibm_fez_20260127_134408.json,373,primary,3,1,singleton,False,1.0,101,0.882863,868,54,0.8828633405639913,0.900390625,0.84765625,0.794921875,6.666067140638162e-190,True,0.84765625,54,0.8828633405639913,0.8828633405639913,0.8828633405639913,0.8828633405639913,1.0,868,868,True,True,True,True,True,True,True,True,True
QFT,SR3,ibm_fez,IBM_QPU,1024,3,2.0,60.0,SR3_IBM-QPU_002,SR3_IBM_ibm_fez_20260127_134408.json,374,primary,3,1,singleton,False,1.0,101,0.921941,911,37,0.9219409282700421,0.92578125,0.8896484375,0.853515625,4.3314392979542146e-219,True,0.8896484375,37,0.9219409282700421,0.9219409282700421,0.9219409282700421,0.9219409282700421,1.0,911,911,True,True,True,True,True,True,True,True,True
QFT,SR3,ibm_fez,IBM_QPU,1024,3,3.0,65.0,SR3_IBM-QPU_003,SR3_IBM_ibm_fez_20260127_134408.json,375,primary,3,1,singleton,False,1.0,101,0.946002,937,26,0.9460020768431984,0.9404296875,0.9150390625,0.8896484375,1.7463160890782174e-239,True,0.9150390625,26,0.9460020768431984,0.9460020768431984,0.9460020768431984,0.9460020768431984,1.0,937,937,True,True,True,True,True,True,True,True,True
QFT,SR3,ibm_fez,IBM_QPU,1024,3,0.0,134.0,SR3_IBM-QPU_000,SR3_IBM_ibm_fez_20260205_201209.json,376,primary,3,1,singleton,False,1.0,101,0.307432,387,205,0.30743243243243246,0.578125,0.3779296875,0.177734375,6.481368974421354e-14,True,0.3779296875,205,0.30743243243243246,0.30743243243243246,0.30743243243243246,0.30743243243243246,1.0,387,387,True,True,True,False,False,True,True,True,True
QFT,SR3,ibm_fez,IBM_QPU,1024,3,1.0,94.0,SR3_IBM-QPU_001,SR3_IBM_ibm_fez_20260205_201209.json,377,primary,3,1,singleton,False,1.0,101,0.897492,870,47,0.8974918211559433,0.8955078125,0.849609375,0.8037109375,3.7881668322458574e-197,True,0.849609375,47,0.8974918211559433,0.8974918211559433,0.8974918211559433,0.8974918211559433,1.0,870,870,True,True,True,True,True,True,True,True,True
QFT,SR3,ibm_fez,IBM_QPU,1024,3,2.0,73.0,SR3_IBM-QPU_002,SR3_IBM_ibm_fez_20260205_201209.json,378,primary,3,1,singleton,False,1.0,101,0.94617,940,26,0.9461697722567288,0.943359375,0.91796875,0.892578125,2.3690742866338046e-240,True,0.91796875,26,0.9461697722567288,0.9461697722567288,0.9461697722567288,0.9461697722567288,1.0,940,940,True,True,True,True,True,True,True,True,True
QFT,SR3,ibm_fez,IBM_QPU,1024,3,3.0,65.0,SR3_IBM-QPU_003,SR3_IBM_ibm_fez_20260205_201209.json,379,primary,3,1,singleton,False,1.0,101,0.936017,938,31,0.936016511867905,0.9462890625,0.916015625,0.8857421875,1.1692657299550308e-233,True,0.916015625,31,0.936016511867905,0.936016511867905,0.936016511867905,0.936016511867905,1.0,938,938,True,True,True,True,True,True,True,True,True
QFT,SR3,ibm_fez,IBM_QPU,1024,3,3.0,65.0,SR3_IBM-QPU_003,SR3_IBM_ibm_fez_20260331_134410.json,380,primary,3,1,singleton,False,1.0,101,0.903509,868,44,0.9035087719298246,0.890625,0.84765625,0.8046875,1.3853531421644793e-199,True,0.84765625,44,0.9035087719298246,0.9035087719298246,0.9035087719298246,0.9035087719298246,1.0,868,868,True,True,True,True,True,True,True,True,True
QFT,SR3,ibm_kingston,IBM_QPU,1024,3,3.0,73.0,SR3_IBM-QPU_003,SR3_IBM_ibm_kingston_20260331_145636.json,381,primary,3,1,singleton,False,1.0,101,0.946058,938,26,0.946058091286307,0.94140625,0.916015625,0.890625,8.97333539411722e-240,True,0.916015625,26,0.946058091286307,0.946058091286307,0.946058091286307,0.946058091286307,1.0,938,938,True,True,True,True,True,True,True,True,True
QFT,SR3,ibm_kingston,IBM_QPU,1024,3,3.0,73.0,SR3_IBM-QPU_003,SR3_IBM_ibm_kingston_20260331_145702.json,382,primary,3,1,singleton,False,1.0,101,0.952183,939,23,0.9521829521829522,0.939453125,0.9169921875,0.89453125,6.40228533102492e-244,True,0.9169921875,23,0.9521829521829522,0.9521829521829522,0.9521829521829522,0.9521829521829522,1.0,939,939,True,True,True,True,True,True,True,True,True
QFT,SR3,ibm_kingston,IBM_QPU,1024,3,3.0,65.0,SR3_IBM-QPU_003,SR3_IBM_ibm_kingston_20260331_145728.json,383,primary,3,1,singleton,False,1.0,101,0.884817,900,55,0.8848167539267016,0.9326171875,0.87890625,0.8251953125,8.967379705882263e-198,True,0.87890625,55,0.8848167539267016,0.8848167539267016,0.8848167539267016,0.8848167539267016,1.0,900,900,True,True,True,True,True,True,True,True,True
QFT,SR3,ibm_kingston,IBM_QPU,1024,3,3.0,73.0,SR3_IBM-QPU_003,SR3_IBM_ibm_kingston_20260331_145753.json,384,primary,3,1,singleton,False,1.0,101,0.949948,935,24,0.9499478623566214,0.9365234375,0.9130859375,0.8896484375,1.8597294137284903e-241,True,0.9130859375,24,0.9499478623566214,0.9499478623566214,0.9499478623566214,0.9499478623566214,1.0,935,935,True,True,True,True,True,True,True,True,True
QFT,SR3,ibm_kingston,IBM_QPU,1024,3,3.0,65.0,SR3_IBM-QPU_003,SR3_IBM_ibm_kingston_20260331_145820.json,385,primary,3,1,singleton,False,1.0,101,0.942797,917,27,0.9427966101694916,0.921875,0.8955078125,0.869140625,1.8446421203647802e-232,True,0.8955078125,27,0.9427966101694916,0.9427966101694916,0.9427966101694916,0.9427966101694916,1.0,917,917,True,True,True,True,True,True,True,True,True
QFT,SR3,ibm_kingston,IBM_QPU,1024,3,3.0,73.0,SR3_IBM-QPU_003,SR3_IBM_ibm_kingston_20260331_145847.json,386,primary,3,1,singleton,False,1.0,101,0.932722,948,33,0.9327217125382263,0.9580078125,0.92578125,0.8935546875,3.597288580093637e-234,True,0.92578125,33,0.9327217125382263,0.9327217125382263,0.9327217125382263,0.9327217125382263,1.0,948,948,True,True,True,True,True,True,True,True,True
QFT,SR3,ibm_kingston,IBM_QPU,1024,3,3.0,60.0,SR3_IBM-QPU_003,SR3_IBM_ibm_kingston_20260331_145914.json,387,primary,3,1,singleton,False,1.0,101,0.95102,956,24,0.9510204081632653,0.95703125,0.93359375,0.91015625,1.4999314020983295e-247,True,0.93359375,24,0.9510204081632653,0.9510204081632653,0.9510204081632653,0.9510204081632653,1.0,956,956,True,True,True,True,True,True,True,True,True
QFT,SR3,ibm_kingston,IBM_QPU,1024,3,3.0,73.0,SR3_IBM-QPU_003,SR3_IBM_ibm_kingston_20260331_145940.json,388,primary,3,1,singleton,False,1.0,101,0.936909,921,30,0.9369085173501577,0.9287109375,0.8994140625,0.8701171875,5.713078694458765e-230,True,0.8994140625,30,0.9369085173501577,0.9369085173501577,0.9369085173501577,0.9369085173501577,1.0,921,921,True,True,True,True,True,True,True,True,True
QFT,SR3,ibm_kingston,IBM_QPU,1024,3,3.0,73.0,SR3_IBM-QPU_003,SR3_IBM_ibm_kingston_20260331_150005.json,389,primary,3,1,singleton,False,1.0,101,0.945435,927,26,0.9454354669464848,0.9306640625,0.9052734375,0.8798828125,1.3586952811250211e-236,True,0.9052734375,26,0.9454354669464848,0.9454354669464848,0.9454354669464848,0.9454354669464848,1.0,927,927,True,True,True,True,True,True,True,True,True
QFT,SR3,ibm_kingston,IBM_QPU,1024,3,3.0,65.0,SR3_IBM-QPU_003,SR3_IBM_ibm_kingston_20260331_150031.json,390,primary,3,1,singleton,False,1.0,101,0.943158,923,27,0.9431578947368421,0.927734375,0.9013671875,0.875,3.4275177240656926e-234,True,0.9013671875,27,0.9431578947368421,0.9431578947368421,0.9431578947368421,0.9431578947368421,1.0,923,923,True,True,True,True,True,True,True,True,True
QFT,SR3,ibm_kingston,IBM_QPU,1024,3,3.0,60.0,SR3_IBM-QPU_003,SR3_IBM_ibm_kingston_20260331_150057.json,391,primary,3,1,singleton,False,1.0,101,0.963115,958,18,0.9631147540983607,0.953125,0.935546875,0.91796875,2.749402703530607e-256,True,0.935546875,18,0.9631147540983607,0.9631147540983607,0.9631147540983607,0.9631147540983607,1.0,958,958,True,True,True,True,True,True,True,True,True
QFT,SR3,ibm_kingston,IBM_QPU,1024,3,3.0,60.0,SR3_IBM-QPU_003,SR3_IBM_ibm_kingston_20260331_150121.json,392,primary,3,1,singleton,False,1.0,101,0.944729,950,27,0.9447287615148413,0.9541015625,0.927734375,0.9013671875,5.494561698866852e-242,True,0.927734375,27,0.9447287615148413,0.9447287615148413,0.9447287615148413,0.9447287615148413,1.0,950,950,True,True,True,True,True,True,True,True,True
QFT,SR3,ibm_kingston,IBM_QPU,1024,3,3.0,73.0,SR3_IBM-QPU_003,SR3_IBM_ibm_kingston_20260331_150147.json,393,primary,3,1,singleton,False,1.0,101,0.938689,917,29,0.9386892177589852,0.923828125,0.8955078125,0.8671875,5.0885466299316065e-230,True,0.8955078125,29,0.9386892177589852,0.9386892177589852,0.9386892177589852,0.9386892177589852,1.0,917,917,True,True,True,True,True,True,True,True,True
QFT,SR3,ibm_kingston,IBM_QPU,1024,3,3.0,65.0,SR3_IBM-QPU_003,SR3_IBM_ibm_kingston_20260331_150212.json,394,primary,3,1,singleton,False,1.0,101,0.940741,917,28,0.9407407407407408,0.9228515625,0.8955078125,0.8681640625,3.116326745498309e-231,True,0.8955078125,28,0.9407407407407408,0.9407407407407408,0.9407407407407408,0.9407407407407408,1.0,917,917,True,True,True,True,True,True,True,True,True
QFT,SR3,ibm_kingston,IBM_QPU,1024,3,3.0,73.0,SR3_IBM-QPU_003,SR3_IBM_ibm_kingston_20260331_150240.json,395,primary,3,1,singleton,False,1.0,101,0.930745,920,33,0.9307450157397692,0.9306640625,0.8984375,0.8662109375,3.6580763768005205e-226,True,0.8984375,33,0.9307450157397692,0.9307450157397692,0.9307450157397692,0.9307450157397692,1.0,920,920,True,True,True,True,True,True,True,True,True
QFT,SR3,ibm_kingston,IBM_QPU,1024,3,3.0,73.0,SR3_IBM-QPU_003,SR3_IBM_ibm_kingston_20260331_150306.json,396,primary,3,1,singleton,False,1.0,101,0.94958,928,24,0.9495798319327731,0.9296875,0.90625,0.8828125,1.99274370787741e-239,True,0.90625,24,0.9495798319327731,0.9495798319327731,0.9495798319327731,0.9495798319327731,1.0,928,928,True,True,True,True,True,True,True,True,True
QFT,SR3,ibm_kingston,IBM_QPU,1024,3,3.0,65.0,SR3_IBM-QPU_003,SR3_IBM_ibm_kingston_20260331_150330.json,397,primary,3,1,singleton,False,1.0,101,0.943158,923,27,0.9431578947368421,0.927734375,0.9013671875,0.875,3.4275177240656926e-234,True,0.9013671875,27,0.9431578947368421,0.9431578947368421,0.9431578947368421,0.9431578947368421,1.0,923,923,True,True,True,True,True,True,True,True,True
QFT,SR3,ibm_kingston,IBM_QPU,1024,3,3.0,73.0,SR3_IBM-QPU_003,SR3_IBM_ibm_kingston_20260331_150357.json,398,primary,3,1,singleton,False,1.0,101,0.94375,933,27,0.94375,0.9375,0.9111328125,0.884765625,4.4568614782399317e-237,True,0.9111328125,27,0.94375,0.94375,0.94375,0.94375,1.0,933,933,True,True,True,True,True,True,True,True,True
QFT,SR3,ibm_kingston,IBM_QPU,1024,3,3.0,73.0,SR3_IBM-QPU_003,SR3_IBM_ibm_kingston_20260331_150424.json,399,primary,3,1,singleton,False,1.0,101,0.926778,921,35,0.9267782426778243,0.93359375,0.8994140625,0.865234375,3.6418767424117867e-224,True,0.8994140625,35,0.9267782426778243,0.9267782426778243,0.9267782426778243,0.9267782426778243,1.0,921,921,True,True,True,True,True,True,True,True,True
QFT,SR4,ibm_fez,IBM_QPU,1024,4,0.0,218.0,SR4_IBM-QPU_000,SR4_IBM_ibm_fez_20260127_134435.json,400,primary,4,1,singleton,False,1.0,0110,0.477848,467,165,0.4778481012658228,0.6171875,0.4560546875,0.294921875,2.470746782983803e-34,True,0.4560546875,165,0.4778481012658228,0.4778481012658228,0.4778481012658228,0.4778481012658228,1.0,467,467,True,True,True,False,False,True,True,True,True
QFT,SR4,ibm_fez,IBM_QPU,1024,4,1.0,153.0,SR4_IBM-QPU_001,SR4_IBM_ibm_fez_20260127_134435.json,401,primary,4,1,singleton,False,1.0,0110,0.888631,814,48,0.888631090487239,0.841796875,0.794921875,0.748046875,1.1773110349694177e-180,True,0.794921875,48,0.888631090487239,0.888631090487239,0.888631090487239,0.888631090487239,1.0,814,814,True,True,True,True,True,True,True,True,True
QFT,SR4,ibm_fez,IBM_QPU,1024,4,2.0,121.0,SR4_IBM-QPU_002,SR4_IBM_ibm_fez_20260127_134435.json,402,primary,4,1,singleton,False,1.0,0110,0.767157,721,95,0.7671568627450981,0.796875,0.7041015625,0.611328125,6.987876759616639e-120,True,0.7041015625,95,0.7671568627450981,0.7671568627450981,0.7671568627450981,0.7671568627450981,1.0,721,721,True,True,True,True,False,True,True,True,True
QFT,SR4,ibm_fez,IBM_QPU,1024,4,3.0,123.0,SR4_IBM-QPU_003,SR4_IBM_ibm_fez_20260127_134435.json,403,primary,4,1,singleton,False,1.0,0110,0.902494,839,43,0.9024943310657596,0.861328125,0.8193359375,0.77734375,1.7274789933437383e-192,True,0.8193359375,43,0.9024943310657596,0.9024943310657596,0.9024943310657596,0.9024943310657596,1.0,839,839,True,True,True,True,True,True,True,True,True
QFT,SR4,ibm_fez,IBM_QPU,1024,4,0.0,238.0,SR4_IBM-QPU_000,SR4_IBM_ibm_fez_20260205_201240.json,404,primary,4,1,singleton,False,1.0,0110,0.021538,166,159,0.021538461538461538,0.3173828125,0.162109375,0.0068359375,0.7393276442374008,True,0.162109375,159,0.021538461538461538,0.021538461538461538,0.021538461538461538,0.021538461538461538,1.0,166,166,True,True,False,False,False,False,False,False,False
QFT,SR4,ibm_fez,IBM_QPU,1024,4,1.0,153.0,SR4_IBM-QPU_001,SR4_IBM_ibm_fez_20260205_201240.json,405,primary,4,1,singleton,False,1.0,0110,0.743855,674,99,0.7438551099611902,0.7548828125,0.658203125,0.5615234375,6.083466707910628e-106,True,0.658203125,99,0.7438551099611902,0.7438551099611902,0.7438551099611902,0.7438551099611902,1.0,674,674,True,True,True,True,False,True,True,True,True
QFT,SR4,ibm_fez,IBM_QPU,1024,4,2.0,118.0,SR4_IBM-QPU_002,SR4_IBM_ibm_fez_20260205_201240.json,406,primary,4,1,singleton,False,1.0,0110,0.925602,880,34,0.925601750547046,0.892578125,0.859375,0.826171875,1.2847239273651047e-213,True,0.859375,34,0.925601750547046,0.925601750547046,0.925601750547046,0.925601750547046,1.0,880,880,True,True,True,True,True,True,True,True,True
QFT,SR4,ibm_fez,IBM_QPU,1024,4,3.0,111.0,SR4_IBM-QPU_003,SR4_IBM_ibm_fez_20260205_201240.json,407,primary,4,1,singleton,False,1.0,0110,0.928968,869,32,0.9289678135405105,0.8798828125,0.8486328125,0.8173828125,9.514051435464329e-213,True,0.8486328125,32,0.9289678135405105,0.9289678135405105,0.9289678135405105,0.9289678135405105,1.0,869,869,True,True,True,True,True,True,True,True,True
QFT,SR5,ibm_fez,IBM_QPU,1024,5,0.0,350.0,SR5_IBM-QPU_000,SR5_IBM_ibm_fez_20260127_134509.json,408,primary,5,1,singleton,False,1.0,10101,0.023256,154,147,0.023255813953488372,0.2939453125,0.150390625,0.0068359375,0.7295309831509961,True,0.150390625,147,0.023255813953488372,0.023255813953488372,0.023255813953488372,0.023255813953488372,1.0,154,154,True,True,False,False,False,False,False,False,False
QFT,SR5,ibm_fez,IBM_QPU,1024,5,1.0,252.0,SR5_IBM-QPU_001,SR5_IBM_ibm_fez_20260127_134509.json,409,primary,5,1,singleton,False,1.0,10101,0.816754,694,70,0.8167539267015707,0.74609375,0.677734375,0.609375,4.806509171066057e-130,True,0.677734375,70,0.8167539267015707,0.8167539267015707,0.8167539267015707,0.8167539267015707,1.0,694,694,True,True,True,True,True,True,True,True,True
QFT,SR5,ibm_fez,IBM_QPU,1024,5,2.0,170.0,SR5_IBM-QPU_002,SR5_IBM_ibm_fez_20260127_134509.json,410,primary,5,1,singleton,False,1.0,10101,0.844848,761,64,0.8448484848484848,0.8056640625,0.7431640625,0.6806640625,2.8143140369761116e-152,True,0.7431640625,64,0.8448484848484848,0.8448484848484848,0.8448484848484848,0.8448484848484848,1.0,761,761,True,True,True,True,True,True,True,True,True
QFT,SR5,ibm_fez,IBM_QPU,1024,5,3.0,182.0,SR5_IBM-QPU_003,SR5_IBM_ibm_fez_20260127_134509.json,411,primary,5,1,singleton,False,1.0,10101,0.816032,691,70,0.8160315374507228,0.7431640625,0.6748046875,0.6064453125,2.8824100378801345e-129,True,0.6748046875,70,0.8160315374507228,0.8160315374507228,0.8160315374507228,0.8160315374507228,1.0,691,691,True,True,True,True,True,True,True,True,True
QFT,SR5,ibm_fez,IBM_QPU,1024,5,0.0,352.0,SR5_IBM-QPU_000,SR5_IBM_ibm_fez_20260205_201311.json,412,primary,5,1,singleton,False,0.0,10100,0.0,221,195,0.0625,0.40625,0.2158203125,0.025390625,0.22025564257724922,True,0.1337890625,221,-0.2346368715083799,0.0,-0.2346368715083799,-0.2346368715083799,1.0,137,137,True,True,False,False,False,False,False,False,False
QFT,SR5,ibm_fez,IBM_QPU,1024,5,1.0,227.0,SR5_IBM-QPU_001,SR5_IBM_ibm_fez_20260205_201311.json,413,primary,5,1,singleton,False,1.0,10101,0.848066,669,55,0.8480662983425414,0.70703125,0.6533203125,0.599609375,4.5747662385422243e-135,True,0.6533203125,55,0.8480662983425414,0.8480662983425414,0.8480662983425414,0.8480662983425414,1.0,669,669,True,True,True,True,True,True,True,True,True
QFT,SR5,ibm_fez,IBM_QPU,1024,5,2.0,181.0,SR5_IBM-QPU_002,SR5_IBM_ibm_fez_20260205_201311.json,414,primary,5,1,singleton,False,1.0,10101,0.843829,732,62,0.8438287153652393,0.775390625,0.71484375,0.654296875,3.5513588399059492e-146,True,0.71484375,62,0.8438287153652393,0.8438287153652393,0.8438287153652393,0.8438287153652393,1.0,732,732,True,True,True,True,True,True,True,True,True
QFT,SR5,ibm_fez,IBM_QPU,1024,5,3.0,163.0,SR5_IBM-QPU_003,SR5_IBM_ibm_fez_20260205_201311.json,415,primary,5,1,singleton,False,1.0,10101,0.805714,632,68,0.8057142857142857,0.68359375,0.6171875,0.55078125,1.739495377058134e-115,True,0.6171875,68,0.8057142857142857,0.8057142857142857,0.8057142857142857,0.8057142857142857,1.0,632,632,True,True,True,True,True,True,True,True,True
QFT,SR5,ibm_fez,IBM_QPU,1024,5,3.0,191.0,SR5_IBM-QPU_003,SR5_IBM_ibm_fez_20260331_134444.json,416,primary,5,1,singleton,False,1.0,10101,0.82801,744,70,0.828009828009828,0.794921875,0.7265625,0.658203125,4.404511332343754e-143,True,0.7265625,70,0.828009828009828,0.828009828009828,0.828009828009828,0.828009828009828,1.0,744,744,True,True,True,True,True,True,True,True,True
QFT,SR6,ibm_fez,IBM_QPU,1024,6,0.0,485.0,SR6_IBM-QPU_000,SR6_IBM_ibm_fez_20260127_134540.json,417,primary,6,1,singleton,False,0.0,101001,0.0,77,73,0.02666666666666667,0.146484375,0.0751953125,0.00390625,0.8065959963978485,True,0.0712890625,77,-0.02666666666666667,0.0,-0.02666666666666667,-0.02666666666666667,1.0,73,73,True,True,False,False,False,False,False,False,False
QFT,SR6,ibm_fez,IBM_QPU,1024,6,1.0,374.0,SR6_IBM-QPU_001,SR6_IBM_ibm_fez_20260127_134540.json,418,primary,6,1,singleton,False,1.0,011001,0.601411,454,113,0.6014109347442681,0.5537109375,0.443359375,0.3330078125,2.2037508125335038e-49,True,0.443359375,113,0.6014109347442681,0.6014109347442681,0.6014109347442681,0.6014109347442681,1.0,454,454,True,True,True,True,False,True,True,True,True
QFT,SR6,ibm_fez,IBM_QPU,1024,6,2.0,236.0,SR6_IBM-QPU_002,SR6_IBM_ibm_fez_20260127_134540.json,419,primary,6,1,singleton,False,1.0,011001,0.762987,543,73,0.762987012987013,0.6015625,0.5302734375,0.458984375,9.726301457721744e-90,True,0.5302734375,73,0.762987012987013,0.762987012987013,0.762987012987013,0.762987012987013,1.0,543,543,True,True,True,True,False,True,True,True,True
QFT,SR6,ibm_fez,IBM_QPU,1024,6,3.0,277.0,SR6_IBM-QPU_003,SR6_IBM_ibm_fez_20260127_134540.json,420,primary,6,1,singleton,False,1.0,011001,0.375839,410,186,0.37583892617449666,0.58203125,0.400390625,0.21875,2.3426669142158803e-20,True,0.400390625,186,0.37583892617449666,0.37583892617449666,0.37583892617449666,0.37583892617449666,1.0,410,410,True,True,True,False,False,True,True,True,True
QFT,SR6,ibm_fez,IBM_QPU,1024,6,0.0,471.0,SR6_IBM-QPU_000,SR6_IBM_ibm_fez_20260205_201425.json,421,primary,6,1,singleton,False,0.0,010100,0.0,60,56,0.034482758620689655,0.11328125,0.05859375,0.00390625,0.780739128476268,True,0.02734375,60,-0.36363636363636365,0.0,-0.36363636363636365,-0.36363636363636365,1.0,28,28,True,True,False,False,False,False,False,False,False
QFT,SR6,ibm_fez,IBM_QPU,1024,6,1.0,323.0,SR6_IBM-QPU_001,SR6_IBM_ibm_fez_20260205_201425.json,422,primary,6,1,singleton,False,1.0,011001,0.764103,516,69,0.764102564102564,0.5712890625,0.50390625,0.4365234375,1.403076788034049e-85,True,0.50390625,69,0.764102564102564,0.764102564102564,0.764102564102564,0.764102564102564,1.0,516,516,True,True,True,True,False,True,True,True,True
QFT,SR6,ibm_fez,IBM_QPU,1024,6,2.0,252.0,SR6_IBM-QPU_002,SR6_IBM_ibm_fez_20260205_201425.json,423,primary,6,1,singleton,False,1.0,011001,0.635277,547,122,0.6352765321375187,0.6533203125,0.5341796875,0.4150390625,4.142165152936836e-65,True,0.5341796875,122,0.6352765321375187,0.6352765321375187,0.6352765321375187,0.6352765321375187,1.0,547,547,True,True,True,True,False,True,True,True,True
QFT,SR6,ibm_fez,IBM_QPU,1024,6,3.0,294.0,SR6_IBM-QPU_003,SR6_IBM_ibm_fez_20260205_201425.json,424,primary,6,1,singleton,False,1.0,011001,0.552716,486,140,0.5527156549520766,0.611328125,0.474609375,0.337890625,1.1960027223639035e-45,True,0.474609375,140,0.5527156549520766,0.5527156549520766,0.5527156549520766,0.5527156549520766,1.0,486,486,True,True,True,True,False,True,True,True,True
QFT,SR7,ibm_fez,IBM_QPU,1024,7,0.0,630.0,SR7_IBM-QPU_000,SR7_IBM_ibm_fez_20260127_112204.json,425,primary,7,1,singleton,False,1.0,1010101,0.190476,50,34,0.19047619047619047,0.08203125,0.048828125,0.015625,0.10113634213880449,True,0.048828125,34,0.19047619047619047,0.19047619047619047,0.19047619047619047,0.19047619047619047,1.0,50,50,True,True,False,False,False,False,False,False,False
QFT,SR7,ibm_fez,IBM_QPU,1024,7,2.0,367.0,SR7_IBM-QPU_002,SR7_IBM_ibm_fez_20260127_112204.json,426,primary,7,1,singleton,False,1.0,1010101,0.460674,130,48,0.4606741573033708,0.173828125,0.126953125,0.080078125,6.342544360226218e-10,True,0.126953125,48,0.4606741573033708,0.4606741573033708,0.4606741573033708,0.4606741573033708,1.0,130,130,True,True,True,False,False,True,True,True,True
QFT,SR8,ibm_torino,IBM_QPU,1024,8,0.0,777.0,SR8_IBM-QPU_000,SR8_IBM_ibm_torino_20260127_135114.json,427,primary,8,1,singleton,False,1.0,01100110,0.358491,72,34,0.3584905660377358,0.103515625,0.0703125,0.037109375,0.00028452861891625184,True,0.0703125,34,0.3584905660377358,0.3584905660377358,0.3584905660377358,0.3584905660377358,1.0,72,72,True,True,True,False,False,True,True,True,False
QFT,SR8,ibm_torino,IBM_QPU,1024,8,1.0,641.0,SR8_IBM-QPU_001,SR8_IBM_ibm_torino_20260127_135114.json,428,primary,8,1,singleton,False,1.0,01100110,0.032727,142,133,0.03272727272727273,0.2685546875,0.138671875,0.0087890625,0.6295891464972687,True,0.138671875,133,0.03272727272727273,0.03272727272727273,0.03272727272727273,0.03272727272727273,1.0,142,142,True,True,False,False,False,False,False,False,False
QFT,SR8,ibm_torino,IBM_QPU,1024,8,2.0,464.0,SR8_IBM-QPU_002,SR8_IBM_ibm_torino_20260127_135114.json,429,primary,8,1,singleton,False,1.0,01100110,0.676923,218,42,0.676923076923077,0.25390625,0.212890625,0.171875,7.669451112967105e-30,True,0.212890625,42,0.676923076923077,0.676923076923077,0.676923076923077,0.676923076923077,1.0,218,218,True,True,True,True,False,True,True,True,True
QFT,SR8,ibm_torino,IBM_QPU,1024,8,3.0,464.0,SR8_IBM-QPU_003,SR8_IBM_ibm_torino_20260127_135114.json,430,primary,8,1,singleton,False,1.0,01100110,0.663004,227,46,0.663003663003663,0.2666015625,0.2216796875,0.1767578125,6.215202999332563e-30,True,0.2216796875,46,0.663003663003663,0.663003663003663,0.663003663003663,0.663003663003663,1.0,227,227,True,True,True,True,False,True,True,True,True
QFT,SP4-P2,Ankaa-3,AWS_BRAKET,1024,4,,100.0,SP4-P2_AWS-QPU_000,SP4-P2_AWS_Ankaa-3_20260220_122240.json,431,primary,4,2,multiple,True,1.0,1000,0.326134,236,78,0.5031847133757962,0.306640625,0.23046875,0.154296875,1.2909469607627952e-19,True,0.2998046875,78,0.326133909287257,0.326133909287257,0.5948051948051948,-0.04697986577181208,1.0,71,236,True,True,True,True,False,True,True,True,True
QFT,SP4-P2,Ankaa-3,AWS_BRAKET,1024,4,,100.0,SP4-P2_AWS-QPU_000,SP4-P2_AWS_Ankaa-3_20260220_123630.json,432,primary,4,2,multiple,True,1.0,1000,0.389474,318,87,0.5703703703703704,0.3955078125,0.310546875,0.2255859375,5.173910128229539e-32,True,0.38671875,87,0.3894736842105263,0.3894736842105263,0.639751552795031,-0.05454545454545454,1.0,78,318,True,True,True,True,False,True,True,True,True
QFT,SP4-P2,Ankaa-3,AWS_BRAKET,1024,4,,100.0,SP4-P2_AWS-QPU_000,SP4-P2_AWS_Ankaa-3_20260220_123656.json,433,primary,4,2,multiple,True,1.0,1000,0.470383,347,76,0.640661938534279,0.4130859375,0.3388671875,0.2646484375,1.9082962478301567e-42,True,0.412109375,76,0.47038327526132406,0.47038327526132406,0.6947791164658634,-0.006622516556291391,1.0,75,347,True,True,True,True,False,True,True,True,True
QFT,SP4-P2,Ankaa-3,AWS_BRAKET,1024,4,,89.0,SP4-P2_AWS-QPU_000,SP4-P2_AWS_Ankaa-3_20260220_123659.json,434,primary,4,2,multiple,True,1.0,1000,0.216438,286,158,0.2882882882882883,0.43359375,0.279296875,0.125,1.2923327121793489e-09,True,0.43359375,143,0.21643835616438356,0.21643835616438356,0.5127768313458262,0.04983388704318937,1.0,158,286,True,True,True,False,False,True,True,True,True
QFT,SP4-P2,Ankaa-3,AWS_BRAKET,1024,4,,102.0,SP4-P2_AWS-QPU_000,SP4-P2_AWS_Ankaa-3_20260220_123723.json,435,primary,4,2,multiple,True,1.0,0000,0.208524,330,130,0.43478260869565216,0.44921875,0.322265625,0.1953125,4.0187804633652156e-21,True,0.3876953125,130,0.2085235920852359,0.2085235920852359,0.5066413662239089,-0.3197969543147208,1.0,67,330,True,True,True,False,False,True,True,True,True
QFT,SP4-P2,Ankaa-3,AWS_BRAKET,1024,4,,88.0,SP4-P2_AWS-QPU_000,SP4-P2_AWS_Ankaa-3_20260220_123724.json,436,primary,4,2,multiple,True,0.0,1001,0.0,205,169,0.0962566844919786,0.365234375,0.2001953125,0.03515625,0.0701832346535036,True,0.212890625,205,-0.3057324840764331,0.0,0.030732860520094562,-0.6141732283464567,1.0,49,169,True,True,False,False,False,False,False,False,False
QFT,SP4-P2,Ankaa-3,AWS_BRAKET,1024,4,,99.0,SP4-P2_AWS-QPU_000,SP4-P2_AWS_Ankaa-3_20260220_123753.json,437,primary,4,2,multiple,True,0.0,1001,0.0,170,142,0.08974358974358974,0.3046875,0.166015625,0.02734375,0.12623478614397116,True,0.1904296875,170,-0.27102803738317754,0.0,0.0684931506849315,-0.5246636771300448,1.0,53,142,True,True,False,False,False,False,False,False,False
QFT,SP4-P2,Ankaa-3,AWS_BRAKET,1024,4,,89.0,SP4-P2_AWS-QPU_000,SP4-P2_AWS_Ankaa-3_20260220_123755.json,438,primary,4,2,multiple,True,1.0,1000,0.166102,232,123,0.30704225352112674,0.3466796875,0.2265625,0.1064453125,7.630991940976848e-09,True,0.3359375,123,0.16610169491525423,0.16610169491525423,0.4732334047109208,-0.04680851063829787,1.0,112,232,True,True,True,False,False,True,True,True,True
QFT,SP4-P2,Ankaa-3,AWS_BRAKET,1024,4,,102.0,SP4-P2_AWS-QPU_000,SP4-P2_AWS_Ankaa-3_20260220_123821.json,439,primary,4,2,multiple,True,1.0,0000,0.212355,250,102,0.42045454545454547,0.34375,0.244140625,0.14453125,1.7930043997230685e-15,True,0.306640625,102,0.21235521235521235,0.21235521235521235,0.5096153846153846,-0.2289156626506024,1.0,64,250,True,True,True,False,False,True,True,True,True
QFT,SP4-P2,Ankaa-3,AWS_BRAKET,1024,4,,102.0,SP4-P2_AWS-QPU_000,SP4-P2_AWS_Ankaa-3_20260220_123824.json,440,primary,4,2,multiple,True,1.0,0000,0.090253,234,126,0.3,0.3515625,0.228515625,0.10546875,1.3394927756749997e-08,True,0.294921875,126,0.09025270758122744,0.09025270758122744,0.411214953271028,-0.29896907216494845,1.0,68,234,True,True,True,False,False,True,True,True,True
QFT,SP4-P2,Ankaa-3,AWS_BRAKET,1024,4,,99.0,SP4-P2_AWS-QPU_000,SP4-P2_AWS_Ankaa-3_20260220_123847.json,441,primary,4,2,multiple,True,0.0,1001,0.0,207,163,0.11891891891891893,0.361328125,0.2021484375,0.04296875,0.025254670199920753,True,0.205078125,207,-0.3269230769230769,0.0,0.007194244604316547,-0.6299212598425197,1.0,47,163,True,True,False,False,False,True,False,False,False
QFT,SP4-P2,Ankaa-3,AWS_BRAKET,1024,4,,99.0,SP4-P2_AWS-QPU_000,SP4-P2_AWS_Ankaa-3_20260220_123849.json,442,primary,4,2,multiple,True,1.0,1000,0.523664,393,106,0.5751503006012024,0.4873046875,0.3837890625,0.2802734375,8.623861742556585e-40,True,0.4873046875,78,0.5236641221374045,0.5236641221374045,0.729636048526863,0.15217391304347827,1.0,106,393,True,True,True,True,False,True,True,True,True
QFT,SP4-P2,Ankaa-3,AWS_BRAKET,1024,4,,88.0,SP4-P2_AWS-QPU_000,SP4-P2_AWS_Ankaa-3_20260220_123915.json,443,primary,4,2,multiple,True,0.0,1001,0.0,215,158,0.15281501340482573,0.3642578125,0.2099609375,0.0556640625,0.003679492294957927,True,0.2099609375,215,-0.3333333333333333,0.0,0.0,-0.5808823529411765,1.0,57,158,True,True,False,False,False,True,True,False,True
QFT,SP4-P2,Ankaa-3,AWS_BRAKET,1024,4,,99.0,SP4-P2_AWS-QPU_000,SP4-P2_AWS_Ankaa-3_20260220_123916.json,444,primary,4,2,multiple,True,1.0,1000,0.527273,416,88,0.6507936507936508,0.4921875,0.40625,0.3203125,5.2726744352909385e-52,True,0.4921875,78,0.5272727272727272,0.5272727272727272,0.7319587628865979,0.060240963855421686,1.0,88,416,True,True,True,True,False,True,True,True,True
QFT,SP4-P2,Ankaa-3,AWS_BRAKET,1024,4,,100.0,SP4-P2_AWS-QPU_000,SP4-P2_AWS_Ankaa-3_20260220_123942.json,445,primary,4,2,multiple,True,1.0,1000,0.363803,288,87,0.536,0.3662109375,0.28125,0.1962890625,2.990145491116345e-26,True,0.3642578125,87,0.36380255941499084,0.36380255941499084,0.6217391304347826,-0.011627906976744186,1.0,85,288,True,True,True,True,False,True,True,True,True
QFT,SP4-P2,Ankaa-3,AWS_BRAKET,1024,4,,89.0,SP4-P2_AWS-QPU_000,SP4-P2_AWS_Ankaa-3_20260220_123943.json,446,primary,4,2,multiple,True,1.0,1000,0.267267,270,152,0.2796208530805687,0.412109375,0.263671875,0.115234375,9.934043548300089e-09,True,0.412109375,122,0.2672672672672673,0.2672672672672673,0.5514705882352942,0.10948905109489052,1.0,152,270,True,True,True,False,False,True,True,True,True
QFT,SR2,Ankaa-3,AWS_BRAKET,1024,2,,32.0,SR2_AWS-QPU_000,SR2_AWS_Ankaa-3_20260220_121737.json,447,primary,2,1,singleton,False,1.0,01,0.761562,857,116,0.7615621788283659,0.9501953125,0.8369140625,0.7236328125,2.817453479187377e-140,True,0.8369140625,116,0.7615621788283659,0.7615621788283659,0.7615621788283659,0.7615621788283659,1.0,857,857,True,True,True,True,False,True,True,True,True
QFT,SR2,Ankaa-3,AWS_BRAKET,1024,2,,32.0,SR2_AWS-QPU_000,SR2_AWS_Ankaa-3_20260220_122053.json,448,primary,2,1,singleton,False,1.0,01,0.770791,873,113,0.77079107505071,0.962890625,0.8525390625,0.7421875,4.0299739743465395e-146,True,0.8525390625,113,0.77079107505071,0.77079107505071,0.77079107505071,0.77079107505071,1.0,873,873,True,True,True,True,False,True,True,True,True
QFT,SR2,Ankaa-3,AWS_BRAKET,1024,2,,32.0,SR2_AWS-QPU_000,SR2_AWS_Ankaa-3_20260220_122550.json,449,primary,2,1,singleton,False,1.0,01,0.77641,866,109,0.7764102564102564,0.9521484375,0.845703125,0.7392578125,5.917834948604771e-147,True,0.845703125,109,0.7764102564102564,0.7764102564102564,0.7764102564102564,0.7764102564102564,1.0,866,866,True,True,True,True,False,True,True,True,True
QFT,SR2,Ankaa-3,AWS_BRAKET,1024,2,,32.0,SR2_AWS-QPU_000,SR2_AWS_Ankaa-3_20260220_122617.json,450,primary,2,1,singleton,False,1.0,01,0.759919,865,118,0.7599186164801628,0.9599609375,0.8447265625,0.7294921875,5.291529982442255e-141,True,0.8447265625,118,0.7599186164801628,0.7599186164801628,0.7599186164801628,0.7599186164801628,1.0,865,865,True,True,True,True,False,True,True,True,True
QFT,SR2,Ankaa-3,AWS_BRAKET,1024,2,,32.0,SR2_AWS-QPU_000,SR2_AWS_Ankaa-3_20260220_122643.json,451,primary,2,1,singleton,False,1.0,01,0.734021,841,129,0.734020618556701,0.947265625,0.8212890625,0.6953125,1.2572577705808326e-128,True,0.8212890625,129,0.734020618556701,0.734020618556701,0.734020618556701,0.734020618556701,1.0,841,841,True,True,True,True,False,True,True,True,True
QFT,SR2,Ankaa-3,AWS_BRAKET,1024,2,,32.0,SR2_AWS-QPU_000,SR2_AWS_Ankaa-3_20260220_122709.json,452,primary,2,1,singleton,False,1.0,01,0.769784,861,112,0.7697841726618705,0.9501953125,0.8408203125,0.7314453125,8.818253256080261e-144,True,0.8408203125,112,0.7697841726618705,0.7697841726618705,0.7697841726618705,0.7697841726618705,1.0,861,861,True,True,True,True,False,True,True,True,True
QFT,SR2,Ankaa-3,AWS_BRAKET,1024,2,,32.0,SR2_AWS-QPU_000,SR2_AWS_Ankaa-3_20260220_122735.json,453,primary,2,1,singleton,False,1.0,01,0.732235,841,130,0.7322348094747683,0.9482421875,0.8212890625,0.6943359375,4.701952959613606e-128,True,0.8212890625,130,0.7322348094747683,0.7322348094747683,0.7322348094747683,0.7322348094747683,1.0,841,841,True,True,True,True,False,True,True,True,True
QFT,SR2,Ankaa-3,AWS_BRAKET,1024,2,,32.0,SR2_AWS-QPU_000,SR2_AWS_Ankaa-3_20260220_122801.json,454,primary,2,1,singleton,False,1.0,01,0.779367,871,108,0.7793667007150153,0.9560546875,0.8505859375,0.7451171875,7.411650657277678e-149,True,0.8505859375,108,0.7793667007150153,0.7793667007150153,0.7793667007150153,0.7793667007150153,1.0,871,871,True,True,True,True,False,True,True,True,True
QFT,SR2,Ankaa-3,AWS_BRAKET,1024,2,,32.0,SR2_AWS-QPU_000,SR2_AWS_Ankaa-3_20260220_122828.json,455,primary,2,1,singleton,False,1.0,01,0.763507,865,116,0.763506625891947,0.9580078125,0.8447265625,0.7314453125,3.019165705584578e-142,True,0.8447265625,116,0.763506625891947,0.763506625891947,0.763506625891947,0.763506625891947,1.0,865,865,True,True,True,True,False,True,True,True,True
QFT,SR2,Ankaa-3,AWS_BRAKET,1024,2,,32.0,SR2_AWS-QPU_000,SR2_AWS_Ankaa-3_20260220_122854.json,456,primary,2,1,singleton,False,1.0,01,0.814624,881,90,0.8146240988671473,0.9482421875,0.8603515625,0.7724609375,7.522373124716899e-164,True,0.8603515625,90,0.8146240988671473,0.8146240988671473,0.8146240988671473,0.8146240988671473,1.0,881,881,True,True,True,True,True,True,True,True,True
QFT,SR3,Ankaa-3,AWS_BRAKET,1024,3,,113.0,SR3_AWS-QPU_000,SR3_AWS_Ankaa-3_20260220_122128.json,457,primary,3,1,singleton,False,1.0,101,0.801339,807,89,0.8013392857142857,0.875,0.7880859375,0.701171875,1.5944045228506012e-145,True,0.7880859375,89,0.8013392857142857,0.8013392857142857,0.8013392857142857,0.8013392857142857,1.0,807,807,True,True,True,True,True,True,True,True,True
QFT,SR3,Ankaa-3,AWS_BRAKET,1024,3,,113.0,SR3_AWS-QPU_000,SR3_AWS_Ankaa-3_20260220_122919.json,458,primary,3,1,singleton,False,1.0,101,0.851934,838,67,0.8519337016574585,0.8837890625,0.818359375,0.7529296875,2.241157952197538e-170,True,0.818359375,67,0.8519337016574585,0.8519337016574585,0.8519337016574585,0.8519337016574585,1.0,838,838,True,True,True,True,True,True,True,True,True
QFT,SR3,Ankaa-3,AWS_BRAKET,1024,3,,100.0,SR3_AWS-QPU_000,SR3_AWS_Ankaa-3_20260220_122946.json,459,primary,3,1,singleton,False,1.0,101,0.812636,832,86,0.8126361655773421,0.896484375,0.8125,0.728515625,4.339578676952277e-154,True,0.8125,86,0.8126361655773421,0.8126361655773421,0.8126361655773421,0.8126361655773421,1.0,832,832,True,True,True,True,True,True,True,True,True
QFT,SR3,Ankaa-3,AWS_BRAKET,1024,3,,100.0,SR3_AWS-QPU_000,SR3_AWS_Ankaa-3_20260220_123012.json,460,primary,3,1,singleton,False,1.0,101,0.798283,838,94,0.7982832618025751,0.91015625,0.818359375,0.7265625,5.926052778579918e-150,True,0.818359375,94,0.7982832618025751,0.7982832618025751,0.7982832618025751,0.7982832618025751,1.0,838,838,True,True,True,True,False,True,True,True,True
QFT,SR3,Ankaa-3,AWS_BRAKET,1024,3,,113.0,SR3_AWS-QPU_000,SR3_AWS_Ankaa-3_20260220_123039.json,461,primary,3,1,singleton,False,1.0,101,0.830435,842,78,0.8304347826086956,0.8984375,0.822265625,0.74609375,1.142381819838473e-162,True,0.822265625,78,0.8304347826086956,0.8304347826086956,0.8304347826086956,0.8304347826086956,1.0,842,842,True,True,True,True,True,True,True,True,True
QFT,SR3,Ankaa-3,AWS_BRAKET,1024,3,,97.0,SR3_AWS-QPU_000,SR3_AWS_Ankaa-3_20260220_123106.json,462,primary,3,1,singleton,False,1.0,101,0.901709,890,46,0.9017094017094017,0.9140625,0.869140625,0.82421875,1.0229615431956323e-203,True,0.869140625,46,0.9017094017094017,0.9017094017094017,0.9017094017094017,0.9017094017094017,1.0,890,890,True,True,True,True,True,True,True,True,True
QFT,SR3,Ankaa-3,AWS_BRAKET,1024,3,,113.0,SR3_AWS-QPU_000,SR3_AWS_Ankaa-3_20260220_123132.json,463,primary,3,1,singleton,False,1.0,101,0.866523,867,62,0.8665231431646933,0.9072265625,0.8466796875,0.7861328125,1.955179091814787e-182,True,0.8466796875,62,0.8665231431646933,0.8665231431646933,0.8665231431646933,0.8665231431646933,1.0,867,867,True,True,True,True,True,True,True,True,True
QFT,SR3,Ankaa-3,AWS_BRAKET,1024,3,,97.0,SR3_AWS-QPU_000,SR3_AWS_Ankaa-3_20260220_123158.json,464,primary,3,1,singleton,False,1.0,101,0.879874,892,57,0.8798735511064278,0.9267578125,0.87109375,0.8154296875,1.0075727936148349e-193,True,0.87109375,57,0.8798735511064278,0.8798735511064278,0.8798735511064278,0.8798735511064278,1.0,892,892,True,True,True,True,True,True,True,True,True
QFT,SR3,Ankaa-3,AWS_BRAKET,1024,3,,100.0,SR3_AWS-QPU_000,SR3_AWS_Ankaa-3_20260220_123228.json,465,primary,3,1,singleton,False,1.0,101,0.723404,810,130,0.723404255319149,0.91796875,0.791015625,0.6640625,1.0945205375310241e-120,True,0.791015625,130,0.723404255319149,0.723404255319149,0.723404255319149,0.723404255319149,1.0,810,810,True,True,True,True,False,True,True,True,True
QFT,SR4,Ankaa-3,AWS_BRAKET,1024,4,,173.0,SR4_AWS-QPU_000,SR4_AWS_Ankaa-3_20260220_122200.json,466,primary,4,1,singleton,False,1.0,0110,0.209076,373,244,0.20907617504051865,0.6025390625,0.3642578125,0.1259765625,2.3265260497825503e-07,True,0.3642578125,244,0.20907617504051865,0.20907617504051865,0.20907617504051865,0.20907617504051865,1.0,373,373,True,True,True,False,False,True,True,True,True
QFT,SR4,Ankaa-3,AWS_BRAKET,1024,4,,175.0,SR4_AWS-QPU_000,SR4_AWS_Ankaa-3_20260220_123254.json,467,primary,4,1,singleton,False,0.0,0100,0.0,353,319,0.050595238095238096,0.65625,0.3447265625,0.033203125,0.20298241936797892,True,0.3115234375,353,-0.050595238095238096,0.0,-0.050595238095238096,-0.050595238095238096,1.0,319,319,True,True,False,False,False,False,False,False,False
QFT,SR4,Ankaa-3,AWS_BRAKET,1024,4,,174.0,SR4_AWS-QPU_000,SR4_AWS_Ankaa-3_20260220_123321.json,468,primary,4,1,singleton,False,1.0,0110,0.617857,453,107,0.6178571428571429,0.546875,0.4423828125,0.337890625,1.2622435814828138e-51,True,0.4423828125,107,0.6178571428571429,0.6178571428571429,0.6178571428571429,0.6178571428571429,1.0,453,453,True,True,True,True,False,True,True,True,True
QFT,SR4,Ankaa-3,AWS_BRAKET,1024,4,,174.0,SR4_AWS-QPU_000,SR4_AWS_Ankaa-3_20260220_123348.json,469,primary,4,1,singleton,False,1.0,0110,0.546429,433,127,0.5464285714285714,0.546875,0.4228515625,0.298828125,4.801286339769911e-40,True,0.4228515625,127,0.5464285714285714,0.5464285714285714,0.5464285714285714,0.5464285714285714,1.0,433,433,True,True,True,True,False,True,True,True,True
QFT,SR4,Ankaa-3,AWS_BRAKET,1024,4,,181.0,SR4_AWS-QPU_000,SR4_AWS_Ankaa-3_20260220_123415.json,470,primary,4,1,singleton,False,1.0,0110,0.677711,557,107,0.677710843373494,0.6484375,0.5439453125,0.439453125,2.934428264546229e-74,True,0.5439453125,107,0.677710843373494,0.677710843373494,0.677710843373494,0.677710843373494,1.0,557,557,True,True,True,True,False,True,True,True,True
QFT,SR4,Ankaa-3,AWS_BRAKET,1024,4,,169.0,SR4_AWS-QPU_000,SR4_AWS_Ankaa-3_20260220_123441.json,471,primary,4,1,singleton,False,1.0,0110,0.586919,461,120,0.5869191049913941,0.5673828125,0.4501953125,0.3330078125,4.595798155282062e-48,True,0.4501953125,120,0.5869191049913941,0.5869191049913941,0.5869191049913941,0.5869191049913941,1.0,461,461,True,True,True,True,False,True,True,True,True
QFT,SR4,Ankaa-3,AWS_BRAKET,1024,4,,176.0,SR4_AWS-QPU_000,SR4_AWS_Ankaa-3_20260220_123508.json,472,primary,4,1,singleton,False,1.0,0110,0.333333,292,146,0.3333333333333333,0.427734375,0.28515625,0.142578125,2.692222898941404e-12,True,0.28515625,146,0.3333333333333333,0.3333333333333333,0.3333333333333333,0.3333333333333333,1.0,292,292,True,True,True,False,False,True,True,True,True
QFT,SR4,Ankaa-3,AWS_BRAKET,1024,4,,171.0,SR4_AWS-QPU_000,SR4_AWS_Ankaa-3_20260220_123534.json,473,primary,4,1,singleton,False,1.0,0110,0.602585,496,123,0.6025848142164781,0.6044921875,0.484375,0.3642578125,5.364160501090367e-54,True,0.484375,123,0.6025848142164781,0.6025848142164781,0.6025848142164781,0.6025848142164781,1.0,496,496,True,True,True,True,False,True,True,True,True
QFT,SR4,Ankaa-3,AWS_BRAKET,1024,4,,158.0,SR4_AWS-QPU_000,SR4_AWS_Ankaa-3_20260220_123600.json,474,primary,4,1,singleton,False,1.0,0110,0.680891,453,86,0.6808905380333952,0.5263671875,0.4423828125,0.3583984375,3.586829436019776e-61,True,0.4423828125,86,0.6808905380333952,0.6808905380333952,0.6808905380333952,0.6808905380333952,1.0,453,453,True,True,True,True,False,True,True,True,True
QFT,SR5,Ankaa-3,AWS_BRAKET,1024,5,,269.0,SR5_AWS-QPU_000,SR5_AWS_Ankaa-3_20260220_122318.json,475,primary,5,1,singleton,False,0.0,11111,0.0,119,111,0.034782608695652174,0.224609375,0.1162109375,0.0078125,0.6444875024764257,True,0.0283203125,119,-0.6081081081081081,0.0,-0.6081081081081081,-0.6081081081081081,1.0,29,29,True,True,False,False,False,False,False,False,False
QFT,SR5,Ankaa-3,AWS_BRAKET,1024,5,,220.0,SR5_AWS-QPU_000,SR5_AWS_Ankaa-3_20260220_124008.json,476,primary,5,1,singleton,False,0.0,10001,0.0,113,103,0.046296296296296294,0.2109375,0.1103515625,0.009765625,0.5403901087547001,True,0.0458984375,113,-0.4125,0.0,-0.4125,-0.4125,1.0,47,47,True,True,False,False,False,False,False,False,False
QFT,SR5,Ankaa-3,AWS_BRAKET,1024,5,,263.0,SR5_AWS-QPU_000,SR5_AWS_Ankaa-3_20260220_124010.json,477,primary,5,1,singleton,False,0.0,10111,0.0,64,63,0.007874015748031496,0.1240234375,0.0625,0.0009765625,0.999999999999999,True,0.056640625,64,-0.04918032786885246,0.0,-0.04918032786885246,-0.04918032786885246,1.0,58,58,True,True,False,False,False,False,False,False,False
QFT,SR5,Ankaa-3,AWS_BRAKET,1024,5,,226.0,SR5_AWS-QPU_000,SR5_AWS_Ankaa-3_20260220_124036.json,478,primary,5,1,singleton,False,1.0,10101,0.141509,121,91,0.14150943396226415,0.20703125,0.1181640625,0.029296875,0.04614513969668872,True,0.1181640625,91,0.14150943396226415,0.14150943396226415,0.14150943396226415,0.14150943396226415,1.0,121,121,True,True,False,False,False,True,False,False,False
QFT,SR5,Ankaa-3,AWS_BRAKET,1024,5,,189.0,SR5_AWS-QPU_000,SR5_AWS_Ankaa-3_20260220_124102.json,479,primary,5,1,singleton,False,0.0,11001,0.0,144,100,0.18032786885245902,0.23828125,0.140625,0.04296875,0.005797052264521836,True,0.0244140625,144,-0.7041420118343196,0.0,-0.7041420118343196,-0.7041420118343196,1.0,25,25,True,True,False,False,False,True,True,False,False
QFT,SR5,Ankaa-3,AWS_BRAKET,1024,5,,207.0,SR5_AWS-QPU_000,SR5_AWS_Ankaa-3_20260220_124103.json,480,primary,5,1,singleton,False,0.0,11001,0.0,87,83,0.023529411764705882,0.166015625,0.0849609375,0.00390625,0.8181059679029429,True,0.0380859375,87,-0.38095238095238093,0.0,-0.38095238095238093,-0.38095238095238093,1.0,39,39,True,True,False,False,False,False,False,False,False
QFT,SR5,Ankaa-3,AWS_BRAKET,1024,5,,193.0,SR5_AWS-QPU_000,SR5_AWS_Ankaa-3_20260220_124129.json,481,primary,5,1,singleton,False,0.0,11101,0.0,96,77,0.10982658959537572,0.1689453125,0.09375,0.0185546875,0.17097186370126674,True,0.0390625,96,-0.4117647058823529,0.0,-0.4117647058823529,-0.4117647058823529,1.0,40,40,True,True,False,False,False,False,False,False,False
QFT,SR5,Ankaa-3,AWS_BRAKET,1024,5,,263.0,SR5_AWS-QPU_000,SR5_AWS_Ankaa-3_20260220_124130.json,482,primary,5,1,singleton,False,0.0,10111,0.0,117,86,0.15270935960591134,0.1982421875,0.1142578125,0.0302734375,0.034981310196697514,True,0.0341796875,117,-0.5394736842105263,0.0,-0.5394736842105263,-0.5394736842105263,1.0,35,35,True,True,False,False,False,True,False,False,False
QFT,SR5,Ankaa-3,AWS_BRAKET,1024,5,,194.0,SR5_AWS-QPU_000,SR5_AWS_Ankaa-3_20260220_124156.json,483,primary,5,1,singleton,False,0.0,11111,0.0,124,87,0.17535545023696683,0.2060546875,0.12109375,0.0361328125,0.013012554152295751,True,0.029296875,124,-0.6103896103896104,0.0,-0.6103896103896104,-0.6103896103896104,1.0,30,30,True,True,False,False,False,True,False,False,False
QFT,SR5,Ankaa-3,AWS_BRAKET,1024,5,,332.0,SR5_AWS-QPU_000,SR5_AWS_Ankaa-3_20260220_124222.json,484,primary,5,1,singleton,False,1.0,10101,0.050847,93,84,0.05084745762711865,0.1728515625,0.0908203125,0.0087890625,0.5477509096395391,True,0.0908203125,84,0.05084745762711865,0.05084745762711865,0.05084745762711865,0.05084745762711865,1.0,93,93,True,True,False,False,False,False,False,False,False
QFT,SR5,Ankaa-3,AWS_BRAKET,1024,5,,255.0,SR5_AWS-QPU_000,SR5_AWS_Ankaa-3_20260220_124248.json,485,primary,5,1,singleton,False,0.0,01101,0.0,180,135,0.14285714285714285,0.3076171875,0.17578125,0.0439453125,0.013045798684915014,True,0.0625,180,-0.47540983606557374,0.0,-0.47540983606557374,-0.47540983606557374,1.0,64,64,True,True,False,False,False,True,False,False,False
QFT,SR5,Ankaa-3,AWS_BRAKET,1024,5,,233.0,SR5_AWS-QPU_000,SR5_AWS_Ankaa-3_20260220_124314.json,486,primary,5,1,singleton,False,0.0,10000,0.0,265,94,0.4763231197771588,0.3505859375,0.2587890625,0.1669921875,5.538469145029258e-20,True,0.0224609375,265,-0.8402777777777778,0.0,-0.8402777777777778,-0.8402777777777778,1.0,23,23,True,True,True,False,False,True,True,True,True
BV,BV10-ALT,ibm_fez,IBM_QPU,1024,10,3.0,23.0,BV10-ALT_IBM-QPU_003_000,BV10-ALT_IBM_ibm_fez_20260717_134304.json,487,primary,10,1,singleton,False,1.0,0101010101,0.90172,774,40,0.9017199017199017,0.794921875,0.755859375,0.716796875,2.3761361105940442e-177,True,0.755859375,40,0.9017199017199017,0.9017199017199017,0.9017199017199017,0.9017199017199017,1.0,774,774,True,True,True,True,True,True,True,True,True
BV,BV10-ALT,ibm_fez,IBM_QPU,1024,10,3.0,23.0,BV10-ALT_IBM-QPU_003_001,BV10-ALT_IBM_ibm_fez_20260717_134304.json,488,primary,10,1,singleton,False,1.0,0101010101,0.931119,785,28,0.931119311193112,0.7939453125,0.7666015625,0.7392578125,2.3633639083509965e-193,True,0.7666015625,28,0.931119311193112,0.931119311193112,0.931119311193112,0.931119311193112,1.0,785,785,True,True,True,True,True,True,True,True,True
BV,BV10-ALT,ibm_fez,IBM_QPU,1024,10,3.0,23.0,BV10-ALT_IBM-QPU_003_002,BV10-ALT_IBM_ibm_fez_20260717_134304.json,489,primary,10,1,singleton,False,1.0,0101010101,0.846344,745,62,0.8463444857496902,0.7880859375,0.7275390625,0.6669921875,1.2335710571280356e-149,True,0.7275390625,62,0.8463444857496902,0.8463444857496902,0.8463444857496902,0.8463444857496902,1.0,745,745,True,True,True,True,True,True,True,True,True
BV,BV10-ALT,ibm_fez,IBM_QPU,1024,10,3.0,23.0,BV10-ALT_IBM-QPU_003_003,BV10-ALT_IBM_ibm_fez_20260717_134304.json,490,primary,10,1,singleton,False,1.0,0101010101,0.840994,741,64,0.8409937888198757,0.7861328125,0.7236328125,0.6611328125,5.769061284578919e-147,True,0.7236328125,64,0.8409937888198757,0.8409937888198757,0.8409937888198757,0.8409937888198757,1.0,741,741,True,True,True,True,True,True,True,True,True
BV,BV10-ALT,ibm_fez,IBM_QPU,1024,10,3.0,23.0,BV10-ALT_IBM-QPU_003_004,BV10-ALT_IBM_ibm_fez_20260717_134304.json,491,primary,10,1,singleton,False,1.0,0101010101,0.896386,787,43,0.8963855421686747,0.810546875,0.7685546875,0.7265625,5.356861575261035e-178,True,0.7685546875,43,0.8963855421686747,0.8963855421686747,0.8963855421686747,0.8963855421686747,1.0,787,787,True,True,True,True,True,True,True,True,True
BV,BV10-ALT,ibm_fez,IBM_QPU,1024,10,3.0,23.0,BV10-ALT_IBM-QPU_003_005,BV10-ALT_IBM_ibm_fez_20260717_134304.json,492,primary,10,1,singleton,False,1.0,0101010101,0.863145,776,57,0.8631452581032413,0.8134765625,0.7578125,0.7021484375,3.922211233082192e-162,True,0.7578125,57,0.8631452581032413,0.8631452581032413,0.8631452581032413,0.8631452581032413,1.0,776,776,True,True,True,True,True,True,True,True,True
BV,BV10-ALT,ibm_fez,IBM_QPU,1024,10,3.0,23.0,BV10-ALT_IBM-QPU_003_006,BV10-ALT_IBM_ibm_fez_20260717_134304.json,493,primary,10,1,singleton,False,1.0,0101010101,0.812577,735,76,0.812577065351418,0.7919921875,0.7177734375,0.6435546875,2.800457528945203e-136,True,0.7177734375,76,0.812577065351418,0.812577065351418,0.812577065351418,0.812577065351418,1.0,735,735,True,True,True,True,True,True,True,True,True
BV,BV10-ALT,ibm_fez,IBM_QPU,1024,10,3.0,23.0,BV10-ALT_IBM-QPU_003_007,BV10-ALT_IBM_ibm_fez_20260717_134304.json,494,primary,10,1,singleton,False,1.0,0101010101,0.875912,771,51,0.8759124087591241,0.802734375,0.7529296875,0.703125,4.612762641091944e-166,True,0.7529296875,51,0.8759124087591241,0.8759124087591241,0.8759124087591241,0.8759124087591241,1.0,771,771,True,True,True,True,True,True,True,True,True
BV,BV10-ALT,ibm_fez,IBM_QPU,1024,10,3.0,23.0,BV10-ALT_IBM-QPU_003_008,BV10-ALT_IBM_ibm_fez_20260717_134304.json,495,primary,10,1,singleton,False,1.0,0101010101,0.865361,762,55,0.8653610771113831,0.7978515625,0.744140625,0.6904296875,4.4972717679225314e-160,True,0.744140625,55,0.8653610771113831,0.8653610771113831,0.8653610771113831,0.8653610771113831,1.0,762,762,True,True,True,True,True,True,True,True,True
BV,BV10-ALT,ibm_marrakesh,IBM_QPU,1024,10,3.0,32.0,BV10-ALT_IBM-QPU_003,BV10-ALT_IBM_ibm_marrakesh_20260714_205423.json,496,primary,10,1,singleton,False,1.0,0101010101,0.810298,668,70,0.8102981029810298,0.720703125,0.65234375,0.583984375,2.548787296292492e-123,True,0.65234375,70,0.8102981029810298,0.8102981029810298,0.8102981029810298,0.8102981029810298,1.0,668,668,True,True,True,True,True,True,True,True,True
BV,BV11-ALT,ibm_fez,IBM_QPU,1024,11,3.0,44.0,BV11-ALT_IBM-QPU_003_000,BV11-ALT_IBM_ibm_fez_20260717_134359.json,497,primary,11,1,singleton,False,1.0,10101010101,0.563694,491,137,0.5636942675159236,0.61328125,0.4794921875,0.345703125,1.1167831538265569e-47,True,0.4794921875,137,0.5636942675159236,0.5636942675159236,0.5636942675159236,0.5636942675159236,1.0,491,491,True,True,True,True,False,True,True,True,True
BV,BV11-ALT,ibm_fez,IBM_QPU,1024,11,3.0,44.0,BV11-ALT_IBM-QPU_003_001,BV11-ALT_IBM_ibm_fez_20260717_134359.json,498,primary,11,1,singleton,False,1.0,10101010101,0.712919,537,90,0.7129186602870813,0.6123046875,0.5244140625,0.4365234375,1.996439564822575e-78,True,0.5244140625,90,0.7129186602870813,0.7129186602870813,0.7129186602870813,0.7129186602870813,1.0,537,537,True,True,True,True,False,True,True,True,True
BV,BV11-ALT,ibm_fez,IBM_QPU,1024,11,3.0,44.0,BV11-ALT_IBM-QPU_003_002,BV11-ALT_IBM_ibm_fez_20260717_134359.json,499,primary,11,1,singleton,False,1.0,10101010101,0.781538,579,71,0.7815384615384615,0.634765625,0.5654296875,0.49609375,5.642126302149677e-100,True,0.5654296875,71,0.7815384615384615,0.7815384615384615,0.7815384615384615,0.7815384615384615,1.0,579,579,True,True,True,True,False,True,True,True,True
BV,BV11-ALT,ibm_fez,IBM_QPU,1024,11,3.0,44.0,BV11-ALT_IBM-QPU_003_003,BV11-ALT_IBM_ibm_fez_20260717_134359.json,500,primary,11,1,singleton,False,1.0,10101010101,0.667752,512,102,0.6677524429967426,0.599609375,0.5,0.400390625,1.294827911666633e-66,True,0.5,102,0.6677524429967426,0.6677524429967426,0.6677524429967426,0.6677524429967426,1.0,512,512,True,True,True,True,False,True,True,True,True
BV,BV11-ALT,ibm_fez,IBM_QPU,1024,11,3.0,44.0,BV11-ALT_IBM-QPU_003_004,BV11-ALT_IBM_ibm_fez_20260717_134359.json,501,primary,11,1,singleton,False,1.0,10101010101,0.726974,525,83,0.7269736842105263,0.59375,0.5126953125,0.431640625,1.854478672662977e-79,True,0.5126953125,83,0.7269736842105263,0.7269736842105263,0.7269736842105263,0.7269736842105263,1.0,525,525,True,True,True,True,False,True,True,True,True
BV,BV11-ALT,ibm_fez,IBM_QPU,1024,11,3.0,44.0,BV11-ALT_IBM-QPU_003_005,BV11-ALT_IBM_ibm_fez_20260717_134359.json,502,primary,11,1,singleton,False,1.0,10101010101,0.662848,508,103,0.662847790507365,0.5966796875,0.49609375,0.3955078125,2.978295962356386e-65,True,0.49609375,103,0.662847790507365,0.662847790507365,0.662847790507365,0.662847790507365,1.0,508,508,True,True,True,True,False,True,True,True,True
BV,BV11-ALT,ibm_fez,IBM_QPU,1024,11,3.0,44.0,BV11-ALT_IBM-QPU_003_006,BV11-ALT_IBM_ibm_fez_20260717_134359.json,503,primary,11,1,singleton,False,1.0,10101010101,0.747235,553,80,0.7472353870458136,0.6181640625,0.5400390625,0.4619140625,6.444573940952037e-88,True,0.5400390625,80,0.7472353870458136,0.7472353870458136,0.7472353870458136,0.7472353870458136,1.0,553,553,True,True,True,True,False,True,True,True,True
BV,BV11-ALT,ibm_fez,IBM_QPU,1024,11,3.0,44.0,BV11-ALT_IBM-QPU_003_007,BV11-ALT_IBM_ibm_fez_20260717_134359.json,504,primary,11,1,singleton,False,1.0,10101010101,0.858025,602,46,0.8580246913580247,0.6328125,0.587890625,0.54296875,1.4104939896367718e-124,True,0.587890625,46,0.8580246913580247,0.8580246913580247,0.8580246913580247,0.8580246913580247,1.0,602,602,True,True,True,True,True,True,True,True,True
BV,BV11-ALT,ibm_fez,IBM_QPU,1024,11,3.0,44.0,BV11-ALT_IBM-QPU_003_008,BV11-ALT_IBM_ibm_fez_20260717_134359.json,505,primary,11,1,singleton,False,1.0,10101010101,0.737342,549,83,0.7373417721518988,0.6171875,0.5361328125,0.455078125,3.442891284383639e-85,True,0.5361328125,83,0.7373417721518988,0.7373417721518988,0.7373417721518988,0.7373417721518988,1.0,549,549,True,True,True,True,False,True,True,True,True
BV,BV11-ALT,ibm_marrakesh,IBM_QPU,1024,11,3.0,43.0,BV11-ALT_IBM-QPU_003,BV11-ALT_IBM_ibm_marrakesh_20260714_210540.json,506,primary,11,1,singleton,False,1.0,10101010101,0.864992,594,43,0.8649921507064364,0.6220703125,0.580078125,0.5380859375,5.552242160426475e-125,True,0.580078125,43,0.8649921507064364,0.8649921507064364,0.8649921507064364,0.8649921507064364,1.0,594,594,True,True,True,True,True,True,True,True,True
BV,BV12-ALT,ibm_fez,IBM_QPU,1024,12,3.0,44.0,BV12-ALT_IBM-QPU_003_000,BV12-ALT_IBM_ibm_fez_20260717_134453.json,507,primary,12,1,singleton,False,1.0,010101010101,0.407299,482,203,0.4072992700729927,0.6689453125,0.470703125,0.2724609375,4.4840349607611434e-27,True,0.470703125,203,0.4072992700729927,0.4072992700729927,0.4072992700729927,0.4072992700729927,1.0,482,482,True,True,True,False,False,True,True,True,True
BV,BV12-ALT,ibm_fez,IBM_QPU,1024,12,3.0,44.0,BV12-ALT_IBM-QPU_003_001,BV12-ALT_IBM_ibm_fez_20260717_134453.json,508,primary,12,1,singleton,False,1.0,010101010101,0.632353,555,125,0.6323529411764706,0.6640625,0.5419921875,0.419921875,1.6475596179348885e-65,True,0.5419921875,125,0.6323529411764706,0.6323529411764706,0.6323529411764706,0.6323529411764706,1.0,555,555,True,True,True,True,False,True,True,True,True
BV,BV12-ALT,ibm_fez,IBM_QPU,1024,12,3.0,44.0,BV12-ALT_IBM-QPU_003_002,BV12-ALT_IBM_ibm_fez_20260717_134453.json,509,primary,12,1,singleton,False,1.0,010101010101,0.73444,627,96,0.7344398340248963,0.7060546875,0.6123046875,0.5185546875,2.191544092930794e-96,True,0.6123046875,96,0.7344398340248963,0.7344398340248963,0.7344398340248963,0.7344398340248963,1.0,627,627,True,True,True,True,False,True,True,True,True
BV,BV12-ALT,ibm_fez,IBM_QPU,1024,12,3.0,44.0,BV12-ALT_IBM-QPU_003_003,BV12-ALT_IBM_ibm_fez_20260717_134453.json,510,primary,12,1,singleton,False,1.0,010101010101,0.739496,621,93,0.7394957983193278,0.697265625,0.6064453125,0.515625,1.1068367193202476e-96,True,0.6064453125,93,0.7394957983193278,0.7394957983193278,0.7394957983193278,0.7394957983193278,1.0,621,621,True,True,True,True,False,True,True,True,True
BV,BV12-ALT,ibm_fez,IBM_QPU,1024,12,3.0,44.0,BV12-ALT_IBM-QPU_003_004,BV12-ALT_IBM_ibm_fez_20260717_134453.json,511,primary,12,1,singleton,False,1.0,010101010101,0.793605,617,71,0.7936046511627907,0.671875,0.6025390625,0.533203125,1.4429566551453613e-109,True,0.6025390625,71,0.7936046511627907,0.7936046511627907,0.7936046511627907,0.7936046511627907,1.0,617,617,True,True,True,True,False,True,True,True,True
BV,BV12-ALT,ibm_fez,IBM_QPU,1024,12,3.0,44.0,BV12-ALT_IBM-QPU_003_005,BV12-ALT_IBM_ibm_fez_20260717_134453.json,512,primary,12,1,singleton,False,1.0,010101010101,0.780591,633,78,0.7805907172995781,0.6943359375,0.6181640625,0.5419921875,6.495004054390642e-109,True,0.6181640625,78,0.7805907172995781,0.7805907172995781,0.7805907172995781,0.7805907172995781,1.0,633,633,True,True,True,True,False,True,True,True,True
BV,BV12-ALT,ibm_fez,IBM_QPU,1024,12,3.0,44.0,BV12-ALT_IBM-QPU_003_006,BV12-ALT_IBM_ibm_fez_20260717_134453.json,513,primary,12,1,singleton,False,1.0,010101010101,0.631285,584,132,0.6312849162011173,0.69921875,0.5703125,0.44140625,1.1904788853774116e-68,True,0.5703125,132,0.6312849162011173,0.6312849162011173,0.6312849162011173,0.6312849162011173,1.0,584,584,True,True,True,True,False,True,True,True,True
BV,BV12-ALT,ibm_fez,IBM_QPU,1024,12,3.0,44.0,BV12-ALT_IBM-QPU_003_007,BV12-ALT_IBM_ibm_fez_20260717_134453.json,514,primary,12,1,singleton,False,1.0,010101010101,0.712209,589,99,0.7122093023255814,0.671875,0.5751953125,0.478515625,1.0080084815115657e-85,True,0.5751953125,99,0.7122093023255814,0.7122093023255814,0.7122093023255814,0.7122093023255814,1.0,589,589,True,True,True,True,False,True,True,True,True
BV,BV12-ALT,ibm_fez,IBM_QPU,1024,12,3.0,44.0,BV12-ALT_IBM-QPU_003_008,BV12-ALT_IBM_ibm_fez_20260717_134453.json,515,primary,12,1,singleton,False,1.0,010101010101,0.696801,610,109,0.6968011126564673,0.7021484375,0.595703125,0.4892578125,2.633424917023628e-85,True,0.595703125,109,0.6968011126564673,0.6968011126564673,0.6968011126564673,0.6968011126564673,1.0,610,610,True,True,True,True,False,True,True,True,True
BV,BV12-ALT,ibm_marrakesh,IBM_QPU,1024,12,3.0,44.0,BV12-ALT_IBM-QPU_003,BV12-ALT_IBM_ibm_marrakesh_20260714_211047.json,516,primary,12,1,singleton,False,1.0,010101010101,0.337553,317,157,0.33755274261603374,0.462890625,0.3095703125,0.15625,1.6657910216938972e-13,True,0.3095703125,157,0.33755274261603374,0.33755274261603374,0.33755274261603374,0.33755274261603374,1.0,317,317,True,True,True,False,False,True,True,True,True
BV,BV13-ALT,ibm_fez,IBM_QPU,1024,13,3.0,49.0,BV13-ALT_IBM-QPU_003_000,BV13-ALT_IBM_ibm_fez_20260717_134559.json,517,primary,13,1,singleton,False,1.0,1010101010101,0.75985,469,64,0.7598499061913696,0.5205078125,0.4580078125,0.3955078125,4.078192277463069e-77,True,0.4580078125,64,0.7598499061913696,0.7598499061913696,0.7598499061913696,0.7598499061913696,1.0,469,469,True,True,True,True,False,True,True,True,True
BV,BV13-ALT,ibm_fez,IBM_QPU,1024,13,3.0,49.0,BV13-ALT_IBM-QPU_003_001,BV13-ALT_IBM_ibm_fez_20260717_134559.json,518,primary,13,1,singleton,False,1.0,1010101010101,0.771836,497,64,0.7718360071301248,0.5478515625,0.4853515625,0.4228515625,4.896075484153277e-84,True,0.4853515625,64,0.7718360071301248,0.7718360071301248,0.7718360071301248,0.7718360071301248,1.0,497,497,True,True,True,True,False,True,True,True,True
BV,BV13-ALT,ibm_fez,IBM_QPU,1024,13,3.0,49.0,BV13-ALT_IBM-QPU_003_002,BV13-ALT_IBM_ibm_fez_20260717_134559.json,519,primary,13,1,singleton,False,1.0,1010101010101,0.668571,438,87,0.6685714285714286,0.5126953125,0.427734375,0.3427734375,2.545103393253847e-57,True,0.427734375,87,0.6685714285714286,0.6685714285714286,0.6685714285714286,0.6685714285714286,1.0,438,438,True,True,True,True,False,True,True,True,True
BV,BV13-ALT,ibm_fez,IBM_QPU,1024,13,3.0,49.0,BV13-ALT_IBM-QPU_003_003,BV13-ALT_IBM_ibm_fez_20260717_134559.json,520,primary,13,1,singleton,False,1.0,1010101010101,0.755179,466,65,0.7551789077212806,0.5185546875,0.455078125,0.3916015625,9.103801024493427e-76,True,0.455078125,65,0.7551789077212806,0.7551789077212806,0.7551789077212806,0.7551789077212806,1.0,466,466,True,True,True,True,False,True,True,True,True
BV,BV13-ALT,ibm_fez,IBM_QPU,1024,13,3.0,49.0,BV13-ALT_IBM-QPU_003_004,BV13-ALT_IBM_ibm_fez_20260717_134559.json,521,primary,13,1,singleton,False,1.0,1010101010101,0.765363,474,63,0.7653631284916201,0.5244140625,0.462890625,0.4013671875,5.70289038010106e-79,True,0.462890625,63,0.7653631284916201,0.7653631284916201,0.7653631284916201,0.7653631284916201,1.0,474,474,True,True,True,True,False,True,True,True,True
BV,BV13-ALT,ibm_fez,IBM_QPU,1024,13,3.0,49.0,BV13-ALT_IBM-QPU_003_005,BV13-ALT_IBM_ibm_fez_20260717_134559.json,522,primary,13,1,singleton,False,1.0,1010101010101,0.533214,427,130,0.533213644524237,0.5439453125,0.4169921875,0.2900390625,6.623607759886934e-38,True,0.4169921875,130,0.533213644524237,0.533213644524237,0.533213644524237,0.533213644524237,1.0,427,427,True,True,True,True,False,True,True,True,True
BV,BV13-ALT,ibm_fez,IBM_QPU,1024,13,3.0,49.0,BV13-ALT_IBM-QPU_003_006,BV13-ALT_IBM_ibm_fez_20260717_134559.json,523,primary,13,1,singleton,False,1.0,1010101010101,0.63806,439,97,0.6380597014925373,0.5234375,0.4287109375,0.333984375,6.035461559519633e-53,True,0.4287109375,97,0.6380597014925373,0.6380597014925373,0.6380597014925373,0.6380597014925373,1.0,439,439,True,True,True,True,False,True,True,True,True
BV,BV13-ALT,ibm_fez,IBM_QPU,1024,13,3.0,49.0,BV13-ALT_IBM-QPU_003_007,BV13-ALT_IBM_ibm_fez_20260717_134559.json,524,primary,13,1,singleton,False,1.0,1010101010101,0.461394,388,143,0.4613935969868173,0.5185546875,0.37890625,0.2392578125,3.87498211330355e-27,True,0.37890625,143,0.4613935969868173,0.4613935969868173,0.4613935969868173,0.4613935969868173,1.0,388,388,True,True,True,False,False,True,True,True,True
BV,BV13-ALT,ibm_fez,IBM_QPU,1024,13,3.0,49.0,BV13-ALT_IBM-QPU_003_008,BV13-ALT_IBM_ibm_fez_20260717_134559.json,525,primary,13,1,singleton,False,1.0,1010101010101,0.734291,483,74,0.7342908438061041,0.5439453125,0.4716796875,0.3994140625,1.471116696116007e-74,True,0.4716796875,74,0.7342908438061041,0.7342908438061041,0.7342908438061041,0.7342908438061041,1.0,483,483,True,True,True,True,False,True,True,True,True
BV,BV13-ALT,ibm_marrakesh,IBM_QPU,1024,13,3.0,52.0,BV13-ALT_IBM-QPU_003,BV13-ALT_IBM_ibm_marrakesh_20260714_211130.json,526,primary,13,1,singleton,False,1.0,1010101010101,0.815126,540,55,0.8151260504201681,0.5810546875,0.52734375,0.4736328125,4.0810834696402396e-101,True,0.52734375,55,0.8151260504201681,0.8151260504201681,0.8151260504201681,0.8151260504201681,1.0,540,540,True,True,True,True,True,True,True,True,True
BV,BV14-ALT,ibm_fez,IBM_QPU,1024,14,3.0,45.0,BV14-ALT_IBM-QPU_003_000,BV14-ALT_IBM_ibm_fez_20260717_134653.json,527,primary,14,1,singleton,False,1.0,01010101010101,0.736457,593,90,0.7364568081991215,0.6669921875,0.5791015625,0.4912109375,1.0687258317747709e-91,True,0.5791015625,90,0.7364568081991215,0.7364568081991215,0.7364568081991215,0.7364568081991215,1.0,593,593,True,True,True,True,False,True,True,True,True
BV,BV14-ALT,ibm_fez,IBM_QPU,1024,14,3.0,45.0,BV14-ALT_IBM-QPU_003_001,BV14-ALT_IBM_ibm_fez_20260717_134653.json,528,primary,14,1,singleton,False,1.0,01010101010101,0.759768,608,83,0.7597684515195369,0.6748046875,0.59375,0.5126953125,1.5994678361037767e-99,True,0.59375,83,0.7597684515195369,0.7597684515195369,0.7597684515195369,0.7597684515195369,1.0,608,608,True,True,True,True,False,True,True,True,True
BV,BV14-ALT,ibm_fez,IBM_QPU,1024,14,3.0,45.0,BV14-ALT_IBM-QPU_003_002,BV14-ALT_IBM_ibm_fez_20260717_134653.json,529,primary,14,1,singleton,False,1.0,01010101010101,0.741353,579,86,0.7413533834586467,0.6494140625,0.5654296875,0.4814453125,1.168293500770841e-90,True,0.5654296875,86,0.7413533834586467,0.7413533834586467,0.7413533834586467,0.7413533834586467,1.0,579,579,True,True,True,True,False,True,True,True,True
BV,BV14-ALT,ibm_fez,IBM_QPU,1024,14,3.0,45.0,BV14-ALT_IBM-QPU_003_003,BV14-ALT_IBM_ibm_fez_20260717_134653.json,530,primary,14,1,singleton,False,1.0,01010101010101,0.751073,612,87,0.7510729613733905,0.6826171875,0.59765625,0.5126953125,4.639524124478077e-98,True,0.59765625,87,0.7510729613733905,0.7510729613733905,0.7510729613733905,0.7510729613733905,1.0,612,612,True,True,True,True,False,True,True,True,True
BV,BV14-ALT,ibm_fez,IBM_QPU,1024,14,3.0,45.0,BV14-ALT_IBM-QPU_003_004,BV14-ALT_IBM_ibm_fez_20260717_134653.json,531,primary,14,1,singleton,False,1.0,01010101010101,0.648855,540,115,0.648854961832061,0.6396484375,0.52734375,0.4150390625,1.0166423978384891e-66,True,0.52734375,115,0.648854961832061,0.648854961832061,0.648854961832061,0.648854961832061,1.0,540,540,True,True,True,True,False,True,True,True,True
BV,BV14-ALT,ibm_fez,IBM_QPU,1024,14,3.0,45.0,BV14-ALT_IBM-QPU_003_005,BV14-ALT_IBM_ibm_fez_20260717_134653.json,532,primary,14,1,singleton,False,1.0,01010101010101,0.755618,625,87,0.7556179775280899,0.6953125,0.6103515625,0.525390625,3.119669519398309e-101,True,0.6103515625,87,0.7556179775280899,0.7556179775280899,0.7556179775280899,0.7556179775280899,1.0,625,625,True,True,True,True,False,True,True,True,True
BV,BV14-ALT,ibm_fez,IBM_QPU,1024,14,3.0,45.0,BV14-ALT_IBM-QPU_003_006,BV14-ALT_IBM_ibm_fez_20260717_134653.json,533,primary,14,1,singleton,False,1.0,01010101010101,0.769663,630,82,0.7696629213483146,0.6953125,0.615234375,0.53515625,1.4015087540511828e-105,True,0.615234375,82,0.7696629213483146,0.7696629213483146,0.7696629213483146,0.7696629213483146,1.0,630,630,True,True,True,True,False,True,True,True,True
BV,BV14-ALT,ibm_fez,IBM_QPU,1024,14,3.0,45.0,BV14-ALT_IBM-QPU_003_007,BV14-ALT_IBM_ibm_fez_20260717_134653.json,534,primary,14,1,singleton,False,1.0,01010101010101,0.788546,609,72,0.788546255506608,0.6650390625,0.5947265625,0.5244140625,7.300331822649236e-107,True,0.5947265625,72,0.788546255506608,0.788546255506608,0.788546255506608,0.788546255506608,1.0,609,609,True,True,True,True,False,True,True,True,True
BV,BV14-ALT,ibm_fez,IBM_QPU,1024,14,3.0,45.0,BV14-ALT_IBM-QPU_003_008,BV14-ALT_IBM_ibm_fez_20260717_134653.json,535,primary,14,1,singleton,False,1.0,01010101010101,0.742466,636,94,0.7424657534246575,0.712890625,0.62109375,0.529296875,1.035489704741468e-99,True,0.62109375,94,0.7424657534246575,0.7424657534246575,0.7424657534246575,0.7424657534246575,1.0,636,636,True,True,True,True,False,True,True,True,True
BV,BV14-ALT,ibm_marrakesh,IBM_QPU,1024,14,3.0,45.0,BV14-ALT_IBM-QPU_003,BV14-ALT_IBM_ibm_marrakesh_20260714_211210.json,536,primary,14,1,singleton,False,1.0,01010101010101,0.549801,389,113,0.549800796812749,0.490234375,0.3798828125,0.26953125,1.683296968168562e-36,True,0.3798828125,113,0.549800796812749,0.549800796812749,0.549800796812749,0.549800796812749,1.0,389,389,True,True,True,True,False,True,True,True,True
BV,BV2-ALT,ibm_marrakesh,IBM_QPU,1024,2,3.0,13.0,BV2-ALT_IBM-QPU_003,BV2-ALT_IBM_ibm_marrakesh_20260714_203818.json,537,primary,2,1,singleton,False,1.0,01,0.962782,1002,19,0.9627815866797258,0.9970703125,0.978515625,0.9599609375,9.35224462913419e-268,True,0.978515625,19,0.9627815866797258,0.9627815866797258,0.9627815866797258,0.9627815866797258,1.0,1002,1002,True,True,True,True,True,True,True,True,True
BV,BV2-ALT,ibm_marrakesh,IBM_QPU,1024,2,3.0,13.0,BV2-ALT_IBM-QPU_003_000,BV2-ALT_IBM_ibm_marrakesh_20260715_082542.json,538,primary,2,1,singleton,False,1.0,01,0.968597,1003,16,0.9685966633954858,0.9951171875,0.9794921875,0.9638671875,2.0758521136705614e-272,True,0.9794921875,16,0.9685966633954858,0.9685966633954858,0.9685966633954858,0.9685966633954858,1.0,1003,1003,True,True,True,True,True,True,True,True,True
BV,BV2-ALT,ibm_marrakesh,IBM_QPU,1024,2,3.0,13.0,BV2-ALT_IBM-QPU_003_001,BV2-ALT_IBM_ibm_marrakesh_20260715_082542.json,539,primary,2,1,singleton,False,1.0,01,0.968504,1000,16,0.968503937007874,0.9921875,0.9765625,0.9609375,1.583679332898514e-271,True,0.9765625,16,0.968503937007874,0.968503937007874,0.968503937007874,0.968503937007874,1.0,1000,1000,True,True,True,True,True,True,True,True,True
BV,BV2-ALT,ibm_marrakesh,IBM_QPU,1024,2,3.0,13.0,BV2-ALT_IBM-QPU_003_002,BV2-ALT_IBM_ibm_marrakesh_20260715_082542.json,540,primary,2,1,singleton,False,1.0,01,0.956863,998,22,0.9568627450980393,0.99609375,0.974609375,0.953125,1.9928700323628555e-262,True,0.974609375,22,0.9568627450980393,0.9568627450980393,0.9568627450980393,0.9568627450980393,1.0,998,998,True,True,True,True,True,True,True,True,True
BV,BV2-ALT,ibm_marrakesh,IBM_QPU,1024,2,3.0,13.0,BV2-ALT_IBM-QPU_003_003,BV2-ALT_IBM_ibm_marrakesh_20260715_082542.json,541,primary,2,1,singleton,False,1.0,01,0.97263,1009,14,0.9726295210166178,0.9990234375,0.9853515625,0.9716796875,3.2542242010691843e-277,True,0.9853515625,14,0.9726295210166178,0.9726295210166178,0.9726295210166178,0.9726295210166178,1.0,1009,1009,True,True,True,True,True,True,True,True,True
BV,BV2-ALT,ibm_marrakesh,IBM_QPU,1024,2,3.0,13.0,BV2-ALT_IBM-QPU_003_004,BV2-ALT_IBM_ibm_marrakesh_20260715_082542.json,542,primary,2,1,singleton,False,1.0,01,0.972495,1004,14,0.9724950884086444,0.994140625,0.98046875,0.966796875,9.719554107522616e-276,True,0.98046875,14,0.9724950884086444,0.9724950884086444,0.9724950884086444,0.9724950884086444,1.0,1004,1004,True,True,True,True,True,True,True,True,True
BV,BV2-ALT,ibm_marrakesh,IBM_QPU,1024,2,3.0,13.0,BV2-ALT_IBM-QPU_003_005,BV2-ALT_IBM_ibm_marrakesh_20260715_082542.json,543,primary,2,1,singleton,False,1.0,01,0.980373,1009,10,0.9803729146221786,0.9951171875,0.9853515625,0.9755859375,1.144251498192103e-283,True,0.9853515625,10,0.9803729146221786,0.9803729146221786,0.9803729146221786,0.9803729146221786,1.0,1009,1009,True,True,True,True,True,True,True,True,True
BV,BV2-ALT,ibm_marrakesh,IBM_QPU,1024,2,3.0,13.0,BV2-ALT_IBM-QPU_003_006,BV2-ALT_IBM_ibm_marrakesh_20260715_082542.json,544,primary,2,1,singleton,False,1.0,01,0.966634,1002,17,0.9666339548577036,0.9951171875,0.978515625,0.9619140625,1.2260133036945605e-270,True,0.978515625,17,0.9666339548577036,0.9666339548577036,0.9666339548577036,0.9666339548577036,1.0,1002,1002,True,True,True,True,True,True,True,True,True
BV,BV2-ALT,ibm_marrakesh,IBM_QPU,1024,2,3.0,13.0,BV2-ALT_IBM-QPU_003_007,BV2-ALT_IBM_ibm_marrakesh_20260715_082542.json,545,primary,2,1,singleton,False,1.0,01,0.976494,1009,12,0.9764936336924583,0.9970703125,0.9853515625,0.9736328125,2.261424192745942e-280,True,0.9853515625,12,0.9764936336924583,0.9764936336924583,0.9764936336924583,0.9764936336924583,1.0,1009,1009,True,True,True,True,True,True,True,True,True
BV,BV2-ALT,ibm_marrakesh,IBM_QPU,1024,2,3.0,13.0,BV2-ALT_IBM-QPU_003_008,BV2-ALT_IBM_ibm_marrakesh_20260715_082542.json,546,primary,2,1,singleton,False,1.0,01,0.966601,1001,17,0.9666011787819253,0.994140625,0.9775390625,0.9609375,2.411160793511018e-270,True,0.9775390625,17,0.9666011787819253,0.9666011787819253,0.9666011787819253,0.9666011787819253,1.0,1001,1001,True,True,True,True,True,True,True,True,True
BV,BV2-ONES,ibm_fez,IBM_QPU,1024,2,2.0,14.0,BV2-ONES_IBM-QPU_002,BV2-ONES_IBM_ibm_fez_20260617_105122.json,547,primary,2,1,singleton,False,1.0,11,0.880688,930,59,0.8806875631951466,0.9658203125,0.908203125,0.8505859375,2.6224567676320896e-202,True,0.908203125,59,0.8806875631951466,0.8806875631951466,0.8806875631951466,0.8806875631951466,1.0,930,930,True,True,True,True,True,True,True,True,True
BV,BV2-ONES,ibm_fez,IBM_QPU,1024,2,3.0,14.0,BV2-ONES_IBM-QPU_003,BV2-ONES_IBM_ibm_fez_20260617_105122.json,548,primary,2,1,singleton,False,1.0,11,0.939455,961,30,0.9394550958627649,0.9677734375,0.9384765625,0.9091796875,1.819883319519505e-241,True,0.9384765625,30,0.9394550958627649,0.9394550958627649,0.9394550958627649,0.9394550958627649,1.0,961,961,True,True,True,True,True,True,True,True,True
BV,BV29-ALT,ibm_fez,IBM_QPU,1024,29,3.0,93.0,BV29-ALT_IBM-QPU_003_000,BV29-ALT_IBM_ibm_fez_20260717_134859.json,549,primary,29,1,singleton,False,1.0,10101010101010101010101010101,0.581395,102,27,0.5813953488372093,0.1259765625,0.099609375,0.0732421875,1.8819747521132473e-11,True,0.099609375,27,0.5813953488372093,0.5813953488372093,0.5813953488372093,0.5813953488372093,1.0,102,102,True,True,True,True,False,True,True,True,True
BV,BV29-ALT,ibm_fez,IBM_QPU,1024,29,3.0,93.0,BV29-ALT_IBM-QPU_003_001,BV29-ALT_IBM_ibm_fez_20260717_134859.json,550,primary,29,1,singleton,False,1.0,10101010101010101010101010101,0.617021,114,27,0.6170212765957447,0.1376953125,0.111328125,0.0849609375,6.399435193704268e-14,True,0.111328125,27,0.6170212765957447,0.6170212765957447,0.6170212765957447,0.6170212765957447,1.0,114,114,True,True,True,True,False,True,True,True,True
BV,BV29-ALT,ibm_fez,IBM_QPU,1024,29,3.0,93.0,BV29-ALT_IBM-QPU_003_002,BV29-ALT_IBM_ibm_fez_20260717_134859.json,551,primary,29,1,singleton,False,1.0,10101010101010101010101010101,0.588235,108,28,0.5882352941176471,0.1328125,0.10546875,0.078125,2.784955761611638e-12,True,0.10546875,28,0.5882352941176471,0.5882352941176471,0.5882352941176471,0.5882352941176471,1.0,108,108,True,True,True,True,False,True,True,True,True
BV,BV29-ALT,ibm_fez,IBM_QPU,1024,29,3.0,93.0,BV29-ALT_IBM-QPU_003_003,BV29-ALT_IBM_ibm_fez_20260717_134859.json,552,primary,29,1,singleton,False,1.0,10101010101010101010101010101,0.621622,90,21,0.6216216216216216,0.1083984375,0.087890625,0.0673828125,2.3144662509616954e-11,True,0.087890625,21,0.6216216216216216,0.6216216216216216,0.6216216216216216,0.6216216216216216,1.0,90,90,True,True,True,True,False,True,True,True,True
BV,BV29-ALT,ibm_fez,IBM_QPU,1024,29,3.0,93.0,BV29-ALT_IBM-QPU_003_004,BV29-ALT_IBM_ibm_fez_20260717_134859.json,553,primary,29,1,singleton,False,1.0,10101010101010101010101010101,0.72549,132,21,0.7254901960784313,0.1494140625,0.12890625,0.1083984375,7.290949803013338e-21,True,0.12890625,21,0.7254901960784313,0.7254901960784313,0.7254901960784313,0.7254901960784313,1.0,132,132,True,True,True,True,False,True,True,True,True
BV,BV29-ALT,ibm_fez,IBM_QPU,1024,29,3.0,93.0,BV29-ALT_IBM-QPU_003_005,BV29-ALT_IBM_ibm_fez_20260717_134859.json,554,primary,29,1,singleton,False,1.0,10101010101010101010101010101,0.695364,128,23,0.695364238410596,0.1474609375,0.125,0.1025390625,7.361930185727888e-19,True,0.125,23,0.695364238410596,0.695364238410596,0.695364238410596,0.695364238410596,1.0,128,128,True,True,True,True,False,True,True,True,True
BV,BV29-ALT,ibm_fez,IBM_QPU,1024,29,3.0,93.0,BV29-ALT_IBM-QPU_003_006,BV29-ALT_IBM_ibm_fez_20260717_134859.json,555,primary,29,1,singleton,False,1.0,10101010101010101010101010101,0.783133,148,18,0.7831325301204819,0.162109375,0.14453125,0.126953125,1.3363888293326732e-26,True,0.14453125,18,0.7831325301204819,0.7831325301204819,0.7831325301204819,0.7831325301204819,1.0,148,148,True,True,True,True,False,True,True,True,True
BV,BV29-ALT,ibm_fez,IBM_QPU,1024,29,3.0,93.0,BV29-ALT_IBM-QPU_003_007,BV29-ALT_IBM_ibm_fez_20260717_134859.json,556,primary,29,1,singleton,False,1.0,10101010101010101010101010101,0.620438,111,26,0.6204379562043796,0.1337890625,0.1083984375,0.0830078125,1.0497375514568332e-13,True,0.1083984375,26,0.6204379562043796,0.6204379562043796,0.6204379562043796,0.6204379562043796,1.0,111,111,True,True,True,True,False,True,True,True,True
BV,BV29-ALT,ibm_fez,IBM_QPU,1024,29,3.0,93.0,BV29-ALT_IBM-QPU_003_008,BV29-ALT_IBM_ibm_fez_20260717_134859.json,557,primary,29,1,singleton,False,1.0,10101010101010101010101010101,0.692308,121,22,0.6923076923076923,0.1396484375,0.1181640625,0.0966796875,9.247508456613193e-18,True,0.1181640625,22,0.6923076923076923,0.6923076923076923,0.6923076923076923,0.6923076923076923,1.0,121,121,True,True,True,True,False,True,True,True,True
BV,BV29-ALT,ibm_marrakesh,IBM_QPU,4096,29,3.0,,BV29-ALT_IBM-QPU_001,BV29-ALT_IBM_ibm_marrakesh_20260711_014004.json,558,primary,29,1,singleton,False,1.0,10101010101010101010101010101,0.423548,1336,541,0.42354821523708047,0.458251953125,0.326171875,0.194091796875,2.2687504220250036e-77,True,0.326171875,541,0.42354821523708047,0.42354821523708047,0.42354821523708047,0.42354821523708047,1.0,1336,1336,True,True,True,False,False,True,True,True,True
BV,BV29-ALT,ibm_marrakesh,IBM_QPU,1024,29,3.0,98.0,BV29-ALT_IBM-QPU_003,BV29-ALT_IBM_ibm_marrakesh_20260714_211252.json,559,primary,29,1,singleton,False,1.0,10101010101010101010101010101,0.333333,44,22,0.3333333333333333,0.064453125,0.04296875,0.021484375,0.00921048969455458,True,0.04296875,22,0.3333333333333333,0.3333333333333333,0.3333333333333333,0.3333333333333333,1.0,44,44,True,True,True,False,False,True,True,True,False
BV,BV29-ONES,ibm_marrakesh,IBM_QPU,4096,29,3.0,,BV29-ONES_IBM-QPU_001,BV29-ONES_IBM_ibm_marrakesh_20260711_014004.json,560,primary,29,1,singleton,False,1.0,11111111111111111111111111111,0.064815,230,202,0.06481481481481481,0.10546875,0.05615234375,0.0068359375,0.1938718985501292,True,0.05615234375,202,0.06481481481481481,0.06481481481481481,0.06481481481481481,0.06481481481481481,1.0,230,230,True,True,False,False,False,False,False,False,False
BV,BV29-SINGLE,ibm_marrakesh,IBM_QPU,4096,29,3.0,,BV29-SINGLE_IBM-QPU_001,BV29-SINGLE_IBM_ibm_marrakesh_20260711_014004.json,561,primary,29,1,singleton,False,1.0,10000000000000000000000000000,0.957641,3651,79,0.9576407506702412,0.91064453125,0.891357421875,0.8720703125,0.0,True,0.891357421875,79,0.9576407506702412,0.9576407506702412,0.9576407506702412,0.9576407506702412,1.0,3651,3651,True,True,True,True,True,True,True,True,True
BV,BV3-ALT,ibm_fez,IBM_QPU,1024,3,3.0,14.0,BV3-ALT_IBM-QPU_003_000,BV3-ALT_IBM_ibm_fez_20260717_114402.json,562,primary,3,1,singleton,False,1.0,101,0.896694,918,50,0.8966942148760331,0.9453125,0.896484375,0.84765625,1.5126539616640932e-207,True,0.896484375,50,0.8966942148760331,0.8966942148760331,0.8966942148760331,0.8966942148760331,1.0,918,918,True,True,True,True,True,True,True,True,True
BV,BV3-ALT,ibm_fez,IBM_QPU,1024,3,3.0,14.0,BV3-ALT_IBM-QPU_003_001,BV3-ALT_IBM_ibm_fez_20260717_114402.json,563,primary,3,1,singleton,False,1.0,101,0.901538,927,48,0.9015384615384615,0.9521484375,0.9052734375,0.8583984375,4.867709755245732e-212,True,0.9052734375,48,0.9015384615384615,0.9015384615384615,0.9015384615384615,0.9015384615384615,1.0,927,927,True,True,True,True,True,True,True,True,True
BV,BV3-ALT,ibm_fez,IBM_QPU,1024,3,3.0,14.0,BV3-ALT_IBM-QPU_003_002,BV3-ALT_IBM_ibm_fez_20260717_114402.json,564,primary,3,1,singleton,False,1.0,101,0.913313,927,42,0.913312693498452,0.9462890625,0.9052734375,0.8642578125,3.23187486420962e-218,True,0.9052734375,42,0.913312693498452,0.913312693498452,0.913312693498452,0.913312693498452,1.0,927,927,True,True,True,True,True,True,True,True,True
BV,BV3-ALT,ibm_fez,IBM_QPU,1024,3,3.0,14.0,BV3-ALT_IBM-QPU_003_003,BV3-ALT_IBM_ibm_fez_20260717_114402.json,565,primary,3,1,singleton,False,1.0,101,0.890688,934,54,0.8906882591093117,0.96484375,0.912109375,0.859375,4.188513000126725e-208,True,0.912109375,54,0.8906882591093117,0.8906882591093117,0.8906882591093117,0.8906882591093117,1.0,934,934,True,True,True,True,True,True,True,True,True
BV,BV3-ALT,ibm_fez,IBM_QPU,1024,3,3.0,14.0,BV3-ALT_IBM-QPU_003_004,BV3-ALT_IBM_ibm_fez_20260717_114402.json,566,primary,3,1,singleton,False,1.0,101,0.896447,934,51,0.8964467005076142,0.9619140625,0.912109375,0.8623046875,5.1688927518345295e-211,True,0.912109375,51,0.8964467005076142,0.8964467005076142,0.8964467005076142,0.8964467005076142,1.0,934,934,True,True,True,True,True,True,True,True,True
BV,BV3-ALT,ibm_fez,IBM_QPU,1024,3,3.0,14.0,BV3-ALT_IBM-QPU_003_005,BV3-ALT_IBM_ibm_fez_20260717_114402.json,567,primary,3,1,singleton,False,1.0,101,0.904465,917,46,0.9044652128764278,0.9404296875,0.8955078125,0.8505859375,2.906613612713124e-211,True,0.8955078125,46,0.9044652128764278,0.9044652128764278,0.9044652128764278,0.9044652128764278,1.0,917,917,True,True,True,True,True,True,True,True,True
BV,BV3-ALT,ibm_fez,IBM_QPU,1024,3,3.0,14.0,BV3-ALT_IBM-QPU_003_006,BV3-ALT_IBM_ibm_fez_20260717_114402.json,568,primary,3,1,singleton,False,1.0,101,0.887967,910,54,0.8879668049792531,0.94140625,0.888671875,0.8359375,1.7968311028778712e-201,True,0.888671875,54,0.8879668049792531,0.8879668049792531,0.8879668049792531,0.8879668049792531,1.0,910,910,True,True,True,True,True,True,True,True,True
BV,BV3-ALT,ibm_fez,IBM_QPU,1024,3,3.0,14.0,BV3-ALT_IBM-QPU_003_007,BV3-ALT_IBM_ibm_fez_20260717_114402.json,569,primary,3,1,singleton,False,1.0,101,0.890609,916,53,0.890608875128999,0.9462890625,0.89453125,0.8427734375,4.4050776648356505e-204,True,0.89453125,53,0.890608875128999,0.890608875128999,0.890608875128999,0.890608875128999,1.0,916,916,True,True,True,True,True,True,True,True,True
BV,BV3-ALT,ibm_fez,IBM_QPU,1024,3,3.0,14.0,BV3-ALT_IBM-QPU_003_008,BV3-ALT_IBM_ibm_fez_20260717_114402.json,570,primary,3,1,singleton,False,1.0,101,0.859794,902,68,0.8597938144329897,0.947265625,0.880859375,0.814453125,9.94197355671393e-187,True,0.880859375,68,0.8597938144329897,0.8597938144329897,0.8597938144329897,0.8597938144329897,1.0,902,902,True,True,True,True,True,True,True,True,True
BV,BV3-ALT,ibm_marrakesh,IBM_QPU,1024,3,3.0,14.0,BV3-ALT_IBM-QPU_003,BV3-ALT_IBM_ibm_marrakesh_20260714_203933.json,571,primary,3,1,singleton,False,1.0,101,0.949495,965,25,0.9494949494949495,0.966796875,0.9423828125,0.91796875,7.248360687544671e-249,True,0.9423828125,25,0.9494949494949495,0.9494949494949495,0.9494949494949495,0.9494949494949495,1.0,965,965,True,True,True,True,True,True,True,True,True
BV,BV30-ALT,ibm_kingston,IBM_QPU,1024,30,3.0,0.0,BV30-ALT_IBM-QPU_003_000,BV30-ALT_IBM_ibm_kingston_20260718_124131.json,572,primary,30,1,singleton,False,0.0,010101010101010101110101010101,0.0,59,54,0.04424778761061947,0.1103515625,0.0576171875,0.0048828125,0.7068822614919521,True,0.052734375,59,-0.04424778761061947,0.0,-0.04424778761061947,-0.04424778761061947,1.0,54,54,True,True,False,False,False,False,False,False,False
BV,BV30-ALT,ibm_kingston,IBM_QPU,1024,30,3.0,0.0,BV30-ALT_IBM-QPU_003_001,BV30-ALT_IBM_ibm_kingston_20260718_124131.json,573,primary,30,1,singleton,False,0.0,010101010101010101110101010101,0.0,57,36,0.22580645161290322,0.0908203125,0.0556640625,0.0205078125,0.03751423180190034,True,0.03515625,57,-0.22580645161290322,0.0,-0.22580645161290322,-0.22580645161290322,1.0,36,36,True,True,True,False,False,True,False,True,False
BV,BV30-ALT,ibm_kingston,IBM_QPU,1024,30,3.0,0.0,BV30-ALT_IBM-QPU_003_002,BV30-ALT_IBM_ibm_kingston_20260718_124131.json,574,primary,30,1,singleton,False,0.0,010101010101010101110101010101,0.0,67,41,0.24074074074074073,0.10546875,0.0654296875,0.025390625,0.01574929114912747,True,0.0400390625,67,-0.24074074074074073,0.0,-0.24074074074074073,-0.24074074074074073,1.0,41,41,True,True,True,False,False,True,False,True,False
BV,BV30-ALT,ibm_kingston,IBM_QPU,1024,30,3.0,0.0,BV30-ALT_IBM-QPU_003_003,BV30-ALT_IBM_ibm_kingston_20260718_124131.json,575,primary,30,1,singleton,False,0.0,010101010101010101110101010101,0.0,80,41,0.32231404958677684,0.1181640625,0.078125,0.0380859375,0.0004985619576974187,True,0.0400390625,80,-0.32231404958677684,0.0,-0.32231404958677684,-0.32231404958677684,1.0,41,41,True,True,True,False,False,True,True,True,False
BV,BV30-ALT,ibm_kingston,IBM_QPU,1024,30,3.0,0.0,BV30-ALT_IBM-QPU_003_004,BV30-ALT_IBM_ibm_kingston_20260718_124131.json,576,primary,30,1,singleton,False,0.0,010101010101010101110101010101,0.0,63,36,0.2727272727272727,0.0966796875,0.0615234375,0.0263671875,0.008633586943417947,True,0.03515625,63,-0.2727272727272727,0.0,-0.2727272727272727,-0.2727272727272727,1.0,36,36,True,True,True,False,False,True,True,True,False
BV,BV30-ALT,ibm_kingston,IBM_QPU,1024,30,3.0,0.0,BV30-ALT_IBM-QPU_003_005,BV30-ALT_IBM_ibm_kingston_20260718_124131.json,577,primary,30,1,singleton,False,0.0,010101010101010101110101010101,0.0,65,42,0.21495327102803738,0.1044921875,0.0634765625,0.0224609375,0.03294666029982694,True,0.041015625,65,-0.21495327102803738,0.0,-0.21495327102803738,-0.21495327102803738,1.0,42,42,True,True,True,False,False,True,False,True,False
BV,BV30-ALT,ibm_kingston,IBM_QPU,1024,30,3.0,0.0,BV30-ALT_IBM-QPU_003_006,BV30-ALT_IBM_ibm_kingston_20260718_124131.json,578,primary,30,1,singleton,False,0.0,010101010101010101110101010101,0.0,68,31,0.37373737373737376,0.0966796875,0.06640625,0.0361328125,0.00025534608649658137,True,0.0302734375,68,-0.37373737373737376,0.0,-0.37373737373737376,-0.37373737373737376,1.0,31,31,True,True,True,False,False,True,True,True,False
BV,BV30-ALT,ibm_kingston,IBM_QPU,1024,30,3.0,0.0,BV30-ALT_IBM-QPU_003_007,BV30-ALT_IBM_ibm_kingston_20260718_124131.json,579,primary,30,1,singleton,False,0.0,010101010101010101110101010101,0.0,79,44,0.2845528455284553,0.1201171875,0.0771484375,0.0341796875,0.0020450395818434647,True,0.021484375,79,-0.5643564356435643,0.0,-0.5643564356435643,-0.5643564356435643,1.0,22,22,True,True,True,False,False,True,True,True,False
BV,BV30-ALT,ibm_kingston,IBM_QPU,1024,30,3.0,0.0,BV30-ALT_IBM-QPU_003_008,BV30-ALT_IBM_ibm_kingston_20260718_124131.json,580,primary,30,1,singleton,False,0.0,010101010101010101110101010101,0.0,65,47,0.16071428571428573,0.109375,0.0634765625,0.017578125,0.10778227965475423,True,0.0361328125,65,-0.27450980392156865,0.0,-0.27450980392156865,-0.27450980392156865,1.0,37,37,True,True,False,False,False,False,False,False,False
BV,BV30-ALT,ibm_marrakesh,IBM_QPU,1024,30,3.0,99.0,BV30-ALT_IBM-QPU_003,BV30-ALT_IBM_ibm_marrakesh_20260714_211334.json,581,primary,30,1,singleton,False,1.0,010101010101010101010101010101,0.415385,46,19,0.4153846153846154,0.0634765625,0.044921875,0.0263671875,0.0010900838044475786,True,0.044921875,19,0.4153846153846154,0.4153846153846154,0.4153846153846154,0.4153846153846154,1.0,46,46,True,True,True,False,False,True,True,True,False
BV,BV31-ALT,ibm_kingston,IBM_QPU,1024,31,3.0,108.0,BV31-ALT_IBM-QPU_003_000,BV31-ALT_IBM_ibm_kingston_20260718_082150.json,582,primary,31,1,singleton,False,0.0,1010101010111010101010101000101,0.0,72,55,0.13385826771653545,0.1240234375,0.0703125,0.0166015625,0.15540010008390473,True,0.0048828125,72,-0.8701298701298701,0.0,-0.8701298701298701,-0.8701298701298701,1.0,5,5,True,True,False,False,False,False,False,False,False
BV,BV31-ALT,ibm_kingston,IBM_QPU,1024,31,3.0,108.0,BV31-ALT_IBM-QPU_003_001,BV31-ALT_IBM_ibm_kingston_20260718_082150.json,583,primary,31,1,singleton,False,0.0,1010101010111010101010101000101,0.0,42,40,0.024390243902439025,0.080078125,0.041015625,0.001953125,0.9121566075526037,True,0.0107421875,42,-0.5849056603773585,0.0,-0.5849056603773585,-0.5849056603773585,1.0,11,11,True,True,False,False,False,False,False,False,False
BV,BV31-ALT,ibm_kingston,IBM_QPU,1024,31,3.0,108.0,BV31-ALT_IBM-QPU_003_002,BV31-ALT_IBM_ibm_kingston_20260718_082150.json,584,primary,31,1,singleton,False,0.0,1010101010101010101010101000101,0.0,65,30,0.3684210526315789,0.0927734375,0.0634765625,0.0341796875,0.0004247927288947456,True,0.015625,65,-0.6049382716049383,0.0,-0.6049382716049383,-0.6049382716049383,1.0,16,16,True,True,True,False,False,True,True,True,False
BV,BV31-ALT,ibm_kingston,IBM_QPU,1024,31,3.0,108.0,BV31-ALT_IBM-QPU_003_003,BV31-ALT_IBM_ibm_kingston_20260718_082150.json,585,primary,31,1,singleton,False,0.0,1010101010111010101010101000101,0.0,63,62,0.008,0.1220703125,0.0615234375,0.0009765625,0.9999999999999998,True,0.0087890625,63,-0.75,0.0,-0.75,-0.75,1.0,9,9,True,True,False,False,False,False,False,False,False
BV,BV31-ALT,ibm_kingston,IBM_QPU,1024,31,3.0,108.0,BV31-ALT_IBM-QPU_003_004,BV31-ALT_IBM_ibm_kingston_20260718_082150.json,586,primary,31,1,singleton,False,0.0,1010101010101010101010101000101,0.0,68,45,0.20353982300884957,0.1103515625,0.06640625,0.0224609375,0.038018645582796294,True,0.0439453125,68,-0.20353982300884957,0.0,-0.20353982300884957,-0.20353982300884957,1.0,45,45,True,True,True,False,False,True,False,True,False
BV,BV31-ALT,ibm_kingston,IBM_QPU,1024,31,3.0,108.0,BV31-ALT_IBM-QPU_003_005,BV31-ALT_IBM_ibm_kingston_20260718_082150.json,587,primary,31,1,singleton,False,0.0,1010101010111010101010101000101,0.0,43,34,0.11688311688311688,0.0751953125,0.0419921875,0.0087890625,0.36203179773966154,True,0.0263671875,43,-0.22857142857142856,0.0,-0.22857142857142856,-0.22857142857142856,1.0,27,27,True,True,False,False,False,False,False,False,False
BV,BV31-ALT,ibm_kingston,IBM_QPU,1024,31,3.0,108.0,BV31-ALT_IBM-QPU_003_006,BV31-ALT_IBM_ibm_kingston_20260718_082150.json,588,primary,31,1,singleton,False,0.0,1010101010111010101010101000101,0.0,65,53,0.1016949152542373,0.115234375,0.0634765625,0.01171875,0.3112309933213222,True,0.0068359375,65,-0.8055555555555556,0.0,-0.8055555555555556,-0.8055555555555556,1.0,7,7,True,True,False,False,False,False,False,False,False
BV,BV31-ALT,ibm_kingston,IBM_QPU,1024,31,3.0,108.0,BV31-ALT_IBM-QPU_003_007,BV31-ALT_IBM_ibm_kingston_20260718_082150.json,589,primary,31,1,singleton,False,0.0,1010101010111010101010101000101,0.0,59,47,0.11320754716981132,0.103515625,0.0576171875,0.01171875,0.2852844218656583,True,0.0185546875,59,-0.5128205128205128,0.0,-0.5128205128205128,-0.5128205128205128,1.0,19,19,True,True,False,False,False,False,False,False,False
BV,BV31-ALT,ibm_kingston,IBM_QPU,1024,31,3.0,108.0,BV31-ALT_IBM-QPU_003_008,BV31-ALT_IBM_ibm_kingston_20260718_082150.json,590,primary,31,1,singleton,False,0.0,1010101010101010101010101000101,0.0,68,65,0.022556390977443608,0.1298828125,0.06640625,0.0029296875,0.8624034912671925,True,0.021484375,68,-0.5111111111111111,0.0,-0.5111111111111111,-0.5111111111111111,1.0,22,22,True,True,False,False,False,False,False,False,False
BV,BV31-ALT,ibm_marrakesh,IBM_QPU,1024,31,3.0,97.0,BV31-ALT_IBM-QPU_003,BV31-ALT_IBM_ibm_marrakesh_20260714_211416.json,591,primary,31,1,singleton,False,1.0,1010101010101010101010101010101,0.333333,48,24,0.3333333333333333,0.0703125,0.046875,0.0234375,0.006309827313666047,True,0.046875,24,0.3333333333333333,0.3333333333333333,0.3333333333333333,0.3333333333333333,1.0,48,48,True,True,True,False,False,True,True,True,False
BV,BV4-ALT,ibm_fez,IBM_QPU,1024,4,3.0,14.0,BV4-ALT_IBM-QPU_003_000,BV4-ALT_IBM_ibm_fez_20260717_114459.json,592,primary,4,1,singleton,False,1.0,0101,0.915344,905,40,0.9153439153439153,0.9228515625,0.8837890625,0.8447265625,3.884460780955761e-214,True,0.8837890625,40,0.9153439153439153,0.9153439153439153,0.9153439153439153,0.9153439153439153,1.0,905,905,True,True,True,True,True,True,True,True,True
BV,BV4-ALT,ibm_fez,IBM_QPU,1024,4,3.0,14.0,BV4-ALT_IBM-QPU_003_001,BV4-ALT_IBM_ibm_fez_20260717_114459.json,593,primary,4,1,singleton,False,1.0,0101,0.912863,922,42,0.9128630705394191,0.94140625,0.900390625,0.859375,8.284987364918454e-217,True,0.900390625,42,0.9128630705394191,0.9128630705394191,0.9128630705394191,0.9128630705394191,1.0,922,922,True,True,True,True,True,True,True,True,True
BV,BV4-ALT,ibm_fez,IBM_QPU,1024,4,3.0,14.0,BV4-ALT_IBM-QPU_003_002,BV4-ALT_IBM_ibm_fez_20260717_114459.json,594,primary,4,1,singleton,False,1.0,0101,0.88162,906,57,0.881619937694704,0.9404296875,0.884765625,0.8291015625,1.4520490393779756e-197,True,0.884765625,57,0.881619937694704,0.881619937694704,0.881619937694704,0.881619937694704,1.0,906,906,True,True,True,True,True,True,True,True,True
BV,BV4-ALT,ibm_fez,IBM_QPU,1024,4,3.0,14.0,BV4-ALT_IBM-QPU_003_003,BV4-ALT_IBM_ibm_fez_20260717_114459.json,595,primary,4,1,singleton,False,1.0,0101,0.889698,908,53,0.8896982310093653,0.9384765625,0.88671875,0.8349609375,7.182423784810158e-202,True,0.88671875,53,0.8896982310093653,0.8896982310093653,0.8896982310093653,0.8896982310093653,1.0,908,908,True,True,True,True,True,True,True,True,True
BV,BV4-ALT,ibm_fez,IBM_QPU,1024,4,3.0,14.0,BV4-ALT_IBM-QPU_003_004,BV4-ALT_IBM_ibm_fez_20260717_114459.json,596,primary,4,1,singleton,False,1.0,0101,0.899791,910,48,0.8997912317327766,0.935546875,0.888671875,0.841796875,2.6876902104116663e-207,True,0.888671875,48,0.8997912317327766,0.8997912317327766,0.8997912317327766,0.8997912317327766,1.0,910,910,True,True,True,True,True,True,True,True,True
BV,BV4-ALT,ibm_fez,IBM_QPU,1024,4,3.0,14.0,BV4-ALT_IBM-QPU_003_005,BV4-ALT_IBM_ibm_fez_20260717_114459.json,597,primary,4,1,singleton,False,1.0,0101,0.884089,894,55,0.8840885142255005,0.9267578125,0.873046875,0.8193359375,4.018376679478728e-196,True,0.873046875,55,0.8840885142255005,0.8840885142255005,0.8840885142255005,0.8840885142255005,1.0,894,894,True,True,True,True,True,True,True,True,True
BV,BV4-ALT,ibm_fez,IBM_QPU,1024,4,3.0,14.0,BV4-ALT_IBM-QPU_003_006,BV4-ALT_IBM_ibm_fez_20260717_114459.json,598,primary,4,1,singleton,False,1.0,0101,0.890496,915,53,0.890495867768595,0.9453125,0.8935546875,0.841796875,8.328835214341345e-204,True,0.8935546875,53,0.890495867768595,0.890495867768595,0.890495867768595,0.890495867768595,1.0,915,915,True,True,True,True,True,True,True,True,True
BV,BV4-ALT,ibm_fez,IBM_QPU,1024,4,3.0,14.0,BV4-ALT_IBM-QPU_003_007,BV4-ALT_IBM_ibm_fez_20260717_114459.json,599,primary,4,1,singleton,False,1.0,0101,0.891726,926,53,0.891726251276813,0.9560546875,0.904296875,0.8525390625,7.52028586050649e-207,True,0.904296875,53,0.891726251276813,0.891726251276813,0.891726251276813,0.891726251276813,1.0,926,926,True,True,True,True,True,True,True,True,True
BV,BV4-ALT,ibm_fez,IBM_QPU,1024,4,3.0,14.0,BV4-ALT_IBM-QPU_003_008,BV4-ALT_IBM_ibm_fez_20260717_114459.json,600,primary,4,1,singleton,False,1.0,0101,0.90625,915,45,0.90625,0.9375,0.8935546875,0.849609375,1.008153976904365e-211,True,0.8935546875,45,0.90625,0.90625,0.90625,0.90625,1.0,915,915,True,True,True,True,True,True,True,True,True
BV,BV4-ALT,ibm_marrakesh,IBM_QPU,1024,4,3.0,14.0,BV4-ALT_IBM-QPU_003,BV4-ALT_IBM_ibm_marrakesh_20260714_204016.json,601,primary,4,1,singleton,False,1.0,0101,0.935484,960,32,0.9354838709677419,0.96875,0.9375,0.90625,8.763635034353186e-239,True,0.9375,32,0.9354838709677419,0.9354838709677419,0.9354838709677419,0.9354838709677419,1.0,960,960,True,True,True,True,True,True,True,True,True
BV,BV5-ALT,ibm_fez,IBM_QPU,1024,5,3.0,15.0,BV5-ALT_IBM-QPU_003_000,BV5-ALT_IBM_ibm_fez_20260717_114554.json,602,primary,5,1,singleton,False,1.0,10101,0.945263,924,26,0.9452631578947368,0.927734375,0.90234375,0.876953125,1.0004022223989113e-235,True,0.90234375,26,0.9452631578947368,0.9452631578947368,0.9452631578947368,0.9452631578947368,1.0,924,924,True,True,True,True,True,True,True,True,True
BV,BV5-ALT,ibm_fez,IBM_QPU,1024,5,3.0,15.0,BV5-ALT_IBM-QPU_003_001,BV5-ALT_IBM_ibm_fez_20260717_114554.json,603,primary,5,1,singleton,False,1.0,10101,0.956296,940,21,0.9562955254942768,0.9384765625,0.91796875,0.8974609375,7.149193305720097e-247,True,0.91796875,21,0.9562955254942768,0.9562955254942768,0.9562955254942768,0.9562955254942768,1.0,940,940,True,True,True,True,True,True,True,True,True
BV,BV5-ALT,ibm_fez,IBM_QPU,1024,5,3.0,15.0,BV5-ALT_IBM-QPU_003_002,BV5-ALT_IBM_ibm_fez_20260717_114554.json,604,primary,5,1,singleton,False,1.0,10101,0.935282,927,31,0.9352818371607515,0.935546875,0.9052734375,0.875,1.6721202797742537e-230,True,0.9052734375,31,0.9352818371607515,0.9352818371607515,0.9352818371607515,0.9352818371607515,1.0,927,927,True,True,True,True,True,True,True,True,True
BV,BV5-ALT,ibm_fez,IBM_QPU,1024,5,3.0,15.0,BV5-ALT_IBM-QPU_003_003,BV5-ALT_IBM_ibm_fez_20260717_114554.json,605,primary,5,1,singleton,False,1.0,10101,0.951933,934,23,0.9519331243469175,0.9345703125,0.912109375,0.8896484375,1.8150341297031759e-242,True,0.912109375,23,0.9519331243469175,0.9519331243469175,0.9519331243469175,0.9519331243469175,1.0,934,934,True,True,True,True,True,True,True,True,True
BV,BV5-ALT,ibm_fez,IBM_QPU,1024,5,3.0,15.0,BV5-ALT_IBM-QPU_003_004,BV5-ALT_IBM_ibm_fez_20260717_114554.json,606,primary,5,1,singleton,False,1.0,10101,0.919916,911,38,0.9199157007376185,0.9267578125,0.8896484375,0.8525390625,5.414779928314207e-218,True,0.8896484375,38,0.9199157007376185,0.9199157007376185,0.9199157007376185,0.9199157007376185,1.0,911,911,True,True,True,True,True,True,True,True,True
BV,BV5-ALT,ibm_fez,IBM_QPU,1024,5,3.0,15.0,BV5-ALT_IBM-QPU_003_005,BV5-ALT_IBM_ibm_fez_20260717_114554.json,607,primary,5,1,singleton,False,1.0,10101,0.931987,909,32,0.9319872476089267,0.9189453125,0.8876953125,0.8564453125,3.552339807193998e-224,True,0.8876953125,32,0.9319872476089267,0.9319872476089267,0.9319872476089267,0.9319872476089267,1.0,909,909,True,True,True,True,True,True,True,True,True
BV,BV5-ALT,ibm_fez,IBM_QPU,1024,5,3.0,15.0,BV5-ALT_IBM-QPU_003_006,BV5-ALT_IBM_ibm_fez_20260717_114554.json,608,primary,5,1,singleton,False,1.0,10101,0.93089,922,33,0.930890052356021,0.9326171875,0.900390625,0.8681640625,9.811131303705262e-227,True,0.900390625,33,0.930890052356021,0.930890052356021,0.930890052356021,0.930890052356021,1.0,922,922,True,True,True,True,True,True,True,True,True
BV,BV5-ALT,ibm_fez,IBM_QPU,1024,5,3.0,15.0,BV5-ALT_IBM-QPU_003_007,BV5-ALT_IBM_ibm_fez_20260717_114554.json,609,primary,5,1,singleton,False,1.0,10101,0.930306,914,33,0.9303062302006336,0.9248046875,0.892578125,0.8603515625,1.894356575404421e-224,True,0.892578125,33,0.9303062302006336,0.9303062302006336,0.9303062302006336,0.9303062302006336,1.0,914,914,True,True,True,True,True,True,True,True,True
BV,BV5-ALT,ibm_fez,IBM_QPU,1024,5,3.0,15.0,BV5-ALT_IBM-QPU_003_008,BV5-ALT_IBM_ibm_fez_20260717_114554.json,610,primary,5,1,singleton,False,1.0,10101,0.945607,930,26,0.9456066945606695,0.93359375,0.908203125,0.8828125,1.8448235677956802e-237,True,0.908203125,26,0.9456066945606695,0.9456066945606695,0.9456066945606695,0.9456066945606695,1.0,930,930,True,True,True,True,True,True,True,True,True
BV,BV5-ALT,ibm_marrakesh,IBM_QPU,1024,5,3.0,15.0,BV5-ALT_IBM-QPU_003,BV5-ALT_IBM_ibm_marrakesh_20260714_204059.json,611,primary,5,1,singleton,False,1.0,10101,0.867861,834,59,0.8678611422172452,0.8720703125,0.814453125,0.7568359375,4.171878239239279e-176,True,0.814453125,59,0.8678611422172452,0.8678611422172452,0.8678611422172452,0.8678611422172452,1.0,834,834,True,True,True,True,True,True,True,True,True
BV,BV6-ALT,ibm_fez,IBM_QPU,1024,6,3.0,15.0,BV6-ALT_IBM-QPU_003_000,BV6-ALT_IBM_ibm_fez_20260717_114640.json,612,primary,6,1,singleton,False,1.0,010101,0.936102,909,30,0.9361022364217252,0.9169921875,0.8876953125,0.8583984375,1.589943935296458e-226,True,0.8876953125,30,0.9361022364217252,0.9361022364217252,0.9361022364217252,0.9361022364217252,1.0,909,909,True,True,True,True,True,True,True,True,True
BV,BV6-ALT,ibm_fez,IBM_QPU,1024,6,3.0,15.0,BV6-ALT_IBM-QPU_003_001,BV6-ALT_IBM_ibm_fez_20260717_114640.json,613,primary,6,1,singleton,False,1.0,010101,0.93576,904,30,0.9357601713062098,0.912109375,0.8828125,0.853515625,4.3246573987942064e-225,True,0.8828125,30,0.9357601713062098,0.9357601713062098,0.9357601713062098,0.9357601713062098,1.0,904,904,True,True,True,True,True,True,True,True,True
BV,BV6-ALT,ibm_fez,IBM_QPU,1024,6,3.0,15.0,BV6-ALT_IBM-QPU_003_002,BV6-ALT_IBM_ibm_fez_20260717_114640.json,614,primary,6,1,singleton,False,1.0,010101,0.930306,914,33,0.9303062302006336,0.9248046875,0.892578125,0.8603515625,1.894356575404421e-224,True,0.892578125,33,0.9303062302006336,0.9303062302006336,0.9303062302006336,0.9303062302006336,1.0,914,914,True,True,True,True,True,True,True,True,True
BV,BV6-ALT,ibm_fez,IBM_QPU,1024,6,3.0,15.0,BV6-ALT_IBM-QPU_003_003,BV6-ALT_IBM_ibm_fez_20260717_114640.json,615,primary,6,1,singleton,False,1.0,010101,0.938947,921,29,0.9389473684210526,0.927734375,0.8994140625,0.87109375,3.600434795076454e-231,True,0.8994140625,29,0.9389473684210526,0.9389473684210526,0.9389473684210526,0.9389473684210526,1.0,921,921,True,True,True,True,True,True,True,True,True
BV,BV6-ALT,ibm_fez,IBM_QPU,1024,6,3.0,15.0,BV6-ALT_IBM-QPU_003_004,BV6-ALT_IBM_ibm_fez_20260717_114640.json,616,primary,6,1,singleton,False,1.0,010101,0.938429,913,29,0.9384288747346072,0.919921875,0.8916015625,0.86328125,7.187884052823256e-229,True,0.8916015625,29,0.9384288747346072,0.9384288747346072,0.9384288747346072,0.9384288747346072,1.0,913,913,True,True,True,True,True,True,True,True,True
BV,BV6-ALT,ibm_fez,IBM_QPU,1024,6,3.0,15.0,BV6-ALT_IBM-QPU_003_005,BV6-ALT_IBM_ibm_fez_20260717_114640.json,617,primary,6,1,singleton,False,1.0,010101,0.941484,929,28,0.9414838035527691,0.9345703125,0.9072265625,0.8798828125,1.0883586236699047e-234,True,0.9072265625,28,0.9414838035527691,0.9414838035527691,0.9414838035527691,0.9414838035527691,1.0,929,929,True,True,True,True,True,True,True,True,True
BV,BV6-ALT,ibm_fez,IBM_QPU,1024,6,3.0,15.0,BV6-ALT_IBM-QPU_003_006,BV6-ALT_IBM_ibm_fez_20260717_114640.json,618,primary,6,1,singleton,False,1.0,010101,0.934113,910,31,0.9341126461211477,0.9189453125,0.888671875,0.8583984375,1.2477069643121012e-225,True,0.888671875,31,0.9341126461211477,0.9341126461211477,0.9341126461211477,0.9341126461211477,1.0,910,910,True,True,True,True,True,True,True,True,True
BV,BV6-ALT,ibm_fez,IBM_QPU,1024,6,3.0,15.0,BV6-ALT_IBM-QPU_003_007,BV6-ALT_IBM_ibm_fez_20260717_114640.json,619,primary,6,1,singleton,False,1.0,010101,0.925611,906,35,0.9256110520722636,0.9189453125,0.884765625,0.8505859375,6.795985671185136e-220,True,0.884765625,35,0.9256110520722636,0.9256110520722636,0.9256110520722636,0.9256110520722636,1.0,906,906,True,True,True,True,True,True,True,True,True
BV,BV6-ALT,ibm_fez,IBM_QPU,1024,6,3.0,15.0,BV6-ALT_IBM-QPU_003_008,BV6-ALT_IBM_ibm_fez_20260717_114640.json,620,primary,6,1,singleton,False,1.0,010101,0.936842,920,30,0.9368421052631579,0.927734375,0.8984375,0.869140625,1.1066113909409885e-229,True,0.8984375,30,0.9368421052631579,0.9368421052631579,0.9368421052631579,0.9368421052631579,1.0,920,920,True,True,True,True,True,True,True,True,True
BV,BV6-ALT,ibm_marrakesh,IBM_QPU,1024,6,3.0,15.0,BV6-ALT_IBM-QPU_003,BV6-ALT_IBM_ibm_marrakesh_20260714_204140.json,621,primary,6,1,singleton,False,1.0,010101,0.880871,821,52,0.8808705612829324,0.8525390625,0.8017578125,0.7509765625,7.642910546589463e-179,True,0.8017578125,52,0.8808705612829324,0.8808705612829324,0.8808705612829324,0.8808705612829324,1.0,821,821,True,True,True,True,True,True,True,True,True
BV,BV7-ALT,ibm_kingston,IBM_QPU,1024,7,3.0,26.0,BV7-ALT_IBM-QPU_003_000,BV7-ALT_IBM_ibm_kingston_20260717_115435.json,622,primary,7,1,singleton,False,1.0,1010101,0.804494,803,87,0.8044943820224719,0.869140625,0.7841796875,0.69921875,6.597889898003029e-146,True,0.7841796875,87,0.8044943820224719,0.8044943820224719,0.8044943820224719,0.8044943820224719,1.0,803,803,True,True,True,True,True,True,True,True,True
BV,BV7-ALT,ibm_kingston,IBM_QPU,1024,7,3.0,26.0,BV7-ALT_IBM-QPU_003_001,BV7-ALT_IBM_ibm_kingston_20260717_115435.json,623,primary,7,1,singleton,False,1.0,1010101,0.818594,802,80,0.81859410430839,0.861328125,0.783203125,0.705078125,1.0372508633464522e-150,True,0.783203125,80,0.81859410430839,0.81859410430839,0.81859410430839,0.81859410430839,1.0,802,802,True,True,True,True,True,True,True,True,True
BV,BV7-ALT,ibm_kingston,IBM_QPU,1024,7,3.0,26.0,BV7-ALT_IBM-QPU_003_002,BV7-ALT_IBM_ibm_kingston_20260717_115435.json,624,primary,7,1,singleton,False,1.0,1010101,0.822121,799,78,0.82212086659065,0.8564453125,0.7802734375,0.7041015625,2.038048317418448e-151,True,0.7802734375,78,0.82212086659065,0.82212086659065,0.82212086659065,0.82212086659065,1.0,799,799,True,True,True,True,True,True,True,True,True
BV,BV7-ALT,ibm_kingston,IBM_QPU,1024,7,3.0,26.0,BV7-ALT_IBM-QPU_003_003,BV7-ALT_IBM_ibm_kingston_20260717_115435.json,625,primary,7,1,singleton,False,1.0,1010101,0.717751,779,128,0.7177508269018743,0.8857421875,0.7607421875,0.6357421875,1.7531701437296086e-114,True,0.7607421875,128,0.7177508269018743,0.7177508269018743,0.7177508269018743,0.7177508269018743,1.0,779,779,True,True,True,True,False,True,True,True,True
BV,BV7-ALT,ibm_kingston,IBM_QPU,1024,7,3.0,26.0,BV7-ALT_IBM-QPU_003_004,BV7-ALT_IBM_ibm_kingston_20260717_115435.json,626,primary,7,1,singleton,False,1.0,1010101,0.789233,781,92,0.7892325315005727,0.8525390625,0.7626953125,0.6728515625,7.50593543379082e-137,True,0.7626953125,92,0.7892325315005727,0.7892325315005727,0.7892325315005727,0.7892325315005727,1.0,781,781,True,True,True,True,False,True,True,True,True
BV,BV7-ALT,ibm_kingston,IBM_QPU,1024,7,3.0,26.0,BV7-ALT_IBM-QPU_003_005,BV7-ALT_IBM_ibm_kingston_20260717_115435.json,627,primary,7,1,singleton,False,1.0,1010101,0.825698,817,78,0.8256983240223463,0.8740234375,0.7978515625,0.7216796875,4.070528901580491e-156,True,0.7978515625,78,0.8256983240223463,0.8256983240223463,0.8256983240223463,0.8256983240223463,1.0,817,817,True,True,True,True,True,True,True,True,True
BV,BV7-ALT,ibm_kingston,IBM_QPU,1024,7,3.0,26.0,BV7-ALT_IBM-QPU_003_006,BV7-ALT_IBM_ibm_kingston_20260717_115435.json,628,primary,7,1,singleton,False,1.0,1010101,0.749129,753,108,0.7491289198606271,0.8408203125,0.7353515625,0.6298828125,9.897071504133839e-120,True,0.7353515625,108,0.7491289198606271,0.7491289198606271,0.7491289198606271,0.7491289198606271,1.0,753,753,True,True,True,True,False,True,True,True,True
BV,BV7-ALT,ibm_kingston,IBM_QPU,1024,7,3.0,26.0,BV7-ALT_IBM-QPU_003_007,BV7-ALT_IBM_ibm_kingston_20260717_115435.json,629,primary,7,1,singleton,False,1.0,1010101,0.846667,831,69,0.8466666666666667,0.87890625,0.8115234375,0.744140625,7.22896438594261e-167,True,0.8115234375,69,0.8466666666666667,0.8466666666666667,0.8466666666666667,0.8466666666666667,1.0,831,831,True,True,True,True,True,True,True,True,True
BV,BV7-ALT,ibm_kingston,IBM_QPU,1024,7,3.0,26.0,BV7-ALT_IBM-QPU_003_008,BV7-ALT_IBM_ibm_kingston_20260717_115435.json,630,primary,7,1,singleton,False,1.0,1010101,0.795328,807,92,0.7953281423804227,0.8779296875,0.7880859375,0.6982421875,1.923434304690501e-143,True,0.7880859375,92,0.7953281423804227,0.7953281423804227,0.7953281423804227,0.7953281423804227,1.0,807,807,True,True,True,True,False,True,True,True,True
BV,BV7-ALT,ibm_marrakesh,IBM_QPU,1024,7,3.0,20.0,BV7-ALT_IBM-QPU_003,BV7-ALT_IBM_ibm_marrakesh_20260714_204233.json,631,primary,7,1,singleton,False,1.0,1010101,0.873418,740,50,0.8734177215189873,0.771484375,0.72265625,0.673828125,1.690247932866963e-158,True,0.72265625,50,0.8734177215189873,0.8734177215189873,0.8734177215189873,0.8734177215189873,1.0,740,740,True,True,True,True,True,True,True,True,True
BV,BV8-ALT,ibm_marrakesh,IBM_QPU,1024,8,3.0,26.0,BV8-ALT_IBM-QPU_003,BV8-ALT_IBM_ibm_marrakesh_20260714_204316.json,632,primary,8,1,singleton,False,1.0,01010101,0.794228,715,82,0.794228356336261,0.7783203125,0.6982421875,0.6181640625,6.319869797737004e-127,True,0.6982421875,82,0.794228356336261,0.794228356336261,0.794228356336261,0.794228356336261,1.0,715,715,True,True,True,True,False,True,True,True,True
BV,BV8-ALT,ibm_marrakesh,IBM_QPU,1024,8,3.0,0.0,BV8-ALT_IBM-QPU_003_000,BV8-ALT_IBM_ibm_marrakesh_20260717_133820.json,633,primary,8,1,singleton,False,1.0,01010101,0.911215,818,38,0.9112149532710281,0.8359375,0.798828125,0.76171875,9.850222172743883e-192,True,0.798828125,38,0.9112149532710281,0.9112149532710281,0.9112149532710281,0.9112149532710281,1.0,818,818,True,True,True,True,True,True,True,True,True
BV,BV8-ALT,ibm_marrakesh,IBM_QPU,1024,8,3.0,0.0,BV8-ALT_IBM-QPU_003_001,BV8-ALT_IBM_ibm_marrakesh_20260717_133820.json,634,primary,8,1,singleton,False,1.0,01010101,0.894366,807,45,0.8943661971830986,0.83203125,0.7880859375,0.744140625,1.338549887519038e-181,True,0.7880859375,45,0.8943661971830986,0.8943661971830986,0.8943661971830986,0.8943661971830986,1.0,807,807,True,True,True,True,True,True,True,True,True
BV,BV8-ALT,ibm_marrakesh,IBM_QPU,1024,8,3.0,0.0,BV8-ALT_IBM-QPU_003_002,BV8-ALT_IBM_ibm_marrakesh_20260717_133820.json,635,primary,8,1,singleton,False,1.0,01010101,0.916667,828,36,0.9166666666666666,0.84375,0.80859375,0.7734375,1.1303873189630974e-196,True,0.80859375,36,0.9166666666666666,0.9166666666666666,0.9166666666666666,0.9166666666666666,1.0,828,828,True,True,True,True,True,True,True,True,True
BV,BV8-ALT,ibm_marrakesh,IBM_QPU,1024,8,3.0,0.0,BV8-ALT_IBM-QPU_003_003,BV8-ALT_IBM_ibm_marrakesh_20260717_133820.json,636,primary,8,1,singleton,False,1.0,01010101,0.91866,802,34,0.9186602870813397,0.81640625,0.783203125,0.75,1.770755559667135e-191,True,0.783203125,34,0.9186602870813397,0.9186602870813397,0.9186602870813397,0.9186602870813397,1.0,802,802,True,True,True,True,True,True,True,True,True
BV,BV8-ALT,ibm_marrakesh,IBM_QPU,1024,8,3.0,0.0,BV8-ALT_IBM-QPU_003_004,BV8-ALT_IBM_ibm_marrakesh_20260717_133820.json,637,primary,8,1,singleton,False,1.0,01010101,0.912833,790,36,0.9128329297820823,0.806640625,0.771484375,0.736328125,5.958123580136864e-186,True,0.771484375,36,0.9128329297820823,0.9128329297820823,0.9128329297820823,0.9128329297820823,1.0,790,790,True,True,True,True,True,True,True,True,True
BV,BV8-ALT,ibm_marrakesh,IBM_QPU,1024,8,3.0,0.0,BV8-ALT_IBM-QPU_003_005,BV8-ALT_IBM_ibm_marrakesh_20260717_133820.json,638,primary,8,1,singleton,False,1.0,01010101,0.889435,769,45,0.8894348894348895,0.794921875,0.7509765625,0.70703125,4.476310733617439e-171,True,0.7509765625,45,0.8894348894348895,0.8894348894348895,0.8894348894348895,0.8894348894348895,1.0,769,769,True,True,True,True,True,True,True,True,True
BV,BV8-ALT,ibm_marrakesh,IBM_QPU,1024,8,3.0,0.0,BV8-ALT_IBM-QPU_003_006,BV8-ALT_IBM_ibm_marrakesh_20260717_133820.json,639,primary,8,1,singleton,False,1.0,01010101,0.885505,774,47,0.8855054811205847,0.8017578125,0.755859375,0.7099609375,1.448944876584989e-170,True,0.755859375,47,0.8855054811205847,0.8855054811205847,0.8855054811205847,0.8855054811205847,1.0,774,774,True,True,True,True,True,True,True,True,True
BV,BV8-ALT,ibm_marrakesh,IBM_QPU,1024,8,3.0,0.0,BV8-ALT_IBM-QPU_003_007,BV8-ALT_IBM_ibm_marrakesh_20260717_133820.json,640,primary,8,1,singleton,False,1.0,01010101,0.903188,806,41,0.9031877213695395,0.8271484375,0.787109375,0.7470703125,2.7714743539922057e-185,True,0.787109375,41,0.9031877213695395,0.9031877213695395,0.9031877213695395,0.9031877213695395,1.0,806,806,True,True,True,True,True,True,True,True,True
BV,BV8-ALT,ibm_marrakesh,IBM_QPU,1024,8,3.0,0.0,BV8-ALT_IBM-QPU_003_008,BV8-ALT_IBM_ibm_marrakesh_20260717_133820.json,641,primary,8,1,singleton,False,1.0,01010101,0.928736,839,31,0.9287356321839081,0.849609375,0.8193359375,0.7890625,2.491347628548871e-205,True,0.8193359375,31,0.9287356321839081,0.9287356321839081,0.9287356321839081,0.9287356321839081,1.0,839,839,True,True,True,True,True,True,True,True,True
BV,BV9-ALT,ibm_fez,IBM_QPU,1024,9,3.0,37.0,BV9-ALT_IBM-QPU_003_000,BV9-ALT_IBM_ibm_fez_20260717_134010.json,642,primary,9,1,singleton,False,1.0,101010101,0.77858,739,92,0.7785800240673887,0.8115234375,0.7216796875,0.6318359375,2.7446076158958607e-126,True,0.7216796875,92,0.7785800240673887,0.7785800240673887,0.7785800240673887,0.7785800240673887,1.0,739,739,True,True,True,True,False,True,True,True,True
BV,BV9-ALT,ibm_fez,IBM_QPU,1024,9,3.0,37.0,BV9-ALT_IBM-QPU_003_001,BV9-ALT_IBM_ibm_fez_20260717_134010.json,643,primary,9,1,singleton,False,1.0,101010101,0.890511,777,45,0.8905109489051095,0.802734375,0.7587890625,0.71484375,2.747088119995014e-173,True,0.7587890625,45,0.8905109489051095,0.8905109489051095,0.8905109489051095,0.8905109489051095,1.0,777,777,True,True,True,True,True,True,True,True,True
BV,BV9-ALT,ibm_fez,IBM_QPU,1024,9,3.0,37.0,BV9-ALT_IBM-QPU_003_002,BV9-ALT_IBM_ibm_fez_20260717_134010.json,644,primary,9,1,singleton,False,1.0,101010101,0.79703,726,82,0.7970297029702971,0.7890625,0.708984375,0.62890625,1.0072205049278913e-129,True,0.708984375,82,0.7970297029702971,0.7970297029702971,0.7970297029702971,0.7970297029702971,1.0,726,726,True,True,True,True,False,True,True,True,True
BV,BV9-ALT,ibm_fez,IBM_QPU,1024,9,3.0,37.0,BV9-ALT_IBM-QPU_003_003,BV9-ALT_IBM_ibm_fez_20260717_134010.json,645,primary,9,1,singleton,False,1.0,101010101,0.74878,717,103,0.748780487804878,0.80078125,0.7001953125,0.599609375,5.5554569105596796e-114,True,0.7001953125,103,0.748780487804878,0.748780487804878,0.748780487804878,0.748780487804878,1.0,717,717,True,True,True,True,False,True,True,True,True
BV,BV9-ALT,ibm_fez,IBM_QPU,1024,9,3.0,37.0,BV9-ALT_IBM-QPU_003_004,BV9-ALT_IBM_ibm_fez_20260717_134010.json,646,primary,9,1,singleton,False,1.0,101010101,0.759524,739,101,0.7595238095238095,0.8203125,0.7216796875,0.623046875,1.430695779574853e-120,True,0.7216796875,101,0.7595238095238095,0.7595238095238095,0.7595238095238095,0.7595238095238095,1.0,739,739,True,True,True,True,False,True,True,True,True
BV,BV9-ALT,ibm_fez,IBM_QPU,1024,9,3.0,37.0,BV9-ALT_IBM-QPU_003_005,BV9-ALT_IBM_ibm_fez_20260717_134010.json,647,primary,9,1,singleton,False,1.0,101010101,0.771712,714,92,0.771712158808933,0.787109375,0.697265625,0.607421875,4.704698216757554e-120,True,0.697265625,92,0.771712158808933,0.771712158808933,0.771712158808933,0.771712158808933,1.0,714,714,True,True,True,True,False,True,True,True,True
BV,BV9-ALT,ibm_fez,IBM_QPU,1024,9,3.0,37.0,BV9-ALT_IBM-QPU_003_006,BV9-ALT_IBM_ibm_fez_20260717_134010.json,648,primary,9,1,singleton,False,1.0,101010101,0.727711,717,113,0.727710843373494,0.810546875,0.7001953125,0.58984375,3.596579090321375e-108,True,0.7001953125,113,0.727710843373494,0.727710843373494,0.727710843373494,0.727710843373494,1.0,717,717,True,True,True,True,False,True,True,True,True
BV,BV9-ALT,ibm_fez,IBM_QPU,1024,9,3.0,37.0,BV9-ALT_IBM-QPU_003_007,BV9-ALT_IBM_ibm_fez_20260717_134010.json,649,primary,9,1,singleton,False,1.0,101010101,0.771011,727,94,0.7710109622411693,0.8017578125,0.7099609375,0.6181640625,5.270945743371185e-122,True,0.7099609375,94,0.7710109622411693,0.7710109622411693,0.7710109622411693,0.7710109622411693,1.0,727,727,True,True,True,True,False,True,True,True,True
BV,BV9-ALT,ibm_fez,IBM_QPU,1024,9,3.0,37.0,BV9-ALT_IBM-QPU_003_008,BV9-ALT_IBM_ibm_fez_20260717_134010.json,650,primary,9,1,singleton,False,1.0,101010101,0.908755,774,37,0.9087546239210851,0.7919921875,0.755859375,0.7197265625,2.0884899208077704e-180,True,0.755859375,37,0.9087546239210851,0.9087546239210851,0.9087546239210851,0.9087546239210851,1.0,774,774,True,True,True,True,True,True,True,True,True
BV,BV9-ALT,ibm_marrakesh,IBM_QPU,1024,9,3.0,37.0,BV9-ALT_IBM-QPU_003,BV9-ALT_IBM_ibm_marrakesh_20260714_204359.json,651,primary,9,1,singleton,False,1.0,101010101,0.616909,612,145,0.6169088507265522,0.7392578125,0.59765625,0.4560546875,4.894105655813933e-69,True,0.59765625,145,0.6169088507265522,0.6169088507265522,0.6169088507265522,0.6169088507265522,1.0,612,612,True,True,True,True,False,True,True,True,True
BV-SIGNAL-BACKGROUND,BVSB27,ibm_marrakesh,IBM_QPU,1024,27,3.0,92.0,BVSB27_IBM-QPU_003_000,BVSB27_IBM_ibm_marrakesh_20260721_142744.json,652,primary,26,2,multiple,False,1.0,00010101010101010101010101,0.0,8,7,0.06666666666666667,0.0146484375,0.0078125,0.0009765625,0.9999999999999998,True,0.0087890625,7,-0.21739130434782608,0.0,0.125,-0.75,1.0,1,8,True,True,False,False,False,False,False,False,False
BV-SIGNAL-BACKGROUND,BVSB27,ibm_marrakesh,IBM_QPU,1024,27,3.0,92.0,BVSB27_IBM-QPU_003_001,BVSB27_IBM_ibm_marrakesh_20260721_142744.json,653,primary,26,2,multiple,False,0.0,00010101010101010001010101,0.0,8,7,0.06666666666666667,0.0146484375,0.0078125,0.0009765625,0.9999999999999998,True,0.001953125,8,-0.7777777777777778,0.0,-0.6,-1.0,0.5,0,2,True,True,False,False,False,False,False,False,False
BV-SIGNAL-BACKGROUND,BVSB27,ibm_marrakesh,IBM_QPU,1024,27,3.0,92.0,BVSB27_IBM-QPU_003_002,BVSB27_IBM_ibm_marrakesh_20260721_142744.json,654,primary,26,2,multiple,False,0.0,00010101010101010001010101,0.0,9,7,0.125,0.015625,0.0087890625,0.001953125,0.803619384765625,True,0.0068359375,9,-0.44,0.0,-0.125,-1.0,0.5,0,7,True,True,False,False,False,False,False,False,False
BV-SIGNAL-BACKGROUND,BVSB27,ibm_marrakesh,IBM_QPU,1024,27,3.0,92.0,BVSB27_IBM-QPU_003_003,BVSB27_IBM_ibm_marrakesh_20260721_142744.json,655,primary,26,2,multiple,False,1.0,00010101010101010101010101,0.2,15,5,0.5,0.01953125,0.0146484375,0.009765625,0.04138946533203125,True,0.0146484375,5,0.2,0.2,0.5,-1.0,0.5,0,15,True,True,True,True,False,True,False,True,False
BV-SIGNAL-BACKGROUND,BVSB27,ibm_marrakesh,IBM_QPU,1024,27,3.0,92.0,BVSB27_IBM-QPU_003_004,BVSB27_IBM_ibm_marrakesh_20260721_142744.json,656,primary,26,2,multiple,False,0.0,00010101010101010001010101,0.0,8,6,0.14285714285714285,0.013671875,0.0078125,0.001953125,0.79052734375,True,0.005859375,8,-0.45454545454545453,0.0,-0.14285714285714285,-0.7777777777777778,1.0,1,5,True,True,False,False,False,False,False,False,False
BV-SIGNAL-BACKGROUND,BVSB27,ibm_marrakesh,IBM_QPU,1024,27,3.0,92.0,BVSB27_IBM-QPU_003_005,BVSB27_IBM_ibm_marrakesh_20260721_142744.json,657,primary,26,2,multiple,False,0.0,00010101010100010101010101,0.0,9,7,0.125,0.015625,0.0087890625,0.001953125,0.803619384765625,True,0.0068359375,9,-0.44,0.0,-0.125,-1.0,0.5,0,7,True,True,False,False,False,False,False,False,False
BV-SIGNAL-BACKGROUND,BVSB27,ibm_marrakesh,IBM_QPU,1024,27,3.0,92.0,BVSB27_IBM-QPU_003_006,BVSB27_IBM_ibm_marrakesh_20260721_142744.json,658,primary,26,2,multiple,False,1.0,00010101010101010101010101,0.0,11,8,0.15789473684210525,0.0185546875,0.0107421875,0.0029296875,0.6476058959960938,True,0.0107421875,8,-0.18518518518518517,0.0,0.15789473684210525,-1.0,0.5,0,11,True,True,False,False,False,False,False,False,False
BV-SIGNAL-BACKGROUND,BVSB27,ibm_marrakesh,IBM_QPU,1024,27,3.0,92.0,BVSB27_IBM-QPU_003_007,BVSB27_IBM_ibm_marrakesh_20260721_142744.json,659,primary,26,2,multiple,False,0.0,00010101000101010001010101,0.0,6,5,0.09090909090909091,0.0107421875,0.005859375,0.0009765625,1.0,True,0.0048828125,6,-0.4117647058823529,0.0,-0.09090909090909091,-1.0,0.5,0,5,True,True,False,False,False,False,False,False,False
BV-SIGNAL-BACKGROUND,BVSB27,ibm_marrakesh,IBM_QPU,1024,27,3.0,92.0,BVSB27_IBM-QPU_003_008,BVSB27_IBM_ibm_marrakesh_20260721_142744.json,660,primary,26,2,multiple,False,0.0,00010101010101010100010101,0.0,6,5,0.09090909090909091,0.0107421875,0.005859375,0.0009765625,1.0,True,0.0048828125,6,-0.4117647058823529,0.0,-0.09090909090909091,-1.0,0.5,0,5,True,True,False,False,False,False,False,False,False
BV-SIGNAL-BACKGROUND,BVSB27,ibm_marrakesh,IBM_QPU,1024,27,3.0,92.0,BVSB27_IBM-QPU_003_009,BVSB27_IBM_ibm_marrakesh_20260721_142744.json,661,primary,26,2,multiple,False,1.0,00010101010101010101010101,0.0,7,6,0.07692307692307693,0.0126953125,0.0068359375,0.0009765625,1.0,True,0.0078125,6,-0.2,0.0,0.14285714285714285,-0.7142857142857143,1.0,1,7,True,True,False,False,False,False,False,False,False
BV-SIGNAL-BACKGROUND,BVSB28,ibm_marrakesh,IBM_QPU,1024,28,3.0,118.0,BVSB28_IBM-QPU_003_000,BVSB28_IBM_ibm_marrakesh_20260721_141458.json,662,primary,27,2,multiple,False,0.0,010010101010101010101000100,0.0,6,5,0.09090909090909091,0.0107421875,0.005859375,0.0009765625,1.0,True,0.0078125,6,-0.2,0.0,0.14285714285714285,-0.3333333333333333,1.0,3,5,True,True,False,False,False,False,False,False,False
BV-SIGNAL-BACKGROUND,BVSB28,ibm_marrakesh,IBM_QPU,1024,28,3.0,118.0,BVSB28_IBM-QPU_003_001,BVSB28_IBM_ibm_marrakesh_20260721_141458.json,663,primary,27,2,multiple,False,0.0,010010100010101010101010100,0.0,5,3,0.25,0.0078125,0.0048828125,0.001953125,0.7265625,True,0.00390625,5,-0.42857142857142855,0.0,-0.1111111111111111,-0.6666666666666666,1.0,1,3,True,True,True,False,False,False,False,False,False
BV-SIGNAL-BACKGROUND,BVSB28,ibm_marrakesh,IBM_QPU,1024,28,3.0,118.0,BVSB28_IBM-QPU_003_002,BVSB28_IBM_ibm_marrakesh_20260721_141458.json,664,primary,27,2,multiple,False,0.25,TIED,0.0,4,4,0.0,0.0078125,0.00390625,0.0,1.0,False,0.005859375,4,-0.14285714285714285,0.0,0.2,-0.3333333333333333,1.0,2,4,True,False,False,False,False,False,False,False,False
BV-SIGNAL-BACKGROUND,BVSB28,ibm_marrakesh,IBM_QPU,1024,28,3.0,118.0,BVSB28_IBM-QPU_003_003,BVSB28_IBM_ibm_marrakesh_20260721_141458.json,665,primary,27,2,multiple,False,0.0,TIED,0.0,4,4,0.0,0.0078125,0.00390625,0.0,1.0,False,0.0029296875,4,-0.45454545454545453,0.0,-0.14285714285714285,-1.0,0.5,0,3,True,False,False,False,False,False,False,False,False
BV-SIGNAL-BACKGROUND,BVSB28,ibm_marrakesh,IBM_QPU,1024,28,3.0,118.0,BVSB28_IBM-QPU_003_004,BVSB28_IBM_ibm_marrakesh_20260721_141458.json,666,primary,27,2,multiple,False,0.0,TIED,0.0,4,4,0.0,0.0078125,0.00390625,0.0,1.0,False,0.001953125,4,-0.6,0.0,-0.3333333333333333,-0.6,1.0,1,1,True,False,False,False,False,False,False,False,False
BV-SIGNAL-BACKGROUND,BVSB28,ibm_marrakesh,IBM_QPU,1024,28,3.0,118.0,BVSB28_IBM-QPU_003_005,BVSB28_IBM_ibm_marrakesh_20260721_141458.json,667,primary,27,2,multiple,False,0.0,000010101010111010101010100,0.0,4,3,0.14285714285714285,0.0068359375,0.00390625,0.0009765625,1.0,True,0.0009765625,4,-0.7777777777777778,0.0,-0.6,-1.0,0.5,0,1,True,True,False,False,False,False,False,False,False
BV-SIGNAL-BACKGROUND,BVSB28,ibm_marrakesh,IBM_QPU,1024,28,3.0,118.0,BVSB28_IBM-QPU_003_006,BVSB28_IBM_ibm_marrakesh_20260721_141458.json,668,primary,27,2,multiple,False,0.0,TIED,0.0,4,4,0.0,0.0078125,0.00390625,0.0,1.0,False,0.0048828125,4,-0.23076923076923078,0.0,0.1111111111111111,-0.3333333333333333,1.0,2,3,True,False,False,False,False,False,False,False,False
BV-SIGNAL-BACKGROUND,BVSB28,ibm_marrakesh,IBM_QPU,1024,28,3.0,118.0,BVSB28_IBM-QPU_003_007,BVSB28_IBM_ibm_marrakesh_20260721_141458.json,669,primary,27,2,multiple,False,0.0,TIED,0.0,3,3,0.0,0.005859375,0.0029296875,0.0,1.0,False,0.0029296875,3,-0.3333333333333333,0.0,0.0,-0.5,1.0,1,2,True,False,False,False,False,False,False,False,False
BV-SIGNAL-BACKGROUND,BVSB28,ibm_marrakesh,IBM_QPU,1024,28,3.0,118.0,BVSB28_IBM-QPU_003_008,BVSB28_IBM_ibm_marrakesh_20260721_141458.json,670,primary,27,2,multiple,False,0.0,TIED,0.0,5,5,0.0,0.009765625,0.0048828125,0.0,1.0,False,0.0029296875,5,-0.5384615384615384,0.0,-0.25,-0.6666666666666666,1.0,1,2,True,False,False,False,False,False,False,False,False
BV-SIGNAL-BACKGROUND,BVSB28,ibm_marrakesh,IBM_QPU,1024,28,3.0,118.0,BVSB28_IBM-QPU_003_009,BVSB28_IBM_ibm_marrakesh_20260721_141458.json,671,primary,27,2,multiple,False,0.0,001010101010101010101010100,0.0,5,4,0.1111111111111111,0.0087890625,0.0048828125,0.0009765625,1.0,True,0.0048828125,5,-0.3333333333333333,0.0,0.0,-0.42857142857142855,1.0,2,3,True,True,False,False,False,False,False,False,False
BV-SIGNAL-BACKGROUND,BVSB29,ibm_marrakesh,IBM_QPU,1024,29,3.0,105.0,BVSB29_IBM-QPU_003_000,BVSB29_IBM_ibm_marrakesh_20260721_141604.json,672,primary,28,2,multiple,False,0.0,0001010101000111010100010001,0.0,3,2,0.2,0.0048828125,0.0029296875,0.0009765625,1.0,True,0.0,3,-1.0,0.0,-1.0,-1.0,0.0,0,0,True,True,True,False,False,False,False,False,False
BV-SIGNAL-BACKGROUND,BVSB29,ibm_marrakesh,IBM_QPU,1024,29,3.0,105.0,BVSB29_IBM-QPU_003_001,BVSB29_IBM_ibm_marrakesh_20260721_141604.json,673,primary,28,2,multiple,False,0.0,0001010101010110010101010101,0.0,3,2,0.2,0.0048828125,0.0029296875,0.0009765625,1.0,True,0.0,3,-1.0,0.0,-1.0,-1.0,0.0,0,0,True,True,True,False,False,False,False,False,False
BV-SIGNAL-BACKGROUND,BVSB29,ibm_marrakesh,IBM_QPU,1024,29,3.0,105.0,BVSB29_IBM-QPU_003_002,BVSB29_IBM_ibm_marrakesh_20260721_141604.json,674,primary,28,2,multiple,False,0.0,TIED,0.0,3,3,0.0,0.005859375,0.0029296875,0.0,1.0,False,0.0,3,-1.0,0.0,-1.0,-1.0,0.0,0,0,True,False,False,False,False,False,False,False,False
BV-SIGNAL-BACKGROUND,BVSB29,ibm_marrakesh,IBM_QPU,1024,29,3.0,105.0,BVSB29_IBM-QPU_003_003,BVSB29_IBM_ibm_marrakesh_20260721_141604.json,675,primary,28,2,multiple,False,0.0,0000010101010111010101010100,0.0,4,3,0.14285714285714285,0.0068359375,0.00390625,0.0009765625,1.0,True,0.0,4,-1.0,0.0,-1.0,-1.0,0.0,0,0,True,True,False,False,False,False,False,False,False
BV-SIGNAL-BACKGROUND,BVSB29,ibm_marrakesh,IBM_QPU,1024,29,3.0,105.0,BVSB29_IBM-QPU_003_004,BVSB29_IBM_ibm_marrakesh_20260721_141604.json,676,primary,28,2,multiple,False,0.0,TIED,0.0,3,3,0.0,0.005859375,0.0029296875,0.0,1.0,False,0.0,3,-1.0,0.0,-1.0,-1.0,0.0,0,0,True,False,False,False,False,False,False,False,False
BV-SIGNAL-BACKGROUND,BVSB29,ibm_marrakesh,IBM_QPU,1024,29,3.0,105.0,BVSB29_IBM-QPU_003_005,BVSB29_IBM_ibm_marrakesh_20260721_141604.json,677,primary,28,2,multiple,False,0.0,0000010101010101000101010101,0.0,4,2,0.3333333333333333,0.005859375,0.00390625,0.001953125,0.6875,True,0.0029296875,4,-0.45454545454545453,0.0,-0.14285714285714285,-0.6,1.0,1,2,True,True,True,False,False,False,False,False,False
BV-SIGNAL-BACKGROUND,BVSB29,ibm_marrakesh,IBM_QPU,1024,29,3.0,105.0,BVSB29_IBM-QPU_003_006,BVSB29_IBM_ibm_marrakesh_20260721_141604.json,678,primary,28,2,multiple,False,0.0,0111000101010101010101010100,0.0,3,2,0.2,0.0048828125,0.0029296875,0.0009765625,1.0,True,0.0009765625,3,-0.7142857142857143,0.0,-0.5,-1.0,0.5,0,1,True,True,True,False,False,False,False,False,False
BV-SIGNAL-BACKGROUND,BVSB29,ibm_marrakesh,IBM_QPU,1024,29,3.0,105.0,BVSB29_IBM-QPU_003_007,BVSB29_IBM_ibm_marrakesh_20260721_141604.json,679,primary,28,2,multiple,False,0.0,0001010101010111010101010101,0.0,3,2,0.2,0.0048828125,0.0029296875,0.0009765625,1.0,True,0.001953125,3,-0.5,0.0,-0.2,-1.0,0.5,0,2,True,True,True,False,False,False,False,False,False
BV-SIGNAL-BACKGROUND,BVSB29,ibm_marrakesh,IBM_QPU,1024,29,3.0,105.0,BVSB29_IBM-QPU_003_008,BVSB29_IBM_ibm_marrakesh_20260721_141604.json,680,primary,28,2,multiple,False,0.0,TIED,0.0,3,3,0.0,0.005859375,0.0029296875,0.0,1.0,False,0.001953125,3,-0.5,0.0,-0.2,-0.5,1.0,1,1,True,False,False,False,False,False,False,False,False
BV-SIGNAL-BACKGROUND,BVSB29,ibm_marrakesh,IBM_QPU,1024,29,3.0,105.0,BVSB29_IBM-QPU_003_009,BVSB29_IBM_ibm_marrakesh_20260721_141604.json,681,primary,28,2,multiple,False,0.0,0001010101010101000000010101,0.0,3,2,0.2,0.0048828125,0.0029296875,0.0009765625,1.0,True,0.001953125,3,-0.5,0.0,-0.2,-1.0,0.5,0,2,True,True,True,False,False,False,False,False,False
TELEPORTATION,payload_1,ibm_sherbrooke,IBM,4096,1,,8.0,d099jsbkzhn0008v2b50,2_experiment_results_target_depth.csv,682,teleportation_hardware,1,1,singleton,False,1.0,0,0.341797,2748,1348,0.341796875,1.0,0.6708984375,0.341796875,4.825813154416374e-108,True,0.6708984375,1348,0.341796875,0.341796875,0.341796875,0.341796875,1.0,2748,2748,True,True,True,False,False,True,True,True,True
TELEPORTATION,payload_1,ibm_sherbrooke,IBM,4096,1,,8.0,d099qmekzhn0008v2deg,2_experiment_results_target_depth.csv,683,teleportation_hardware,1,1,singleton,False,1.0,0,0.366211,2798,1298,0.3662109375,1.0,0.68310546875,0.3662109375,3.93845105463749e-124,True,0.68310546875,1298,0.3662109375,0.3662109375,0.3662109375,0.3662109375,1.0,2798,2798,True,True,True,False,False,True,True,True,True
TELEPORTATION,payload_1,ibm_sherbrooke,IBM,4096,1,,8.0,d099smyd8drg008yfj60,2_experiment_results_target_depth.csv,684,teleportation_hardware,1,1,singleton,False,1.0,0,0.170898,2398,1698,0.1708984375,1.0,0.58544921875,0.1708984375,6.760301523151241e-28,True,0.58544921875,1698,0.1708984375,0.1708984375,0.1708984375,0.1708984375,1.0,2398,2398,True,True,False,False,False,True,True,False,True
TELEPORTATION,payload_1,ibm_sherbrooke,IBM,4096,1,,8.0,d099szzqnmvg0086txk0,2_experiment_results_target_depth.csv,685,teleportation_hardware,1,1,singleton,False,1.0,0,0.1875,2432,1664,0.1875,1.0,0.59375,0.1875,2.8033776481577113e-33,True,0.59375,1664,0.1875,0.1875,0.1875,0.1875,1.0,2432,2432,True,True,False,False,False,True,True,False,True
TELEPORTATION,payload_1,ibm_sherbrooke,IBM,4096,1,,8.0,d099td1rxz8g0089yn50,2_experiment_results_target_depth.csv,686,teleportation_hardware,1,1,singleton,False,1.0,0,0.284668,2631,1465,0.28466796875,1.0,0.642333984375,0.28466796875,4.84192450692752e-75,True,0.642333984375,1465,0.28466796875,0.28466796875,0.28466796875,0.28466796875,1.0,2631,2631,True,True,True,False,False,True,True,True,True
TELEPORTATION,payload_1,ibm_sherbrooke,IBM,4096,1,,8.0,d099tzbrxz8g0089ynf0,2_experiment_results_target_depth.csv,687,teleportation_hardware,1,1,singleton,False,1.0,0,0.22998,2519,1577,0.22998046875,1.0,0.614990234375,0.22998046875,2.330042322365364e-49,True,0.614990234375,1577,0.22998046875,0.22998046875,0.22998046875,0.22998046875,1.0,2519,2519,True,True,True,False,False,True,True,True,True
TELEPORTATION,payload_1,ibm_sherbrooke,IBM,4096,1,,8.0,d099va5rxz8g0089ynn0,2_experiment_results_target_depth.csv,688,teleportation_hardware,1,1,singleton,False,1.0,0,0.348145,2761,1335,0.34814453125,1.0,0.674072265625,0.34814453125,4.1384784413554856e-112,True,0.674072265625,1335,0.34814453125,0.34814453125,0.34814453125,0.34814453125,1.0,2761,2761,True,True,True,False,False,True,True,True,True
TELEPORTATION,payload_1,ibm_sherbrooke,IBM,4096,1,,8.0,d099vhpkzhn0008v2f60,2_experiment_results_target_depth.csv,689,teleportation_hardware,1,1,singleton,False,1.0,0,0.328613,2721,1375,0.32861328125,1.0,0.664306640625,0.32861328125,7.438995565078289e-100,True,0.664306640625,1375,0.32861328125,0.32861328125,0.32861328125,0.32861328125,1.0,2721,2721,True,True,True,False,False,True,True,True,True
TELEPORTATION,payload_1,ibm_sherbrooke,IBM,4096,1,,8.0,d099vx7qnmvg0086tygg,2_experiment_results_target_depth.csv,690,teleportation_hardware,1,1,singleton,False,1.0,0,0.338867,2742,1354,0.3388671875,1.0,0.66943359375,0.3388671875,3.413349888042786e-106,True,0.66943359375,1354,0.3388671875,0.3388671875,0.3388671875,0.3388671875,1.0,2742,2742,True,True,True,False,False,True,True,True,True
TELEPORTATION,payload_1,ibm_sherbrooke,IBM,4096,1,,8.0,d099wc1nhqag008p97d0,2_experiment_results_target_depth.csv,691,teleportation_hardware,1,1,singleton,False,1.0,0,0.358398,2782,1314,0.3583984375,1.0,0.67919921875,0.3583984375,7.505287999684527e-119,True,0.67919921875,1314,0.3583984375,0.3583984375,0.3583984375,0.3583984375,1.0,2782,2782,True,True,True,False,False,True,True,True,True
TELEPORTATION,payload_1,ibm_sherbrooke,IBM,4096,1,,9.0,d099wzbqnmvg0086tyz0,2_experiment_results_target_depth.csv,692,teleportation_hardware,1,1,singleton,False,1.0,0,0.345215,2755,1341,0.34521484375,1.0,0.672607421875,0.34521484375,3.190678884142051e-110,True,0.672607421875,1341,0.34521484375,0.34521484375,0.34521484375,0.34521484375,1.0,2755,2755,True,True,True,False,False,True,True,True,True
TELEPORTATION,payload_2,ibm_sherbrooke,IBM,4096,2,,10.0,d099xgyqnmvg0086tz8g,2_experiment_results_target_depth.csv,693,teleportation_hardware,2,1,singleton,False,0.0,10,0.0,1622,1066,0.20684523809523808,0.65625,0.39599609375,0.1357421875,6.387478469585475e-27,True,0.181396484375,1622,-0.37167019027484144,0.0,-0.37167019027484144,-0.37167019027484144,1.0,743,743,True,True,True,False,False,True,True,True,True
TELEPORTATION,payload_1,ibm_sherbrooke,IBM,4096,1,,9.0,d099xz7qnmvg0086tzdg,2_experiment_results_target_depth.csv,694,teleportation_hardware,1,1,singleton,False,1.0,0,0.223145,2505,1591,0.22314453125,1.0,0.611572265625,0.22314453125,1.5168596203441809e-46,True,0.611572265625,1591,0.22314453125,0.22314453125,0.22314453125,0.22314453125,1.0,2505,2505,True,True,True,False,False,True,True,True,True
TELEPORTATION,payload_2,ibm_sherbrooke,IBM,4096,2,,10.0,d099ztfrxz8g0089yq7g,2_experiment_results_target_depth.csv,695,teleportation_hardware,2,1,singleton,False,0.0,11,0.0,2052,909,0.3860182370820669,0.722900390625,0.5009765625,0.279052734375,2.5856855060210935e-100,True,0.103271484375,2052,-0.6581818181818182,0.0,-0.6581818181818182,-0.6581818181818182,1.0,423,423,True,True,True,False,False,True,True,True,True
TELEPORTATION,payload_1,ibm_sherbrooke,IBM,4096,1,,9.0,d09a1p6qnmvg0086v11g,2_experiment_results_target_depth.csv,696,teleportation_hardware,1,1,singleton,False,1.0,0,0.335938,2736,1360,0.3359375,1.0,0.66796875,0.3359375,2.3204783766965276e-104,True,0.66796875,1360,0.3359375,0.3359375,0.3359375,0.3359375,1.0,2736,2736,True,True,True,False,False,True,True,True,True
TELEPORTATION,payload_2,ibm_sherbrooke,IBM,4096,2,,10.0,d09a39n6rr3g00870zy0,2_experiment_results_target_depth.csv,697,teleportation_hardware,2,1,singleton,False,0.0,10,0.0,2157,1321,0.24036802760207016,0.84912109375,0.526611328125,0.2041015625,6.162810031321122e-46,True,0.322509765625,2157,-0.24036802760207016,0.0,-0.24036802760207016,-0.24036802760207016,1.0,1321,1321,True,True,True,False,False,True,True,True,True
TELEPORTATION,payload_1,ibm_sherbrooke,IBM,4096,1,,9.0,d09a4206rr3g0087108g,2_experiment_results_target_depth.csv,698,teleportation_hardware,1,1,singleton,False,1.0,0,0.369141,2804,1292,0.369140625,1.0,0.6845703125,0.369140625,3.828990590037819e-126,True,0.6845703125,1292,0.369140625,0.369140625,0.369140625,0.369140625,1.0,2804,2804,True,True,True,False,False,True,True,True,True
TELEPORTATION,payload_2,ibm_sherbrooke,IBM,4096,2,,10.0,d09a5e5rxz8g0089yswg,2_experiment_results_target_depth.csv,699,teleportation_hardware,2,1,singleton,False,0.0,10,0.0,1546,1016,0.2068696330991413,0.62548828125,0.37744140625,0.12939453125,9.749645043618284e-26,True,0.248046875,1546,-0.2068696330991413,0.0,-0.2068696330991413,-0.2068696330991413,1.0,1016,1016,True,True,True,False,False,True,True,True,True
TELEPORTATION,payload_1,ibm_sherbrooke,IBM,4096,1,,9.0,d09a63r6rr3g008710y0,2_experiment_results_target_depth.csv,700,teleportation_hardware,1,1,singleton,False,1.0,0,0.748047,3580,516,0.748046875,1.0,0.8740234375,0.748046875,0.0,True,0.8740234375,516,0.748046875,0.748046875,0.748046875,0.748046875,1.0,3580,3580,True,True,True,True,False,True,True,True,True
TELEPORTATION,payload_2,ibm_sherbrooke,IBM,4096,2,,10.0,d09a7en6rr3g0087119g,2_experiment_results_target_depth.csv,701,teleportation_hardware,2,1,singleton,False,0.0,01,0.0,1584,1397,0.06273062730627306,0.727783203125,0.38671875,0.045654296875,0.0006551378205948239,True,0.14599609375,1584,-0.45187901008249315,0.0,-0.45187901008249315,-0.45187901008249315,1.0,598,598,True,True,False,False,False,True,True,False,False
TELEPORTATION,payload_1,ibm_sherbrooke,IBM,4096,1,,11.0,d09a8chkzhn0008v2n1g,2_experiment_results_target_depth.csv,702,teleportation_hardware,1,1,singleton,False,1.0,0,0.227051,2513,1583,0.22705078125,1.0,0.613525390625,0.22705078125,3.835893186825921e-48,True,0.613525390625,1583,0.22705078125,0.22705078125,0.22705078125,0.22705078125,1.0,2513,2513,True,True,True,False,False,True,True,True,True
TELEPORTATION,payload_2,ibm_sherbrooke,IBM,4096,2,,11.0,d09a9d5kzhn0008v2nfg,2_experiment_results_target_depth.csv,703,teleportation_hardware,2,1,singleton,False,0.0,10,0.0,2338,1291,0.2885092311931662,0.885986328125,0.57080078125,0.255615234375,1.7972808503037294e-68,True,0.315185546875,2338,-0.2885092311931662,0.0,-0.2885092311931662,-0.2885092311931662,1.0,1291,1291,True,True,True,False,False,True,True,True,True
TELEPORTATION,payload_3,ibm_sherbrooke,IBM,4096,3,,12.0,d09a9v7kzhn0008v2nn0,2_experiment_results_target_depth.csv,704,teleportation_hardware,3,1,singleton,False,0.0,010,0.0,845,619,0.15437158469945356,0.357421875,0.206298828125,0.05517578125,3.819968978841288e-09,True,0.151123046875,845,-0.15437158469945356,0.0,-0.15437158469945356,-0.15437158469945356,1.0,619,619,True,True,False,False,False,True,True,False,True
TELEPORTATION,payload_1,ibm_sherbrooke,IBM,4096,1,,11.0,d09aa2rnhqag008p9cp0,2_experiment_results_target_depth.csv,705,teleportation_hardware,1,1,singleton,False,1.0,0,0.196777,2451,1645,0.19677734375,1.0,0.598388671875,0.19677734375,1.6607367715128758e-36,True,0.598388671875,1645,0.19677734375,0.19677734375,0.19677734375,0.19677734375,1.0,2451,2451,True,True,False,False,False,True,True,False,True
TELEPORTATION,payload_2,ibm_sherbrooke,IBM,4096,2,,11.0,d09aac1kzhn0008v2ns0,2_experiment_results_target_depth.csv,706,teleportation_hardware,2,1,singleton,False,0.0,10,0.0,1628,1067,0.20816326530612245,0.657958984375,0.3974609375,0.136962890625,2.584181812349213e-27,True,0.260498046875,1628,-0.20816326530612245,0.0,-0.20816326530612245,-0.20816326530612245,1.0,1067,1067,True,True,True,False,False,True,True,True,True
TELEPORTATION,payload_3,ibm_sherbrooke,IBM,4096,3,,12.0,d09aak26rr3g008712ag,2_experiment_results_target_depth.csv,707,teleportation_hardware,3,1,singleton,False,0.0,111,0.0,783,645,0.09663865546218488,0.3486328125,0.191162109375,0.03369140625,0.00028564498700241523,True,0.1123046875,783,-0.2598551890587289,0.0,-0.2598551890587289,-0.2598551890587289,1.0,460,460,True,True,False,False,False,True,True,False,False
TELEPORTATION,payload_1,ibm_sherbrooke,IBM,4096,1,,11.0,d09aat3kzhn0008v2p0g,2_experiment_results_target_depth.csv,708,teleportation_hardware,1,1,singleton,False,1.0,0,0.35498,2775,1321,0.35498046875,1.0,0.677490234375,0.35498046875,1.40034980220066e-116,True,0.677490234375,1321,0.35498046875,0.35498046875,0.35498046875,0.35498046875,1.0,2775,2775,True,True,True,False,False,True,True,True,True
TELEPORTATION,payload_2,ibm_sherbrooke,IBM,4096,2,,11.0,d09ab3w6rr3g008712g0,2_experiment_results_target_depth.csv,709,teleportation_hardware,2,1,singleton,False,1.0,00,0.292174,2229,1221,0.2921739130434783,0.84228515625,0.544189453125,0.24609375,7.984376026460362e-67,True,0.544189453125,1221,0.2921739130434783,0.2921739130434783,0.2921739130434783,0.2921739130434783,1.0,2229,2229,True,True,True,False,False,True,True,True,True
TELEPORTATION,payload_3,ibm_sherbrooke,IBM,4096,3,,12.0,d09abd5d8drg008yfrtg,2_experiment_results_target_depth.csv,710,teleportation_hardware,3,1,singleton,False,0.0,100,0.0,1100,976,0.05973025048169557,0.5068359375,0.2685546875,0.0302734375,0.006929102253160356,True,0.23828125,1100,-0.05973025048169557,0.0,-0.05973025048169557,-0.05973025048169557,1.0,976,976,True,True,False,False,False,True,True,False,False
TELEPORTATION,payload_1,ibm_sherbrooke,IBM,4096,1,,11.0,d09abpyqnmvg0086v4t0,2_experiment_results_target_depth.csv,711,teleportation_hardware,1,1,singleton,False,1.0,0,0.158203,2372,1724,0.158203125,1.0,0.5791015625,0.158203125,4.050788756173938e-24,True,0.5791015625,1724,0.158203125,0.158203125,0.158203125,0.158203125,1.0,2372,2372,True,True,False,False,False,True,True,False,True
TELEPORTATION,payload_1,ibm_sherbrooke,IBM,4096,1,,13.0,d09abyfd8drg008yfrzg,2_experiment_results_target_depth.csv,712,teleportation_hardware,1,1,singleton,False,1.0,0,0.730469,3544,552,0.73046875,1.0,0.865234375,0.73046875,0.0,True,0.865234375,552,0.73046875,0.73046875,0.73046875,0.73046875,1.0,3544,3544,True,True,True,True,False,True,True,True,True
TELEPORTATION,payload_2,ibm_sherbrooke,IBM,4096,2,,13.0,d09ac6rnhqag008p9dbg,2_experiment_results_target_depth.csv,713,teleportation_hardware,2,1,singleton,False,0.0,11,0.0,1785,991,0.28602305475504325,0.677734375,0.435791015625,0.19384765625,6.92087278227832e-52,True,0.1201171875,1785,-0.5678524374176548,0.0,-0.5678524374176548,-0.5678524374176548,1.0,492,492,True,True,True,False,False,True,True,True,True
TELEPORTATION,payload_3,ibm_sherbrooke,IBM,4096,3,,13.0,d09acg2qnmvg0086v4z0,2_experiment_results_target_depth.csv,714,teleportation_hardware,3,1,singleton,False,1.0,000,0.044474,775,709,0.0444743935309973,0.3623046875,0.189208984375,0.01611328125,0.09150898148656751,True,0.189208984375,709,0.0444743935309973,0.0444743935309973,0.0444743935309973,0.0444743935309973,1.0,775,775,True,True,False,False,False,False,False,False,False
TELEPORTATION,payload_4,ibm_sherbrooke,IBM,4096,4,,14.0,d09acqt6rr3g0087135g,2_experiment_results_target_depth.csv,715,teleportation_hardware,4,1,singleton,False,0.0,0010,0.0,403,400,0.0037359900373599006,0.196044921875,0.098388671875,0.000732421875,0.9437390590969278,True,0.09765625,403,-0.0037359900373599006,0.0,-0.0037359900373599006,-0.0037359900373599006,1.0,400,400,True,True,False,False,False,False,False,False,False
TELEPORTATION,payload_1,ibm_sherbrooke,IBM,4096,1,,13.0,d09ad2cqnmvg0086v53g,2_experiment_results_target_depth.csv,716,teleportation_hardware,1,1,singleton,False,1.0,0,0.152832,2361,1735,0.15283203125,1.0,0.576416015625,0.15283203125,1.3119958416356054e-22,True,0.576416015625,1735,0.15283203125,0.15283203125,0.15283203125,0.15283203125,1.0,2361,2361,True,True,False,False,False,True,True,False,True
TELEPORTATION,payload_2,ibm_sherbrooke,IBM,4096,2,,13.0,d09ad8dnhqag008p9dt0,2_experiment_results_target_depth.csv,717,teleportation_hardware,2,1,singleton,False,1.0,00,0.281136,1759,987,0.2811361981063365,0.67041015625,0.429443359375,0.1884765625,1.2227451049864232e-49,True,0.429443359375,987,0.2811361981063365,0.2811361981063365,0.2811361981063365,0.2811361981063365,1.0,1759,1759,True,True,True,False,False,True,True,True,True
TELEPORTATION,payload_3,ibm_sherbrooke,IBM,4096,3,,13.0,d09adexqnmvg0086v5bg,2_experiment_results_target_depth.csv,718,teleportation_hardware,3,1,singleton,False,0.0,101,0.0,745,562,0.14001530221882172,0.319091796875,0.181884765625,0.044677734375,4.6043776969975924e-07,True,0.107666015625,745,-0.2563237774030354,0.0,-0.2563237774030354,-0.2563237774030354,1.0,441,441,True,True,False,False,False,True,True,False,False
TELEPORTATION,payload_4,ibm_sherbrooke,IBM,4096,4,,14.0,d09adrf6rr3g008713hg,2_experiment_results_target_depth.csv,719,teleportation_hardware,4,1,singleton,False,0.0,0100,0.0,630,597,0.02689486552567237,0.299560546875,0.15380859375,0.008056640625,0.36096389600547946,True,0.065673828125,630,-0.40155728587319245,0.0,-0.40155728587319245,-0.40155728587319245,1.0,269,269,True,True,False,False,False,False,False,False,False
TELEPORTATION,payload_1,ibm_sherbrooke,IBM,4096,1,,13.0,d09adzfrxz8g0089ywz0,2_experiment_results_target_depth.csv,720,teleportation_hardware,1,1,singleton,False,1.0,0,0.196777,2451,1645,0.19677734375,1.0,0.598388671875,0.19677734375,1.6607367715128758e-36,True,0.598388671875,1645,0.19677734375,0.19677734375,0.19677734375,0.19677734375,1.0,2451,2451,True,True,False,False,False,True,True,False,True
TELEPORTATION,payload_2,ibm_sherbrooke,IBM,4096,2,,13.0,d09ae8srxz8g0089yx20,2_experiment_results_target_depth.csv,721,teleportation_hardware,2,1,singleton,False,0.0,10,0.0,1252,1025,0.09969257795344752,0.555908203125,0.3056640625,0.055419921875,2.1382991529276707e-06,True,0.250244140625,1252,-0.09969257795344752,0.0,-0.09969257795344752,-0.09969257795344752,1.0,1025,1025,True,True,False,False,False,True,True,False,True
TELEPORTATION,payload_1,ibm_sherbrooke,IBM,4096,1,,15.0,d09aef9d8drg008yft3g,2_experiment_results_target_depth.csv,722,teleportation_hardware,1,1,singleton,False,1.0,0,0.334961,2734,1362,0.3349609375,1.0,0.66748046875,0.3349609375,9.387672634777964e-104,True,0.66748046875,1362,0.3349609375,0.3349609375,0.3349609375,0.3349609375,1.0,2734,2734,True,True,True,False,False,True,True,True,True
TELEPORTATION,payload_2,ibm_sherbrooke,IBM,4096,2,,15.0,d09aeqjd8drg008yft70,2_experiment_results_target_depth.csv,723,teleportation_hardware,2,1,singleton,False,0.0,10,0.0,1835,919,0.33260711692084244,0.67236328125,0.447998046875,0.2236328125,2.366619103366908e-69,True,0.224365234375,1835,-0.33260711692084244,0.0,-0.33260711692084244,-0.33260711692084244,1.0,919,919,True,True,True,False,False,True,True,True,True
TELEPORTATION,payload_3,ibm_sherbrooke,IBM,4096,3,,15.0,d09aey36rr3g00871410,2_experiment_results_target_depth.csv,724,teleportation_hardware,3,1,singleton,False,0.0,010,0.0,735,655,0.05755395683453238,0.33935546875,0.179443359375,0.01953125,0.03405762152647779,True,0.159912109375,735,-0.05755395683453238,0.0,-0.05755395683453238,-0.05755395683453238,1.0,655,655,True,True,False,False,False,True,False,False,False
TELEPORTATION,payload_4,ibm_sherbrooke,IBM,4096,4,,15.0,d09af5md8drg008yftbg,2_experiment_results_target_depth.csv,725,teleportation_hardware,4,1,singleton,False,0.0,0110,0.0,458,419,0.04446978335233751,0.214111328125,0.11181640625,0.009521484375,0.1994053660785618,True,0.102294921875,458,-0.04446978335233751,0.0,-0.04446978335233751,-0.04446978335233751,1.0,419,419,True,True,False,False,False,False,False,False,False
TELEPORTATION,payload_5,ibm_sherbrooke,IBM,4096,5,,16.0,d09afcnkzhn0008v2qq0,2_experiment_results_target_depth.csv,726,teleportation_hardware,5,1,singleton,False,0.0,11001,0.0,274,256,0.033962264150943396,0.12939453125,0.06689453125,0.00439453125,0.4602837464748112,True,0.03857421875,274,-0.26851851851851855,0.0,-0.26851851851851855,-0.26851851851851855,1.0,158,158,True,True,False,False,False,False,False,False,False
TELEPORTATION,payload_1,ibm_sherbrooke,IBM,4096,1,,15.0,d09afpprxz8g0089yxng,2_experiment_results_target_depth.csv,727,teleportation_hardware,1,1,singleton,False,1.0,0,0.233398,2526,1570,0.2333984375,1.0,0.61669921875,0.2333984375,8.468827294973451e-51,True,0.61669921875,1570,0.2333984375,0.2333984375,0.2333984375,0.2333984375,1.0,2526,2526,True,True,True,False,False,True,True,True,True
TELEPORTATION,payload_2,ibm_sherbrooke,IBM,4096,2,,15.0,d09ag0r6rr3g008714bg,2_experiment_results_target_depth.csv,728,teleportation_hardware,2,1,singleton,False,1.0,00,0.268482,1793,1034,0.26848249027237353,0.690185546875,0.437744140625,0.185302734375,1.1691653803064033e-46,True,0.437744140625,1034,0.26848249027237353,0.26848249027237353,0.26848249027237353,0.26848249027237353,1.0,1793,1793,True,True,True,False,False,True,True,True,True
TELEPORTATION,payload_3,ibm_sherbrooke,IBM,4096,3,,15.0,d09agbhrxz8g0089yxxg,2_experiment_results_target_depth.csv,729,teleportation_hardware,3,1,singleton,False,0.0,010,0.0,968,658,0.1906519065190652,0.39697265625,0.236328125,0.07568359375,1.518556671731703e-14,True,0.16064453125,968,-0.1906519065190652,0.0,-0.1906519065190652,-0.1906519065190652,1.0,658,658,True,True,False,False,False,True,True,False,True
TELEPORTATION,payload_4,ibm_sherbrooke,IBM,4096,4,,15.0,d09agrk6rr3g008714p0,2_experiment_results_target_depth.csv,730,teleportation_hardware,4,1,singleton,False,0.0,0100,0.0,419,402,0.020706455542021926,0.200439453125,0.102294921875,0.004150390625,0.5765953428049122,True,0.072998046875,419,-0.1671309192200557,0.0,-0.1671309192200557,-0.1671309192200557,1.0,299,299,True,True,False,False,False,False,False,False,False
TELEPORTATION,payload_5,ibm_sherbrooke,IBM,4096,5,,16.0,d09ah2ckzhn0008v2r3g,2_experiment_results_target_depth.csv,731,teleportation_hardware,5,1,singleton,False,0.0,00110,0.0,268,258,0.019011406844106463,0.12841796875,0.0654296875,0.00244140625,0.6947878926796921,True,0.020263671875,268,-0.5270655270655271,0.0,-0.5270655270655271,-0.5270655270655271,1.0,83,83,True,True,False,False,False,False,False,False,False
TELEPORTATION,payload_1,ibm_sherbrooke,IBM,4096,1,,17.0,d09ahqprxz8g0089yyd0,2_experiment_results_target_depth.csv,732,teleportation_hardware,1,1,singleton,False,1.0,0,0.281738,2625,1471,0.28173828125,1.0,0.640869140625,0.28173828125,1.6050976739309088e-73,True,0.640869140625,1471,0.28173828125,0.28173828125,0.28173828125,0.28173828125,1.0,2625,2625,True,True,True,False,False,True,True,True,True
TELEPORTATION,payload_2,ibm_sherbrooke,IBM,4096,2,,17.0,d09aj50d8drg008yfvfg,2_experiment_results_target_depth.csv,733,teleportation_hardware,2,1,singleton,False,0.0,11,0.0,1680,1393,0.09339407744874716,0.750244140625,0.41015625,0.070068359375,2.432521677918494e-07,True,0.340087890625,1680,-0.09339407744874716,0.0,-0.09339407744874716,-0.09339407744874716,1.0,1393,1393,True,True,False,False,False,True,True,False,True
TELEPORTATION,payload_3,ibm_sherbrooke,IBM,4096,3,,17.0,d09ajh2kzhn0008v2rm0,2_experiment_results_target_depth.csv,734,teleportation_hardware,3,1,singleton,False,0.0,100,0.0,606,589,0.014225941422594143,0.291748046875,0.14794921875,0.004150390625,0.6434933355466756,True,0.099365234375,606,-0.1964461994076999,0.0,-0.1964461994076999,-0.1964461994076999,1.0,407,407,True,True,False,False,False,False,False,False,False
TELEPORTATION,payload_4,ibm_sherbrooke,IBM,4096,4,,17.0,d09ajqa6rr3g008715hg,2_experiment_results_target_depth.csv,735,teleportation_hardware,4,1,singleton,False,0.0,0100,0.0,637,631,0.00473186119873817,0.3095703125,0.155517578125,0.00146484375,0.8883400608333425,True,0.07421875,637,-0.3538788522848034,0.0,-0.3538788522848034,-0.3538788522848034,1.0,304,304,True,True,False,False,False,False,False,False,False
TELEPORTATION,payload_5,ibm_sherbrooke,IBM,4096,5,,17.0,d09ajxkqnmvg0086v7fg,2_experiment_results_target_depth.csv,736,teleportation_hardware,5,1,singleton,False,0.0,10110,0.0,213,169,0.11518324607329843,0.09326171875,0.052001953125,0.0107421875,0.027670824917353287,True,0.021728515625,213,-0.4105960264900662,0.0,-0.4105960264900662,-0.4105960264900662,1.0,89,89,True,True,False,False,False,True,False,False,False
TELEPORTATION,payload_1,ibm_sherbrooke,IBM,4096,1,,17.0,d09ap91kzhn0008v2srg,2_experiment_results_target_depth.csv,737,teleportation_hardware,1,1,singleton,False,1.0,0,0.191895,2441,1655,0.19189453125,1.0,0.595947265625,0.19189453125,8.681898142728559e-35,True,0.595947265625,1655,0.19189453125,0.19189453125,0.19189453125,0.19189453125,1.0,2441,2441,True,True,False,False,False,True,True,False,True
TELEPORTATION,payload_2,ibm_sherbrooke,IBM,4096,2,,17.0,d09aq0md8drg008yfx0g,2_experiment_results_target_depth.csv,738,teleportation_hardware,2,1,singleton,False,0.0,10,0.0,1264,992,0.12056737588652482,0.55078125,0.30859375,0.06640625,1.1148278656682998e-08,True,0.2421875,1264,-0.12056737588652482,0.0,-0.12056737588652482,-0.12056737588652482,1.0,992,992,True,True,False,False,False,True,True,False,True
TELEPORTATION,payload_3,ibm_sherbrooke,IBM,4096,3,,17.0,d09aqb5nhqag008p9h10,2_experiment_results_target_depth.csv,739,teleportation_hardware,3,1,singleton,False,0.0,010,0.0,856,695,0.1038039974210187,0.378662109375,0.208984375,0.039306640625,4.780819462136855e-05,True,0.11279296875,856,-0.29893778452200304,0.0,-0.29893778452200304,-0.29893778452200304,1.0,462,462,True,True,False,False,False,True,True,False,False
TELEPORTATION,payload_4,ibm_sherbrooke,IBM,4096,4,,17.0,d09aw6grxz8g0089z2e0,2_experiment_results_target_depth.csv,740,teleportation_hardware,4,1,singleton,False,0.0,0011,0.0,332,286,0.0744336569579288,0.15087890625,0.0810546875,0.01123046875,0.07018391991109148,True,0.066650390625,332,-0.09752066115702479,0.0,-0.09752066115702479,-0.09752066115702479,1.0,273,273,True,True,False,False,False,False,False,False,False
TELEPORTATION,payload_5,ibm_sherbrooke,IBM,4096,5,,17.0,d09b11crxz8g0089z46g,2_experiment_results_target_depth.csv,741,teleportation_hardware,5,1,singleton,False,0.0,10110,0.0,308,205,0.20077972709551656,0.125244140625,0.0751953125,0.025146484375,6.250896988150085e-06,True,0.0263671875,308,-0.4807692307692308,0.0,-0.4807692307692308,-0.4807692307692308,1.0,108,108,True,True,True,False,False,True,True,True,False
TELEPORTATION,payload_1,ibm_sherbrooke,IBM,4096,1,,19.0,d09b564d8drg008yg1y0,2_experiment_results_target_depth.csv,742,teleportation_hardware,1,1,singleton,False,1.0,0,0.364746,2795,1301,0.36474609375,1.0,0.682373046875,0.36474609375,3.934074715405662e-123,True,0.682373046875,1301,0.36474609375,0.36474609375,0.36474609375,0.36474609375,1.0,2795,2795,True,True,True,False,False,True,True,True,True
TELEPORTATION,payload_2,ibm_sherbrooke,IBM,4096,2,,19.0,d09b68hrxz8g0089z5s0,2_experiment_results_target_depth.csv,743,teleportation_hardware,2,1,singleton,False,0.0,10,0.0,2156,1424,0.20446927374301677,0.8740234375,0.5263671875,0.1787109375,1.4826731056928343e-34,True,0.34765625,2156,-0.20446927374301677,0.0,-0.20446927374301677,-0.20446927374301677,1.0,1424,1424,True,True,True,False,False,True,True,True,True
TELEPORTATION,payload_3,ibm_sherbrooke,IBM,4096,3,,19.0,d09b6rkkzhn0008v30ng,2_experiment_results_target_depth.csv,744,teleportation_hardware,3,1,singleton,False,0.0,100,0.0,857,683,0.11298701298701298,0.3759765625,0.209228515625,0.04248046875,1.020111621875528e-05,True,0.13232421875,857,-0.22516082916368835,0.0,-0.22516082916368835,-0.22516082916368835,1.0,542,542,True,True,False,False,False,True,True,False,False
TELEPORTATION,payload_4,ibm_sherbrooke,IBM,4096,4,,19.0,d09b70wnhqag008p9phg,2_experiment_results_target_depth.csv,745,teleportation_hardware,4,1,singleton,False,0.0,1110,0.0,340,326,0.021021021021021023,0.16259765625,0.0830078125,0.00341796875,0.6144774139404061,True,0.06787109375,340,-0.10032362459546926,0.0,-0.10032362459546926,-0.10032362459546926,1.0,278,278,True,True,False,False,False,False,False,False,False
TELEPORTATION,payload_5,ibm_sherbrooke,IBM,4096,5,,19.0,d09b78dqnmvg0086vepg,2_experiment_results_target_depth.csv,746,teleportation_hardware,5,1,singleton,False,0.0,01010,0.0,234,173,0.14987714987714987,0.099365234375,0.05712890625,0.014892578125,0.002892813908116849,True,0.031005859375,234,-0.296398891966759,0.0,-0.296398891966759,-0.296398891966759,1.0,127,127,True,True,False,False,False,True,True,False,False
TELEPORTATION,payload_1,ibm_sherbrooke,IBM,4096,1,,19.0,d09b7genhqag008p9pn0,2_experiment_results_target_depth.csv,747,teleportation_hardware,1,1,singleton,False,1.0,0,0.199707,2457,1639,0.19970703125,1.0,0.599853515625,0.19970703125,1.473219380984023e-37,True,0.599853515625,1639,0.19970703125,0.19970703125,0.19970703125,0.19970703125,1.0,2457,2457,True,True,False,False,False,True,True,False,True
TELEPORTATION,payload_2,ibm_sherbrooke,IBM,4096,2,,19.0,d09b7r7nhqag008p9pqg,2_experiment_results_target_depth.csv,748,teleportation_hardware,2,1,singleton,False,0.0,10,0.0,1395,1091,0.12228479485116653,0.60693359375,0.340576171875,0.07421875,1.1692947426145111e-09,True,0.2275390625,1395,-0.1989686291362269,0.0,-0.1989686291362269,-0.1989686291362269,1.0,932,932,True,True,False,False,False,True,True,False,True
TELEPORTATION,payload_3,ibm_sherbrooke,IBM,4096,3,,19.0,d09b8086rr3g00871dj0,2_experiment_results_target_depth.csv,749,teleportation_hardware,3,1,singleton,False,0.0,011,0.0,648,570,0.06403940886699508,0.29736328125,0.158203125,0.01904296875,0.027321230060494778,True,0.133544921875,648,-0.08451882845188284,0.0,-0.08451882845188284,-0.08451882845188284,1.0,547,547,True,True,False,False,False,True,False,False,False
TELEPORTATION,payload_4,ibm_sherbrooke,IBM,4096,4,,19.0,d09b8816rr3g00871dng,2_experiment_results_target_depth.csv,750,teleportation_hardware,4,1,singleton,False,1.0,0000,0.045872,741,676,0.045871559633027525,0.345947265625,0.180908203125,0.015869140625,0.08906141295590077,True,0.180908203125,676,0.045871559633027525,0.045871559633027525,0.045871559633027525,0.045871559633027525,1.0,741,741,True,True,False,False,False,False,False,False,False
TELEPORTATION,payload_5,ibm_sherbrooke,IBM,4096,5,,19.0,d09b8f9qnmvg0086vf3g,2_experiment_results_target_depth.csv,751,teleportation_hardware,5,1,singleton,False,0.0,10001,0.0,170,162,0.024096385542168676,0.0810546875,0.04150390625,0.001953125,0.7009100447285043,True,0.035888671875,170,-0.07255520504731862,0.0,-0.07255520504731862,-0.07255520504731862,1.0,147,147,True,True,False,False,False,False,False,False,False
TELEPORTATION,payload_1,ibm_sherbrooke,IBM,4096,1,,21.0,d09b8zbnhqag008p9q60,2_experiment_results_target_depth.csv,752,teleportation_hardware,1,1,singleton,False,1.0,0,0.371094,2808,1288,0.37109375,1.0,0.685546875,0.37109375,1.7052557947224686e-127,True,0.685546875,1288,0.37109375,0.37109375,0.37109375,0.37109375,1.0,2808,2808,True,True,True,False,False,True,True,True,True
TELEPORTATION,payload_2,ibm_sherbrooke,IBM,4096,2,,21.0,d09b97wd8drg008yg36g,2_experiment_results_target_depth.csv,753,teleportation_hardware,2,1,singleton,False,0.0,10,0.0,1446,1089,0.1408284023668639,0.618896484375,0.35302734375,0.087158203125,1.4193789120183334e-12,True,0.21630859375,1446,-0.24013722126929674,0.0,-0.24013722126929674,-0.24013722126929674,1.0,886,886,True,True,False,False,False,True,True,False,True
TELEPORTATION,payload_3,ibm_sherbrooke,IBM,4096,3,,21.0,d09b9sfnhqag008p9qj0,2_experiment_results_target_depth.csv,754,teleportation_hardware,3,1,singleton,False,0.0,111,0.0,617,523,0.0824561403508772,0.2783203125,0.150634765625,0.02294921875,0.0058557447383785965,True,0.107421875,617,-0.16745506149479658,0.0,-0.16745506149479658,-0.16745506149479658,1.0,440,440,True,True,False,False,False,True,True,False,False
TELEPORTATION,payload_4,ibm_sherbrooke,IBM,4096,4,,21.0,d09bdrz6rr3g00871fag,2_experiment_results_target_depth.csv,755,teleportation_hardware,4,1,singleton,False,0.0,1111,0.0,337,323,0.021212121212121213,0.1611328125,0.082275390625,0.00341796875,0.6128730483073933,True,0.053955078125,337,-0.2078853046594982,0.0,-0.2078853046594982,-0.2078853046594982,1.0,221,221,True,True,False,False,False,False,False,False,False
TELEPORTATION,payload_5,ibm_sherbrooke,IBM,4096,5,,21.0,d09bewbkzhn0008v334g,2_experiment_results_target_depth.csv,756,teleportation_hardware,5,1,singleton,False,0.0,11010,0.0,294,220,0.14396887159533073,0.12548828125,0.07177734375,0.01806640625,0.0012605287437809803,True,0.022705078125,294,-0.5193798449612403,0.0,-0.5193798449612403,-0.5193798449612403,1.0,93,93,True,True,False,False,False,True,True,False,False
TELEPORTATION,payload_1,ibm_sherbrooke,IBM,4096,1,,21.0,d09bf7mrxz8g0089z8b0,2_experiment_results_target_depth.csv,757,teleportation_hardware,1,1,singleton,False,1.0,0,0.218262,2495,1601,0.21826171875,1.0,0.609130859375,0.21826171875,1.3718818563977205e-44,True,0.609130859375,1601,0.21826171875,0.21826171875,0.21826171875,0.21826171875,1.0,2495,2495,True,True,True,False,False,True,True,True,True
TELEPORTATION,payload_2,ibm_sherbrooke,IBM,4096,2,,21.0,d09bfh6qnmvg0086vhcg,2_experiment_results_target_depth.csv,758,teleportation_hardware,2,1,singleton,False,0.0,01,0.0,1509,1416,0.031794871794871796,0.714111328125,0.368408203125,0.022705078125,0.08891062051626475,True,0.162109375,1509,-0.3888633225954901,0.0,-0.3888633225954901,-0.3888633225954901,1.0,664,664,True,True,False,False,False,False,False,False,False
TELEPORTATION,payload_3,ibm_sherbrooke,IBM,4096,3,,21.0,d09bfqe6rr3g00871g0g,2_experiment_results_target_depth.csv,759,teleportation_hardware,3,1,singleton,False,0.0,011,0.0,584,557,0.02366345311130587,0.278564453125,0.142578125,0.006591796875,0.4414820001300157,True,0.102294921875,584,-0.16450648055832504,0.0,-0.16450648055832504,-0.16450648055832504,1.0,419,419,True,True,False,False,False,False,False,False,False
TELEPORTATION,payload_4,ibm_sherbrooke,IBM,4096,4,,21.0,d09bga9qnmvg0086vhq0,2_experiment_results_target_depth.csv,760,teleportation_hardware,4,1,singleton,False,0.0,1100,0.0,327,301,0.041401273885350316,0.1533203125,0.079833984375,0.00634765625,0.3184696265888764,True,0.0576171875,327,-0.16163410301953818,0.0,-0.16163410301953818,-0.16163410301953818,1.0,236,236,True,True,False,False,False,False,False,False,False
TELEPORTATION,payload_5,ibm_sherbrooke,IBM,4096,5,,21.0,d09bgjt6rr3g00871g90,2_experiment_results_target_depth.csv,761,teleportation_hardware,5,1,singleton,False,0.0,11011,0.0,165,162,0.009174311926605505,0.079833984375,0.040283203125,0.000732421875,0.9119555228667682,True,0.03955078125,165,-0.009174311926605505,0.0,-0.009174311926605505,-0.009174311926605505,1.0,162,162,True,True,False,False,False,False,False,False,False
TELEPORTATION,payload_1,ibm_sherbrooke,IBM,4096,1,,23.0,d09bgykrxz8g0089z92g,2_experiment_results_target_depth.csv,762,teleportation_hardware,1,1,singleton,False,1.0,0,0.384277,2835,1261,0.38427734375,1.0,0.692138671875,0.38427734375,8.023941094079784e-137,True,0.692138671875,1261,0.38427734375,0.38427734375,0.38427734375,0.38427734375,1.0,2835,2835,True,True,True,False,False,True,True,True,True
TELEPORTATION,payload_2,ibm_sherbrooke,IBM,4096,2,,23.0,d09bh8n6rr3g00871gh0,2_experiment_results_target_depth.csv,763,teleportation_hardware,2,1,singleton,False,0.0,10,0.0,1469,1092,0.14720812182741116,0.625244140625,0.358642578125,0.092041015625,9.834300515360472e-14,True,0.206787109375,1469,-0.26856649395509496,0.0,-0.26856649395509496,-0.26856649395509496,1.0,847,847,True,True,False,False,False,True,True,False,True
TELEPORTATION,payload_3,ibm_sherbrooke,IBM,4096,3,,23.0,d09bhm6d8drg008yg5p0,2_experiment_results_target_depth.csv,764,teleportation_hardware,3,1,singleton,False,1.0,000,0.074919,660,568,0.0749185667752443,0.2998046875,0.1611328125,0.0224609375,0.009381323062364012,True,0.1611328125,568,0.0749185667752443,0.0749185667752443,0.0749185667752443,0.0749185667752443,1.0,660,660,True,True,False,False,False,True,True,False,False
TELEPORTATION,payload_4,ibm_sherbrooke,IBM,4096,4,,23.0,d09bj1g6rr3g00871gqg,2_experiment_results_target_depth.csv,765,teleportation_hardware,4,1,singleton,False,0.0,1101,0.0,325,310,0.023622047244094488,0.155029296875,0.079345703125,0.003662109375,0.5785373384288256,True,0.056884765625,325,-0.16487455197132617,0.0,-0.16487455197132617,-0.16487455197132617,1.0,233,233,True,True,False,False,False,False,False,False,False
TELEPORTATION,payload_5,ibm_sherbrooke,IBM,4096,5,,23.0,d09bjc1nhqag008p9svg,2_experiment_results_target_depth.csv,766,teleportation_hardware,5,1,singleton,False,0.0,01010,0.0,167,166,0.003003003003003003,0.081298828125,0.040771484375,0.000244140625,1.0,True,0.030029296875,167,-0.15172413793103448,0.0,-0.15172413793103448,-0.15172413793103448,1.0,123,123,True,True,False,False,False,False,False,False,False
TELEPORTATION,payload_1,ibm_sherbrooke,IBM,4096,1,,23.0,d09bjmjnhqag008p9t0g,2_experiment_results_target_depth.csv,767,teleportation_hardware,1,1,singleton,False,1.0,0,0.323242,2710,1386,0.3232421875,1.0,0.66162109375,0.3232421875,1.282304371983012e-96,True,0.66162109375,1386,0.3232421875,0.3232421875,0.3232421875,0.3232421875,1.0,2710,2710,True,True,True,False,False,True,True,True,True
TELEPORTATION,payload_2,ibm_sherbrooke,IBM,4096,2,,23.0,d09bjx3qnmvg0086vjm0,2_experiment_results_target_depth.csv,768,teleportation_hardware,2,1,singleton,False,0.0,10,0.0,2104,1450,0.18401800787844683,0.86767578125,0.513671875,0.15966796875,4.538705611829519e-28,True,0.35400390625,2104,-0.18401800787844683,0.0,-0.18401800787844683,-0.18401800787844683,1.0,1450,1450,True,True,False,False,False,True,True,False,True
TELEPORTATION,payload_3,ibm_sherbrooke,IBM,4096,3,,23.0,d09bk85qnmvg0086vjpg,2_experiment_results_target_depth.csv,769,teleportation_hardware,3,1,singleton,False,0.0,010,0.0,623,590,0.02720527617477329,0.296142578125,0.152099609375,0.008056640625,0.35820693401522896,True,0.139892578125,623,-0.04180602006688963,0.0,-0.04180602006688963,-0.04180602006688963,1.0,573,573,True,True,False,False,False,False,False,False,False
TELEPORTATION,payload_4,ibm_sherbrooke,IBM,4096,4,,23.0,d09bkged8drg008yg670,2_experiment_results_target_depth.csv,770,teleportation_hardware,4,1,singleton,False,0.0,0100,0.0,339,297,0.0660377358490566,0.1552734375,0.082763671875,0.01025390625,0.1039271267362214,True,0.0625,339,-0.13949579831932774,0.0,-0.13949579831932774,-0.13949579831932774,1.0,256,256,True,True,False,False,False,False,False,False,False
TELEPORTATION,payload_5,ibm_sherbrooke,IBM,4096,5,,23.0,d09bkq6kzhn0008v34kg,2_experiment_results_target_depth.csv,771,teleportation_hardware,5,1,singleton,False,0.0,11101,0.0,208,203,0.012165450121654502,0.100341796875,0.05078125,0.001220703125,0.8436187098456563,True,0.044921875,208,-0.061224489795918366,0.0,-0.061224489795918366,-0.061224489795918366,1.0,184,184,True,True,False,False,False,False,False,False,False
TELEPORTATION,payload_1,ibm_sherbrooke,IBM,4096,1,,25.0,d09bm0r6rr3g00871hf0,2_experiment_results_target_depth.csv,772,teleportation_hardware,1,1,singleton,False,1.0,0,0.366211,2798,1298,0.3662109375,1.0,0.68310546875,0.3662109375,3.93845105463749e-124,True,0.68310546875,1298,0.3662109375,0.3662109375,0.3662109375,0.3662109375,1.0,2798,2798,True,True,True,False,False,True,True,True,True
TELEPORTATION,payload_2,ibm_sherbrooke,IBM,4096,2,,25.0,d09bmgj6rr3g00871hjg,2_experiment_results_target_depth.csv,773,teleportation_hardware,2,1,singleton,False,0.0,01,0.0,1334,1123,0.08587708587708588,0.599853515625,0.32568359375,0.051513671875,2.2448310344200146e-05,True,0.274169921875,1334,-0.08587708587708588,0.0,-0.08587708587708588,-0.08587708587708588,1.0,1123,1123,True,True,False,False,False,True,True,False,True
TELEPORTATION,payload_3,ibm_sherbrooke,IBM,4096,3,,25.0,d09bn6mkzhn0008v358g,2_experiment_results_target_depth.csv,774,teleportation_hardware,3,1,singleton,False,1.0,000,0.011236,675,660,0.011235955056179775,0.325927734375,0.164794921875,0.003662109375,0.701611548533411,True,0.164794921875,660,0.011235955056179775,0.011235955056179775,0.011235955056179775,0.011235955056179775,1.0,675,675,True,True,False,False,False,False,False,False,False
TELEPORTATION,payload_4,ibm_sherbrooke,IBM,4096,4,,25.0,d09bndxqnmvg0086vk90,2_experiment_results_target_depth.csv,775,teleportation_hardware,4,1,singleton,False,0.0,1101,0.0,352,310,0.0634441087613293,0.16162109375,0.0859375,0.01025390625,0.11097655642140994,True,0.05126953125,352,-0.2526690391459075,0.0,-0.2526690391459075,-0.2526690391459075,1.0,210,210,True,True,False,False,False,False,False,False,False
TELEPORTATION,payload_5,ibm_sherbrooke,IBM,4096,5,,25.0,d09bnvqqnmvg0086vke0,2_experiment_results_target_depth.csv,776,teleportation_hardware,5,1,singleton,False,0.0,TIED,0.0,260,260,0.0,0.126953125,0.0634765625,0.0,1.0,False,0.040283203125,260,-0.2235294117647059,0.0,-0.2235294117647059,-0.2235294117647059,1.0,165,165,True,False,False,False,False,False,False,False,False
TELEPORTATION,payload_1,ibm_sherbrooke,IBM,4096,1,,25.0,d09bp58nhqag008p9v30,2_experiment_results_target_depth.csv,777,teleportation_hardware,1,1,singleton,False,1.0,0,0.32373,2711,1385,0.32373046875,1.0,0.661865234375,0.32373046875,6.548352650889846e-97,True,0.661865234375,1385,0.32373046875,0.32373046875,0.32373046875,0.32373046875,1.0,2711,2711,True,True,True,False,False,True,True,True,True
TELEPORTATION,payload_2,ibm_sherbrooke,IBM,4096,2,,25.0,d09bpchrxz8g0089zawg,2_experiment_results_target_depth.csv,778,teleportation_hardware,2,1,singleton,False,0.0,01,0.0,1332,1073,0.1076923076923077,0.587158203125,0.3251953125,0.063232421875,1.3957330773570868e-07,True,0.2412109375,1332,-0.1482758620689655,0.0,-0.1482758620689655,-0.1482758620689655,1.0,988,988,True,True,False,False,False,True,True,False,True
TELEPORTATION,payload_3,ibm_sherbrooke,IBM,4096,3,,25.0,d09bptv6rr3g00871jeg,2_experiment_results_target_depth.csv,779,teleportation_hardware,3,1,singleton,False,0.0,010,0.0,1007,945,0.031762295081967214,0.4765625,0.245849609375,0.01513671875,0.16736398464699037,True,0.1181640625,1007,-0.35077129443326627,0.0,-0.35077129443326627,-0.35077129443326627,1.0,484,484,True,True,False,False,False,False,False,False,False
TELEPORTATION,payload_4,ibm_sherbrooke,IBM,4096,4,,25.0,d09bqfdrxz8g0089zbcg,2_experiment_results_target_depth.csv,780,teleportation_hardware,4,1,singleton,False,0.0,0100,0.0,536,523,0.012275731822474031,0.258544921875,0.130859375,0.003173828125,0.712332012462522,True,0.0546875,536,-0.4105263157894737,0.0,-0.4105263157894737,-0.4105263157894737,1.0,224,224,True,True,False,False,False,False,False,False,False
TELEPORTATION,payload_5,ibm_sherbrooke,IBM,4096,5,,25.0,d09bqszkzhn0008v365g,2_experiment_results_target_depth.csv,781,teleportation_hardware,5,1,singleton,False,0.0,01100,0.0,178,172,0.017142857142857144,0.08544921875,0.04345703125,0.00146484375,0.7893137194406853,True,0.02783203125,178,-0.2191780821917808,0.0,-0.2191780821917808,-0.2191780821917808,1.0,114,114,True,True,False,False,False,False,False,False,False
TELEPORTATION,payload_1,ibm_sherbrooke,IBM,4096,1,,27.0,d09br2gnhqag008p9vq0,2_experiment_results_target_depth.csv,782,teleportation_hardware,1,1,singleton,False,1.0,0,0.350586,2766,1330,0.3505859375,1.0,0.67529296875,0.3505859375,1.074140507764865e-113,True,0.67529296875,1330,0.3505859375,0.3505859375,0.3505859375,0.3505859375,1.0,2766,2766,True,True,True,False,False,True,True,True,True
TELEPORTATION,payload_2,ibm_sherbrooke,IBM,4096,2,,27.0,d09br9srxz8g0089zbq0,2_experiment_results_target_depth.csv,783,teleportation_hardware,2,1,singleton,False,0.0,10,0.0,1727,1075,0.23269093504639543,0.68408203125,0.421630859375,0.1591796875,4.6116465410920214e-35,True,0.262451171875,1727,-0.23269093504639543,0.0,-0.23269093504639543,-0.23269093504639543,1.0,1075,1075,True,True,True,False,False,True,True,True,True
TELEPORTATION,payload_3,ibm_sherbrooke,IBM,4096,3,,27.0,d09brtbd8drg008yg7wg,2_experiment_results_target_depth.csv,784,teleportation_hardware,3,1,singleton,False,1.0,000,0.15784,1104,803,0.1578395385422129,0.465576171875,0.26953125,0.073486328125,5.826780086706522e-12,True,0.26953125,803,0.1578395385422129,0.1578395385422129,0.1578395385422129,0.1578395385422129,1.0,1104,1104,True,True,False,False,False,True,True,False,True
TELEPORTATION,payload_4,ibm_sherbrooke,IBM,4096,4,,27.0,d09bs7md8drg008yg810,2_experiment_results_target_depth.csv,785,teleportation_hardware,4,1,singleton,False,0.0,0101,0.0,413,371,0.05357142857142857,0.19140625,0.100830078125,0.01025390625,0.14306728491199006,True,0.058837890625,413,-0.26299694189602446,0.0,-0.26299694189602446,-0.26299694189602446,1.0,241,241,True,True,False,False,False,False,False,False,False
TELEPORTATION,payload_5,ibm_sherbrooke,IBM,4096,5,,27.0,d09bsm66rr3g00871keg,2_experiment_results_target_depth.csv,786,teleportation_hardware,5,1,singleton,False,0.0,11101,0.0,207,201,0.014705882352941176,0.099609375,0.050537109375,0.00146484375,0.8045296125916859,True,0.034423828125,207,-0.1896551724137931,0.0,-0.1896551724137931,-0.1896551724137931,1.0,141,141,True,True,False,False,False,False,False,False,False
TELEPORTATION,payload_1,ibm_sherbrooke,IBM,4096,1,,27.0,d09bt0rnhqag008p9wdg,2_experiment_results_target_depth.csv,787,teleportation_hardware,1,1,singleton,False,1.0,0,0.17627,2409,1687,0.17626953125,1.0,0.588134765625,0.17626953125,1.3920322043264493e-29,True,0.588134765625,1687,0.17626953125,0.17626953125,0.17626953125,0.17626953125,1.0,2409,2409,True,True,False,False,False,True,True,False,True
TELEPORTATION,payload_2,ibm_sherbrooke,IBM,4096,2,,27.0,d09bvcdnhqag008p9ws0,2_experiment_results_target_depth.csv,788,teleportation_hardware,2,1,singleton,False,0.0,10,0.0,1775,896,0.3290902283788843,0.652099609375,0.433349609375,0.214599609375,6.583599325799686e-66,True,0.204345703125,1775,-0.35911179173047475,0.0,-0.35911179173047475,-0.35911179173047475,1.0,837,837,True,True,True,False,False,True,True,True,True
TELEPORTATION,payload_3,ibm_sherbrooke,IBM,4096,3,,27.0,d09bvm66rr3g00871m10,2_experiment_results_target_depth.csv,789,teleportation_hardware,3,1,singleton,False,0.0,100,0.0,611,578,0.027754415475189236,0.290283203125,0.149169921875,0.008056640625,0.3534000147601309,True,0.12060546875,611,-0.10588235294117647,0.0,-0.10588235294117647,-0.10588235294117647,1.0,494,494,True,True,False,False,False,False,False,False,False
TELEPORTATION,payload_4,ibm_sherbrooke,IBM,4096,4,,27.0,d09bvvqqnmvg0086vn80,2_experiment_results_target_depth.csv,790,teleportation_hardware,4,1,singleton,False,0.0,0011,0.0,426,404,0.02650602409638554,0.20263671875,0.10400390625,0.00537109375,0.4660712685615131,True,0.03857421875,426,-0.4589041095890411,0.0,-0.4589041095890411,-0.4589041095890411,1.0,158,158,True,True,False,False,False,False,False,False,False
TELEPORTATION,payload_5,ibm_sherbrooke,IBM,4096,5,,27.0,d09bwhtkzhn0008v37q0,2_experiment_results_target_depth.csv,791,teleportation_hardware,5,1,singleton,False,1.0,00000,0.012821,237,231,0.01282051282051282,0.1142578125,0.057861328125,0.00146484375,0.8172479917655611,True,0.057861328125,231,0.01282051282051282,0.01282051282051282,0.01282051282051282,0.01282051282051282,1.0,237,237,True,True,False,False,False,False,False,False,False
TELEPORTATION,payload_1,ibm_sherbrooke,IBM,4096,1,,29.0,d09bxrfd8drg008yg9f0,2_experiment_results_target_depth.csv,792,teleportation_hardware,1,1,singleton,False,1.0,0,0.350098,2765,1331,0.35009765625,1.0,0.675048828125,0.35009765625,2.2345058493500176e-113,True,0.675048828125,1331,0.35009765625,0.35009765625,0.35009765625,0.35009765625,1.0,2765,2765,True,True,True,False,False,True,True,True,True
TELEPORTATION,payload_2,ibm_sherbrooke,IBM,4096,2,,29.0,d09by9hnhqag008p9xrg,2_experiment_results_target_depth.csv,793,teleportation_hardware,2,1,singleton,False,1.0,00,0.020653,1532,1470,0.020652898067954697,0.73291015625,0.3740234375,0.01513671875,0.2655629162919839,True,0.3740234375,1470,0.020652898067954697,0.020652898067954697,0.020652898067954697,0.020652898067954697,1.0,1532,1532,True,True,False,False,False,False,False,False,False
TELEPORTATION,payload_3,ibm_sherbrooke,IBM,4096,3,,29.0,d09byvbd8drg008yg9w0,2_experiment_results_target_depth.csv,794,teleportation_hardware,3,1,singleton,False,0.0,001,0.0,706,642,0.04747774480712166,0.3291015625,0.17236328125,0.015625,0.08613995868414323,True,0.143310546875,706,-0.0920340293890178,0.0,-0.0920340293890178,-0.0920340293890178,1.0,587,587,True,True,False,False,False,False,False,False,False
TELEPORTATION,payload_4,ibm_sherbrooke,IBM,4096,4,,29.0,d09bz3wd8drg008yg9z0,2_experiment_results_target_depth.csv,795,teleportation_hardware,4,1,singleton,False,0.0,0101,0.0,379,377,0.0026455026455026454,0.1845703125,0.092529296875,0.00048828125,0.9709908136500452,True,0.05810546875,379,-0.22852512155591573,0.0,-0.22852512155591573,-0.22852512155591573,1.0,238,238,True,True,False,False,False,False,False,False,False
TELEPORTATION,payload_5,ibm_sherbrooke,IBM,4096,5,,29.0,d09bzaxnhqag008p9y5g,2_experiment_results_target_depth.csv,796,teleportation_hardware,5,1,singleton,False,0.0,11110,0.0,166,165,0.0030211480362537764,0.080810546875,0.04052734375,0.000244140625,0.9999999999999998,True,0.026611328125,166,-0.20727272727272728,0.0,-0.20727272727272728,-0.20727272727272728,1.0,109,109,True,True,False,False,False,False,False,False,False
TELEPORTATION,payload_1,ibm_sherbrooke,IBM,4096,1,,29.0,d09bzwfnhqag008p9y80,2_experiment_results_target_depth.csv,797,teleportation_hardware,1,1,singleton,False,1.0,0,0.311523,2686,1410,0.3115234375,1.0,0.65576171875,0.3115234375,9.35906968869559e-90,True,0.65576171875,1410,0.3115234375,0.3115234375,0.3115234375,0.3115234375,1.0,2686,2686,True,True,True,False,False,True,True,True,True
TELEPORTATION,payload_2,ibm_sherbrooke,IBM,4096,2,,29.0,d09c0996rr3g00871n9g,2_experiment_results_target_depth.csv,798,teleportation_hardware,2,1,singleton,False,0.0,11,0.0,2002,1036,0.31797235023041476,0.74169921875,0.48876953125,0.23583984375,8.49273827669163e-70,True,0.112548828125,2002,-0.6256597645148193,0.0,-0.6256597645148193,-0.6256597645148193,1.0,461,461,True,True,True,False,False,True,True,True,True
TELEPORTATION,payload_3,ibm_sherbrooke,IBM,4096,3,,29.0,d09c0v3qnmvg0086vpqg,2_experiment_results_target_depth.csv,799,teleportation_hardware,3,1,singleton,False,0.0,011,0.0,780,655,0.08710801393728224,0.350341796875,0.1904296875,0.030517578125,0.0010557729485612618,True,0.0869140625,780,-0.3732394366197183,0.0,-0.3732394366197183,-0.3732394366197183,1.0,356,356,True,True,False,False,False,True,True,False,False
TELEPORTATION,payload_4,ibm_sherbrooke,IBM,4096,4,,29.0,d09c17mkzhn0008v3970,2_experiment_results_target_depth.csv,800,teleportation_hardware,4,1,singleton,False,1.0,0000,0.088608,559,468,0.08860759493670886,0.250732421875,0.136474609375,0.022216796875,0.004954722447242249,True,0.136474609375,468,0.08860759493670886,0.08860759493670886,0.08860759493670886,0.08860759493670886,1.0,559,559,True,True,False,False,False,True,True,False,False
TELEPORTATION,payload_5,ibm_sherbrooke,IBM,4096,5,,29.0,d09c1dx6rr3g00871nr0,2_experiment_results_target_depth.csv,801,teleportation_hardware,5,1,singleton,False,0.0,11110,0.0,203,183,0.05181347150259067,0.09423828125,0.049560546875,0.0048828125,0.3335138928157528,True,0.03759765625,203,-0.13725490196078433,0.0,-0.13725490196078433,-0.13725490196078433,1.0,154,154,True,True,False,False,False,False,False,False,False
TELEPORTATION,payload_1,ibm_sherbrooke,IBM,4096,1,,31.0,d09c1kyqnmvg0086vpxg,2_experiment_results_target_depth.csv,802,teleportation_hardware,1,1,singleton,False,1.0,0,0.192383,2442,1654,0.1923828125,1.0,0.59619140625,0.1923828125,5.871567024194205e-35,True,0.59619140625,1654,0.1923828125,0.1923828125,0.1923828125,0.1923828125,1.0,2442,2442,True,True,False,False,False,True,True,False,True
TELEPORTATION,payload_2,ibm_sherbrooke,IBM,4096,2,,31.0,d09c1tzkzhn0008v39n0,2_experiment_results_target_depth.csv,803,teleportation_hardware,2,1,singleton,False,0.0,10,0.0,1615,966,0.25145292522278184,0.630126953125,0.394287109375,0.158447265625,1.2163723041317681e-37,True,0.210205078125,1615,-0.3045234248788368,0.0,-0.3045234248788368,-0.3045234248788368,1.0,861,861,True,True,True,False,False,True,True,True,True
TELEPORTATION,payload_3,ibm_sherbrooke,IBM,4096,3,,31.0,d09c2xkkzhn0008v39x0,2_experiment_results_target_depth.csv,804,teleportation_hardware,3,1,singleton,False,0.0,110,0.0,586,579,0.006008583690987125,0.284423828125,0.14306640625,0.001708984375,0.8604703813571642,True,0.141357421875,586,-0.006008583690987125,0.0,-0.006008583690987125,-0.006008583690987125,1.0,579,579,True,True,False,False,False,False,False,False,False
TELEPORTATION,payload_4,ibm_sherbrooke,IBM,4096,4,,31.0,d09c3h6d8drg008ygb70,2_experiment_results_target_depth.csv,805,teleportation_hardware,4,1,singleton,False,0.0,0101,0.0,590,364,0.23689727463312368,0.23291015625,0.14404296875,0.05517578125,2.5083578948636313e-13,True,0.0380859375,590,-0.5817694369973191,0.0,-0.5817694369973191,-0.5817694369973191,1.0,156,156,True,True,True,False,False,True,True,True,True
TELEPORTATION,payload_5,ibm_sherbrooke,IBM,4096,5,,31.0,d09c468rxz8g0089zfc0,2_experiment_results_target_depth.csv,806,teleportation_hardware,5,1,singleton,False,0.0,11111,0.0,223,186,0.09046454767726161,0.099853515625,0.054443359375,0.009033203125,0.07493315531092638,True,0.02685546875,223,-0.33933933933933935,0.0,-0.33933933933933935,-0.33933933933933935,1.0,110,110,True,True,False,False,False,False,False,False,False
TELEPORTATION,payload_1,ibm_sherbrooke,IBM,4096,1,,31.0,d09c4tvrxz8g0089zfj0,2_experiment_results_target_depth.csv,807,teleportation_hardware,1,1,singleton,False,1.0,0,0.378418,2823,1273,0.37841796875,1.0,0.689208984375,0.37841796875,1.2426728074305515e-132,True,0.689208984375,1273,0.37841796875,0.37841796875,0.37841796875,0.37841796875,1.0,2823,2823,True,True,True,False,False,True,True,True,True
TELEPORTATION,payload_2,ibm_sherbrooke,IBM,4096,2,,31.0,d09c5c5rxz8g0089zfsg,2_experiment_results_target_depth.csv,808,teleportation_hardware,2,1,singleton,False,1.0,00,0.197531,1746,1170,0.19753086419753085,0.7119140625,0.42626953125,0.140625,1.2247433570595759e-26,True,0.42626953125,1170,0.19753086419753085,0.19753086419753085,0.19753086419753085,0.19753086419753085,1.0,1746,1746,True,True,False,False,False,True,True,False,True
TELEPORTATION,payload_3,ibm_sherbrooke,IBM,4096,3,,31.0,d09c5pyqnmvg0086vr60,2_experiment_results_target_depth.csv,809,teleportation_hardware,3,1,singleton,False,0.0,011,0.0,874,721,0.09592476489028214,0.389404296875,0.21337890625,0.037353515625,0.00013973221424854002,True,0.148193359375,874,-0.18028359216745443,0.0,-0.18028359216745443,-0.18028359216745443,1.0,607,607,True,True,False,False,False,True,True,False,False
TELEPORTATION,payload_4,ibm_sherbrooke,IBM,4096,4,,31.0,d09c6m2rxz8g0089zg6g,2_experiment_results_target_depth.csv,810,teleportation_hardware,4,1,singleton,False,0.0,0110,0.0,482,404,0.08803611738148984,0.21630859375,0.11767578125,0.01904296875,0.00964637993426846,True,0.033447265625,482,-0.5573505654281099,0.0,-0.5573505654281099,-0.5573505654281099,1.0,137,137,True,True,False,False,False,True,True,False,False
TELEPORTATION,payload_5,ibm_sherbrooke,IBM,4096,5,,31.0,d09c6tbnhqag008pa0ag,2_experiment_results_target_depth.csv,811,teleportation_hardware,5,1,singleton,False,0.0,11000,0.0,291,270,0.0374331550802139,0.136962890625,0.071044921875,0.005126953125,0.39846583753861936,True,0.049560546875,291,-0.17813765182186234,0.0,-0.17813765182186234,-0.17813765182186234,1.0,203,203,True,True,False,False,False,False,False,False,False
TELEPORTATION,payload_1,ibm_sherbrooke,IBM,4096,1,,33.0,d09c76mnhqag008pa0eg,2_experiment_results_target_depth.csv,812,teleportation_hardware,1,1,singleton,False,1.0,0,0.382812,2832,1264,0.3828125,1.0,0.69140625,0.3828125,9.090167290954303e-136,True,0.69140625,1264,0.3828125,0.3828125,0.3828125,0.3828125,1.0,2832,2832,True,True,True,False,False,True,True,True,True
TELEPORTATION,payload_2,ibm_sherbrooke,IBM,4096,2,,33.0,d09c7fdqnmvg0086vs30,2_experiment_results_target_depth.csv,813,teleportation_hardware,2,1,singleton,False,0.0,11,0.0,1256,1062,0.08369283865401209,0.56591796875,0.306640625,0.04736328125,6.050058641820878e-05,True,0.193115234375,1256,-0.22716170004885197,0.0,-0.22716170004885197,-0.22716170004885197,1.0,791,791,True,True,False,False,False,True,True,False,False
TELEPORTATION,payload_3,ibm_sherbrooke,IBM,4096,3,,33.0,d09c7ppqnmvg0086vs60,2_experiment_results_target_depth.csv,814,teleportation_hardware,3,1,singleton,False,1.0,000,0.052452,923,831,0.052451539338654506,0.42822265625,0.225341796875,0.0224609375,0.02976385964465683,True,0.225341796875,831,0.052451539338654506,0.052451539338654506,0.052451539338654506,0.052451539338654506,1.0,923,923,True,True,False,False,False,True,False,False,False
TELEPORTATION,payload_4,ibm_sherbrooke,IBM,4096,4,,33.0,d09c7xqrxz8g0089zgm0,2_experiment_results_target_depth.csv,815,teleportation_hardware,4,1,singleton,False,0.0,0100,0.0,447,388,0.07065868263473053,0.203857421875,0.109130859375,0.014404296875,0.04466664279348012,True,0.05517578125,447,-0.32838038632986627,0.0,-0.32838038632986627,-0.32838038632986627,1.0,226,226,True,True,False,False,False,True,False,False,False
TELEPORTATION,payload_5,ibm_sherbrooke,IBM,4096,5,,33.0,d09c8b1qnmvg0086vsf0,2_experiment_results_target_depth.csv,816,teleportation_hardware,5,1,singleton,False,0.0,11111,0.0,185,172,0.036414565826330535,0.087158203125,0.045166015625,0.003173828125,0.5254164863561552,True,0.0263671875,185,-0.2627986348122867,0.0,-0.2627986348122867,-0.2627986348122867,1.0,108,108,True,True,False,False,False,False,False,False,False
TELEPORTATION,payload_1,ibm_sherbrooke,IBM,4096,1,,33.0,d09c8t3kzhn0008v3byg,2_experiment_results_target_depth.csv,817,teleportation_hardware,1,1,singleton,False,1.0,0,0.339355,2743,1353,0.33935546875,1.0,0.669677734375,0.33935546875,1.6830959354632958e-106,True,0.669677734375,1353,0.33935546875,0.33935546875,0.33935546875,0.33935546875,1.0,2743,2743,True,True,True,False,False,True,True,True,True
TELEPORTATION,payload_2,ibm_sherbrooke,IBM,4096,2,,33.0,d09c93wd8drg008ygcm0,2_experiment_results_target_depth.csv,818,teleportation_hardware,2,1,singleton,False,0.0,01,0.0,2189,1432,0.20905827119580225,0.884033203125,0.534423828125,0.184814453125,1.872157553557682e-36,True,0.349609375,2189,-0.20905827119580225,0.0,-0.20905827119580225,-0.20905827119580225,1.0,1432,1432,True,True,True,False,False,True,True,True,True
TELEPORTATION,payload_3,ibm_sherbrooke,IBM,4096,3,,33.0,d09c9cxnhqag008pa19g,2_experiment_results_target_depth.csv,819,teleportation_hardware,3,1,singleton,False,1.0,000,0.096573,1232,1015,0.09657320872274143,0.548583984375,0.30078125,0.052978515625,5.113662679306555e-06,True,0.30078125,1015,0.09657320872274143,0.09657320872274143,0.09657320872274143,0.09657320872274143,1.0,1232,1232,True,True,False,False,False,True,True,False,True
TELEPORTATION,payload_4,ibm_sherbrooke,IBM,4096,4,,33.0,d09c9npkzhn0008v3c6g,2_experiment_results_target_depth.csv,820,teleportation_hardware,4,1,singleton,False,0.0,0001,0.0,512,363,0.1702857142857143,0.213623046875,0.125,0.036376953125,5.306513459909628e-07,True,0.051513671875,512,-0.41632088520055327,0.0,-0.41632088520055327,-0.41632088520055327,1.0,211,211,True,True,False,False,False,True,True,False,False
TELEPORTATION,payload_5,ibm_sherbrooke,IBM,4096,5,,33.0,d09ca18nhqag008pa1d0,2_experiment_results_target_depth.csv,821,teleportation_hardware,5,1,singleton,False,0.0,11011,0.0,232,194,0.0892018779342723,0.10400390625,0.056640625,0.00927734375,0.07290365477498095,True,0.02099609375,232,-0.4591194968553459,0.0,-0.4591194968553459,-0.4591194968553459,1.0,86,86,True,True,False,False,False,False,False,False,False
TELEPORTATION,payload_1,ibm_sherbrooke,IBM,4096,1,,35.0,d09ca8h6rr3g00871rpg,2_experiment_results_target_depth.csv,822,teleportation_hardware,1,1,singleton,False,1.0,0,0.281738,2625,1471,0.28173828125,1.0,0.640869140625,0.28173828125,1.6050976739309088e-73,True,0.640869140625,1471,0.28173828125,0.28173828125,0.28173828125,0.28173828125,1.0,2625,2625,True,True,True,False,False,True,True,True,True
TELEPORTATION,payload_2,ibm_sherbrooke,IBM,4096,2,,35.0,d09cae9qnmvg0086vtag,2_experiment_results_target_depth.csv,823,teleportation_hardware,2,1,singleton,False,0.0,11,0.0,1981,851,0.3990112994350282,0.69140625,0.483642578125,0.27587890625,1.1767766924054932e-102,True,0.14453125,1981,-0.5398367664205208,0.0,-0.5398367664205208,-0.5398367664205208,1.0,592,592,True,True,True,False,False,True,True,True,True
TELEPORTATION,payload_3,ibm_sherbrooke,IBM,4096,3,,35.0,d09cama6rr3g00871rv0,2_experiment_results_target_depth.csv,824,teleportation_hardware,3,1,singleton,False,0.0,110,0.0,1030,1009,0.010299166257969592,0.497802734375,0.25146484375,0.005126953125,0.6578370183795464,True,0.093994140625,1030,-0.4558303886925795,0.0,-0.4558303886925795,-0.4558303886925795,1.0,385,385,True,True,False,False,False,False,False,False,False
TELEPORTATION,payload_4,ibm_sherbrooke,IBM,4096,4,,35.0,d09catb6rr3g00871rzg,2_experiment_results_target_depth.csv,825,teleportation_hardware,4,1,singleton,False,0.0,0101,0.0,426,406,0.02403846153846154,0.203125,0.10400390625,0.0048828125,0.5101083323612695,True,0.085205078125,426,-0.09935483870967741,0.0,-0.09935483870967741,-0.09935483870967741,1.0,349,349,True,True,False,False,False,False,False,False,False
TELEPORTATION,payload_5,ibm_sherbrooke,IBM,4096,5,,35.0,d09cb7wqnmvg0086vtg0,2_experiment_results_target_depth.csv,826,teleportation_hardware,5,1,singleton,False,0.0,11101,0.0,226,210,0.03669724770642202,0.1064453125,0.05517578125,0.00390625,0.47257059790349465,True,0.0205078125,226,-0.45806451612903226,0.0,-0.45806451612903226,-0.45806451612903226,1.0,84,84,True,True,False,False,False,False,False,False,False
TELEPORTATION,payload_1,ibm_sherbrooke,IBM,4096,1,,35.0,d09cbnpnhqag008pa210,2_experiment_results_target_depth.csv,827,teleportation_hardware,1,1,singleton,False,1.0,0,0.383789,2834,1262,0.3837890625,1.0,0.69189453125,0.3837890625,1.8041761740462776e-136,True,0.69189453125,1262,0.3837890625,0.3837890625,0.3837890625,0.3837890625,1.0,2834,2834,True,True,True,False,False,True,True,True,True
TELEPORTATION,payload_2,ibm_sherbrooke,IBM,4096,2,,35.0,d09cbwf6rr3g00871sdg,2_experiment_results_target_depth.csv,828,teleportation_hardware,2,1,singleton,False,0.0,11,0.0,1858,1143,0.23825391536154616,0.732666015625,0.45361328125,0.174560546875,3.4696056013295107e-39,True,0.115478515625,1858,-0.5941655941655941,0.0,-0.5941655941655941,-0.5941655941655941,1.0,473,473,True,True,True,False,False,True,True,True,True
TELEPORTATION,payload_3,ibm_sherbrooke,IBM,4096,3,,35.0,d09cc4gqnmvg0086vtqg,2_experiment_results_target_depth.csv,829,teleportation_hardware,3,1,singleton,False,0.0,011,0.0,772,566,0.15396113602391628,0.32666015625,0.1884765625,0.05029296875,1.9649131252699864e-08,True,0.1025390625,772,-0.2953020134228188,0.0,-0.2953020134228188,-0.2953020134228188,1.0,420,420,True,True,False,False,False,True,True,False,True
TELEPORTATION,payload_4,ibm_sherbrooke,IBM,4096,4,,35.0,d09ccc9kzhn0008v3d6g,2_experiment_results_target_depth.csv,830,teleportation_hardware,4,1,singleton,False,0.0,0010,0.0,695,509,0.15448504983388706,0.2939453125,0.169677734375,0.04541015625,9.201826139157456e-08,True,0.1015625,695,-0.25112511251125114,0.0,-0.25112511251125114,-0.25112511251125114,1.0,416,416,True,True,False,False,False,True,True,False,False
TELEPORTATION,payload_5,ibm_sherbrooke,IBM,4096,5,,35.0,d09ccktqnmvg0086vtwg,2_experiment_results_target_depth.csv,831,teleportation_hardware,5,1,singleton,False,0.0,00101,0.0,313,294,0.03130148270181219,0.148193359375,0.076416015625,0.004638671875,0.46505378088021265,True,0.045166015625,313,-0.2570281124497992,0.0,-0.2570281124497992,-0.2570281124497992,1.0,185,185,True,True,False,False,False,False,False,False,False
TELEPORTATION,payload_1,ibm_sherbrooke,IBM,4096,1,,37.0,d09cctkkzhn0008v3dag,2_experiment_results_target_depth.csv,832,teleportation_hardware,1,1,singleton,False,1.0,0,0.321777,2707,1389,0.32177734375,1.0,0.660888671875,0.32177734375,9.566074611156233e-96,True,0.660888671875,1389,0.32177734375,0.32177734375,0.32177734375,0.32177734375,1.0,2707,2707,True,True,True,False,False,True,True,True,True
TELEPORTATION,payload_2,ibm_sherbrooke,IBM,4096,2,,37.0,d09cd3cd8drg008yge2g,2_experiment_results_target_depth.csv,833,teleportation_hardware,2,1,singleton,False,1.0,00,0.057749,1621,1444,0.05774877650897227,0.748291015625,0.395751953125,0.043212890625,0.0014735713243896574,True,0.395751953125,1444,0.05774877650897227,0.05774877650897227,0.05774877650897227,0.05774877650897227,1.0,1621,1621,True,True,False,False,False,True,True,False,False
TELEPORTATION,payload_3,ibm_sherbrooke,IBM,4096,3,,37.0,d09cdbxkzhn0008v3dfg,2_experiment_results_target_depth.csv,834,teleportation_hardware,3,1,singleton,False,0.0,100,0.0,1278,843,0.2050919377652051,0.517822265625,0.31201171875,0.106201171875,3.1791914045317216e-21,True,0.138671875,1278,-0.38461538461538464,0.0,-0.38461538461538464,-0.38461538461538464,1.0,568,568,True,True,True,False,False,True,True,True,True
TELEPORTATION,payload_4,ibm_sherbrooke,IBM,4096,4,,37.0,d09cecskzhn0008v3drg,2_experiment_results_target_depth.csv,835,teleportation_hardware,4,1,singleton,False,0.0,0001,0.0,656,456,0.17985611510791366,0.271484375,0.16015625,0.048828125,2.186958546523406e-09,True,0.10400390625,656,-0.21256931608133087,0.0,-0.21256931608133087,-0.21256931608133087,1.0,426,426,True,True,False,False,False,True,True,False,False
TELEPORTATION,payload_5,ibm_sherbrooke,IBM,4096,5,,37.0,d09cg2rkzhn0008v3eag,2_experiment_results_target_depth.csv,836,teleportation_hardware,5,1,singleton,False,0.0,11001,0.0,206,192,0.035175879396984924,0.09716796875,0.05029296875,0.00341796875,0.5146901469190285,True,0.03369140625,206,-0.19767441860465115,0.0,-0.19767441860465115,-0.19767441860465115,1.0,138,138,True,True,False,False,False,False,False,False,False
TELEPORTATION,payload_1,ibm_sherbrooke,IBM,4096,1,,37.0,d09cgb1nhqag008pa3pg,2_experiment_results_target_depth.csv,837,teleportation_hardware,1,1,singleton,False,1.0,0,0.179688,2416,1680,0.1796875,1.0,0.58984375,0.1796875,1.104521101998377e-30,True,0.58984375,1680,0.1796875,0.1796875,0.1796875,0.1796875,1.0,2416,2416,True,True,False,False,False,True,True,False,True
TELEPORTATION,payload_2,ibm_sherbrooke,IBM,4096,2,,37.0,d09cgjjnhqag008pa3sg,2_experiment_results_target_depth.csv,838,teleportation_hardware,2,1,singleton,False,0.0,11,0.0,1137,1121,0.0070859167404783,0.55126953125,0.277587890625,0.00390625,0.7522631858066551,True,0.18798828125,1137,-0.1924488725747247,0.0,-0.1924488725747247,-0.1924488725747247,1.0,770,770,True,True,False,False,False,False,False,False,False
TELEPORTATION,payload_3,ibm_sherbrooke,IBM,4096,3,,37.0,d09cgsb6rr3g00871v80,2_experiment_results_target_depth.csv,839,teleportation_hardware,3,1,singleton,False,0.0,111,0.0,665,650,0.011406844106463879,0.321044921875,0.162353515625,0.003662109375,0.6994608557072881,True,0.09423828125,665,-0.2654614652711703,0.0,-0.2654614652711703,-0.2654614652711703,1.0,386,386,True,True,False,False,False,False,False,False,False
TELEPORTATION,payload_4,ibm_sherbrooke,IBM,4096,4,,37.0,d09ch04qnmvg0086vwfg,2_experiment_results_target_depth.csv,840,teleportation_hardware,4,1,singleton,False,0.0,1111,0.0,319,299,0.032362459546925564,0.15087890625,0.077880859375,0.0048828125,0.4447188777233271,True,0.052978515625,319,-0.19029850746268656,0.0,-0.19029850746268656,-0.19029850746268656,1.0,217,217,True,True,False,False,False,False,False,False,False
TELEPORTATION,payload_5,ibm_sherbrooke,IBM,4096,5,,37.0,d09ch85qnmvg0086vwhg,2_experiment_results_target_depth.csv,841,teleportation_hardware,5,1,singleton,False,0.0,11110,0.0,234,222,0.02631578947368421,0.111328125,0.05712890625,0.0029296875,0.606516168750087,True,0.031005859375,234,-0.296398891966759,0.0,-0.296398891966759,-0.296398891966759,1.0,127,127,True,True,False,False,False,False,False,False,False
TELEPORTATION,payload_1,ibm_sherbrooke,IBM,4096,1,,39.0,d09chg6nhqag008pa45g,2_experiment_results_target_depth.csv,842,teleportation_hardware,1,1,singleton,False,1.0,0,0.380371,2827,1269,0.38037109375,1.0,0.690185546875,0.38037109375,5.077217211390146e-134,True,0.690185546875,1269,0.38037109375,0.38037109375,0.38037109375,0.38037109375,1.0,2827,2827,True,True,True,False,False,True,True,True,True
TELEPORTATION,payload_2,ibm_sherbrooke,IBM,4096,2,,39.0,d09chzq6rr3g00871vkg,2_experiment_results_target_depth.csv,843,teleportation_hardware,2,1,singleton,False,1.0,00,0.202116,1591,1056,0.20211560256894598,0.646240234375,0.388427734375,0.130615234375,2.1267817712225665e-25,True,0.388427734375,1056,0.20211560256894598,0.20211560256894598,0.20211560256894598,0.20211560256894598,1.0,1591,1591,True,True,True,False,False,True,True,True,True
TELEPORTATION,payload_3,ibm_sherbrooke,IBM,4096,3,,39.0,d09cjg2rxz8g0089zkt0,2_experiment_results_target_depth.csv,844,teleportation_hardware,3,1,singleton,False,1.0,000,0.075903,730,627,0.0759027266028003,0.331298828125,0.17822265625,0.025146484375,0.005604685220679417,True,0.17822265625,627,0.0759027266028003,0.0759027266028003,0.0759027266028003,0.0759027266028003,1.0,730,730,True,True,False,False,False,True,True,False,False
TELEPORTATION,payload_4,ibm_sherbrooke,IBM,4096,4,,39.0,d09cjq2nhqag008pa4j0,2_experiment_results_target_depth.csv,845,teleportation_hardware,4,1,singleton,False,0.0,0110,0.0,395,385,0.01282051282051282,0.1904296875,0.096435546875,0.00244140625,0.7472854460129594,True,0.038818359375,395,-0.4259927797833935,0.0,-0.4259927797833935,-0.4259927797833935,1.0,159,159,True,True,False,False,False,False,False,False,False
TELEPORTATION,payload_5,ibm_sherbrooke,IBM,4096,5,,39.0,d09cjybkzhn0008v3fa0,2_experiment_results_target_depth.csv,846,teleportation_hardware,5,1,singleton,False,0.0,01100,0.0,166,153,0.04075235109717868,0.077880859375,0.04052734375,0.003173828125,0.5017276305518732,True,0.021484375,166,-0.30708661417322836,0.0,-0.30708661417322836,-0.30708661417322836,1.0,88,88,True,True,False,False,False,False,False,False,False
TELEPORTATION,payload_1,ibm_sherbrooke,IBM,4096,1,,39.0,d09ck7c6rr3g00871w00,2_experiment_results_target_depth.csv,847,teleportation_hardware,1,1,singleton,False,1.0,0,0.327148,2718,1378,0.3271484375,1.0,0.66357421875,0.3271484375,5.752720100011145e-99,True,0.66357421875,1378,0.3271484375,0.3271484375,0.3271484375,0.3271484375,1.0,2718,2718,True,True,True,False,False,True,True,True,True
TELEPORTATION,payload_2,ibm_sherbrooke,IBM,4096,2,,39.0,d09ckenqnmvg0086vx60,2_experiment_results_target_depth.csv,848,teleportation_hardware,2,1,singleton,False,0.0,11,0.0,2020,989,0.3426387504154204,0.734619140625,0.4931640625,0.251708984375,3.135687019960363e-80,True,0.107177734375,2020,-0.6429442862952419,0.0,-0.6429442862952419,-0.6429442862952419,1.0,439,439,True,True,True,False,False,True,True,True,True
TELEPORTATION,payload_3,ibm_sherbrooke,IBM,4096,3,,39.0,d09ckp6d8drg008ygg80,2_experiment_results_target_depth.csv,849,teleportation_hardware,3,1,singleton,False,0.0,110,0.0,655,546,0.09075770191507078,0.293212890625,0.159912109375,0.026611328125,0.0018190835243453978,True,0.1181640625,655,-0.15013169446883232,0.0,-0.15013169446883232,-0.15013169446883232,1.0,484,484,True,True,False,False,False,True,True,False,False
TELEPORTATION,payload_4,ibm_sherbrooke,IBM,4096,4,,39.0,d09ckwznhqag008pa4xg,2_experiment_results_target_depth.csv,850,teleportation_hardware,4,1,singleton,False,1.0,0000,0.020725,394,378,0.02072538860103627,0.1884765625,0.09619140625,0.00390625,0.5893208889218261,True,0.09619140625,378,0.02072538860103627,0.02072538860103627,0.02072538860103627,0.02072538860103627,1.0,394,394,True,True,False,False,False,False,False,False,False
TELEPORTATION,payload_5,ibm_sherbrooke,IBM,4096,5,,39.0,d09cm38rxz8g0089zmcg,2_experiment_results_target_depth.csv,851,teleportation_hardware,5,1,singleton,False,0.0,11110,0.0,241,224,0.03655913978494624,0.113525390625,0.058837890625,0.004150390625,0.4581345627960192,True,0.02197265625,241,-0.4561933534743202,0.0,-0.4561933534743202,-0.4561933534743202,1.0,90,90,True,True,False,False,False,False,False,False,False
TELEPORTATION,payload_1,ibm_sherbrooke,IBM,4096,1,,41.0,d09cm91rxz8g0089zmf0,2_experiment_results_target_depth.csv,852,teleportation_hardware,1,1,singleton,False,1.0,0,0.31543,2694,1402,0.3154296875,1.0,0.65771484375,0.3154296875,5.171129450937145e-92,True,0.65771484375,1402,0.3154296875,0.3154296875,0.3154296875,0.3154296875,1.0,2694,2694,True,True,True,False,False,True,True,True,True
TELEPORTATION,payload_2,ibm_sherbrooke,IBM,4096,2,,41.0,d09cmf9qnmvg0086vxjg,2_experiment_results_target_depth.csv,853,teleportation_hardware,2,1,singleton,False,1.0,00,0.2778,1603,906,0.27779992028696693,0.612548828125,0.391357421875,0.170166015625,1.8924767330659034e-44,True,0.391357421875,906,0.27779992028696693,0.27779992028696693,0.27779992028696693,0.27779992028696693,1.0,1603,1603,True,True,True,False,False,True,True,True,True
TELEPORTATION,payload_3,ibm_sherbrooke,IBM,4096,3,,41.0,d09cmn2kzhn0008v3fwg,2_experiment_results_target_depth.csv,854,teleportation_hardware,3,1,singleton,False,0.0,100,0.0,1248,610,0.3433799784714747,0.45361328125,0.3046875,0.15576171875,2.1474563840312414e-50,True,0.14892578125,1248,-0.3433799784714747,0.0,-0.3433799784714747,-0.3433799784714747,1.0,610,610,True,True,True,False,False,True,True,True,True
TELEPORTATION,payload_4,ibm_sherbrooke,IBM,4096,4,,41.0,d09cmwbd8drg008yggr0,2_experiment_results_target_depth.csv,855,teleportation_hardware,4,1,singleton,False,0.0,0100,0.0,446,343,0.13054499366286437,0.192626953125,0.10888671875,0.025146484375,0.0002769060968519805,True,0.083740234375,446,-0.13054499366286437,0.0,-0.13054499366286437,-0.13054499366286437,1.0,343,343,True,True,False,False,False,True,True,False,False
TELEPORTATION,payload_5,ibm_sherbrooke,IBM,4096,5,,41.0,d09cn4c6rr3g00871wg0,2_experiment_results_target_depth.csv,856,teleportation_hardware,5,1,singleton,False,0.0,10101,0.0,174,166,0.023529411764705882,0.0830078125,0.04248046875,0.001953125,0.7042807681981154,True,0.030517578125,174,-0.16387959866220736,0.0,-0.16387959866220736,-0.16387959866220736,1.0,125,125,True,True,False,False,False,False,False,False,False
TELEPORTATION,payload_1,ibm_sherbrooke,IBM,4096,1,,41.0,d09cnbdnhqag008pa5f0,2_experiment_results_target_depth.csv,857,teleportation_hardware,1,1,singleton,False,1.0,0,0.386719,2840,1256,0.38671875,1.0,0.693359375,0.38671875,1.3723832029781428e-138,True,0.693359375,1256,0.38671875,0.38671875,0.38671875,0.38671875,1.0,2840,2840,True,True,True,False,False,True,True,True,True
TELEPORTATION,payload_2,ibm_sherbrooke,IBM,4096,2,,41.0,d09cnhyd8drg008ygh40,2_experiment_results_target_depth.csv,858,teleportation_hardware,2,1,singleton,False,0.0,11,0.0,2089,1039,0.3356777493606138,0.763671875,0.510009765625,0.25634765625,5.4549091479172874e-80,True,0.098876953125,2089,-0.6752205292702486,0.0,-0.6752205292702486,-0.6752205292702486,1.0,405,405,True,True,True,False,False,True,True,True,True
TELEPORTATION,payload_3,ibm_sherbrooke,IBM,4096,3,,41.0,d09cnrz6rr3g00871wr0,2_experiment_results_target_depth.csv,859,teleportation_hardware,3,1,singleton,False,0.0,110,0.0,786,757,0.018794556059624108,0.376708984375,0.19189453125,0.007080078125,0.4759737740294424,True,0.08984375,786,-0.36221837088388215,0.0,-0.36221837088388215,-0.36221837088388215,1.0,368,368,True,True,False,False,False,False,False,False,False
TELEPORTATION,payload_4,ibm_sherbrooke,IBM,4096,4,,41.0,d09cp3rnhqag008pa5r0,2_experiment_results_target_depth.csv,860,teleportation_hardware,4,1,singleton,False,0.0,0001,0.0,350,341,0.013024602026049204,0.168701171875,0.08544921875,0.002197265625,0.7608986113277576,True,0.083251953125,350,-0.013024602026049204,0.0,-0.013024602026049204,-0.013024602026049204,1.0,341,341,True,True,False,False,False,False,False,False,False
TELEPORTATION,payload_5,ibm_sherbrooke,IBM,4096,5,,41.0,d09cpesnhqag008pa5z0,2_experiment_results_target_depth.csv,861,teleportation_hardware,5,1,singleton,False,0.0,00110,0.0,173,160,0.03903903903903904,0.081298828125,0.042236328125,0.003173828125,0.5108582964113921,True,0.028564453125,173,-0.19310344827586207,0.0,-0.19310344827586207,-0.19310344827586207,1.0,117,117,True,True,False,False,False,False,False,False,False
TELEPORTATION,payload_1,ibm_sherbrooke,IBM,4096,1,,43.0,d09cppaqnmvg0086vyeg,2_experiment_results_target_depth.csv,862,teleportation_hardware,1,1,singleton,False,1.0,0,0.360352,2786,1310,0.3603515625,1.0,0.68017578125,0.3603515625,3.69016828313605e-120,True,0.68017578125,1310,0.3603515625,0.3603515625,0.3603515625,0.3603515625,1.0,2786,2786,True,True,True,False,False,True,True,True,True
TELEPORTATION,payload_2,ibm_sherbrooke,IBM,4096,2,,43.0,d09cs1wrxz8g0089znvg,2_experiment_results_target_depth.csv,863,teleportation_hardware,2,1,singleton,False,0.0,10,0.0,1826,905,0.33723910655437567,0.666748046875,0.44580078125,0.224853515625,1.0509228473180428e-70,True,0.217041015625,1826,-0.3451197053406998,0.0,-0.3451197053406998,-0.3451197053406998,1.0,889,889,True,True,True,False,False,True,True,True,True
TELEPORTATION,payload_3,ibm_sherbrooke,IBM,4096,3,,43.0,d09csbxnhqag008pa6tg,2_experiment_results_target_depth.csv,864,teleportation_hardware,3,1,singleton,False,0.0,100,0.0,807,655,0.1039671682626539,0.35693359375,0.197021484375,0.037109375,7.735676012827292e-05,True,0.109130859375,807,-0.28708133971291866,0.0,-0.28708133971291866,-0.28708133971291866,1.0,447,447,True,True,False,False,False,True,True,False,False
TELEPORTATION,payload_4,ibm_sherbrooke,IBM,4096,4,,43.0,d09cshykzhn0008v3hbg,2_experiment_results_target_depth.csv,865,teleportation_hardware,4,1,singleton,False,0.0,0111,0.0,419,303,0.16066481994459833,0.17626953125,0.102294921875,0.0283203125,1.7989142171138276e-05,True,0.0673828125,419,-0.20575539568345325,0.0,-0.20575539568345325,-0.20575539568345325,1.0,276,276,True,True,False,False,False,True,True,False,False
TELEPORTATION,payload_5,ibm_sherbrooke,IBM,4096,5,,43.0,d09cssfnhqag008pa72g,2_experiment_results_target_depth.csv,866,teleportation_hardware,5,1,singleton,False,0.0,01010,0.0,176,158,0.05389221556886228,0.08154296875,0.04296875,0.00439453125,0.3522849360552516,True,0.02490234375,176,-0.26618705035971224,0.0,-0.26618705035971224,-0.26618705035971224,1.0,102,102,True,True,False,False,False,False,False,False,False
TELEPORTATION,payload_1,ibm_sherbrooke,IBM,4096,1,,43.0,d09ct48qnmvg0086vzng,2_experiment_results_target_depth.csv,867,teleportation_hardware,1,1,singleton,False,1.0,0,0.279785,2621,1475,0.27978515625,1.0,0.639892578125,0.27978515625,1.6216927366836432e-72,True,0.639892578125,1475,0.27978515625,0.27978515625,0.27978515625,0.27978515625,1.0,2621,2621,True,True,True,False,False,True,True,True,True
TELEPORTATION,payload_2,ibm_sherbrooke,IBM,4096,2,,43.0,d09ctahnhqag008pa7a0,2_experiment_results_target_depth.csv,868,teleportation_hardware,2,1,singleton,False,0.0,10,0.0,1845,1714,0.036808092160719307,0.868896484375,0.450439453125,0.031982421875,0.02930921335849603,True,0.41845703125,1845,-0.036808092160719307,0.0,-0.036808092160719307,-0.036808092160719307,1.0,1714,1714,True,True,False,False,False,True,False,False,False
TELEPORTATION,payload_3,ibm_sherbrooke,IBM,4096,3,,43.0,d09ctj2kzhn0008v3hmg,2_experiment_results_target_depth.csv,869,teleportation_hardware,3,1,singleton,False,0.0,001,0.0,670,637,0.0252486610558531,0.319091796875,0.16357421875,0.008056640625,0.3760875114295939,True,0.11376953125,670,-0.1795774647887324,0.0,-0.1795774647887324,-0.1795774647887324,1.0,466,466,True,True,False,False,False,False,False,False,False
TELEPORTATION,payload_4,ibm_sherbrooke,IBM,4096,4,,43.0,d09ctw36rr3g00871yvg,2_experiment_results_target_depth.csv,870,teleportation_hardware,4,1,singleton,False,0.0,0010,0.0,1125,526,0.36281041792852814,0.403076171875,0.274658203125,0.146240234375,4.0920325052900336e-50,True,0.12548828125,1125,-0.3727882855399634,0.0,-0.3727882855399634,-0.3727882855399634,1.0,514,514,True,True,True,False,False,True,True,True,True
TELEPORTATION,payload_5,ibm_sherbrooke,IBM,4096,5,,43.0,d09czs7qnmvg0086w17g,2_experiment_results_target_depth.csv,871,teleportation_hardware,5,1,singleton,False,0.0,00011,0.0,204,191,0.03291139240506329,0.096435546875,0.0498046875,0.003173828125,0.5460403800194474,True,0.04345703125,204,-0.06806282722513089,0.0,-0.06806282722513089,-0.06806282722513089,1.0,178,178,True,True,False,False,False,False,False,False,False
TELEPORTATION,payload_1,ibm_sherbrooke,IBM,4096,1,,11.0,d09septnhqag008pecgg,3_experiment_results.csv,872,teleportation_hardware,1,1,singleton,False,1.0,0,0.381836,2830,1266,0.3818359375,1.0,0.69091796875,0.3818359375,4.5591122492949e-135,True,0.69091796875,1266,0.3818359375,0.3818359375,0.3818359375,0.3818359375,1.0,2830,2830,True,True,True,False,False,True,True,True,True
TELEPORTATION,payload_1,ibm_sherbrooke,IBM,4096,1,,11.0,d09sf0m6rr3g008765t0,3_experiment_results.csv,873,teleportation_hardware,1,1,singleton,False,1.0,0,0.317871,2699,1397,0.31787109375,1.0,0.658935546875,0.31787109375,1.937717395175007e-93,True,0.658935546875,1397,0.31787109375,0.31787109375,0.31787109375,0.31787109375,1.0,2699,2699,True,True,True,False,False,True,True,True,True
TELEPORTATION,payload_1,ibm_sherbrooke,IBM,4096,1,,11.0,d09sf9nkzhn0008v7w90,3_experiment_results.csv,874,teleportation_hardware,1,1,singleton,False,1.0,0,0.11084,2275,1821,0.11083984375,1.0,0.555419921875,0.11083984375,1.3881659485930763e-12,True,0.555419921875,1821,0.11083984375,0.11083984375,0.11083984375,0.11083984375,1.0,2275,2275,True,True,False,False,False,True,True,False,True
TELEPORTATION,payload_1,ibm_sherbrooke,IBM,4096,1,,11.0,d09sftfnhqag008ped10,3_experiment_results.csv,875,teleportation_hardware,1,1,singleton,False,1.0,0,0.195801,2449,1647,0.19580078125,1.0,0.597900390625,0.19580078125,3.693762337207032e-36,True,0.597900390625,1647,0.19580078125,0.19580078125,0.19580078125,0.19580078125,1.0,2449,2449,True,True,False,False,False,True,True,False,True
TELEPORTATION,payload_1,ibm_sherbrooke,IBM,4096,1,,11.0,d09sg2gd8drg008ymqwg,3_experiment_results.csv,876,teleportation_hardware,1,1,singleton,False,1.0,0,0.236816,2533,1563,0.23681640625,1.0,0.618408203125,0.23681640625,2.926828542351769e-52,True,0.618408203125,1563,0.23681640625,0.23681640625,0.23681640625,0.23681640625,1.0,2533,2533,True,True,True,False,False,True,True,True,True
TELEPORTATION,payload_1,ibm_sherbrooke,IBM,4096,1,,11.0,d09sg9skzhn0008v7wpg,3_experiment_results.csv,877,teleportation_hardware,1,1,singleton,False,1.0,0,0.122559,2299,1797,0.12255859375,1.0,0.561279296875,0.12255859375,4.585908608723012e-15,True,0.561279296875,1797,0.12255859375,0.12255859375,0.12255859375,0.12255859375,1.0,2299,2299,True,True,False,False,False,True,True,False,True
TELEPORTATION,payload_1,ibm_sherbrooke,IBM,4096,1,,11.0,d09sgjtnhqag008peddg,3_experiment_results.csv,878,teleportation_hardware,1,1,singleton,False,1.0,0,0.230957,2521,1575,0.23095703125,1.0,0.615478515625,0.23095703125,9.084424487469852e-50,True,0.615478515625,1575,0.23095703125,0.23095703125,0.23095703125,0.23095703125,1.0,2521,2521,True,True,True,False,False,True,True,True,True
TELEPORTATION,payload_1,ibm_sherbrooke,IBM,4096,1,,11.0,d09sgrbqnmvg008709f0,3_experiment_results.csv,879,teleportation_hardware,1,1,singleton,False,1.0,0,0.354492,2774,1322,0.3544921875,1.0,0.67724609375,0.3544921875,2.9424387761955174e-116,True,0.67724609375,1322,0.3544921875,0.3544921875,0.3544921875,0.3544921875,1.0,2774,2774,True,True,True,False,False,True,True,True,True
TELEPORTATION,payload_1,ibm_sherbrooke,IBM,4096,1,,11.0,d09sgybnhqag008pedjg,3_experiment_results.csv,880,teleportation_hardware,1,1,singleton,False,1.0,0,0.19873,2455,1641,0.19873046875,1.0,0.599365234375,0.19873046875,3.3166591785910455e-37,True,0.599365234375,1641,0.19873046875,0.19873046875,0.19873046875,0.19873046875,1.0,2455,2455,True,True,False,False,False,True,True,False,True
TELEPORTATION,payload_1,ibm_sherbrooke,IBM,4096,1,,11.0,d09sh4mkzhn0008v7x60,3_experiment_results.csv,881,teleportation_hardware,1,1,singleton,False,1.0,0,0.169922,2396,1700,0.169921875,1.0,0.5849609375,0.169921875,1.351856573694289e-27,True,0.5849609375,1700,0.169921875,0.169921875,0.169921875,0.169921875,1.0,2396,2396,True,True,False,False,False,True,True,False,True
TELEPORTATION,payload_1,ibm_sherbrooke,IBM,4096,1,,11.0,d09shanqnmvg008709m0,3_experiment_results.csv,882,teleportation_hardware,1,1,singleton,False,1.0,0,0.197266,2452,1644,0.197265625,1.0,0.5986328125,0.197265625,1.1118825677947935e-36,True,0.5986328125,1644,0.197265625,0.197265625,0.197265625,0.197265625,1.0,2452,2452,True,True,False,False,False,True,True,False,True
TELEPORTATION,payload_1,ibm_sherbrooke,IBM,4096,1,,11.0,d09shkeqnmvg008709rg,3_experiment_results.csv,883,teleportation_hardware,1,1,singleton,False,1.0,0,0.140625,2336,1760,0.140625,1.0,0.5703125,0.140625,2.2767716268789417e-19,True,0.5703125,1760,0.140625,0.140625,0.140625,0.140625,1.0,2336,2336,True,True,False,False,False,True,True,False,True
TELEPORTATION,payload_1,ibm_sherbrooke,IBM,4096,1,,11.0,d09sj30qnmvg00870a1g,3_experiment_results.csv,884,teleportation_hardware,1,1,singleton,False,1.0,0,0.148926,2353,1743,0.14892578125,1.0,0.574462890625,0.14892578125,1.526547304193895e-21,True,0.574462890625,1743,0.14892578125,0.14892578125,0.14892578125,0.14892578125,1.0,2353,2353,True,True,False,False,False,True,True,False,True
TELEPORTATION,payload_1,ibm_sherbrooke,IBM,4096,1,,11.0,d09sjc9rxz8g008a4250,3_experiment_results.csv,885,teleportation_hardware,1,1,singleton,False,1.0,0,0.219238,2497,1599,0.21923828125,1.0,0.609619140625,0.21923828125,5.618123445703252e-45,True,0.609619140625,1599,0.21923828125,0.21923828125,0.21923828125,0.21923828125,1.0,2497,2497,True,True,True,False,False,True,True,True,True
TELEPORTATION,payload_1,ibm_sherbrooke,IBM,4096,1,,11.0,d09skh66rr3g0087687g,3_experiment_results.csv,886,teleportation_hardware,1,1,singleton,False,1.0,0,0.204102,2466,1630,0.2041015625,1.0,0.60205078125,0.2041015625,3.63551539775397e-39,True,0.60205078125,1630,0.2041015625,0.2041015625,0.2041015625,0.2041015625,1.0,2466,2466,True,True,True,False,False,True,True,True,True
TELEPORTATION,payload_1,ibm_sherbrooke,IBM,4096,1,,11.0,d09skrzrxz8g008a42k0,3_experiment_results.csv,887,teleportation_hardware,1,1,singleton,False,1.0,0,0.224609,2508,1588,0.224609375,1.0,0.6123046875,0.224609375,3.8492476496695524e-47,True,0.6123046875,1588,0.224609375,0.224609375,0.224609375,0.224609375,1.0,2508,2508,True,True,True,False,False,True,True,True,True
TELEPORTATION,payload_1,ibm_sherbrooke,IBM,4096,1,,11.0,d09sm00kzhn0008v7y80,3_experiment_results.csv,888,teleportation_hardware,1,1,singleton,False,1.0,0,0.398438,2864,1232,0.3984375,1.0,0.69921875,0.3984375,3.037590842059831e-147,True,0.69921875,1232,0.3984375,0.3984375,0.3984375,0.3984375,1.0,2864,2864,True,True,True,False,False,True,True,True,True
TELEPORTATION,payload_1,ibm_sherbrooke,IBM,4096,1,,11.0,d09sm70kzhn0008v7ycg,3_experiment_results.csv,889,teleportation_hardware,1,1,singleton,False,1.0,0,0.185547,2428,1668,0.185546875,1.0,0.5927734375,0.185546875,1.279439616965261e-32,True,0.5927734375,1668,0.185546875,0.185546875,0.185546875,0.185546875,1.0,2428,2428,True,True,False,False,False,True,True,False,True
TELEPORTATION,payload_1,ibm_sherbrooke,IBM,4096,1,,11.0,d09smdhkzhn0008v7yf0,3_experiment_results.csv,890,teleportation_hardware,1,1,singleton,False,1.0,0,0.288086,2638,1458,0.2880859375,1.0,0.64404296875,0.2880859375,7.765686922381872e-77,True,0.64404296875,1458,0.2880859375,0.2880859375,0.2880859375,0.2880859375,1.0,2638,2638,True,True,True,False,False,True,True,True,True
TELEPORTATION,payload_1,ibm_sherbrooke,IBM,4096,1,,11.0,d09smmad8drg008ymst0,3_experiment_results.csv,891,teleportation_hardware,1,1,singleton,False,1.0,0,0.182617,2422,1674,0.1826171875,1.0,0.59130859375,0.1826171875,1.2104307023714076e-31,True,0.59130859375,1674,0.1826171875,0.1826171875,0.1826171875,0.1826171875,1.0,2422,2422,True,True,False,False,False,True,True,False,True
TELEPORTATION,payload_2,ibm_sherbrooke,IBM,4096,2,,13.0,d09smybqnmvg00870b8g,3_experiment_results.csv,892,teleportation_hardware,2,1,singleton,False,0.0,10,0.0,1566,946,0.24681528662420382,0.61328125,0.38232421875,0.1513671875,2.1974855903513373e-35,True,0.21044921875,1566,-0.2899505766062603,0.0,-0.2899505766062603,-0.2899505766062603,1.0,862,862,True,True,True,False,False,True,True,True,True
TELEPORTATION,payload_2,ibm_sherbrooke,IBM,4096,2,,13.0,d09sn6cnhqag008pef20,3_experiment_results.csv,893,teleportation_hardware,2,1,singleton,False,1.0,00,0.335808,2339,1163,0.33580810965162766,0.85498046875,0.571044921875,0.287109375,2.0504103907486423e-89,True,0.571044921875,1163,0.33580810965162766,0.33580810965162766,0.33580810965162766,0.33580810965162766,1.0,2339,2339,True,True,True,False,False,True,True,True,True
TELEPORTATION,payload_2,ibm_sherbrooke,IBM,4096,2,,13.0,d09sndx6rr3g0087691g,3_experiment_results.csv,894,teleportation_hardware,2,1,singleton,False,1.0,00,0.532591,2410,735,0.5325914149443561,0.767822265625,0.58837890625,0.408935546875,3.7989291887972055e-206,True,0.58837890625,735,0.5325914149443561,0.5325914149443561,0.5325914149443561,0.5325914149443561,1.0,2410,2410,True,True,True,True,False,True,True,True,True
TELEPORTATION,payload_2,ibm_sherbrooke,IBM,4096,2,,13.0,d09snkenhqag008pef80,3_experiment_results.csv,895,teleportation_hardware,2,1,singleton,False,0.0,10,0.0,1576,1026,0.21137586471944658,0.63525390625,0.384765625,0.13427734375,3.3361845407757506e-27,True,0.199951171875,1576,-0.31607515657620044,0.0,-0.31607515657620044,-0.31607515657620044,1.0,819,819,True,True,True,False,False,True,True,True,True
TELEPORTATION,payload_2,ibm_sherbrooke,IBM,4096,2,,13.0,d09sntqrxz8g008a436g,3_experiment_results.csv,896,teleportation_hardware,2,1,singleton,False,1.0,00,0.299729,1921,1035,0.2997293640054127,0.7216796875,0.468994140625,0.21630859375,1.825045301571842e-60,True,0.468994140625,1035,0.2997293640054127,0.2997293640054127,0.2997293640054127,0.2997293640054127,1.0,1921,1921,True,True,True,False,False,True,True,True,True
TELEPORTATION,payload_2,ibm_sherbrooke,IBM,4096,2,,13.0,d09sp28rxz8g008a4390,3_experiment_results.csv,897,teleportation_hardware,2,1,singleton,False,0.0,10,0.0,1804,970,0.300648882480173,0.67724609375,0.4404296875,0.20361328125,3.440578287958691e-57,True,0.23681640625,1804,-0.300648882480173,0.0,-0.300648882480173,-0.300648882480173,1.0,970,970,True,True,True,False,False,True,True,True,True
TELEPORTATION,payload_2,ibm_sherbrooke,IBM,4096,2,,13.0,d09sp91nhqag008pefe0,3_experiment_results.csv,898,teleportation_hardware,2,1,singleton,False,1.0,00,0.511225,2356,762,0.5112251443232841,0.76123046875,0.5751953125,0.38916015625,1.2322930635114146e-187,True,0.5751953125,762,0.5112251443232841,0.5112251443232841,0.5112251443232841,0.5112251443232841,1.0,2356,2356,True,True,True,True,False,True,True,True,True
TELEPORTATION,payload_2,ibm_sherbrooke,IBM,4096,2,,13.0,d09sphad8drg008ymteg,3_experiment_results.csv,899,teleportation_hardware,2,1,singleton,False,0.0,11,0.0,2069,932,0.37887370876374543,0.732666015625,0.505126953125,0.277587890625,6.878093453482845e-98,True,0.119873046875,2069,-0.61640625,0.0,-0.61640625,-0.61640625,1.0,491,491,True,True,True,False,False,True,True,True,True
TELEPORTATION,payload_2,ibm_sherbrooke,IBM,4096,2,,13.0,d09sqc5d8drg008ymtpg,3_experiment_results.csv,900,teleportation_hardware,2,1,singleton,False,0.0,11,0.0,2113,883,0.4105473965287049,0.7314453125,0.515869140625,0.30029296875,5.979698177320081e-115,True,0.115478515625,2113,-0.634184068058778,0.0,-0.634184068058778,-0.634184068058778,1.0,473,473,True,True,True,False,False,True,True,True,True
TELEPORTATION,payload_2,ibm_sherbrooke,IBM,4096,2,,13.0,d09sqmyrxz8g008a43kg,3_experiment_results.csv,901,teleportation_hardware,2,1,singleton,False,0.0,10,0.0,1748,1050,0.2494639027877055,0.68310546875,0.4267578125,0.17041015625,4.754253043984649e-40,True,0.25634765625,1748,-0.2494639027877055,0.0,-0.2494639027877055,-0.2494639027877055,1.0,1050,1050,True,True,True,False,False,True,True,True,True
TELEPORTATION,payload_2,ibm_sherbrooke,IBM,4096,2,,13.0,d09sqw76rr3g00876a00,3_experiment_results.csv,902,teleportation_hardware,2,1,singleton,False,0.0,10,0.0,1817,936,0.3200145296040683,0.672119140625,0.443603515625,0.215087890625,3.2258797927798816e-64,True,0.228515625,1817,-0.3200145296040683,0.0,-0.3200145296040683,-0.3200145296040683,1.0,936,936,True,True,True,False,False,True,True,True,True
TELEPORTATION,payload_2,ibm_sherbrooke,IBM,4096,2,,13.0,d09sr30qnmvg00870cdg,3_experiment_results.csv,903,teleportation_hardware,2,1,singleton,False,0.0,11,0.0,2034,940,0.36785474108944183,0.72607421875,0.49658203125,0.26708984375,1.9646786316054796e-91,True,0.098388671875,2034,-0.6692654903569963,0.0,-0.6692654903569963,-0.6692654903569963,1.0,403,403,True,True,True,False,False,True,True,True,True
TELEPORTATION,payload_2,ibm_sherbrooke,IBM,4096,2,,13.0,d09sra1d8drg008ymv40,3_experiment_results.csv,904,teleportation_hardware,2,1,singleton,False,0.0,10,0.0,1549,1032,0.20030995738086013,0.630126953125,0.378173828125,0.126220703125,2.1804143530792206e-24,True,0.251953125,1549,-0.20030995738086013,0.0,-0.20030995738086013,-0.20030995738086013,1.0,1032,1032,True,True,True,False,False,True,True,True,True
TELEPORTATION,payload_2,ibm_sherbrooke,IBM,4096,2,,13.0,d09srgjrxz8g008a43xg,3_experiment_results.csv,905,teleportation_hardware,2,1,singleton,False,0.0,11,0.0,1986,903,0.37487019730010385,0.705322265625,0.48486328125,0.264404296875,2.6259985538086816e-92,True,0.113037109375,1986,-0.6218864842792977,0.0,-0.6218864842792977,-0.6218864842792977,1.0,463,463,True,True,True,False,False,True,True,True,True
TELEPORTATION,payload_2,ibm_sherbrooke,IBM,4096,2,,13.0,d09srr3kzhn0008v80cg,3_experiment_results.csv,906,teleportation_hardware,2,1,singleton,False,1.0,00,0.401889,2004,855,0.4018887722980063,0.697998046875,0.4892578125,0.280517578125,3.904317512651366e-105,True,0.4892578125,855,0.4018887722980063,0.4018887722980063,0.4018887722980063,0.4018887722980063,1.0,2004,2004,True,True,True,False,False,True,True,True,True
TELEPORTATION,payload_2,ibm_sherbrooke,IBM,4096,2,,13.0,d09stb9qnmvg00870dt0,3_experiment_results.csv,907,teleportation_hardware,2,1,singleton,False,0.0,10,0.0,2172,1495,0.18461958003817835,0.895263671875,0.5302734375,0.165283203125,4.3132755242769136e-29,True,0.364990234375,2172,-0.18461958003817835,0.0,-0.18461958003817835,-0.18461958003817835,1.0,1495,1495,True,True,False,False,False,True,True,False,True
TELEPORTATION,payload_2,ibm_sherbrooke,IBM,4096,2,,13.0,d09swwvqnmvg00870f2g,3_experiment_results.csv,908,teleportation_hardware,2,1,singleton,False,0.0,10,0.0,1385,1118,0.1066719936076708,0.611083984375,0.338134765625,0.065185546875,1.0282598099541073e-07,True,0.20263671875,1385,-0.2505643340857788,0.0,-0.2505643340857788,-0.2505643340857788,1.0,830,830,True,True,False,False,False,True,True,False,True
TELEPORTATION,payload_2,ibm_sherbrooke,IBM,4096,2,,13.0,d09syhjrxz8g008a46d0,3_experiment_results.csv,909,teleportation_hardware,2,1,singleton,False,0.0,10,0.0,1577,1066,0.1933409004918653,0.645263671875,0.385009765625,0.124755859375,2.4938353134649562e-23,True,0.216064453125,1577,-0.28107229894394803,0.0,-0.28107229894394803,-0.28107229894394803,1.0,885,885,True,True,False,False,False,True,True,False,True
TELEPORTATION,payload_2,ibm_sherbrooke,IBM,4096,2,,13.0,d09t0njd8drg008ymybg,3_experiment_results.csv,910,teleportation_hardware,2,1,singleton,False,0.0,10,0.0,1672,1040,0.23303834808259588,0.662109375,0.408203125,0.154296875,4.3778413555151714e-34,True,0.25390625,1672,-0.23303834808259588,0.0,-0.23303834808259588,-0.23303834808259588,1.0,1040,1040,True,True,True,False,False,True,True,True,True
TELEPORTATION,payload_2,ibm_sherbrooke,IBM,4096,2,,13.0,d09t2m26rr3g00876ds0,3_experiment_results.csv,911,teleportation_hardware,2,1,singleton,False,0.0,01,0.0,1701,1250,0.15282954930532022,0.720458984375,0.415283203125,0.110107421875,1.043571772875526e-16,True,0.140625,1701,-0.49407114624505927,0.0,-0.49407114624505927,-0.49407114624505927,1.0,576,576,True,True,False,False,False,True,True,False,True
TELEPORTATION,payload_3,ibm_sherbrooke,IBM,4096,3,,15.0,d09t2zkqnmvg00870gh0,3_experiment_results.csv,912,teleportation_hardware,3,1,singleton,False,0.0,101,0.0,779,748,0.020301244269810084,0.372802734375,0.190185546875,0.007568359375,0.44266497256018045,True,0.072509765625,779,-0.4479553903345725,0.0,-0.4479553903345725,-0.4479553903345725,1.0,297,297,True,True,False,False,False,False,False,False,False
TELEPORTATION,payload_3,ibm_sherbrooke,IBM,4096,3,,15.0,d09t6e9d8drg008yn070,3_experiment_results.csv,913,teleportation_hardware,3,1,singleton,False,0.0,110,0.0,648,540,0.09090909090909091,0.2900390625,0.158203125,0.0263671875,0.00189462897132515,True,0.1083984375,648,-0.18681318681318682,0.0,-0.18681318681318682,-0.18681318681318682,1.0,444,444,True,True,False,False,False,True,True,False,False
TELEPORTATION,payload_3,ibm_sherbrooke,IBM,4096,3,,15.0,d09t6tbqnmvg00870j4g,3_experiment_results.csv,914,teleportation_hardware,3,1,singleton,False,0.0,100,0.0,1052,993,0.02885085574572127,0.499267578125,0.2568359375,0.014404296875,0.19963068805709708,True,0.160400390625,1052,-0.23112931538911644,0.0,-0.23112931538911644,-0.23112931538911644,1.0,657,657,True,True,False,False,False,False,False,False,False
TELEPORTATION,payload_3,ibm_sherbrooke,IBM,4096,3,,15.0,d09t71md8drg008yn0gg,3_experiment_results.csv,915,teleportation_hardware,3,1,singleton,False,0.0,001,0.0,542,526,0.0149812734082397,0.2607421875,0.13232421875,0.00390625,0.6462598543958713,True,0.12744140625,542,-0.018796992481203006,0.0,-0.018796992481203006,-0.018796992481203006,1.0,522,522,True,True,False,False,False,False,False,False,False
TELEPORTATION,payload_3,ibm_sherbrooke,IBM,4096,3,,15.0,d09t78dnhqag008penk0,3_experiment_results.csv,916,teleportation_hardware,3,1,singleton,False,0.0,101,0.0,561,543,0.016304347826086956,0.26953125,0.136962890625,0.00439453125,0.6089230654722785,True,0.127685546875,561,-0.03505535055350553,0.0,-0.03505535055350553,-0.03505535055350553,1.0,523,523,True,True,False,False,False,False,False,False,False
TELEPORTATION,payload_3,ibm_sherbrooke,IBM,4096,3,,15.0,d09t7ex6rr3g00876feg,3_experiment_results.csv,917,teleportation_hardware,3,1,singleton,False,0.0,011,0.0,689,612,0.05918524212144504,0.317626953125,0.168212890625,0.018798828125,0.03507294517136729,True,0.13623046875,689,-0.10505212510024058,0.0,-0.10505212510024058,-0.10505212510024058,1.0,558,558,True,True,False,False,False,True,False,False,False
TELEPORTATION,payload_3,ibm_sherbrooke,IBM,4096,3,,15.0,d09t7pykzhn0008v85gg,3_experiment_results.csv,918,teleportation_hardware,3,1,singleton,False,0.0,100,0.0,904,825,0.04569115095430885,0.422119140625,0.220703125,0.019287109375,0.06064518585407503,True,0.1337890625,904,-0.24517906336088155,0.0,-0.24517906336088155,-0.24517906336088155,1.0,548,548,True,True,False,False,False,False,False,False,False
TELEPORTATION,payload_3,ibm_sherbrooke,IBM,4096,3,,15.0,d09t7y7qnmvg00870jy0,3_experiment_results.csv,919,teleportation_hardware,3,1,singleton,False,0.0,010,0.0,841,682,0.10439921208141825,0.371826171875,0.205322265625,0.038818359375,5.0772110496110384e-05,True,0.16650390625,841,-0.10439921208141825,0.0,-0.10439921208141825,-0.10439921208141825,1.0,682,682,True,True,False,False,False,True,True,False,False
TELEPORTATION,payload_3,ibm_sherbrooke,IBM,4096,3,,15.0,d09t840rxz8g008a49r0,3_experiment_results.csv,920,teleportation_hardware,3,1,singleton,False,0.0,010,0.0,670,635,0.02681992337164751,0.318603515625,0.16357421875,0.008544921875,0.3466150934218123,True,0.155029296875,670,-0.02681992337164751,0.0,-0.02681992337164751,-0.02681992337164751,1.0,635,635,True,True,False,False,False,False,False,False,False
TELEPORTATION,payload_3,ibm_sherbrooke,IBM,4096,3,,15.0,d09t8a9nhqag008pep70,3_experiment_results.csv,921,teleportation_hardware,3,1,singleton,False,0.0,010,0.0,704,555,0.11834789515488484,0.307373046875,0.171875,0.036376953125,2.9715839925992113e-05,True,0.135498046875,704,-0.11834789515488484,0.0,-0.11834789515488484,-0.11834789515488484,1.0,555,555,True,True,False,False,False,True,True,False,False
TELEPORTATION,payload_3,ibm_sherbrooke,IBM,4096,3,,15.0,d09t8gjd8drg008yn1bg,3_experiment_results.csv,922,teleportation_hardware,3,1,singleton,False,0.0,100,0.0,1205,607,0.33002207505518766,0.4423828125,0.294189453125,0.14599609375,1.7102505332841602e-45,True,0.148193359375,1205,-0.33002207505518766,0.0,-0.33002207505518766,-0.33002207505518766,1.0,607,607,True,True,True,False,False,True,True,True,True
TELEPORTATION,payload_3,ibm_sherbrooke,IBM,4096,3,,15.0,d09t8pjnhqag008pepcg,3_experiment_results.csv,923,teleportation_hardware,3,1,singleton,False,0.0,001,0.0,849,773,0.0468557336621455,0.39599609375,0.207275390625,0.0185546875,0.06253587741942147,True,0.09130859375,849,-0.3883892068683565,0.0,-0.3883892068683565,-0.3883892068683565,1.0,374,374,True,True,False,False,False,False,False,False,False
TELEPORTATION,payload_3,ibm_sherbrooke,IBM,4096,3,,15.0,d09t8y36rr3g00876gb0,3_experiment_results.csv,924,teleportation_hardware,3,1,singleton,False,0.0,100,0.0,628,593,0.028665028665028666,0.298095703125,0.1533203125,0.008544921875,0.33054591437341657,True,0.131591796875,628,-0.07626392459297343,0.0,-0.07626392459297343,-0.07626392459297343,1.0,539,539,True,True,False,False,False,False,False,False,False
TELEPORTATION,payload_3,ibm_sherbrooke,IBM,4096,3,,15.0,d09t95wnhqag008pepkg,3_experiment_results.csv,925,teleportation_hardware,3,1,singleton,False,0.0,100,0.0,1347,719,0.30396902226524686,0.50439453125,0.328857421875,0.1533203125,6.043434448684103e-44,True,0.175537109375,1347,-0.30396902226524686,0.0,-0.30396902226524686,-0.30396902226524686,1.0,719,719,True,True,True,False,False,True,True,True,True
TELEPORTATION,payload_3,ibm_sherbrooke,IBM,4096,3,,15.0,d09t9ed6rr3g00876gp0,3_experiment_results.csv,926,teleportation_hardware,3,1,singleton,False,0.0,010,0.0,901,744,0.09544072948328268,0.401611328125,0.219970703125,0.038330078125,0.00011860918554083529,True,0.181640625,901,-0.09544072948328268,0.0,-0.09544072948328268,-0.09544072948328268,1.0,744,744,True,True,False,False,False,True,True,False,False
TELEPORTATION,payload_3,ibm_sherbrooke,IBM,4096,3,,15.0,d09t9p6kzhn0008v86f0,3_experiment_results.csv,927,teleportation_hardware,3,1,singleton,False,0.0,110,0.0,626,567,0.04945515507124895,0.291259765625,0.15283203125,0.014404296875,0.09306745250037214,True,0.117431640625,626,-0.13098464317976513,0.0,-0.13098464317976513,-0.13098464317976513,1.0,481,481,True,True,False,False,False,False,False,False,False
TELEPORTATION,payload_3,ibm_sherbrooke,IBM,4096,3,,15.0,d09t9x7nhqag008pepx0,3_experiment_results.csv,928,teleportation_hardware,3,1,singleton,False,0.0,111,0.0,540,537,0.002785515320334262,0.262939453125,0.1318359375,0.000732421875,0.9514085387877054,True,0.107421875,540,-0.10204081632653061,0.0,-0.10204081632653061,-0.10204081632653061,1.0,440,440,True,True,False,False,False,False,False,False,False
TELEPORTATION,payload_3,ibm_sherbrooke,IBM,4096,3,,15.0,d09ta4rkzhn0008v86rg,3_experiment_results.csv,929,teleportation_hardware,3,1,singleton,False,0.0,110,0.0,592,576,0.0136986301369863,0.28515625,0.14453125,0.00390625,0.6607492277673204,True,0.140625,592,-0.0136986301369863,0.0,-0.0136986301369863,-0.0136986301369863,1.0,576,576,True,True,False,False,False,False,False,False,False
TELEPORTATION,payload_3,ibm_sherbrooke,IBM,4096,3,,15.0,d09tac1kzhn0008v86wg,3_experiment_results.csv,930,teleportation_hardware,3,1,singleton,False,0.0,010,0.0,707,563,0.11338582677165354,0.31005859375,0.172607421875,0.03515625,5.9025963619870094e-05,True,0.137451171875,707,-0.11338582677165354,0.0,-0.11338582677165354,-0.11338582677165354,1.0,563,563,True,True,False,False,False,True,True,False,False
TELEPORTATION,payload_3,ibm_sherbrooke,IBM,4096,3,,15.0,d09tamarxz8g008a4bc0,3_experiment_results.csv,931,teleportation_hardware,3,1,singleton,False,0.0,110,0.0,588,562,0.022608695652173914,0.28076171875,0.1435546875,0.00634765625,0.46100965595671783,True,0.1337890625,588,-0.035211267605633804,0.0,-0.035211267605633804,-0.035211267605633804,1.0,548,548,True,True,False,False,False,False,False,False,False
TELEPORTATION,payload_3,ibm_sherbrooke,IBM,4096,3,,15.0,d09tazk6rr3g00876hwg,3_experiment_results.csv,932,teleportation_hardware,3,1,singleton,False,1.0,000,0.010256,591,579,0.010256410256410256,0.28564453125,0.144287109375,0.0029296875,0.7477804623924842,True,0.144287109375,579,0.010256410256410256,0.010256410256410256,0.010256410256410256,0.010256410256410256,1.0,591,591,True,True,False,False,False,False,False,False,False
TELEPORTATION,payload_4,ibm_sherbrooke,IBM,4096,4,,17.0,d09tbnp6rr3g00876jcg,3_experiment_results.csv,933,teleportation_hardware,4,1,singleton,False,0.0,0001,0.0,406,405,0.0012330456226880395,0.197998046875,0.09912109375,0.000244140625,1.0,True,0.046630859375,406,-0.3601340033500838,0.0,-0.3601340033500838,-0.3601340033500838,1.0,191,191,True,True,False,False,False,False,False,False,False
TELEPORTATION,payload_4,ibm_sherbrooke,IBM,4096,4,,17.0,d09tbxf6rr3g00876jhg,3_experiment_results.csv,934,teleportation_hardware,4,1,singleton,False,1.0,0000,0.128689,478,369,0.12868949232585597,0.206787109375,0.11669921875,0.026611328125,0.00020271070655915338,True,0.11669921875,369,0.12868949232585597,0.12868949232585597,0.12868949232585597,0.12868949232585597,1.0,478,478,True,True,False,False,False,True,True,False,False
TELEPORTATION,payload_4,ibm_sherbrooke,IBM,4096,4,,17.0,d09tc60nhqag008perj0,3_experiment_results.csv,935,teleportation_hardware,4,1,singleton,False,0.0,1001,0.0,393,385,0.010282776349614395,0.18994140625,0.095947265625,0.001953125,0.8018628786171165,True,0.067626953125,393,-0.17313432835820897,0.0,-0.17313432835820897,-0.17313432835820897,1.0,277,277,True,True,False,False,False,False,False,False,False
TELEPORTATION,payload_4,ibm_sherbrooke,IBM,4096,4,,17.0,d09tcc9d8drg008yn44g,3_experiment_results.csv,936,teleportation_hardware,4,1,singleton,False,0.0,1000,0.0,341,304,0.05736434108527132,0.157470703125,0.083251953125,0.009033203125,0.1562832388121962,True,0.05810546875,341,-0.17789291882556132,0.0,-0.17789291882556132,-0.17789291882556132,1.0,238,238,True,True,False,False,False,False,False,False,False
TELEPORTATION,payload_4,ibm_sherbrooke,IBM,4096,4,,17.0,d09tcpj6rr3g00876kag,3_experiment_results.csv,937,teleportation_hardware,4,1,singleton,False,0.0,0110,0.0,514,391,0.13591160220994475,0.220947265625,0.12548828125,0.030029296875,4.881620953092455e-05,True,0.079833984375,514,-0.22235434007134364,0.0,-0.22235434007134364,-0.22235434007134364,1.0,327,327,True,True,False,False,False,True,True,False,False
TELEPORTATION,payload_4,ibm_sherbrooke,IBM,4096,4,,17.0,d09tcxvkzhn0008v8950,3_experiment_results.csv,938,teleportation_hardware,4,1,singleton,False,1.0,0000,0.072593,362,313,0.0725925925925926,0.164794921875,0.08837890625,0.011962890625,0.06459193108115853,True,0.08837890625,313,0.0725925925925926,0.0725925925925926,0.0725925925925926,0.0725925925925926,1.0,362,362,True,True,False,False,False,False,False,False,False
TELEPORTATION,payload_4,ibm_sherbrooke,IBM,4096,4,,17.0,d09td4cqnmvg00870pjg,3_experiment_results.csv,939,teleportation_hardware,4,1,singleton,False,0.0,TIED,0.0,388,388,0.0,0.189453125,0.0947265625,0.0,1.0,False,0.080810546875,388,-0.07927677329624479,0.0,-0.07927677329624479,-0.07927677329624479,1.0,331,331,True,False,False,False,False,False,False,False,False
TELEPORTATION,payload_4,ibm_sherbrooke,IBM,4096,4,,17.0,d09tdadkzhn0008v89d0,3_experiment_results.csv,940,teleportation_hardware,4,1,singleton,False,0.0,0001,0.0,462,392,0.08196721311475409,0.20849609375,0.11279296875,0.01708984375,0.018167439702253808,True,0.095703125,462,-0.08196721311475409,0.0,-0.08196721311475409,-0.08196721311475409,1.0,392,392,True,True,False,False,False,True,False,False,False
TELEPORTATION,payload_4,ibm_sherbrooke,IBM,4096,4,,17.0,d09tdgenhqag008pesag,3_experiment_results.csv,941,teleportation_hardware,4,1,singleton,False,0.0,0010,0.0,397,376,0.027166882276843468,0.188720703125,0.096923828125,0.005126953125,0.4719484356080327,True,0.080078125,397,-0.09517241379310344,0.0,-0.09517241379310344,-0.09517241379310344,1.0,328,328,True,True,False,False,False,False,False,False,False
TELEPORTATION,payload_4,ibm_sherbrooke,IBM,4096,4,,17.0,d09tdppd8drg008yn50g,3_experiment_results.csv,942,teleportation_hardware,4,1,singleton,False,0.0,0010,0.0,325,304,0.033386327503974564,0.153564453125,0.079345703125,0.005126953125,0.4252109106357394,True,0.07373046875,325,-0.03668261562998405,0.0,-0.03668261562998405,-0.03668261562998405,1.0,302,302,True,True,False,False,False,False,False,False,False
TELEPORTATION,payload_4,ibm_sherbrooke,IBM,4096,4,,17.0,d09tdwzd8drg008yn540,3_experiment_results.csv,943,teleportation_hardware,4,1,singleton,False,0.0,0111,0.0,416,369,0.05987261146496815,0.191650390625,0.1015625,0.011474609375,0.10056802995643434,True,0.084228515625,416,-0.09329829172141918,0.0,-0.09329829172141918,-0.09329829172141918,1.0,345,345,True,True,False,False,False,False,False,False,False
TELEPORTATION,payload_4,ibm_sherbrooke,IBM,4096,4,,17.0,d09te2rnhqag008pesng,3_experiment_results.csv,944,teleportation_hardware,4,1,singleton,False,0.0,0110,0.0,413,407,0.007317073170731708,0.2001953125,0.100830078125,0.00146484375,0.8614015401138507,True,0.08154296875,413,-0.10575635876840696,0.0,-0.10575635876840696,-0.10575635876840696,1.0,334,334,True,True,False,False,False,False,False,False,False
TELEPORTATION,payload_4,ibm_sherbrooke,IBM,4096,4,,17.0,d09te8snhqag008pespg,3_experiment_results.csv,945,teleportation_hardware,4,1,singleton,False,0.0,0100,0.0,420,350,0.09090909090909091,0.18798828125,0.1025390625,0.01708984375,0.012846877889506532,True,0.076416015625,420,-0.14597544338335608,0.0,-0.14597544338335608,-0.14597544338335608,1.0,313,313,True,True,False,False,False,True,False,False,False
TELEPORTATION,payload_4,ibm_sherbrooke,IBM,4096,4,,17.0,d09tefhqnmvg00870q40,3_experiment_results.csv,946,teleportation_hardware,4,1,singleton,False,1.0,0000,0.166551,844,603,0.16655148583275742,0.353271484375,0.2060546875,0.058837890625,2.5573522760900915e-10,True,0.2060546875,603,0.16655148583275742,0.16655148583275742,0.16655148583275742,0.16655148583275742,1.0,844,844,True,True,False,False,False,True,True,False,True
TELEPORTATION,payload_4,ibm_sherbrooke,IBM,4096,4,,17.0,d09tep2d8drg008yn59g,3_experiment_results.csv,947,teleportation_hardware,4,1,singleton,False,0.0,0101,0.0,542,534,0.007434944237918215,0.2626953125,0.13232421875,0.001953125,0.8310282628112704,True,0.0546875,542,-0.4151436031331593,0.0,-0.4151436031331593,-0.4151436031331593,1.0,224,224,True,True,False,False,False,False,False,False,False
TELEPORTATION,payload_4,ibm_sherbrooke,IBM,4096,4,,17.0,d09tewkqnmvg00870q60,3_experiment_results.csv,948,teleportation_hardware,4,1,singleton,False,0.0,0100,0.0,506,479,0.027411167512690356,0.240478515625,0.12353515625,0.006591796875,0.4074401586589259,True,0.089599609375,506,-0.15922107674684993,0.0,-0.15922107674684993,-0.15922107674684993,1.0,367,367,True,True,False,False,False,False,False,False,False
TELEPORTATION,payload_4,ibm_sherbrooke,IBM,4096,4,,17.0,d09tf3mqnmvg00870q70,3_experiment_results.csv,949,teleportation_hardware,4,1,singleton,False,0.0,0100,0.0,402,394,0.010050251256281407,0.1943359375,0.09814453125,0.001953125,0.8040694154297757,True,0.09619140625,402,-0.010050251256281407,0.0,-0.010050251256281407,-0.010050251256281407,1.0,394,394,True,True,False,False,False,False,False,False,False
TELEPORTATION,payload_4,ibm_sherbrooke,IBM,4096,4,,17.0,d09tf9xd8drg008yn5e0,3_experiment_results.csv,950,teleportation_hardware,4,1,singleton,False,0.0,0010,0.0,385,356,0.03913630229419703,0.180908203125,0.093994140625,0.007080078125,0.3036619352617401,True,0.0869140625,385,-0.03913630229419703,0.0,-0.03913630229419703,-0.03913630229419703,1.0,356,356,True,True,False,False,False,False,False,False,False
TELEPORTATION,payload_4,ibm_sherbrooke,IBM,4096,4,,17.0,d09tfhekzhn0008v8a00,3_experiment_results.csv,951,teleportation_hardware,4,1,singleton,False,0.0,1100,0.0,294,292,0.0034129692832764505,0.14306640625,0.07177734375,0.00048828125,0.9670537511555914,True,0.0712890625,294,-0.0034129692832764505,0.0,-0.0034129692832764505,-0.0034129692832764505,1.0,292,292,True,True,False,False,False,False,False,False,False
TELEPORTATION,payload_4,ibm_sherbrooke,IBM,4096,4,,17.0,d09tfrqkzhn0008v8a20,3_experiment_results.csv,952,teleportation_hardware,4,1,singleton,False,0.0,1101,0.0,330,304,0.04100946372239748,0.15478515625,0.08056640625,0.00634765625,0.3207710124852411,True,0.05517578125,330,-0.18705035971223022,0.0,-0.18705035971223022,-0.18705035971223022,1.0,226,226,True,True,False,False,False,False,False,False,False
TELEPORTATION,payload_5,ibm_sherbrooke,IBM,4096,5,,19.0,d09tg186rr3g00876mb0,3_experiment_results.csv,953,teleportation_hardware,5,1,singleton,False,0.0,11101,0.0,191,178,0.03523035230352303,0.090087890625,0.046630859375,0.003173828125,0.5322280622485482,True,0.028564453125,191,-0.24025974025974026,0.0,-0.24025974025974026,-0.24025974025974026,1.0,117,117,True,True,False,False,False,False,False,False,False
TELEPORTATION,payload_5,ibm_sherbrooke,IBM,4096,5,,19.0,d09tgc1rxz8g008a4evg,3_experiment_results.csv,954,teleportation_hardware,5,1,singleton,False,0.0,11010,0.0,242,224,0.03862660944206009,0.11376953125,0.05908203125,0.00439453125,0.431015052296556,True,0.019775390625,242,-0.4984520123839009,0.0,-0.4984520123839009,-0.4984520123839009,1.0,81,81,True,True,False,False,False,False,False,False,False
TELEPORTATION,payload_5,ibm_sherbrooke,IBM,4096,5,,19.0,d09tgkanhqag008pet20,3_experiment_results.csv,955,teleportation_hardware,5,1,singleton,False,0.0,01011,0.0,188,178,0.0273224043715847,0.08935546875,0.0458984375,0.00244140625,0.6381023357918038,True,0.03076171875,188,-0.19745222929936307,0.0,-0.19745222929936307,-0.19745222929936307,1.0,126,126,True,True,False,False,False,False,False,False,False
TELEPORTATION,payload_5,ibm_sherbrooke,IBM,4096,5,,19.0,d09tgtvnhqag008pet3g,3_experiment_results.csv,956,teleportation_hardware,5,1,singleton,False,0.0,00100,0.0,222,218,0.00909090909090909,0.107421875,0.05419921875,0.0009765625,0.8862958931807914,True,0.05322265625,222,-0.00909090909090909,0.0,-0.00909090909090909,-0.00909090909090909,1.0,218,218,True,True,False,False,False,False,False,False,False
TELEPORTATION,payload_5,ibm_sherbrooke,IBM,4096,5,,19.0,d09th4w6rr3g00876mhg,3_experiment_results.csv,957,teleportation_hardware,5,1,singleton,False,0.0,11101,0.0,274,245,0.055876685934489405,0.126708984375,0.06689453125,0.007080078125,0.2190103289011256,True,0.019775390625,274,-0.543661971830986,0.0,-0.543661971830986,-0.543661971830986,1.0,81,81,True,True,False,False,False,False,False,False,False
TELEPORTATION,payload_5,ibm_sherbrooke,IBM,4096,5,,19.0,d09thcnd8drg008yn5rg,3_experiment_results.csv,958,teleportation_hardware,5,1,singleton,False,0.0,00101,0.0,208,198,0.024630541871921183,0.09912109375,0.05078125,0.00244140625,0.6551719962737922,True,0.0380859375,208,-0.14285714285714285,0.0,-0.14285714285714285,-0.14285714285714285,1.0,156,156,True,True,False,False,False,False,False,False,False
TELEPORTATION,payload_5,ibm_sherbrooke,IBM,4096,5,,19.0,d09thjyd8drg008yn5v0,3_experiment_results.csv,959,teleportation_hardware,5,1,singleton,False,0.0,11111,0.0,171,164,0.020895522388059702,0.081787109375,0.041748046875,0.001708984375,0.7431068317811961,True,0.03515625,171,-0.08571428571428572,0.0,-0.08571428571428572,-0.08571428571428572,1.0,144,144,True,True,False,False,False,False,False,False,False
TELEPORTATION,payload_5,ibm_sherbrooke,IBM,4096,5,,19.0,d09thzzqnmvg00870qr0,3_experiment_results.csv,960,teleportation_hardware,5,1,singleton,False,0.0,10101,0.0,236,213,0.051224944320712694,0.109619140625,0.0576171875,0.005615234375,0.2991496442196355,True,0.029052734375,236,-0.3295774647887324,0.0,-0.3295774647887324,-0.3295774647887324,1.0,119,119,True,True,False,False,False,False,False,False,False
TELEPORTATION,payload_5,ibm_sherbrooke,IBM,4096,5,,19.0,d09tj6rnhqag008petfg,3_experiment_results.csv,961,teleportation_hardware,5,1,singleton,False,0.0,10100,0.0,271,268,0.0055658627087198514,0.131591796875,0.066162109375,0.000732421875,0.9313608154905135,True,0.038330078125,271,-0.26635514018691586,0.0,-0.26635514018691586,-0.26635514018691586,1.0,157,157,True,True,False,False,False,False,False,False,False
TELEPORTATION,payload_5,ibm_sherbrooke,IBM,4096,5,,19.0,d09tjdhrxz8g008a4f7g,3_experiment_results.csv,962,teleportation_hardware,5,1,singleton,False,0.0,10110,0.0,269,235,0.06746031746031746,0.123046875,0.065673828125,0.00830078125,0.14150250145426754,True,0.0283203125,269,-0.3974025974025974,0.0,-0.3974025974025974,-0.3974025974025974,1.0,116,116,True,True,False,False,False,False,False,False,False
TELEPORTATION,payload_5,ibm_sherbrooke,IBM,4096,5,,19.0,d09tk34rxz8g008a4fb0,3_experiment_results.csv,963,teleportation_hardware,5,1,singleton,False,0.0,11000,0.0,203,194,0.022670025188916875,0.096923828125,0.049560546875,0.002197265625,0.6880980527492364,True,0.031494140625,203,-0.22289156626506024,0.0,-0.22289156626506024,-0.22289156626506024,1.0,129,129,True,True,False,False,False,False,False,False,False
TELEPORTATION,payload_5,ibm_sherbrooke,IBM,4096,5,,19.0,d09tkedqnmvg00870r1g,3_experiment_results.csv,964,teleportation_hardware,5,1,singleton,False,0.0,01000,0.0,236,226,0.021645021645021644,0.11279296875,0.0576171875,0.00244140625,0.6754680154415708,True,0.05517578125,236,-0.021645021645021644,0.0,-0.021645021645021644,-0.021645021645021644,1.0,226,226,True,True,False,False,False,False,False,False,False
TELEPORTATION,payload_5,ibm_sherbrooke,IBM,4096,5,,19.0,d09tkppqnmvg00870r5g,3_experiment_results.csv,965,teleportation_hardware,5,1,singleton,False,0.0,01010,0.0,172,160,0.03614457831325301,0.0810546875,0.0419921875,0.0029296875,0.5461053184658515,True,0.035888671875,172,-0.07836990595611286,0.0,-0.07836990595611286,-0.07836990595611286,1.0,147,147,True,True,False,False,False,False,False,False,False
TELEPORTATION,payload_5,ibm_sherbrooke,IBM,4096,5,,19.0,d09tkyfd8drg008yn6d0,3_experiment_results.csv,966,teleportation_hardware,5,1,singleton,False,0.0,10101,0.0,321,258,0.10880829015544041,0.141357421875,0.078369140625,0.015380859375,0.009916382130706072,True,0.030517578125,321,-0.43946188340807174,0.0,-0.43946188340807174,-0.43946188340807174,1.0,125,125,True,True,False,False,False,True,True,False,False
TELEPORTATION,payload_5,ibm_sherbrooke,IBM,4096,5,,19.0,d09tm50qnmvg00870rbg,3_experiment_results.csv,967,teleportation_hardware,5,1,singleton,False,0.0,00010,0.0,323,311,0.01892744479495268,0.15478515625,0.078857421875,0.0029296875,0.6622424632356645,True,0.046630859375,323,-0.25680933852140075,0.0,-0.25680933852140075,-0.25680933852140075,1.0,191,191,True,True,False,False,False,False,False,False,False
TELEPORTATION,payload_5,ibm_sherbrooke,IBM,4096,5,,19.0,d09tmchqnmvg00870rdg,3_experiment_results.csv,968,teleportation_hardware,5,1,singleton,False,1.0,00000,0.025295,304,289,0.025295109612141653,0.144775390625,0.07421875,0.003662109375,0.5653881442263257,True,0.07421875,289,0.025295109612141653,0.025295109612141653,0.025295109612141653,0.025295109612141653,1.0,304,304,True,True,False,False,False,False,False,False,False
TELEPORTATION,payload_5,ibm_sherbrooke,IBM,4096,5,,19.0,d09tmkt6rr3g00876neg,3_experiment_results.csv,969,teleportation_hardware,5,1,singleton,False,0.0,00101,0.0,299,265,0.06028368794326241,0.1376953125,0.072998046875,0.00830078125,0.1646073615179545,True,0.062744140625,299,-0.07553956834532374,0.0,-0.07553956834532374,-0.07553956834532374,1.0,257,257,True,True,False,False,False,False,False,False,False
TELEPORTATION,payload_5,ibm_sherbrooke,IBM,4096,5,,19.0,d09tmtbd8drg008yn6ng,3_experiment_results.csv,970,teleportation_hardware,5,1,singleton,False,0.0,00100,0.0,293,264,0.05206463195691203,0.135986328125,0.071533203125,0.007080078125,0.23543671027818142,True,0.05029296875,293,-0.1743486973947896,0.0,-0.1743486973947896,-0.1743486973947896,1.0,206,206,True,True,False,False,False,False,False,False,False
TELEPORTATION,payload_5,ibm_sherbrooke,IBM,4096,5,,19.0,d09tn2mkzhn0008v8b90,3_experiment_results.csv,971,teleportation_hardware,5,1,singleton,False,0.0,10110,0.0,212,195,0.04176904176904177,0.099365234375,0.0517578125,0.004150390625,0.427760496783899,True,0.026123046875,212,-0.329153605015674,0.0,-0.329153605015674,-0.329153605015674,1.0,107,107,True,True,False,False,False,False,False,False,False
TELEPORTATION,payload_5,ibm_sherbrooke,IBM,4096,5,,19.0,d09tn95d8drg008yn6wg,3_experiment_results.csv,972,teleportation_hardware,5,1,singleton,False,1.0,00000,0.010661,237,232,0.010660980810234541,0.114501953125,0.057861328125,0.001220703125,0.8534870625595848,True,0.057861328125,232,0.010660980810234541,0.010660980810234541,0.010660980810234541,0.010660980810234541,1.0,237,237,True,True,False,False,False,False,False,False,False
TELEPORTATION,payload_1,ibm_sherbrooke,IBM,4096,1,,8.0,d099jsbkzhn0008v2b50,3_experiment_results.csv,973,teleportation_hardware,1,1,singleton,False,1.0,0,0.341797,2748,1348,0.341796875,1.0,0.6708984375,0.341796875,4.825813154416374e-108,True,0.6708984375,1348,0.341796875,0.341796875,0.341796875,0.341796875,1.0,2748,2748,True,True,True,False,False,True,True,True,True
TELEPORTATION,payload_1,ibm_sherbrooke,IBM,4096,1,,8.0,d099qmekzhn0008v2deg,3_experiment_results.csv,974,teleportation_hardware,1,1,singleton,False,1.0,0,0.366211,2798,1298,0.3662109375,1.0,0.68310546875,0.3662109375,3.93845105463749e-124,True,0.68310546875,1298,0.3662109375,0.3662109375,0.3662109375,0.3662109375,1.0,2798,2798,True,True,True,False,False,True,True,True,True
TELEPORTATION,payload_1,ibm_sherbrooke,IBM,4096,1,,8.0,d099smyd8drg008yfj60,3_experiment_results.csv,975,teleportation_hardware,1,1,singleton,False,1.0,0,0.170898,2398,1698,0.1708984375,1.0,0.58544921875,0.1708984375,6.760301523151241e-28,True,0.58544921875,1698,0.1708984375,0.1708984375,0.1708984375,0.1708984375,1.0,2398,2398,True,True,False,False,False,True,True,False,True
TELEPORTATION,payload_1,ibm_sherbrooke,IBM,4096,1,,8.0,d099szzqnmvg0086txk0,3_experiment_results.csv,976,teleportation_hardware,1,1,singleton,False,1.0,0,0.1875,2432,1664,0.1875,1.0,0.59375,0.1875,2.8033776481577113e-33,True,0.59375,1664,0.1875,0.1875,0.1875,0.1875,1.0,2432,2432,True,True,False,False,False,True,True,False,True
TELEPORTATION,payload_1,ibm_sherbrooke,IBM,4096,1,,8.0,d099td1rxz8g0089yn50,3_experiment_results.csv,977,teleportation_hardware,1,1,singleton,False,1.0,0,0.284668,2631,1465,0.28466796875,1.0,0.642333984375,0.28466796875,4.84192450692752e-75,True,0.642333984375,1465,0.28466796875,0.28466796875,0.28466796875,0.28466796875,1.0,2631,2631,True,True,True,False,False,True,True,True,True
TELEPORTATION,payload_1,ibm_sherbrooke,IBM,4096,1,,8.0,d099tzbrxz8g0089ynf0,3_experiment_results.csv,978,teleportation_hardware,1,1,singleton,False,1.0,0,0.22998,2519,1577,0.22998046875,1.0,0.614990234375,0.22998046875,2.330042322365364e-49,True,0.614990234375,1577,0.22998046875,0.22998046875,0.22998046875,0.22998046875,1.0,2519,2519,True,True,True,False,False,True,True,True,True
TELEPORTATION,payload_1,ibm_sherbrooke,IBM,4096,1,,8.0,d099va5rxz8g0089ynn0,3_experiment_results.csv,979,teleportation_hardware,1,1,singleton,False,1.0,0,0.348145,2761,1335,0.34814453125,1.0,0.674072265625,0.34814453125,4.1384784413554856e-112,True,0.674072265625,1335,0.34814453125,0.34814453125,0.34814453125,0.34814453125,1.0,2761,2761,True,True,True,False,False,True,True,True,True
TELEPORTATION,payload_1,ibm_sherbrooke,IBM,4096,1,,8.0,d099vhpkzhn0008v2f60,3_experiment_results.csv,980,teleportation_hardware,1,1,singleton,False,1.0,0,0.328613,2721,1375,0.32861328125,1.0,0.664306640625,0.32861328125,7.438995565078289e-100,True,0.664306640625,1375,0.32861328125,0.32861328125,0.32861328125,0.32861328125,1.0,2721,2721,True,True,True,False,False,True,True,True,True
TELEPORTATION,payload_1,ibm_sherbrooke,IBM,4096,1,,8.0,d099vx7qnmvg0086tygg,3_experiment_results.csv,981,teleportation_hardware,1,1,singleton,False,1.0,0,0.338867,2742,1354,0.3388671875,1.0,0.66943359375,0.3388671875,3.413349888042786e-106,True,0.66943359375,1354,0.3388671875,0.3388671875,0.3388671875,0.3388671875,1.0,2742,2742,True,True,True,False,False,True,True,True,True
TELEPORTATION,payload_1,ibm_sherbrooke,IBM,4096,1,,8.0,d099wc1nhqag008p97d0,3_experiment_results.csv,982,teleportation_hardware,1,1,singleton,False,1.0,0,0.358398,2782,1314,0.3583984375,1.0,0.67919921875,0.3583984375,7.505287999684527e-119,True,0.67919921875,1314,0.3583984375,0.3583984375,0.3583984375,0.3583984375,1.0,2782,2782,True,True,True,False,False,True,True,True,True
TELEPORTATION,payload_1,ibm_sherbrooke,IBM,4096,1,,9.0,d099wzbqnmvg0086tyz0,3_experiment_results.csv,983,teleportation_hardware,1,1,singleton,False,1.0,0,0.345215,2755,1341,0.34521484375,1.0,0.672607421875,0.34521484375,3.190678884142051e-110,True,0.672607421875,1341,0.34521484375,0.34521484375,0.34521484375,0.34521484375,1.0,2755,2755,True,True,True,False,False,True,True,True,True
TELEPORTATION,payload_2,ibm_sherbrooke,IBM,4096,2,,10.0,d099xgyqnmvg0086tz8g,3_experiment_results.csv,984,teleportation_hardware,2,1,singleton,False,0.0,10,0.0,1622,1066,0.20684523809523808,0.65625,0.39599609375,0.1357421875,6.387478469585475e-27,True,0.181396484375,1622,-0.37167019027484144,0.0,-0.37167019027484144,-0.37167019027484144,1.0,743,743,True,True,True,False,False,True,True,True,True
TELEPORTATION,payload_1,ibm_sherbrooke,IBM,4096,1,,9.0,d099xz7qnmvg0086tzdg,3_experiment_results.csv,985,teleportation_hardware,1,1,singleton,False,1.0,0,0.223145,2505,1591,0.22314453125,1.0,0.611572265625,0.22314453125,1.5168596203441809e-46,True,0.611572265625,1591,0.22314453125,0.22314453125,0.22314453125,0.22314453125,1.0,2505,2505,True,True,True,False,False,True,True,True,True
TELEPORTATION,payload_2,ibm_sherbrooke,IBM,4096,2,,10.0,d099ztfrxz8g0089yq7g,3_experiment_results.csv,986,teleportation_hardware,2,1,singleton,False,0.0,11,0.0,2052,909,0.3860182370820669,0.722900390625,0.5009765625,0.279052734375,2.5856855060210935e-100,True,0.103271484375,2052,-0.6581818181818182,0.0,-0.6581818181818182,-0.6581818181818182,1.0,423,423,True,True,True,False,False,True,True,True,True
TELEPORTATION,payload_1,ibm_sherbrooke,IBM,4096,1,,9.0,d09a1p6qnmvg0086v11g,3_experiment_results.csv,987,teleportation_hardware,1,1,singleton,False,1.0,0,0.335938,2736,1360,0.3359375,1.0,0.66796875,0.3359375,2.3204783766965276e-104,True,0.66796875,1360,0.3359375,0.3359375,0.3359375,0.3359375,1.0,2736,2736,True,True,True,False,False,True,True,True,True
TELEPORTATION,payload_2,ibm_sherbrooke,IBM,4096,2,,10.0,d09a39n6rr3g00870zy0,3_experiment_results.csv,988,teleportation_hardware,2,1,singleton,False,0.0,10,0.0,2157,1321,0.24036802760207016,0.84912109375,0.526611328125,0.2041015625,6.162810031321122e-46,True,0.322509765625,2157,-0.24036802760207016,0.0,-0.24036802760207016,-0.24036802760207016,1.0,1321,1321,True,True,True,False,False,True,True,True,True
TELEPORTATION,payload_1,ibm_sherbrooke,IBM,4096,1,,9.0,d09a4206rr3g0087108g,3_experiment_results.csv,989,teleportation_hardware,1,1,singleton,False,1.0,0,0.369141,2804,1292,0.369140625,1.0,0.6845703125,0.369140625,3.828990590037819e-126,True,0.6845703125,1292,0.369140625,0.369140625,0.369140625,0.369140625,1.0,2804,2804,True,True,True,False,False,True,True,True,True
TELEPORTATION,payload_2,ibm_sherbrooke,IBM,4096,2,,10.0,d09a5e5rxz8g0089yswg,3_experiment_results.csv,990,teleportation_hardware,2,1,singleton,False,0.0,10,0.0,1546,1016,0.2068696330991413,0.62548828125,0.37744140625,0.12939453125,9.749645043618284e-26,True,0.248046875,1546,-0.2068696330991413,0.0,-0.2068696330991413,-0.2068696330991413,1.0,1016,1016,True,True,True,False,False,True,True,True,True
TELEPORTATION,payload_1,ibm_sherbrooke,IBM,4096,1,,9.0,d09a63r6rr3g008710y0,3_experiment_results.csv,991,teleportation_hardware,1,1,singleton,False,1.0,0,0.748047,3580,516,0.748046875,1.0,0.8740234375,0.748046875,0.0,True,0.8740234375,516,0.748046875,0.748046875,0.748046875,0.748046875,1.0,3580,3580,True,True,True,True,False,True,True,True,True
TELEPORTATION,payload_2,ibm_sherbrooke,IBM,4096,2,,10.0,d09a7en6rr3g0087119g,3_experiment_results.csv,992,teleportation_hardware,2,1,singleton,False,0.0,01,0.0,1584,1397,0.06273062730627306,0.727783203125,0.38671875,0.045654296875,0.0006551378205948239,True,0.14599609375,1584,-0.45187901008249315,0.0,-0.45187901008249315,-0.45187901008249315,1.0,598,598,True,True,False,False,False,True,True,False,False
TELEPORTATION,payload_1,ibm_sherbrooke,IBM,4096,1,,11.0,d09a8chkzhn0008v2n1g,3_experiment_results.csv,993,teleportation_hardware,1,1,singleton,False,1.0,0,0.227051,2513,1583,0.22705078125,1.0,0.613525390625,0.22705078125,3.835893186825921e-48,True,0.613525390625,1583,0.22705078125,0.22705078125,0.22705078125,0.22705078125,1.0,2513,2513,True,True,True,False,False,True,True,True,True
TELEPORTATION,payload_2,ibm_sherbrooke,IBM,4096,2,,11.0,d09a9d5kzhn0008v2nfg,3_experiment_results.csv,994,teleportation_hardware,2,1,singleton,False,0.0,10,0.0,2338,1291,0.2885092311931662,0.885986328125,0.57080078125,0.255615234375,1.7972808503037294e-68,True,0.315185546875,2338,-0.2885092311931662,0.0,-0.2885092311931662,-0.2885092311931662,1.0,1291,1291,True,True,True,False,False,True,True,True,True
TELEPORTATION,payload_3,ibm_sherbrooke,IBM,4096,3,,12.0,d09a9v7kzhn0008v2nn0,3_experiment_results.csv,995,teleportation_hardware,3,1,singleton,False,0.0,010,0.0,845,619,0.15437158469945356,0.357421875,0.206298828125,0.05517578125,3.819968978841288e-09,True,0.151123046875,845,-0.15437158469945356,0.0,-0.15437158469945356,-0.15437158469945356,1.0,619,619,True,True,False,False,False,True,True,False,True
TELEPORTATION,payload_1,ibm_sherbrooke,IBM,4096,1,,11.0,d09aa2rnhqag008p9cp0,3_experiment_results.csv,996,teleportation_hardware,1,1,singleton,False,1.0,0,0.196777,2451,1645,0.19677734375,1.0,0.598388671875,0.19677734375,1.6607367715128758e-36,True,0.598388671875,1645,0.19677734375,0.19677734375,0.19677734375,0.19677734375,1.0,2451,2451,True,True,False,False,False,True,True,False,True
TELEPORTATION,payload_2,ibm_sherbrooke,IBM,4096,2,,11.0,d09aac1kzhn0008v2ns0,3_experiment_results.csv,997,teleportation_hardware,2,1,singleton,False,0.0,10,0.0,1628,1067,0.20816326530612245,0.657958984375,0.3974609375,0.136962890625,2.584181812349213e-27,True,0.260498046875,1628,-0.20816326530612245,0.0,-0.20816326530612245,-0.20816326530612245,1.0,1067,1067,True,True,True,False,False,True,True,True,True
TELEPORTATION,payload_3,ibm_sherbrooke,IBM,4096,3,,12.0,d09aak26rr3g008712ag,3_experiment_results.csv,998,teleportation_hardware,3,1,singleton,False,0.0,111,0.0,783,645,0.09663865546218488,0.3486328125,0.191162109375,0.03369140625,0.00028564498700241523,True,0.1123046875,783,-0.2598551890587289,0.0,-0.2598551890587289,-0.2598551890587289,1.0,460,460,True,True,False,False,False,True,True,False,False
TELEPORTATION,payload_1,ibm_sherbrooke,IBM,4096,1,,11.0,d09aat3kzhn0008v2p0g,3_experiment_results.csv,999,teleportation_hardware,1,1,singleton,False,1.0,0,0.35498,2775,1321,0.35498046875,1.0,0.677490234375,0.35498046875,1.40034980220066e-116,True,0.677490234375,1321,0.35498046875,0.35498046875,0.35498046875,0.35498046875,1.0,2775,2775,True,True,True,False,False,True,True,True,True
TELEPORTATION,payload_2,ibm_sherbrooke,IBM,4096,2,,11.0,d09ab3w6rr3g008712g0,3_experiment_results.csv,1000,teleportation_hardware,2,1,singleton,False,1.0,00,0.292174,2229,1221,0.2921739130434783,0.84228515625,0.544189453125,0.24609375,7.984376026460362e-67,True,0.544189453125,1221,0.2921739130434783,0.2921739130434783,0.2921739130434783,0.2921739130434783,1.0,2229,2229,True,True,True,False,False,True,True,True,True
TELEPORTATION,payload_3,ibm_sherbrooke,IBM,4096,3,,12.0,d09abd5d8drg008yfrtg,3_experiment_results.csv,1001,teleportation_hardware,3,1,singleton,False,0.0,100,0.0,1100,976,0.05973025048169557,0.5068359375,0.2685546875,0.0302734375,0.006929102253160356,True,0.23828125,1100,-0.05973025048169557,0.0,-0.05973025048169557,-0.05973025048169557,1.0,976,976,True,True,False,False,False,True,True,False,False
TELEPORTATION,payload_1,ibm_sherbrooke,IBM,4096,1,,11.0,d09abpyqnmvg0086v4t0,3_experiment_results.csv,1002,teleportation_hardware,1,1,singleton,False,1.0,0,0.158203,2372,1724,0.158203125,1.0,0.5791015625,0.158203125,4.050788756173938e-24,True,0.5791015625,1724,0.158203125,0.158203125,0.158203125,0.158203125,1.0,2372,2372,True,True,False,False,False,True,True,False,True
TELEPORTATION,payload_1,ibm_sherbrooke,IBM,4096,1,,13.0,d09abyfd8drg008yfrzg,3_experiment_results.csv,1003,teleportation_hardware,1,1,singleton,False,1.0,0,0.730469,3544,552,0.73046875,1.0,0.865234375,0.73046875,0.0,True,0.865234375,552,0.73046875,0.73046875,0.73046875,0.73046875,1.0,3544,3544,True,True,True,True,False,True,True,True,True
TELEPORTATION,payload_2,ibm_sherbrooke,IBM,4096,2,,13.0,d09ac6rnhqag008p9dbg,3_experiment_results.csv,1004,teleportation_hardware,2,1,singleton,False,0.0,11,0.0,1785,991,0.28602305475504325,0.677734375,0.435791015625,0.19384765625,6.92087278227832e-52,True,0.1201171875,1785,-0.5678524374176548,0.0,-0.5678524374176548,-0.5678524374176548,1.0,492,492,True,True,True,False,False,True,True,True,True
TELEPORTATION,payload_3,ibm_sherbrooke,IBM,4096,3,,13.0,d09acg2qnmvg0086v4z0,3_experiment_results.csv,1005,teleportation_hardware,3,1,singleton,False,1.0,000,0.044474,775,709,0.0444743935309973,0.3623046875,0.189208984375,0.01611328125,0.09150898148656751,True,0.189208984375,709,0.0444743935309973,0.0444743935309973,0.0444743935309973,0.0444743935309973,1.0,775,775,True,True,False,False,False,False,False,False,False
TELEPORTATION,payload_4,ibm_sherbrooke,IBM,4096,4,,14.0,d09acqt6rr3g0087135g,3_experiment_results.csv,1006,teleportation_hardware,4,1,singleton,False,0.0,0010,0.0,403,400,0.0037359900373599006,0.196044921875,0.098388671875,0.000732421875,0.9437390590969278,True,0.09765625,403,-0.0037359900373599006,0.0,-0.0037359900373599006,-0.0037359900373599006,1.0,400,400,True,True,False,False,False,False,False,False,False
TELEPORTATION,payload_1,ibm_sherbrooke,IBM,4096,1,,13.0,d09ad2cqnmvg0086v53g,3_experiment_results.csv,1007,teleportation_hardware,1,1,singleton,False,1.0,0,0.152832,2361,1735,0.15283203125,1.0,0.576416015625,0.15283203125,1.3119958416356054e-22,True,0.576416015625,1735,0.15283203125,0.15283203125,0.15283203125,0.15283203125,1.0,2361,2361,True,True,False,False,False,True,True,False,True
TELEPORTATION,payload_2,ibm_sherbrooke,IBM,4096,2,,13.0,d09ad8dnhqag008p9dt0,3_experiment_results.csv,1008,teleportation_hardware,2,1,singleton,False,1.0,00,0.281136,1759,987,0.2811361981063365,0.67041015625,0.429443359375,0.1884765625,1.2227451049864232e-49,True,0.429443359375,987,0.2811361981063365,0.2811361981063365,0.2811361981063365,0.2811361981063365,1.0,1759,1759,True,True,True,False,False,True,True,True,True
TELEPORTATION,payload_3,ibm_sherbrooke,IBM,4096,3,,13.0,d09adexqnmvg0086v5bg,3_experiment_results.csv,1009,teleportation_hardware,3,1,singleton,False,0.0,101,0.0,745,562,0.14001530221882172,0.319091796875,0.181884765625,0.044677734375,4.6043776969975924e-07,True,0.107666015625,745,-0.2563237774030354,0.0,-0.2563237774030354,-0.2563237774030354,1.0,441,441,True,True,False,False,False,True,True,False,False
TELEPORTATION,payload_4,ibm_sherbrooke,IBM,4096,4,,14.0,d09adrf6rr3g008713hg,3_experiment_results.csv,1010,teleportation_hardware,4,1,singleton,False,0.0,0100,0.0,630,597,0.02689486552567237,0.299560546875,0.15380859375,0.008056640625,0.36096389600547946,True,0.065673828125,630,-0.40155728587319245,0.0,-0.40155728587319245,-0.40155728587319245,1.0,269,269,True,True,False,False,False,False,False,False,False
TELEPORTATION,payload_1,ibm_sherbrooke,IBM,4096,1,,13.0,d09adzfrxz8g0089ywz0,3_experiment_results.csv,1011,teleportation_hardware,1,1,singleton,False,1.0,0,0.196777,2451,1645,0.19677734375,1.0,0.598388671875,0.19677734375,1.6607367715128758e-36,True,0.598388671875,1645,0.19677734375,0.19677734375,0.19677734375,0.19677734375,1.0,2451,2451,True,True,False,False,False,True,True,False,True
TELEPORTATION,payload_2,ibm_sherbrooke,IBM,4096,2,,13.0,d09ae8srxz8g0089yx20,3_experiment_results.csv,1012,teleportation_hardware,2,1,singleton,False,0.0,10,0.0,1252,1025,0.09969257795344752,0.555908203125,0.3056640625,0.055419921875,2.1382991529276707e-06,True,0.250244140625,1252,-0.09969257795344752,0.0,-0.09969257795344752,-0.09969257795344752,1.0,1025,1025,True,True,False,False,False,True,True,False,True
TELEPORTATION,payload_1,ibm_sherbrooke,IBM,4096,1,,15.0,d09aef9d8drg008yft3g,3_experiment_results.csv,1013,teleportation_hardware,1,1,singleton,False,1.0,0,0.334961,2734,1362,0.3349609375,1.0,0.66748046875,0.3349609375,9.387672634777964e-104,True,0.66748046875,1362,0.3349609375,0.3349609375,0.3349609375,0.3349609375,1.0,2734,2734,True,True,True,False,False,True,True,True,True
TELEPORTATION,payload_2,ibm_sherbrooke,IBM,4096,2,,15.0,d09aeqjd8drg008yft70,3_experiment_results.csv,1014,teleportation_hardware,2,1,singleton,False,0.0,10,0.0,1835,919,0.33260711692084244,0.67236328125,0.447998046875,0.2236328125,2.366619103366908e-69,True,0.224365234375,1835,-0.33260711692084244,0.0,-0.33260711692084244,-0.33260711692084244,1.0,919,919,True,True,True,False,False,True,True,True,True
TELEPORTATION,payload_3,ibm_sherbrooke,IBM,4096,3,,15.0,d09aey36rr3g00871410,3_experiment_results.csv,1015,teleportation_hardware,3,1,singleton,False,0.0,010,0.0,735,655,0.05755395683453238,0.33935546875,0.179443359375,0.01953125,0.03405762152647779,True,0.159912109375,735,-0.05755395683453238,0.0,-0.05755395683453238,-0.05755395683453238,1.0,655,655,True,True,False,False,False,True,False,False,False
TELEPORTATION,payload_4,ibm_sherbrooke,IBM,4096,4,,15.0,d09af5md8drg008yftbg,3_experiment_results.csv,1016,teleportation_hardware,4,1,singleton,False,0.0,0110,0.0,458,419,0.04446978335233751,0.214111328125,0.11181640625,0.009521484375,0.1994053660785618,True,0.102294921875,458,-0.04446978335233751,0.0,-0.04446978335233751,-0.04446978335233751,1.0,419,419,True,True,False,False,False,False,False,False,False
TELEPORTATION,payload_5,ibm_sherbrooke,IBM,4096,5,,16.0,d09afcnkzhn0008v2qq0,3_experiment_results.csv,1017,teleportation_hardware,5,1,singleton,False,0.0,11001,0.0,274,256,0.033962264150943396,0.12939453125,0.06689453125,0.00439453125,0.4602837464748112,True,0.03857421875,274,-0.26851851851851855,0.0,-0.26851851851851855,-0.26851851851851855,1.0,158,158,True,True,False,False,False,False,False,False,False
TELEPORTATION,payload_1,ibm_sherbrooke,IBM,4096,1,,15.0,d09afpprxz8g0089yxng,3_experiment_results.csv,1018,teleportation_hardware,1,1,singleton,False,1.0,0,0.233398,2526,1570,0.2333984375,1.0,0.61669921875,0.2333984375,8.468827294973451e-51,True,0.61669921875,1570,0.2333984375,0.2333984375,0.2333984375,0.2333984375,1.0,2526,2526,True,True,True,False,False,True,True,True,True
TELEPORTATION,payload_2,ibm_sherbrooke,IBM,4096,2,,15.0,d09ag0r6rr3g008714bg,3_experiment_results.csv,1019,teleportation_hardware,2,1,singleton,False,1.0,00,0.268482,1793,1034,0.26848249027237353,0.690185546875,0.437744140625,0.185302734375,1.1691653803064033e-46,True,0.437744140625,1034,0.26848249027237353,0.26848249027237353,0.26848249027237353,0.26848249027237353,1.0,1793,1793,True,True,True,False,False,True,True,True,True
TELEPORTATION,payload_3,ibm_sherbrooke,IBM,4096,3,,15.0,d09agbhrxz8g0089yxxg,3_experiment_results.csv,1020,teleportation_hardware,3,1,singleton,False,0.0,010,0.0,968,658,0.1906519065190652,0.39697265625,0.236328125,0.07568359375,1.518556671731703e-14,True,0.16064453125,968,-0.1906519065190652,0.0,-0.1906519065190652,-0.1906519065190652,1.0,658,658,True,True,False,False,False,True,True,False,True
TELEPORTATION,payload_4,ibm_sherbrooke,IBM,4096,4,,15.0,d09agrk6rr3g008714p0,3_experiment_results.csv,1021,teleportation_hardware,4,1,singleton,False,0.0,0100,0.0,419,402,0.020706455542021926,0.200439453125,0.102294921875,0.004150390625,0.5765953428049122,True,0.072998046875,419,-0.1671309192200557,0.0,-0.1671309192200557,-0.1671309192200557,1.0,299,299,True,True,False,False,False,False,False,False,False
TELEPORTATION,payload_5,ibm_sherbrooke,IBM,4096,5,,16.0,d09ah2ckzhn0008v2r3g,3_experiment_results.csv,1022,teleportation_hardware,5,1,singleton,False,0.0,00110,0.0,268,258,0.019011406844106463,0.12841796875,0.0654296875,0.00244140625,0.6947878926796921,True,0.020263671875,268,-0.5270655270655271,0.0,-0.5270655270655271,-0.5270655270655271,1.0,83,83,True,True,False,False,False,False,False,False,False
TELEPORTATION,payload_1,ibm_sherbrooke,IBM,4096,1,,17.0,d09ahqprxz8g0089yyd0,3_experiment_results.csv,1023,teleportation_hardware,1,1,singleton,False,1.0,0,0.281738,2625,1471,0.28173828125,1.0,0.640869140625,0.28173828125,1.6050976739309088e-73,True,0.640869140625,1471,0.28173828125,0.28173828125,0.28173828125,0.28173828125,1.0,2625,2625,True,True,True,False,False,True,True,True,True
TELEPORTATION,payload_2,ibm_sherbrooke,IBM,4096,2,,17.0,d09aj50d8drg008yfvfg,3_experiment_results.csv,1024,teleportation_hardware,2,1,singleton,False,0.0,11,0.0,1680,1393,0.09339407744874716,0.750244140625,0.41015625,0.070068359375,2.432521677918494e-07,True,0.340087890625,1680,-0.09339407744874716,0.0,-0.09339407744874716,-0.09339407744874716,1.0,1393,1393,True,True,False,False,False,True,True,False,True
TELEPORTATION,payload_3,ibm_sherbrooke,IBM,4096,3,,17.0,d09ajh2kzhn0008v2rm0,3_experiment_results.csv,1025,teleportation_hardware,3,1,singleton,False,0.0,100,0.0,606,589,0.014225941422594143,0.291748046875,0.14794921875,0.004150390625,0.6434933355466756,True,0.099365234375,606,-0.1964461994076999,0.0,-0.1964461994076999,-0.1964461994076999,1.0,407,407,True,True,False,False,False,False,False,False,False
TELEPORTATION,payload_4,ibm_sherbrooke,IBM,4096,4,,17.0,d09ajqa6rr3g008715hg,3_experiment_results.csv,1026,teleportation_hardware,4,1,singleton,False,0.0,0100,0.0,637,631,0.00473186119873817,0.3095703125,0.155517578125,0.00146484375,0.8883400608333425,True,0.07421875,637,-0.3538788522848034,0.0,-0.3538788522848034,-0.3538788522848034,1.0,304,304,True,True,False,False,False,False,False,False,False
TELEPORTATION,payload_5,ibm_sherbrooke,IBM,4096,5,,17.0,d09ajxkqnmvg0086v7fg,3_experiment_results.csv,1027,teleportation_hardware,5,1,singleton,False,0.0,10110,0.0,213,169,0.11518324607329843,0.09326171875,0.052001953125,0.0107421875,0.027670824917353287,True,0.021728515625,213,-0.4105960264900662,0.0,-0.4105960264900662,-0.4105960264900662,1.0,89,89,True,True,False,False,False,True,False,False,False
TELEPORTATION,payload_1,ibm_sherbrooke,IBM,4096,1,,17.0,d09ap91kzhn0008v2srg,3_experiment_results.csv,1028,teleportation_hardware,1,1,singleton,False,1.0,0,0.191895,2441,1655,0.19189453125,1.0,0.595947265625,0.19189453125,8.681898142728559e-35,True,0.595947265625,1655,0.19189453125,0.19189453125,0.19189453125,0.19189453125,1.0,2441,2441,True,True,False,False,False,True,True,False,True
TELEPORTATION,payload_2,ibm_sherbrooke,IBM,4096,2,,17.0,d09aq0md8drg008yfx0g,3_experiment_results.csv,1029,teleportation_hardware,2,1,singleton,False,0.0,10,0.0,1264,992,0.12056737588652482,0.55078125,0.30859375,0.06640625,1.1148278656682998e-08,True,0.2421875,1264,-0.12056737588652482,0.0,-0.12056737588652482,-0.12056737588652482,1.0,992,992,True,True,False,False,False,True,True,False,True
TELEPORTATION,payload_3,ibm_sherbrooke,IBM,4096,3,,17.0,d09aqb5nhqag008p9h10,3_experiment_results.csv,1030,teleportation_hardware,3,1,singleton,False,0.0,010,0.0,856,695,0.1038039974210187,0.378662109375,0.208984375,0.039306640625,4.780819462136855e-05,True,0.11279296875,856,-0.29893778452200304,0.0,-0.29893778452200304,-0.29893778452200304,1.0,462,462,True,True,False,False,False,True,True,False,False
TELEPORTATION,payload_4,ibm_sherbrooke,IBM,4096,4,,17.0,d09aw6grxz8g0089z2e0,3_experiment_results.csv,1031,teleportation_hardware,4,1,singleton,False,0.0,0011,0.0,332,286,0.0744336569579288,0.15087890625,0.0810546875,0.01123046875,0.07018391991109148,True,0.066650390625,332,-0.09752066115702479,0.0,-0.09752066115702479,-0.09752066115702479,1.0,273,273,True,True,False,False,False,False,False,False,False
TELEPORTATION,payload_5,ibm_sherbrooke,IBM,4096,5,,17.0,d09b11crxz8g0089z46g,3_experiment_results.csv,1032,teleportation_hardware,5,1,singleton,False,0.0,10110,0.0,308,205,0.20077972709551656,0.125244140625,0.0751953125,0.025146484375,6.250896988150085e-06,True,0.0263671875,308,-0.4807692307692308,0.0,-0.4807692307692308,-0.4807692307692308,1.0,108,108,True,True,True,False,False,True,True,True,False
TELEPORTATION,payload_1,ibm_sherbrooke,IBM,4096,1,,19.0,d09b564d8drg008yg1y0,3_experiment_results.csv,1033,teleportation_hardware,1,1,singleton,False,1.0,0,0.364746,2795,1301,0.36474609375,1.0,0.682373046875,0.36474609375,3.934074715405662e-123,True,0.682373046875,1301,0.36474609375,0.36474609375,0.36474609375,0.36474609375,1.0,2795,2795,True,True,True,False,False,True,True,True,True
TELEPORTATION,payload_2,ibm_sherbrooke,IBM,4096,2,,19.0,d09b68hrxz8g0089z5s0,3_experiment_results.csv,1034,teleportation_hardware,2,1,singleton,False,0.0,10,0.0,2156,1424,0.20446927374301677,0.8740234375,0.5263671875,0.1787109375,1.4826731056928343e-34,True,0.34765625,2156,-0.20446927374301677,0.0,-0.20446927374301677,-0.20446927374301677,1.0,1424,1424,True,True,True,False,False,True,True,True,True
TELEPORTATION,payload_3,ibm_sherbrooke,IBM,4096,3,,19.0,d09b6rkkzhn0008v30ng,3_experiment_results.csv,1035,teleportation_hardware,3,1,singleton,False,0.0,100,0.0,857,683,0.11298701298701298,0.3759765625,0.209228515625,0.04248046875,1.020111621875528e-05,True,0.13232421875,857,-0.22516082916368835,0.0,-0.22516082916368835,-0.22516082916368835,1.0,542,542,True,True,False,False,False,True,True,False,False
TELEPORTATION,payload_4,ibm_sherbrooke,IBM,4096,4,,19.0,d09b70wnhqag008p9phg,3_experiment_results.csv,1036,teleportation_hardware,4,1,singleton,False,0.0,1110,0.0,340,326,0.021021021021021023,0.16259765625,0.0830078125,0.00341796875,0.6144774139404061,True,0.06787109375,340,-0.10032362459546926,0.0,-0.10032362459546926,-0.10032362459546926,1.0,278,278,True,True,False,False,False,False,False,False,False
TELEPORTATION,payload_5,ibm_sherbrooke,IBM,4096,5,,19.0,d09b78dqnmvg0086vepg,3_experiment_results.csv,1037,teleportation_hardware,5,1,singleton,False,0.0,01010,0.0,234,173,0.14987714987714987,0.099365234375,0.05712890625,0.014892578125,0.002892813908116849,True,0.031005859375,234,-0.296398891966759,0.0,-0.296398891966759,-0.296398891966759,1.0,127,127,True,True,False,False,False,True,True,False,False
TELEPORTATION,payload_1,ibm_sherbrooke,IBM,4096,1,,19.0,d09b7genhqag008p9pn0,3_experiment_results.csv,1038,teleportation_hardware,1,1,singleton,False,1.0,0,0.199707,2457,1639,0.19970703125,1.0,0.599853515625,0.19970703125,1.473219380984023e-37,True,0.599853515625,1639,0.19970703125,0.19970703125,0.19970703125,0.19970703125,1.0,2457,2457,True,True,False,False,False,True,True,False,True
TELEPORTATION,payload_2,ibm_sherbrooke,IBM,4096,2,,19.0,d09b7r7nhqag008p9pqg,3_experiment_results.csv,1039,teleportation_hardware,2,1,singleton,False,0.0,10,0.0,1395,1091,0.12228479485116653,0.60693359375,0.340576171875,0.07421875,1.1692947426145111e-09,True,0.2275390625,1395,-0.1989686291362269,0.0,-0.1989686291362269,-0.1989686291362269,1.0,932,932,True,True,False,False,False,True,True,False,True
TELEPORTATION,payload_3,ibm_sherbrooke,IBM,4096,3,,19.0,d09b8086rr3g00871dj0,3_experiment_results.csv,1040,teleportation_hardware,3,1,singleton,False,0.0,011,0.0,648,570,0.06403940886699508,0.29736328125,0.158203125,0.01904296875,0.027321230060494778,True,0.133544921875,648,-0.08451882845188284,0.0,-0.08451882845188284,-0.08451882845188284,1.0,547,547,True,True,False,False,False,True,False,False,False
TELEPORTATION,payload_4,ibm_sherbrooke,IBM,4096,4,,19.0,d09b8816rr3g00871dng,3_experiment_results.csv,1041,teleportation_hardware,4,1,singleton,False,1.0,0000,0.045872,741,676,0.045871559633027525,0.345947265625,0.180908203125,0.015869140625,0.08906141295590077,True,0.180908203125,676,0.045871559633027525,0.045871559633027525,0.045871559633027525,0.045871559633027525,1.0,741,741,True,True,False,False,False,False,False,False,False
TELEPORTATION,payload_5,ibm_sherbrooke,IBM,4096,5,,19.0,d09b8f9qnmvg0086vf3g,3_experiment_results.csv,1042,teleportation_hardware,5,1,singleton,False,0.0,10001,0.0,170,162,0.024096385542168676,0.0810546875,0.04150390625,0.001953125,0.7009100447285043,True,0.035888671875,170,-0.07255520504731862,0.0,-0.07255520504731862,-0.07255520504731862,1.0,147,147,True,True,False,False,False,False,False,False,False
TELEPORTATION,payload_1,ibm_sherbrooke,IBM,4096,1,,21.0,d09b8zbnhqag008p9q60,3_experiment_results.csv,1043,teleportation_hardware,1,1,singleton,False,1.0,0,0.371094,2808,1288,0.37109375,1.0,0.685546875,0.37109375,1.7052557947224686e-127,True,0.685546875,1288,0.37109375,0.37109375,0.37109375,0.37109375,1.0,2808,2808,True,True,True,False,False,True,True,True,True
TELEPORTATION,payload_2,ibm_sherbrooke,IBM,4096,2,,21.0,d09b97wd8drg008yg36g,3_experiment_results.csv,1044,teleportation_hardware,2,1,singleton,False,0.0,10,0.0,1446,1089,0.1408284023668639,0.618896484375,0.35302734375,0.087158203125,1.4193789120183334e-12,True,0.21630859375,1446,-0.24013722126929674,0.0,-0.24013722126929674,-0.24013722126929674,1.0,886,886,True,True,False,False,False,True,True,False,True
TELEPORTATION,payload_3,ibm_sherbrooke,IBM,4096,3,,21.0,d09b9sfnhqag008p9qj0,3_experiment_results.csv,1045,teleportation_hardware,3,1,singleton,False,0.0,111,0.0,617,523,0.0824561403508772,0.2783203125,0.150634765625,0.02294921875,0.0058557447383785965,True,0.107421875,617,-0.16745506149479658,0.0,-0.16745506149479658,-0.16745506149479658,1.0,440,440,True,True,False,False,False,True,True,False,False
TELEPORTATION,payload_4,ibm_sherbrooke,IBM,4096,4,,21.0,d09bdrz6rr3g00871fag,3_experiment_results.csv,1046,teleportation_hardware,4,1,singleton,False,0.0,1111,0.0,337,323,0.021212121212121213,0.1611328125,0.082275390625,0.00341796875,0.6128730483073933,True,0.053955078125,337,-0.2078853046594982,0.0,-0.2078853046594982,-0.2078853046594982,1.0,221,221,True,True,False,False,False,False,False,False,False
TELEPORTATION,payload_5,ibm_sherbrooke,IBM,4096,5,,21.0,d09bewbkzhn0008v334g,3_experiment_results.csv,1047,teleportation_hardware,5,1,singleton,False,0.0,11010,0.0,294,220,0.14396887159533073,0.12548828125,0.07177734375,0.01806640625,0.0012605287437809803,True,0.022705078125,294,-0.5193798449612403,0.0,-0.5193798449612403,-0.5193798449612403,1.0,93,93,True,True,False,False,False,True,True,False,False
TELEPORTATION,payload_1,ibm_sherbrooke,IBM,4096,1,,21.0,d09bf7mrxz8g0089z8b0,3_experiment_results.csv,1048,teleportation_hardware,1,1,singleton,False,1.0,0,0.218262,2495,1601,0.21826171875,1.0,0.609130859375,0.21826171875,1.3718818563977205e-44,True,0.609130859375,1601,0.21826171875,0.21826171875,0.21826171875,0.21826171875,1.0,2495,2495,True,True,True,False,False,True,True,True,True
TELEPORTATION,payload_2,ibm_sherbrooke,IBM,4096,2,,21.0,d09bfh6qnmvg0086vhcg,3_experiment_results.csv,1049,teleportation_hardware,2,1,singleton,False,0.0,01,0.0,1509,1416,0.031794871794871796,0.714111328125,0.368408203125,0.022705078125,0.08891062051626475,True,0.162109375,1509,-0.3888633225954901,0.0,-0.3888633225954901,-0.3888633225954901,1.0,664,664,True,True,False,False,False,False,False,False,False
TELEPORTATION,payload_3,ibm_sherbrooke,IBM,4096,3,,21.0,d09bfqe6rr3g00871g0g,3_experiment_results.csv,1050,teleportation_hardware,3,1,singleton,False,0.0,011,0.0,584,557,0.02366345311130587,0.278564453125,0.142578125,0.006591796875,0.4414820001300157,True,0.102294921875,584,-0.16450648055832504,0.0,-0.16450648055832504,-0.16450648055832504,1.0,419,419,True,True,False,False,False,False,False,False,False
TELEPORTATION,payload_4,ibm_sherbrooke,IBM,4096,4,,21.0,d09bga9qnmvg0086vhq0,3_experiment_results.csv,1051,teleportation_hardware,4,1,singleton,False,0.0,1100,0.0,327,301,0.041401273885350316,0.1533203125,0.079833984375,0.00634765625,0.3184696265888764,True,0.0576171875,327,-0.16163410301953818,0.0,-0.16163410301953818,-0.16163410301953818,1.0,236,236,True,True,False,False,False,False,False,False,False
TELEPORTATION,payload_5,ibm_sherbrooke,IBM,4096,5,,21.0,d09bgjt6rr3g00871g90,3_experiment_results.csv,1052,teleportation_hardware,5,1,singleton,False,0.0,11011,0.0,165,162,0.009174311926605505,0.079833984375,0.040283203125,0.000732421875,0.9119555228667682,True,0.03955078125,165,-0.009174311926605505,0.0,-0.009174311926605505,-0.009174311926605505,1.0,162,162,True,True,False,False,False,False,False,False,False
TELEPORTATION,payload_1,ibm_sherbrooke,IBM,4096,1,,23.0,d09bgykrxz8g0089z92g,3_experiment_results.csv,1053,teleportation_hardware,1,1,singleton,False,1.0,0,0.384277,2835,1261,0.38427734375,1.0,0.692138671875,0.38427734375,8.023941094079784e-137,True,0.692138671875,1261,0.38427734375,0.38427734375,0.38427734375,0.38427734375,1.0,2835,2835,True,True,True,False,False,True,True,True,True
TELEPORTATION,payload_2,ibm_sherbrooke,IBM,4096,2,,23.0,d09bh8n6rr3g00871gh0,3_experiment_results.csv,1054,teleportation_hardware,2,1,singleton,False,0.0,10,0.0,1469,1092,0.14720812182741116,0.625244140625,0.358642578125,0.092041015625,9.834300515360472e-14,True,0.206787109375,1469,-0.26856649395509496,0.0,-0.26856649395509496,-0.26856649395509496,1.0,847,847,True,True,False,False,False,True,True,False,True
TELEPORTATION,payload_3,ibm_sherbrooke,IBM,4096,3,,23.0,d09bhm6d8drg008yg5p0,3_experiment_results.csv,1055,teleportation_hardware,3,1,singleton,False,1.0,000,0.074919,660,568,0.0749185667752443,0.2998046875,0.1611328125,0.0224609375,0.009381323062364012,True,0.1611328125,568,0.0749185667752443,0.0749185667752443,0.0749185667752443,0.0749185667752443,1.0,660,660,True,True,False,False,False,True,True,False,False
TELEPORTATION,payload_4,ibm_sherbrooke,IBM,4096,4,,23.0,d09bj1g6rr3g00871gqg,3_experiment_results.csv,1056,teleportation_hardware,4,1,singleton,False,0.0,1101,0.0,325,310,0.023622047244094488,0.155029296875,0.079345703125,0.003662109375,0.5785373384288256,True,0.056884765625,325,-0.16487455197132617,0.0,-0.16487455197132617,-0.16487455197132617,1.0,233,233,True,True,False,False,False,False,False,False,False
TELEPORTATION,payload_5,ibm_sherbrooke,IBM,4096,5,,23.0,d09bjc1nhqag008p9svg,3_experiment_results.csv,1057,teleportation_hardware,5,1,singleton,False,0.0,01010,0.0,167,166,0.003003003003003003,0.081298828125,0.040771484375,0.000244140625,1.0,True,0.030029296875,167,-0.15172413793103448,0.0,-0.15172413793103448,-0.15172413793103448,1.0,123,123,True,True,False,False,False,False,False,False,False
TELEPORTATION,payload_1,ibm_sherbrooke,IBM,4096,1,,23.0,d09bjmjnhqag008p9t0g,3_experiment_results.csv,1058,teleportation_hardware,1,1,singleton,False,1.0,0,0.323242,2710,1386,0.3232421875,1.0,0.66162109375,0.3232421875,1.282304371983012e-96,True,0.66162109375,1386,0.3232421875,0.3232421875,0.3232421875,0.3232421875,1.0,2710,2710,True,True,True,False,False,True,True,True,True
TELEPORTATION,payload_2,ibm_sherbrooke,IBM,4096,2,,23.0,d09bjx3qnmvg0086vjm0,3_experiment_results.csv,1059,teleportation_hardware,2,1,singleton,False,0.0,10,0.0,2104,1450,0.18401800787844683,0.86767578125,0.513671875,0.15966796875,4.538705611829519e-28,True,0.35400390625,2104,-0.18401800787844683,0.0,-0.18401800787844683,-0.18401800787844683,1.0,1450,1450,True,True,False,False,False,True,True,False,True
TELEPORTATION,payload_3,ibm_sherbrooke,IBM,4096,3,,23.0,d09bk85qnmvg0086vjpg,3_experiment_results.csv,1060,teleportation_hardware,3,1,singleton,False,0.0,010,0.0,623,590,0.02720527617477329,0.296142578125,0.152099609375,0.008056640625,0.35820693401522896,True,0.139892578125,623,-0.04180602006688963,0.0,-0.04180602006688963,-0.04180602006688963,1.0,573,573,True,True,False,False,False,False,False,False,False
TELEPORTATION,payload_4,ibm_sherbrooke,IBM,4096,4,,23.0,d09bkged8drg008yg670,3_experiment_results.csv,1061,teleportation_hardware,4,1,singleton,False,0.0,0100,0.0,339,297,0.0660377358490566,0.1552734375,0.082763671875,0.01025390625,0.1039271267362214,True,0.0625,339,-0.13949579831932774,0.0,-0.13949579831932774,-0.13949579831932774,1.0,256,256,True,True,False,False,False,False,False,False,False
TELEPORTATION,payload_5,ibm_sherbrooke,IBM,4096,5,,23.0,d09bkq6kzhn0008v34kg,3_experiment_results.csv,1062,teleportation_hardware,5,1,singleton,False,0.0,11101,0.0,208,203,0.012165450121654502,0.100341796875,0.05078125,0.001220703125,0.8436187098456563,True,0.044921875,208,-0.061224489795918366,0.0,-0.061224489795918366,-0.061224489795918366,1.0,184,184,True,True,False,False,False,False,False,False,False
TELEPORTATION,payload_1,ibm_sherbrooke,IBM,4096,1,,25.0,d09bm0r6rr3g00871hf0,3_experiment_results.csv,1063,teleportation_hardware,1,1,singleton,False,1.0,0,0.366211,2798,1298,0.3662109375,1.0,0.68310546875,0.3662109375,3.93845105463749e-124,True,0.68310546875,1298,0.3662109375,0.3662109375,0.3662109375,0.3662109375,1.0,2798,2798,True,True,True,False,False,True,True,True,True
TELEPORTATION,payload_2,ibm_sherbrooke,IBM,4096,2,,25.0,d09bmgj6rr3g00871hjg,3_experiment_results.csv,1064,teleportation_hardware,2,1,singleton,False,0.0,01,0.0,1334,1123,0.08587708587708588,0.599853515625,0.32568359375,0.051513671875,2.2448310344200146e-05,True,0.274169921875,1334,-0.08587708587708588,0.0,-0.08587708587708588,-0.08587708587708588,1.0,1123,1123,True,True,False,False,False,True,True,False,True
TELEPORTATION,payload_3,ibm_sherbrooke,IBM,4096,3,,25.0,d09bn6mkzhn0008v358g,3_experiment_results.csv,1065,teleportation_hardware,3,1,singleton,False,1.0,000,0.011236,675,660,0.011235955056179775,0.325927734375,0.164794921875,0.003662109375,0.701611548533411,True,0.164794921875,660,0.011235955056179775,0.011235955056179775,0.011235955056179775,0.011235955056179775,1.0,675,675,True,True,False,False,False,False,False,False,False
TELEPORTATION,payload_4,ibm_sherbrooke,IBM,4096,4,,25.0,d09bndxqnmvg0086vk90,3_experiment_results.csv,1066,teleportation_hardware,4,1,singleton,False,0.0,1101,0.0,352,310,0.0634441087613293,0.16162109375,0.0859375,0.01025390625,0.11097655642140994,True,0.05126953125,352,-0.2526690391459075,0.0,-0.2526690391459075,-0.2526690391459075,1.0,210,210,True,True,False,False,False,False,False,False,False
TELEPORTATION,payload_5,ibm_sherbrooke,IBM,4096,5,,25.0,d09bnvqqnmvg0086vke0,3_experiment_results.csv,1067,teleportation_hardware,5,1,singleton,False,0.0,TIED,0.0,260,260,0.0,0.126953125,0.0634765625,0.0,1.0,False,0.040283203125,260,-0.2235294117647059,0.0,-0.2235294117647059,-0.2235294117647059,1.0,165,165,True,False,False,False,False,False,False,False,False
TELEPORTATION,payload_1,ibm_sherbrooke,IBM,4096,1,,25.0,d09bp58nhqag008p9v30,3_experiment_results.csv,1068,teleportation_hardware,1,1,singleton,False,1.0,0,0.32373,2711,1385,0.32373046875,1.0,0.661865234375,0.32373046875,6.548352650889846e-97,True,0.661865234375,1385,0.32373046875,0.32373046875,0.32373046875,0.32373046875,1.0,2711,2711,True,True,True,False,False,True,True,True,True
TELEPORTATION,payload_2,ibm_sherbrooke,IBM,4096,2,,25.0,d09bpchrxz8g0089zawg,3_experiment_results.csv,1069,teleportation_hardware,2,1,singleton,False,0.0,01,0.0,1332,1073,0.1076923076923077,0.587158203125,0.3251953125,0.063232421875,1.3957330773570868e-07,True,0.2412109375,1332,-0.1482758620689655,0.0,-0.1482758620689655,-0.1482758620689655,1.0,988,988,True,True,False,False,False,True,True,False,True
TELEPORTATION,payload_3,ibm_sherbrooke,IBM,4096,3,,25.0,d09bptv6rr3g00871jeg,3_experiment_results.csv,1070,teleportation_hardware,3,1,singleton,False,0.0,010,0.0,1007,945,0.031762295081967214,0.4765625,0.245849609375,0.01513671875,0.16736398464699037,True,0.1181640625,1007,-0.35077129443326627,0.0,-0.35077129443326627,-0.35077129443326627,1.0,484,484,True,True,False,False,False,False,False,False,False
TELEPORTATION,payload_4,ibm_sherbrooke,IBM,4096,4,,25.0,d09bqfdrxz8g0089zbcg,3_experiment_results.csv,1071,teleportation_hardware,4,1,singleton,False,0.0,0100,0.0,536,523,0.012275731822474031,0.258544921875,0.130859375,0.003173828125,0.712332012462522,True,0.0546875,536,-0.4105263157894737,0.0,-0.4105263157894737,-0.4105263157894737,1.0,224,224,True,True,False,False,False,False,False,False,False
TELEPORTATION,payload_5,ibm_sherbrooke,IBM,4096,5,,25.0,d09bqszkzhn0008v365g,3_experiment_results.csv,1072,teleportation_hardware,5,1,singleton,False,0.0,01100,0.0,178,172,0.017142857142857144,0.08544921875,0.04345703125,0.00146484375,0.7893137194406853,True,0.02783203125,178,-0.2191780821917808,0.0,-0.2191780821917808,-0.2191780821917808,1.0,114,114,True,True,False,False,False,False,False,False,False
TELEPORTATION,payload_1,ibm_sherbrooke,IBM,4096,1,,27.0,d09br2gnhqag008p9vq0,3_experiment_results.csv,1073,teleportation_hardware,1,1,singleton,False,1.0,0,0.350586,2766,1330,0.3505859375,1.0,0.67529296875,0.3505859375,1.074140507764865e-113,True,0.67529296875,1330,0.3505859375,0.3505859375,0.3505859375,0.3505859375,1.0,2766,2766,True,True,True,False,False,True,True,True,True
TELEPORTATION,payload_2,ibm_sherbrooke,IBM,4096,2,,27.0,d09br9srxz8g0089zbq0,3_experiment_results.csv,1074,teleportation_hardware,2,1,singleton,False,0.0,10,0.0,1727,1075,0.23269093504639543,0.68408203125,0.421630859375,0.1591796875,4.6116465410920214e-35,True,0.262451171875,1727,-0.23269093504639543,0.0,-0.23269093504639543,-0.23269093504639543,1.0,1075,1075,True,True,True,False,False,True,True,True,True
TELEPORTATION,payload_3,ibm_sherbrooke,IBM,4096,3,,27.0,d09brtbd8drg008yg7wg,3_experiment_results.csv,1075,teleportation_hardware,3,1,singleton,False,1.0,000,0.15784,1104,803,0.1578395385422129,0.465576171875,0.26953125,0.073486328125,5.826780086706522e-12,True,0.26953125,803,0.1578395385422129,0.1578395385422129,0.1578395385422129,0.1578395385422129,1.0,1104,1104,True,True,False,False,False,True,True,False,True
TELEPORTATION,payload_4,ibm_sherbrooke,IBM,4096,4,,27.0,d09bs7md8drg008yg810,3_experiment_results.csv,1076,teleportation_hardware,4,1,singleton,False,0.0,0101,0.0,413,371,0.05357142857142857,0.19140625,0.100830078125,0.01025390625,0.14306728491199006,True,0.058837890625,413,-0.26299694189602446,0.0,-0.26299694189602446,-0.26299694189602446,1.0,241,241,True,True,False,False,False,False,False,False,False
TELEPORTATION,payload_5,ibm_sherbrooke,IBM,4096,5,,27.0,d09bsm66rr3g00871keg,3_experiment_results.csv,1077,teleportation_hardware,5,1,singleton,False,0.0,11101,0.0,207,201,0.014705882352941176,0.099609375,0.050537109375,0.00146484375,0.8045296125916859,True,0.034423828125,207,-0.1896551724137931,0.0,-0.1896551724137931,-0.1896551724137931,1.0,141,141,True,True,False,False,False,False,False,False,False
TELEPORTATION,payload_1,ibm_sherbrooke,IBM,4096,1,,27.0,d09bt0rnhqag008p9wdg,3_experiment_results.csv,1078,teleportation_hardware,1,1,singleton,False,1.0,0,0.17627,2409,1687,0.17626953125,1.0,0.588134765625,0.17626953125,1.3920322043264493e-29,True,0.588134765625,1687,0.17626953125,0.17626953125,0.17626953125,0.17626953125,1.0,2409,2409,True,True,False,False,False,True,True,False,True
TELEPORTATION,payload_2,ibm_sherbrooke,IBM,4096,2,,27.0,d09bvcdnhqag008p9ws0,3_experiment_results.csv,1079,teleportation_hardware,2,1,singleton,False,0.0,10,0.0,1775,896,0.3290902283788843,0.652099609375,0.433349609375,0.214599609375,6.583599325799686e-66,True,0.204345703125,1775,-0.35911179173047475,0.0,-0.35911179173047475,-0.35911179173047475,1.0,837,837,True,True,True,False,False,True,True,True,True
TELEPORTATION,payload_3,ibm_sherbrooke,IBM,4096,3,,27.0,d09bvm66rr3g00871m10,3_experiment_results.csv,1080,teleportation_hardware,3,1,singleton,False,0.0,100,0.0,611,578,0.027754415475189236,0.290283203125,0.149169921875,0.008056640625,0.3534000147601309,True,0.12060546875,611,-0.10588235294117647,0.0,-0.10588235294117647,-0.10588235294117647,1.0,494,494,True,True,False,False,False,False,False,False,False
TELEPORTATION,payload_4,ibm_sherbrooke,IBM,4096,4,,27.0,d09bvvqqnmvg0086vn80,3_experiment_results.csv,1081,teleportation_hardware,4,1,singleton,False,0.0,0011,0.0,426,404,0.02650602409638554,0.20263671875,0.10400390625,0.00537109375,0.4660712685615131,True,0.03857421875,426,-0.4589041095890411,0.0,-0.4589041095890411,-0.4589041095890411,1.0,158,158,True,True,False,False,False,False,False,False,False
TELEPORTATION,payload_5,ibm_sherbrooke,IBM,4096,5,,27.0,d09bwhtkzhn0008v37q0,3_experiment_results.csv,1082,teleportation_hardware,5,1,singleton,False,1.0,00000,0.012821,237,231,0.01282051282051282,0.1142578125,0.057861328125,0.00146484375,0.8172479917655611,True,0.057861328125,231,0.01282051282051282,0.01282051282051282,0.01282051282051282,0.01282051282051282,1.0,237,237,True,True,False,False,False,False,False,False,False
TELEPORTATION,payload_1,ibm_sherbrooke,IBM,4096,1,,29.0,d09bxrfd8drg008yg9f0,3_experiment_results.csv,1083,teleportation_hardware,1,1,singleton,False,1.0,0,0.350098,2765,1331,0.35009765625,1.0,0.675048828125,0.35009765625,2.2345058493500176e-113,True,0.675048828125,1331,0.35009765625,0.35009765625,0.35009765625,0.35009765625,1.0,2765,2765,True,True,True,False,False,True,True,True,True
TELEPORTATION,payload_2,ibm_sherbrooke,IBM,4096,2,,29.0,d09by9hnhqag008p9xrg,3_experiment_results.csv,1084,teleportation_hardware,2,1,singleton,False,1.0,00,0.020653,1532,1470,0.020652898067954697,0.73291015625,0.3740234375,0.01513671875,0.2655629162919839,True,0.3740234375,1470,0.020652898067954697,0.020652898067954697,0.020652898067954697,0.020652898067954697,1.0,1532,1532,True,True,False,False,False,False,False,False,False
TELEPORTATION,payload_3,ibm_sherbrooke,IBM,4096,3,,29.0,d09byvbd8drg008yg9w0,3_experiment_results.csv,1085,teleportation_hardware,3,1,singleton,False,0.0,001,0.0,706,642,0.04747774480712166,0.3291015625,0.17236328125,0.015625,0.08613995868414323,True,0.143310546875,706,-0.0920340293890178,0.0,-0.0920340293890178,-0.0920340293890178,1.0,587,587,True,True,False,False,False,False,False,False,False
TELEPORTATION,payload_4,ibm_sherbrooke,IBM,4096,4,,29.0,d09bz3wd8drg008yg9z0,3_experiment_results.csv,1086,teleportation_hardware,4,1,singleton,False,0.0,0101,0.0,379,377,0.0026455026455026454,0.1845703125,0.092529296875,0.00048828125,0.9709908136500452,True,0.05810546875,379,-0.22852512155591573,0.0,-0.22852512155591573,-0.22852512155591573,1.0,238,238,True,True,False,False,False,False,False,False,False
TELEPORTATION,payload_5,ibm_sherbrooke,IBM,4096,5,,29.0,d09bzaxnhqag008p9y5g,3_experiment_results.csv,1087,teleportation_hardware,5,1,singleton,False,0.0,11110,0.0,166,165,0.0030211480362537764,0.080810546875,0.04052734375,0.000244140625,0.9999999999999998,True,0.026611328125,166,-0.20727272727272728,0.0,-0.20727272727272728,-0.20727272727272728,1.0,109,109,True,True,False,False,False,False,False,False,False
TELEPORTATION,payload_1,ibm_sherbrooke,IBM,4096,1,,29.0,d09bzwfnhqag008p9y80,3_experiment_results.csv,1088,teleportation_hardware,1,1,singleton,False,1.0,0,0.311523,2686,1410,0.3115234375,1.0,0.65576171875,0.3115234375,9.35906968869559e-90,True,0.65576171875,1410,0.3115234375,0.3115234375,0.3115234375,0.3115234375,1.0,2686,2686,True,True,True,False,False,True,True,True,True
TELEPORTATION,payload_2,ibm_sherbrooke,IBM,4096,2,,29.0,d09c0996rr3g00871n9g,3_experiment_results.csv,1089,teleportation_hardware,2,1,singleton,False,0.0,11,0.0,2002,1036,0.31797235023041476,0.74169921875,0.48876953125,0.23583984375,8.49273827669163e-70,True,0.112548828125,2002,-0.6256597645148193,0.0,-0.6256597645148193,-0.6256597645148193,1.0,461,461,True,True,True,False,False,True,True,True,True
TELEPORTATION,payload_3,ibm_sherbrooke,IBM,4096,3,,29.0,d09c0v3qnmvg0086vpqg,3_experiment_results.csv,1090,teleportation_hardware,3,1,singleton,False,0.0,011,0.0,780,655,0.08710801393728224,0.350341796875,0.1904296875,0.030517578125,0.0010557729485612618,True,0.0869140625,780,-0.3732394366197183,0.0,-0.3732394366197183,-0.3732394366197183,1.0,356,356,True,True,False,False,False,True,True,False,False
TELEPORTATION,payload_4,ibm_sherbrooke,IBM,4096,4,,29.0,d09c17mkzhn0008v3970,3_experiment_results.csv,1091,teleportation_hardware,4,1,singleton,False,1.0,0000,0.088608,559,468,0.08860759493670886,0.250732421875,0.136474609375,0.022216796875,0.004954722447242249,True,0.136474609375,468,0.08860759493670886,0.08860759493670886,0.08860759493670886,0.08860759493670886,1.0,559,559,True,True,False,False,False,True,True,False,False
TELEPORTATION,payload_5,ibm_sherbrooke,IBM,4096,5,,29.0,d09c1dx6rr3g00871nr0,3_experiment_results.csv,1092,teleportation_hardware,5,1,singleton,False,0.0,11110,0.0,203,183,0.05181347150259067,0.09423828125,0.049560546875,0.0048828125,0.3335138928157528,True,0.03759765625,203,-0.13725490196078433,0.0,-0.13725490196078433,-0.13725490196078433,1.0,154,154,True,True,False,False,False,False,False,False,False
TELEPORTATION,payload_1,ibm_sherbrooke,IBM,4096,1,,31.0,d09c1kyqnmvg0086vpxg,3_experiment_results.csv,1093,teleportation_hardware,1,1,singleton,False,1.0,0,0.192383,2442,1654,0.1923828125,1.0,0.59619140625,0.1923828125,5.871567024194205e-35,True,0.59619140625,1654,0.1923828125,0.1923828125,0.1923828125,0.1923828125,1.0,2442,2442,True,True,False,False,False,True,True,False,True
TELEPORTATION,payload_2,ibm_sherbrooke,IBM,4096,2,,31.0,d09c1tzkzhn0008v39n0,3_experiment_results.csv,1094,teleportation_hardware,2,1,singleton,False,0.0,10,0.0,1615,966,0.25145292522278184,0.630126953125,0.394287109375,0.158447265625,1.2163723041317681e-37,True,0.210205078125,1615,-0.3045234248788368,0.0,-0.3045234248788368,-0.3045234248788368,1.0,861,861,True,True,True,False,False,True,True,True,True
TELEPORTATION,payload_3,ibm_sherbrooke,IBM,4096,3,,31.0,d09c2xkkzhn0008v39x0,3_experiment_results.csv,1095,teleportation_hardware,3,1,singleton,False,0.0,110,0.0,586,579,0.006008583690987125,0.284423828125,0.14306640625,0.001708984375,0.8604703813571642,True,0.141357421875,586,-0.006008583690987125,0.0,-0.006008583690987125,-0.006008583690987125,1.0,579,579,True,True,False,False,False,False,False,False,False
TELEPORTATION,payload_4,ibm_sherbrooke,IBM,4096,4,,31.0,d09c3h6d8drg008ygb70,3_experiment_results.csv,1096,teleportation_hardware,4,1,singleton,False,0.0,0101,0.0,590,364,0.23689727463312368,0.23291015625,0.14404296875,0.05517578125,2.5083578948636313e-13,True,0.0380859375,590,-0.5817694369973191,0.0,-0.5817694369973191,-0.5817694369973191,1.0,156,156,True,True,True,False,False,True,True,True,True
TELEPORTATION,payload_5,ibm_sherbrooke,IBM,4096,5,,31.0,d09c468rxz8g0089zfc0,3_experiment_results.csv,1097,teleportation_hardware,5,1,singleton,False,0.0,11111,0.0,223,186,0.09046454767726161,0.099853515625,0.054443359375,0.009033203125,0.07493315531092638,True,0.02685546875,223,-0.33933933933933935,0.0,-0.33933933933933935,-0.33933933933933935,1.0,110,110,True,True,False,False,False,False,False,False,False
TELEPORTATION,payload_1,ibm_sherbrooke,IBM,4096,1,,31.0,d09c4tvrxz8g0089zfj0,3_experiment_results.csv,1098,teleportation_hardware,1,1,singleton,False,1.0,0,0.378418,2823,1273,0.37841796875,1.0,0.689208984375,0.37841796875,1.2426728074305515e-132,True,0.689208984375,1273,0.37841796875,0.37841796875,0.37841796875,0.37841796875,1.0,2823,2823,True,True,True,False,False,True,True,True,True
TELEPORTATION,payload_2,ibm_sherbrooke,IBM,4096,2,,31.0,d09c5c5rxz8g0089zfsg,3_experiment_results.csv,1099,teleportation_hardware,2,1,singleton,False,1.0,00,0.197531,1746,1170,0.19753086419753085,0.7119140625,0.42626953125,0.140625,1.2247433570595759e-26,True,0.42626953125,1170,0.19753086419753085,0.19753086419753085,0.19753086419753085,0.19753086419753085,1.0,1746,1746,True,True,False,False,False,True,True,False,True
TELEPORTATION,payload_3,ibm_sherbrooke,IBM,4096,3,,31.0,d09c5pyqnmvg0086vr60,3_experiment_results.csv,1100,teleportation_hardware,3,1,singleton,False,0.0,011,0.0,874,721,0.09592476489028214,0.389404296875,0.21337890625,0.037353515625,0.00013973221424854002,True,0.148193359375,874,-0.18028359216745443,0.0,-0.18028359216745443,-0.18028359216745443,1.0,607,607,True,True,False,False,False,True,True,False,False
TELEPORTATION,payload_4,ibm_sherbrooke,IBM,4096,4,,31.0,d09c6m2rxz8g0089zg6g,3_experiment_results.csv,1101,teleportation_hardware,4,1,singleton,False,0.0,0110,0.0,482,404,0.08803611738148984,0.21630859375,0.11767578125,0.01904296875,0.00964637993426846,True,0.033447265625,482,-0.5573505654281099,0.0,-0.5573505654281099,-0.5573505654281099,1.0,137,137,True,True,False,False,False,True,True,False,False
TELEPORTATION,payload_5,ibm_sherbrooke,IBM,4096,5,,31.0,d09c6tbnhqag008pa0ag,3_experiment_results.csv,1102,teleportation_hardware,5,1,singleton,False,0.0,11000,0.0,291,270,0.0374331550802139,0.136962890625,0.071044921875,0.005126953125,0.39846583753861936,True,0.049560546875,291,-0.17813765182186234,0.0,-0.17813765182186234,-0.17813765182186234,1.0,203,203,True,True,False,False,False,False,False,False,False
TELEPORTATION,payload_1,ibm_sherbrooke,IBM,4096,1,,33.0,d09c76mnhqag008pa0eg,3_experiment_results.csv,1103,teleportation_hardware,1,1,singleton,False,1.0,0,0.382812,2832,1264,0.3828125,1.0,0.69140625,0.3828125,9.090167290954303e-136,True,0.69140625,1264,0.3828125,0.3828125,0.3828125,0.3828125,1.0,2832,2832,True,True,True,False,False,True,True,True,True
TELEPORTATION,payload_2,ibm_sherbrooke,IBM,4096,2,,33.0,d09c7fdqnmvg0086vs30,3_experiment_results.csv,1104,teleportation_hardware,2,1,singleton,False,0.0,11,0.0,1256,1062,0.08369283865401209,0.56591796875,0.306640625,0.04736328125,6.050058641820878e-05,True,0.193115234375,1256,-0.22716170004885197,0.0,-0.22716170004885197,-0.22716170004885197,1.0,791,791,True,True,False,False,False,True,True,False,False
TELEPORTATION,payload_3,ibm_sherbrooke,IBM,4096,3,,33.0,d09c7ppqnmvg0086vs60,3_experiment_results.csv,1105,teleportation_hardware,3,1,singleton,False,1.0,000,0.052452,923,831,0.052451539338654506,0.42822265625,0.225341796875,0.0224609375,0.02976385964465683,True,0.225341796875,831,0.052451539338654506,0.052451539338654506,0.052451539338654506,0.052451539338654506,1.0,923,923,True,True,False,False,False,True,False,False,False
TELEPORTATION,payload_4,ibm_sherbrooke,IBM,4096,4,,33.0,d09c7xqrxz8g0089zgm0,3_experiment_results.csv,1106,teleportation_hardware,4,1,singleton,False,0.0,0100,0.0,447,388,0.07065868263473053,0.203857421875,0.109130859375,0.014404296875,0.04466664279348012,True,0.05517578125,447,-0.32838038632986627,0.0,-0.32838038632986627,-0.32838038632986627,1.0,226,226,True,True,False,False,False,True,False,False,False
TELEPORTATION,payload_5,ibm_sherbrooke,IBM,4096,5,,33.0,d09c8b1qnmvg0086vsf0,3_experiment_results.csv,1107,teleportation_hardware,5,1,singleton,False,0.0,11111,0.0,185,172,0.036414565826330535,0.087158203125,0.045166015625,0.003173828125,0.5254164863561552,True,0.0263671875,185,-0.2627986348122867,0.0,-0.2627986348122867,-0.2627986348122867,1.0,108,108,True,True,False,False,False,False,False,False,False
TELEPORTATION,payload_1,ibm_sherbrooke,IBM,4096,1,,33.0,d09c8t3kzhn0008v3byg,3_experiment_results.csv,1108,teleportation_hardware,1,1,singleton,False,1.0,0,0.339355,2743,1353,0.33935546875,1.0,0.669677734375,0.33935546875,1.6830959354632958e-106,True,0.669677734375,1353,0.33935546875,0.33935546875,0.33935546875,0.33935546875,1.0,2743,2743,True,True,True,False,False,True,True,True,True
TELEPORTATION,payload_2,ibm_sherbrooke,IBM,4096,2,,33.0,d09c93wd8drg008ygcm0,3_experiment_results.csv,1109,teleportation_hardware,2,1,singleton,False,0.0,01,0.0,2189,1432,0.20905827119580225,0.884033203125,0.534423828125,0.184814453125,1.872157553557682e-36,True,0.349609375,2189,-0.20905827119580225,0.0,-0.20905827119580225,-0.20905827119580225,1.0,1432,1432,True,True,True,False,False,True,True,True,True
TELEPORTATION,payload_3,ibm_sherbrooke,IBM,4096,3,,33.0,d09c9cxnhqag008pa19g,3_experiment_results.csv,1110,teleportation_hardware,3,1,singleton,False,1.0,000,0.096573,1232,1015,0.09657320872274143,0.548583984375,0.30078125,0.052978515625,5.113662679306555e-06,True,0.30078125,1015,0.09657320872274143,0.09657320872274143,0.09657320872274143,0.09657320872274143,1.0,1232,1232,True,True,False,False,False,True,True,False,True
TELEPORTATION,payload_4,ibm_sherbrooke,IBM,4096,4,,33.0,d09c9npkzhn0008v3c6g,3_experiment_results.csv,1111,teleportation_hardware,4,1,singleton,False,0.0,0001,0.0,512,363,0.1702857142857143,0.213623046875,0.125,0.036376953125,5.306513459909628e-07,True,0.051513671875,512,-0.41632088520055327,0.0,-0.41632088520055327,-0.41632088520055327,1.0,211,211,True,True,False,False,False,True,True,False,False
TELEPORTATION,payload_5,ibm_sherbrooke,IBM,4096,5,,33.0,d09ca18nhqag008pa1d0,3_experiment_results.csv,1112,teleportation_hardware,5,1,singleton,False,0.0,11011,0.0,232,194,0.0892018779342723,0.10400390625,0.056640625,0.00927734375,0.07290365477498095,True,0.02099609375,232,-0.4591194968553459,0.0,-0.4591194968553459,-0.4591194968553459,1.0,86,86,True,True,False,False,False,False,False,False,False
TELEPORTATION,payload_1,ibm_sherbrooke,IBM,4096,1,,35.0,d09ca8h6rr3g00871rpg,3_experiment_results.csv,1113,teleportation_hardware,1,1,singleton,False,1.0,0,0.281738,2625,1471,0.28173828125,1.0,0.640869140625,0.28173828125,1.6050976739309088e-73,True,0.640869140625,1471,0.28173828125,0.28173828125,0.28173828125,0.28173828125,1.0,2625,2625,True,True,True,False,False,True,True,True,True
TELEPORTATION,payload_2,ibm_sherbrooke,IBM,4096,2,,35.0,d09cae9qnmvg0086vtag,3_experiment_results.csv,1114,teleportation_hardware,2,1,singleton,False,0.0,11,0.0,1981,851,0.3990112994350282,0.69140625,0.483642578125,0.27587890625,1.1767766924054932e-102,True,0.14453125,1981,-0.5398367664205208,0.0,-0.5398367664205208,-0.5398367664205208,1.0,592,592,True,True,True,False,False,True,True,True,True
TELEPORTATION,payload_3,ibm_sherbrooke,IBM,4096,3,,35.0,d09cama6rr3g00871rv0,3_experiment_results.csv,1115,teleportation_hardware,3,1,singleton,False,0.0,110,0.0,1030,1009,0.010299166257969592,0.497802734375,0.25146484375,0.005126953125,0.6578370183795464,True,0.093994140625,1030,-0.4558303886925795,0.0,-0.4558303886925795,-0.4558303886925795,1.0,385,385,True,True,False,False,False,False,False,False,False
TELEPORTATION,payload_4,ibm_sherbrooke,IBM,4096,4,,35.0,d09catb6rr3g00871rzg,3_experiment_results.csv,1116,teleportation_hardware,4,1,singleton,False,0.0,0101,0.0,426,406,0.02403846153846154,0.203125,0.10400390625,0.0048828125,0.5101083323612695,True,0.085205078125,426,-0.09935483870967741,0.0,-0.09935483870967741,-0.09935483870967741,1.0,349,349,True,True,False,False,False,False,False,False,False
TELEPORTATION,payload_5,ibm_sherbrooke,IBM,4096,5,,35.0,d09cb7wqnmvg0086vtg0,3_experiment_results.csv,1117,teleportation_hardware,5,1,singleton,False,0.0,11101,0.0,226,210,0.03669724770642202,0.1064453125,0.05517578125,0.00390625,0.47257059790349465,True,0.0205078125,226,-0.45806451612903226,0.0,-0.45806451612903226,-0.45806451612903226,1.0,84,84,True,True,False,False,False,False,False,False,False
TELEPORTATION,payload_1,ibm_sherbrooke,IBM,4096,1,,35.0,d09cbnpnhqag008pa210,3_experiment_results.csv,1118,teleportation_hardware,1,1,singleton,False,1.0,0,0.383789,2834,1262,0.3837890625,1.0,0.69189453125,0.3837890625,1.8041761740462776e-136,True,0.69189453125,1262,0.3837890625,0.3837890625,0.3837890625,0.3837890625,1.0,2834,2834,True,True,True,False,False,True,True,True,True
TELEPORTATION,payload_2,ibm_sherbrooke,IBM,4096,2,,35.0,d09cbwf6rr3g00871sdg,3_experiment_results.csv,1119,teleportation_hardware,2,1,singleton,False,0.0,11,0.0,1858,1143,0.23825391536154616,0.732666015625,0.45361328125,0.174560546875,3.4696056013295107e-39,True,0.115478515625,1858,-0.5941655941655941,0.0,-0.5941655941655941,-0.5941655941655941,1.0,473,473,True,True,True,False,False,True,True,True,True
TELEPORTATION,payload_3,ibm_sherbrooke,IBM,4096,3,,35.0,d09cc4gqnmvg0086vtqg,3_experiment_results.csv,1120,teleportation_hardware,3,1,singleton,False,0.0,011,0.0,772,566,0.15396113602391628,0.32666015625,0.1884765625,0.05029296875,1.9649131252699864e-08,True,0.1025390625,772,-0.2953020134228188,0.0,-0.2953020134228188,-0.2953020134228188,1.0,420,420,True,True,False,False,False,True,True,False,True
TELEPORTATION,payload_4,ibm_sherbrooke,IBM,4096,4,,35.0,d09ccc9kzhn0008v3d6g,3_experiment_results.csv,1121,teleportation_hardware,4,1,singleton,False,0.0,0010,0.0,695,509,0.15448504983388706,0.2939453125,0.169677734375,0.04541015625,9.201826139157456e-08,True,0.1015625,695,-0.25112511251125114,0.0,-0.25112511251125114,-0.25112511251125114,1.0,416,416,True,True,False,False,False,True,True,False,False
TELEPORTATION,payload_5,ibm_sherbrooke,IBM,4096,5,,35.0,d09ccktqnmvg0086vtwg,3_experiment_results.csv,1122,teleportation_hardware,5,1,singleton,False,0.0,00101,0.0,313,294,0.03130148270181219,0.148193359375,0.076416015625,0.004638671875,0.46505378088021265,True,0.045166015625,313,-0.2570281124497992,0.0,-0.2570281124497992,-0.2570281124497992,1.0,185,185,True,True,False,False,False,False,False,False,False
TELEPORTATION,payload_1,ibm_sherbrooke,IBM,4096,1,,37.0,d09cctkkzhn0008v3dag,3_experiment_results.csv,1123,teleportation_hardware,1,1,singleton,False,1.0,0,0.321777,2707,1389,0.32177734375,1.0,0.660888671875,0.32177734375,9.566074611156233e-96,True,0.660888671875,1389,0.32177734375,0.32177734375,0.32177734375,0.32177734375,1.0,2707,2707,True,True,True,False,False,True,True,True,True
TELEPORTATION,payload_2,ibm_sherbrooke,IBM,4096,2,,37.0,d09cd3cd8drg008yge2g,3_experiment_results.csv,1124,teleportation_hardware,2,1,singleton,False,1.0,00,0.057749,1621,1444,0.05774877650897227,0.748291015625,0.395751953125,0.043212890625,0.0014735713243896574,True,0.395751953125,1444,0.05774877650897227,0.05774877650897227,0.05774877650897227,0.05774877650897227,1.0,1621,1621,True,True,False,False,False,True,True,False,False
TELEPORTATION,payload_3,ibm_sherbrooke,IBM,4096,3,,37.0,d09cdbxkzhn0008v3dfg,3_experiment_results.csv,1125,teleportation_hardware,3,1,singleton,False,0.0,100,0.0,1278,843,0.2050919377652051,0.517822265625,0.31201171875,0.106201171875,3.1791914045317216e-21,True,0.138671875,1278,-0.38461538461538464,0.0,-0.38461538461538464,-0.38461538461538464,1.0,568,568,True,True,True,False,False,True,True,True,True
TELEPORTATION,payload_4,ibm_sherbrooke,IBM,4096,4,,37.0,d09cecskzhn0008v3drg,3_experiment_results.csv,1126,teleportation_hardware,4,1,singleton,False,0.0,0001,0.0,656,456,0.17985611510791366,0.271484375,0.16015625,0.048828125,2.186958546523406e-09,True,0.10400390625,656,-0.21256931608133087,0.0,-0.21256931608133087,-0.21256931608133087,1.0,426,426,True,True,False,False,False,True,True,False,False
TELEPORTATION,payload_5,ibm_sherbrooke,IBM,4096,5,,37.0,d09cg2rkzhn0008v3eag,3_experiment_results.csv,1127,teleportation_hardware,5,1,singleton,False,0.0,11001,0.0,206,192,0.035175879396984924,0.09716796875,0.05029296875,0.00341796875,0.5146901469190285,True,0.03369140625,206,-0.19767441860465115,0.0,-0.19767441860465115,-0.19767441860465115,1.0,138,138,True,True,False,False,False,False,False,False,False
TELEPORTATION,payload_1,ibm_sherbrooke,IBM,4096,1,,37.0,d09cgb1nhqag008pa3pg,3_experiment_results.csv,1128,teleportation_hardware,1,1,singleton,False,1.0,0,0.179688,2416,1680,0.1796875,1.0,0.58984375,0.1796875,1.104521101998377e-30,True,0.58984375,1680,0.1796875,0.1796875,0.1796875,0.1796875,1.0,2416,2416,True,True,False,False,False,True,True,False,True
TELEPORTATION,payload_2,ibm_sherbrooke,IBM,4096,2,,37.0,d09cgjjnhqag008pa3sg,3_experiment_results.csv,1129,teleportation_hardware,2,1,singleton,False,0.0,11,0.0,1137,1121,0.0070859167404783,0.55126953125,0.277587890625,0.00390625,0.7522631858066551,True,0.18798828125,1137,-0.1924488725747247,0.0,-0.1924488725747247,-0.1924488725747247,1.0,770,770,True,True,False,False,False,False,False,False,False
TELEPORTATION,payload_3,ibm_sherbrooke,IBM,4096,3,,37.0,d09cgsb6rr3g00871v80,3_experiment_results.csv,1130,teleportation_hardware,3,1,singleton,False,0.0,111,0.0,665,650,0.011406844106463879,0.321044921875,0.162353515625,0.003662109375,0.6994608557072881,True,0.09423828125,665,-0.2654614652711703,0.0,-0.2654614652711703,-0.2654614652711703,1.0,386,386,True,True,False,False,False,False,False,False,False
TELEPORTATION,payload_4,ibm_sherbrooke,IBM,4096,4,,37.0,d09ch04qnmvg0086vwfg,3_experiment_results.csv,1131,teleportation_hardware,4,1,singleton,False,0.0,1111,0.0,319,299,0.032362459546925564,0.15087890625,0.077880859375,0.0048828125,0.4447188777233271,True,0.052978515625,319,-0.19029850746268656,0.0,-0.19029850746268656,-0.19029850746268656,1.0,217,217,True,True,False,False,False,False,False,False,False
TELEPORTATION,payload_5,ibm_sherbrooke,IBM,4096,5,,37.0,d09ch85qnmvg0086vwhg,3_experiment_results.csv,1132,teleportation_hardware,5,1,singleton,False,0.0,11110,0.0,234,222,0.02631578947368421,0.111328125,0.05712890625,0.0029296875,0.606516168750087,True,0.031005859375,234,-0.296398891966759,0.0,-0.296398891966759,-0.296398891966759,1.0,127,127,True,True,False,False,False,False,False,False,False
TELEPORTATION,payload_1,ibm_sherbrooke,IBM,4096,1,,39.0,d09chg6nhqag008pa45g,3_experiment_results.csv,1133,teleportation_hardware,1,1,singleton,False,1.0,0,0.380371,2827,1269,0.38037109375,1.0,0.690185546875,0.38037109375,5.077217211390146e-134,True,0.690185546875,1269,0.38037109375,0.38037109375,0.38037109375,0.38037109375,1.0,2827,2827,True,True,True,False,False,True,True,True,True
TELEPORTATION,payload_2,ibm_sherbrooke,IBM,4096,2,,39.0,d09chzq6rr3g00871vkg,3_experiment_results.csv,1134,teleportation_hardware,2,1,singleton,False,1.0,00,0.202116,1591,1056,0.20211560256894598,0.646240234375,0.388427734375,0.130615234375,2.1267817712225665e-25,True,0.388427734375,1056,0.20211560256894598,0.20211560256894598,0.20211560256894598,0.20211560256894598,1.0,1591,1591,True,True,True,False,False,True,True,True,True
TELEPORTATION,payload_3,ibm_sherbrooke,IBM,4096,3,,39.0,d09cjg2rxz8g0089zkt0,3_experiment_results.csv,1135,teleportation_hardware,3,1,singleton,False,1.0,000,0.075903,730,627,0.0759027266028003,0.331298828125,0.17822265625,0.025146484375,0.005604685220679417,True,0.17822265625,627,0.0759027266028003,0.0759027266028003,0.0759027266028003,0.0759027266028003,1.0,730,730,True,True,False,False,False,True,True,False,False
TELEPORTATION,payload_4,ibm_sherbrooke,IBM,4096,4,,39.0,d09cjq2nhqag008pa4j0,3_experiment_results.csv,1136,teleportation_hardware,4,1,singleton,False,0.0,0110,0.0,395,385,0.01282051282051282,0.1904296875,0.096435546875,0.00244140625,0.7472854460129594,True,0.038818359375,395,-0.4259927797833935,0.0,-0.4259927797833935,-0.4259927797833935,1.0,159,159,True,True,False,False,False,False,False,False,False
TELEPORTATION,payload_5,ibm_sherbrooke,IBM,4096,5,,39.0,d09cjybkzhn0008v3fa0,3_experiment_results.csv,1137,teleportation_hardware,5,1,singleton,False,0.0,01100,0.0,166,153,0.04075235109717868,0.077880859375,0.04052734375,0.003173828125,0.5017276305518732,True,0.021484375,166,-0.30708661417322836,0.0,-0.30708661417322836,-0.30708661417322836,1.0,88,88,True,True,False,False,False,False,False,False,False
TELEPORTATION,payload_1,ibm_sherbrooke,IBM,4096,1,,39.0,d09ck7c6rr3g00871w00,3_experiment_results.csv,1138,teleportation_hardware,1,1,singleton,False,1.0,0,0.327148,2718,1378,0.3271484375,1.0,0.66357421875,0.3271484375,5.752720100011145e-99,True,0.66357421875,1378,0.3271484375,0.3271484375,0.3271484375,0.3271484375,1.0,2718,2718,True,True,True,False,False,True,True,True,True
TELEPORTATION,payload_2,ibm_sherbrooke,IBM,4096,2,,39.0,d09ckenqnmvg0086vx60,3_experiment_results.csv,1139,teleportation_hardware,2,1,singleton,False,0.0,11,0.0,2020,989,0.3426387504154204,0.734619140625,0.4931640625,0.251708984375,3.135687019960363e-80,True,0.107177734375,2020,-0.6429442862952419,0.0,-0.6429442862952419,-0.6429442862952419,1.0,439,439,True,True,True,False,False,True,True,True,True
TELEPORTATION,payload_3,ibm_sherbrooke,IBM,4096,3,,39.0,d09ckp6d8drg008ygg80,3_experiment_results.csv,1140,teleportation_hardware,3,1,singleton,False,0.0,110,0.0,655,546,0.09075770191507078,0.293212890625,0.159912109375,0.026611328125,0.0018190835243453978,True,0.1181640625,655,-0.15013169446883232,0.0,-0.15013169446883232,-0.15013169446883232,1.0,484,484,True,True,False,False,False,True,True,False,False
TELEPORTATION,payload_4,ibm_sherbrooke,IBM,4096,4,,39.0,d09ckwznhqag008pa4xg,3_experiment_results.csv,1141,teleportation_hardware,4,1,singleton,False,1.0,0000,0.020725,394,378,0.02072538860103627,0.1884765625,0.09619140625,0.00390625,0.5893208889218261,True,0.09619140625,378,0.02072538860103627,0.02072538860103627,0.02072538860103627,0.02072538860103627,1.0,394,394,True,True,False,False,False,False,False,False,False
TELEPORTATION,payload_5,ibm_sherbrooke,IBM,4096,5,,39.0,d09cm38rxz8g0089zmcg,3_experiment_results.csv,1142,teleportation_hardware,5,1,singleton,False,0.0,11110,0.0,241,224,0.03655913978494624,0.113525390625,0.058837890625,0.004150390625,0.4581345627960192,True,0.02197265625,241,-0.4561933534743202,0.0,-0.4561933534743202,-0.4561933534743202,1.0,90,90,True,True,False,False,False,False,False,False,False
TELEPORTATION,payload_1,ibm_sherbrooke,IBM,4096,1,,41.0,d09cm91rxz8g0089zmf0,3_experiment_results.csv,1143,teleportation_hardware,1,1,singleton,False,1.0,0,0.31543,2694,1402,0.3154296875,1.0,0.65771484375,0.3154296875,5.171129450937145e-92,True,0.65771484375,1402,0.3154296875,0.3154296875,0.3154296875,0.3154296875,1.0,2694,2694,True,True,True,False,False,True,True,True,True
TELEPORTATION,payload_2,ibm_sherbrooke,IBM,4096,2,,41.0,d09cmf9qnmvg0086vxjg,3_experiment_results.csv,1144,teleportation_hardware,2,1,singleton,False,1.0,00,0.2778,1603,906,0.27779992028696693,0.612548828125,0.391357421875,0.170166015625,1.8924767330659034e-44,True,0.391357421875,906,0.27779992028696693,0.27779992028696693,0.27779992028696693,0.27779992028696693,1.0,1603,1603,True,True,True,False,False,True,True,True,True
TELEPORTATION,payload_3,ibm_sherbrooke,IBM,4096,3,,41.0,d09cmn2kzhn0008v3fwg,3_experiment_results.csv,1145,teleportation_hardware,3,1,singleton,False,0.0,100,0.0,1248,610,0.3433799784714747,0.45361328125,0.3046875,0.15576171875,2.1474563840312414e-50,True,0.14892578125,1248,-0.3433799784714747,0.0,-0.3433799784714747,-0.3433799784714747,1.0,610,610,True,True,True,False,False,True,True,True,True
TELEPORTATION,payload_4,ibm_sherbrooke,IBM,4096,4,,41.0,d09cmwbd8drg008yggr0,3_experiment_results.csv,1146,teleportation_hardware,4,1,singleton,False,0.0,0100,0.0,446,343,0.13054499366286437,0.192626953125,0.10888671875,0.025146484375,0.0002769060968519805,True,0.083740234375,446,-0.13054499366286437,0.0,-0.13054499366286437,-0.13054499366286437,1.0,343,343,True,True,False,False,False,True,True,False,False
TELEPORTATION,payload_5,ibm_sherbrooke,IBM,4096,5,,41.0,d09cn4c6rr3g00871wg0,3_experiment_results.csv,1147,teleportation_hardware,5,1,singleton,False,0.0,10101,0.0,174,166,0.023529411764705882,0.0830078125,0.04248046875,0.001953125,0.7042807681981154,True,0.030517578125,174,-0.16387959866220736,0.0,-0.16387959866220736,-0.16387959866220736,1.0,125,125,True,True,False,False,False,False,False,False,False
TELEPORTATION,payload_1,ibm_sherbrooke,IBM,4096,1,,41.0,d09cnbdnhqag008pa5f0,3_experiment_results.csv,1148,teleportation_hardware,1,1,singleton,False,1.0,0,0.386719,2840,1256,0.38671875,1.0,0.693359375,0.38671875,1.3723832029781428e-138,True,0.693359375,1256,0.38671875,0.38671875,0.38671875,0.38671875,1.0,2840,2840,True,True,True,False,False,True,True,True,True
TELEPORTATION,payload_2,ibm_sherbrooke,IBM,4096,2,,41.0,d09cnhyd8drg008ygh40,3_experiment_results.csv,1149,teleportation_hardware,2,1,singleton,False,0.0,11,0.0,2089,1039,0.3356777493606138,0.763671875,0.510009765625,0.25634765625,5.4549091479172874e-80,True,0.098876953125,2089,-0.6752205292702486,0.0,-0.6752205292702486,-0.6752205292702486,1.0,405,405,True,True,True,False,False,True,True,True,True
TELEPORTATION,payload_3,ibm_sherbrooke,IBM,4096,3,,41.0,d09cnrz6rr3g00871wr0,3_experiment_results.csv,1150,teleportation_hardware,3,1,singleton,False,0.0,110,0.0,786,757,0.018794556059624108,0.376708984375,0.19189453125,0.007080078125,0.4759737740294424,True,0.08984375,786,-0.36221837088388215,0.0,-0.36221837088388215,-0.36221837088388215,1.0,368,368,True,True,False,False,False,False,False,False,False
TELEPORTATION,payload_4,ibm_sherbrooke,IBM,4096,4,,41.0,d09cp3rnhqag008pa5r0,3_experiment_results.csv,1151,teleportation_hardware,4,1,singleton,False,0.0,0001,0.0,350,341,0.013024602026049204,0.168701171875,0.08544921875,0.002197265625,0.7608986113277576,True,0.083251953125,350,-0.013024602026049204,0.0,-0.013024602026049204,-0.013024602026049204,1.0,341,341,True,True,False,False,False,False,False,False,False
TELEPORTATION,payload_5,ibm_sherbrooke,IBM,4096,5,,41.0,d09cpesnhqag008pa5z0,3_experiment_results.csv,1152,teleportation_hardware,5,1,singleton,False,0.0,00110,0.0,173,160,0.03903903903903904,0.081298828125,0.042236328125,0.003173828125,0.5108582964113921,True,0.028564453125,173,-0.19310344827586207,0.0,-0.19310344827586207,-0.19310344827586207,1.0,117,117,True,True,False,False,False,False,False,False,False
TELEPORTATION,payload_1,ibm_sherbrooke,IBM,4096,1,,43.0,d09cppaqnmvg0086vyeg,3_experiment_results.csv,1153,teleportation_hardware,1,1,singleton,False,1.0,0,0.360352,2786,1310,0.3603515625,1.0,0.68017578125,0.3603515625,3.69016828313605e-120,True,0.68017578125,1310,0.3603515625,0.3603515625,0.3603515625,0.3603515625,1.0,2786,2786,True,True,True,False,False,True,True,True,True
TELEPORTATION,payload_2,ibm_sherbrooke,IBM,4096,2,,43.0,d09cs1wrxz8g0089znvg,3_experiment_results.csv,1154,teleportation_hardware,2,1,singleton,False,0.0,10,0.0,1826,905,0.33723910655437567,0.666748046875,0.44580078125,0.224853515625,1.0509228473180428e-70,True,0.217041015625,1826,-0.3451197053406998,0.0,-0.3451197053406998,-0.3451197053406998,1.0,889,889,True,True,True,False,False,True,True,True,True
TELEPORTATION,payload_3,ibm_sherbrooke,IBM,4096,3,,43.0,d09csbxnhqag008pa6tg,3_experiment_results.csv,1155,teleportation_hardware,3,1,singleton,False,0.0,100,0.0,807,655,0.1039671682626539,0.35693359375,0.197021484375,0.037109375,7.735676012827292e-05,True,0.109130859375,807,-0.28708133971291866,0.0,-0.28708133971291866,-0.28708133971291866,1.0,447,447,True,True,False,False,False,True,True,False,False
TELEPORTATION,payload_4,ibm_sherbrooke,IBM,4096,4,,43.0,d09cshykzhn0008v3hbg,3_experiment_results.csv,1156,teleportation_hardware,4,1,singleton,False,0.0,0111,0.0,419,303,0.16066481994459833,0.17626953125,0.102294921875,0.0283203125,1.7989142171138276e-05,True,0.0673828125,419,-0.20575539568345325,0.0,-0.20575539568345325,-0.20575539568345325,1.0,276,276,True,True,False,False,False,True,True,False,False
TELEPORTATION,payload_5,ibm_sherbrooke,IBM,4096,5,,43.0,d09cssfnhqag008pa72g,3_experiment_results.csv,1157,teleportation_hardware,5,1,singleton,False,0.0,01010,0.0,176,158,0.05389221556886228,0.08154296875,0.04296875,0.00439453125,0.3522849360552516,True,0.02490234375,176,-0.26618705035971224,0.0,-0.26618705035971224,-0.26618705035971224,1.0,102,102,True,True,False,False,False,False,False,False,False
TELEPORTATION,payload_1,ibm_sherbrooke,IBM,4096,1,,43.0,d09ct48qnmvg0086vzng,3_experiment_results.csv,1158,teleportation_hardware,1,1,singleton,False,1.0,0,0.279785,2621,1475,0.27978515625,1.0,0.639892578125,0.27978515625,1.6216927366836432e-72,True,0.639892578125,1475,0.27978515625,0.27978515625,0.27978515625,0.27978515625,1.0,2621,2621,True,True,True,False,False,True,True,True,True
TELEPORTATION,payload_2,ibm_sherbrooke,IBM,4096,2,,43.0,d09ctahnhqag008pa7a0,3_experiment_results.csv,1159,teleportation_hardware,2,1,singleton,False,0.0,10,0.0,1845,1714,0.036808092160719307,0.868896484375,0.450439453125,0.031982421875,0.02930921335849603,True,0.41845703125,1845,-0.036808092160719307,0.0,-0.036808092160719307,-0.036808092160719307,1.0,1714,1714,True,True,False,False,False,True,False,False,False
TELEPORTATION,payload_3,ibm_sherbrooke,IBM,4096,3,,43.0,d09ctj2kzhn0008v3hmg,3_experiment_results.csv,1160,teleportation_hardware,3,1,singleton,False,0.0,001,0.0,670,637,0.0252486610558531,0.319091796875,0.16357421875,0.008056640625,0.3760875114295939,True,0.11376953125,670,-0.1795774647887324,0.0,-0.1795774647887324,-0.1795774647887324,1.0,466,466,True,True,False,False,False,False,False,False,False
TELEPORTATION,payload_4,ibm_sherbrooke,IBM,4096,4,,43.0,d09ctw36rr3g00871yvg,3_experiment_results.csv,1161,teleportation_hardware,4,1,singleton,False,0.0,0010,0.0,1125,526,0.36281041792852814,0.403076171875,0.274658203125,0.146240234375,4.0920325052900336e-50,True,0.12548828125,1125,-0.3727882855399634,0.0,-0.3727882855399634,-0.3727882855399634,1.0,514,514,True,True,True,False,False,True,True,True,True
TELEPORTATION,payload_5,ibm_sherbrooke,IBM,4096,5,,43.0,d09czs7qnmvg0086w17g,3_experiment_results.csv,1162,teleportation_hardware,5,1,singleton,False,0.0,00011,0.0,204,191,0.03291139240506329,0.096435546875,0.0498046875,0.003173828125,0.5460403800194474,True,0.04345703125,204,-0.06806282722513089,0.0,-0.06806282722513089,-0.06806282722513089,1.0,178,178,True,True,False,False,False,False,False,False,False
TELEPORTATION,payload_1,ibm_brisbane,IBM,4096,1,,20005.0,cz532rbh0kc00088zr40,experiment_results_dynamic_1-2_10000-10005_20250306_234959_updated.csv,1163,teleportation_hardware,1,1,singleton,False,0.0,1,0.0,2062,2034,0.0068359375,1.0,0.50341796875,0.0068359375,0.6731214110323147,True,0.49658203125,2062,-0.0068359375,0.0,-0.0068359375,-0.0068359375,1.0,2034,2034,True,True,False,False,False,False,False,False,False
TELEPORTATION,payload_1,ibm_kyiv,IBM,4096,1,,20007.0,cz534d91xvhg008eag90,experiment_results_dynamic_1-2_10000-10005_20250306_234959_updated.csv,1164,teleportation_hardware,1,1,singleton,False,0.0,1,0.0,2108,1988,0.029296875,1.0,0.5146484375,0.029296875,0.06296083446951097,True,0.4853515625,2108,-0.029296875,0.0,-0.029296875,-0.029296875,1.0,1988,1988,True,True,False,False,False,False,False,False,False
TELEPORTATION,payload_1,ibm_brisbane,IBM,4096,1,,20009.0,cz535pep6030008chv0g,experiment_results_dynamic_1-2_10000-10005_20250306_234959_updated.csv,1165,teleportation_hardware,1,1,singleton,False,0.0,1,0.0,2066,2030,0.0087890625,1.0,0.50439453125,0.0087890625,0.5844699731401267,True,0.49560546875,2066,-0.0087890625,0.0,-0.0087890625,-0.0087890625,1.0,2030,2030,True,True,False,False,False,False,False,False,False
TELEPORTATION,payload_1,ibm_brisbane,IBM,4096,1,,20011.0,cz535xq39f40008sfye0,experiment_results_dynamic_1-2_10000-10005_20250306_234959_updated.csv,1166,teleportation_hardware,1,1,singleton,False,0.0,1,0.0,2069,2027,0.01025390625,1.0,0.505126953125,0.01025390625,0.5217713498010438,True,0.494873046875,2069,-0.01025390625,0.0,-0.01025390625,-0.01025390625,1.0,2027,2027,True,True,False,False,False,False,False,False,False
TELEPORTATION,payload_1,ibm_brisbane,IBM,4096,1,,20013.0,cz53660p6030008chv5g,experiment_results_dynamic_1-2_10000-10005_20250306_234959_updated.csv,1167,teleportation_hardware,1,1,singleton,False,0.0,1,0.0,2081,2015,0.01611328125,1.0,0.508056640625,0.01611328125,0.3098076882865883,True,0.491943359375,2081,-0.01611328125,0.0,-0.01611328125,-0.01611328125,1.0,2015,2015,True,True,False,False,False,False,False,False,False
TELEPORTATION,payload_1,ibm_brisbane,IBM,4096,1,,20015.0,cz536yvp6030008chv8g,experiment_results_dynamic_1-2_10000-10005_20250306_234959_updated.csv,1168,teleportation_hardware,1,1,singleton,False,1.0,0,0.008301,2065,2031,0.00830078125,1.0,0.504150390625,0.00830078125,0.6061217285755818,True,0.504150390625,2031,0.00830078125,0.00830078125,0.00830078125,0.00830078125,1.0,2065,2065,True,True,False,False,False,False,False,False,False
TELEPORTATION,payload_2,ibm_kyiv,IBM,4096,2,,10007.0,cz537py10wx0008bjn20,experiment_results_dynamic_1-2_10000-10005_20250306_234959_updated.csv,1169,teleportation_hardware,2,1,singleton,False,0.0,10,0.0,1066,1041,0.011865211200759373,0.514404296875,0.26025390625,0.006103515625,0.6010875493080207,True,0.2412109375,1066,-0.0379746835443038,0.0,-0.0379746835443038,-0.0379746835443038,1.0,988,988,True,True,False,False,False,False,False,False,False
TELEPORTATION,payload_2,ibm_brisbane,IBM,4096,2,,10007.0,cz537xz39f40008sfym0,experiment_results_dynamic_1-2_10000-10005_20250306_234959_updated.csv,1170,teleportation_hardware,2,1,singleton,False,0.0,11,0.0,1235,1164,0.029595664860358483,0.585693359375,0.301513671875,0.017333984375,0.15294143123692192,True,0.228271484375,1235,-0.1382488479262673,0.0,-0.1382488479262673,-0.1382488479262673,1.0,935,935,True,True,False,False,False,False,False,False,False
TELEPORTATION,payload_2,ibm_kyiv,IBM,4096,2,,10009.0,cz53870kvm9g008ga210,experiment_results_dynamic_1-2_10000-10005_20250306_234959_updated.csv,1171,teleportation_hardware,2,1,singleton,False,0.0,10,0.0,1115,1053,0.02859778597785978,0.529296875,0.272216796875,0.01513671875,0.19015415037532832,True,0.22900390625,1115,-0.08621529469069654,0.0,-0.08621529469069654,-0.08621529469069654,1.0,938,938,True,True,False,False,False,False,False,False,False
TELEPORTATION,payload_2,ibm_kyiv,IBM,4096,2,,10009.0,cz538e139f40008sfypg,experiment_results_dynamic_1-2_10000-10005_20250306_234959_updated.csv,1172,teleportation_hardware,2,1,singleton,False,0.0,11,0.0,1079,1077,0.0009276437847866419,0.5263671875,0.263427734375,0.00048828125,0.9828183319420701,True,0.2421875,1079,-0.042008691453404155,0.0,-0.042008691453404155,-0.042008691453404155,1.0,992,992,True,True,False,False,False,False,False,False,False
TELEPORTATION,payload_2,ibm_brisbane,IBM,4096,2,,10011.0,cz538na10wx0008bjn7g,experiment_results_dynamic_1-2_10000-10005_20250306_234959_updated.csv,1173,teleportation_hardware,2,1,singleton,False,1.0,00,0.053903,1134,1018,0.05390334572490706,0.525390625,0.27685546875,0.0283203125,0.013156840978705989,True,0.27685546875,1018,0.05390334572490706,0.05390334572490706,0.05390334572490706,0.05390334572490706,1.0,1134,1134,True,True,False,False,False,True,False,False,False
TELEPORTATION,payload_2,ibm_kyiv,IBM,4096,2,,10011.0,cz5396mp6030008chvn0,experiment_results_dynamic_1-2_10000-10005_20250306_234959_updated.csv,1174,teleportation_hardware,2,1,singleton,False,0.0,11,0.0,1082,1028,0.025592417061611375,0.51513671875,0.26416015625,0.01318359375,0.24857151881513667,True,0.244384765625,1082,-0.03888622179548728,0.0,-0.03888622179548728,-0.03888622179548728,1.0,1001,1001,True,True,False,False,False,False,False,False,False
TELEPORTATION,payload_3,ibm_brisbane,IBM,4096,3,,6675.0,cz523h610wx0008bjg30,experiment_results_dynamic_1-2_10000-10005_20250306_234959_updated.csv,1175,teleportation_hardware,3,1,singleton,False,0.0,011,0.0,604,545,0.05134899912967798,0.280517578125,0.1474609375,0.014404296875,0.08702387664738997,True,0.116943359375,604,-0.11542012927054478,0.0,-0.11542012927054478,-0.11542012927054478,1.0,479,479,True,True,False,False,False,False,False,False,False
TELEPORTATION,payload_3,ibm_kyiv,IBM,4096,3,,6675.0,cz525bnh0kc00088zkp0,experiment_results_dynamic_1-2_10000-10005_20250306_234959_updated.csv,1176,teleportation_hardware,3,1,singleton,False,0.0,011,0.0,585,566,0.016507384882710686,0.281005859375,0.142822265625,0.004638671875,0.5957425980356233,True,0.122802734375,585,-0.07536764705882353,0.0,-0.07536764705882353,-0.07536764705882353,1.0,503,503,True,True,False,False,False,False,False,False,False
TELEPORTATION,payload_3,ibm_brisbane,IBM,4096,3,,6677.0,cz525m61xvhg008eabrg,experiment_results_dynamic_1-2_10000-10005_20250306_234959_updated.csv,1177,teleportation_hardware,3,1,singleton,False,0.0,111,0.0,603,539,0.05604203152364273,0.27880859375,0.147216796875,0.015625,0.06223730057745759,True,0.11767578125,603,-0.11152073732718894,0.0,-0.11152073732718894,-0.11152073732718894,1.0,482,482,True,True,False,False,False,False,False,False,False
TELEPORTATION,payload_3,ibm_kyiv,IBM,4096,3,,6677.0,cz52at3p6030008chpx0,experiment_results_dynamic_1-2_10000-10005_20250306_234959_updated.csv,1178,teleportation_hardware,3,1,singleton,False,0.0,011,0.0,612,576,0.030303030303030304,0.2900390625,0.1494140625,0.0087890625,0.30988892282277225,True,0.128662109375,612,-0.07462686567164178,0.0,-0.07462686567164178,-0.07462686567164178,1.0,527,527,True,True,False,False,False,False,False,False,False
TELEPORTATION,payload_3,ibm_kyiv,IBM,4096,3,,6679.0,cz52b1wp6030008chpz0,experiment_results_dynamic_1-2_10000-10005_20250306_234959_updated.csv,1179,teleportation_hardware,3,1,singleton,False,0.0,001,0.0,547,535,0.011090573012939002,0.26416015625,0.133544921875,0.0029296875,0.7380875965978858,True,0.11962890625,547,-0.054966248794599805,0.0,-0.054966248794599805,-0.054966248794599805,1.0,490,490,True,True,False,False,False,False,False,False,False
TELEPORTATION,payload_4,ibm_kyiv,IBM,4096,4,,5011.0,cz52bexkvm9g008g9y20,experiment_results_dynamic_1-2_10000-10005_20250306_234959_updated.csv,1180,teleportation_hardware,4,1,singleton,False,0.0,0101,0.0,281,274,0.012612612612612612,0.135498046875,0.068603515625,0.001708984375,0.7989934712042868,True,0.0576171875,281,-0.08704061895551257,0.0,-0.08704061895551257,-0.08704061895551257,1.0,236,236,True,True,False,False,False,False,False,False,False
TELEPORTATION,payload_4,ibm_kyiv,IBM,4096,4,,5011.0,cz52bp61xvhg008eacn0,experiment_results_dynamic_1-2_10000-10005_20250306_234959_updated.csv,1181,teleportation_hardware,4,1,singleton,False,0.0,1101,0.0,277,276,0.0018083182640144665,0.135009765625,0.067626953125,0.000244140625,1.0,True,0.064697265625,277,-0.02214022140221402,0.0,-0.02214022140221402,-0.02214022140221402,1.0,265,265,True,True,False,False,False,False,False,False,False
TELEPORTATION,payload_4,ibm_kyiv,IBM,4096,4,,5011.0,cz52bxf39f40008sftxg,experiment_results_dynamic_1-2_10000-10005_20250306_234959_updated.csv,1182,teleportation_hardware,4,1,singleton,False,0.0,0111,0.0,298,278,0.034722222222222224,0.140625,0.07275390625,0.0048828125,0.4285801642409472,True,0.0556640625,298,-0.13307984790874525,0.0,-0.13307984790874525,-0.13307984790874525,1.0,228,228,True,True,False,False,False,False,False,False,False
TELEPORTATION,payload_4,ibm_kyiv,IBM,4096,4,,5011.0,cz52c481xvhg008eacr0,experiment_results_dynamic_1-2_10000-10005_20250306_234959_updated.csv,1183,teleportation_hardware,4,1,singleton,False,0.0,0010,0.0,288,281,0.012302284710017574,0.138916015625,0.0703125,0.001708984375,0.8014287340565253,True,0.057861328125,288,-0.09714285714285714,0.0,-0.09714285714285714,-0.09714285714285714,1.0,237,237,True,True,False,False,False,False,False,False,False
TELEPORTATION,payload_4,ibm_kyiv,IBM,4096,4,,5013.0,cz52cc110wx0008bjhd0,experiment_results_dynamic_1-2_10000-10005_20250306_234959_updated.csv,1184,teleportation_hardware,4,1,singleton,False,0.0,0010,0.0,277,272,0.009107468123861567,0.134033203125,0.067626953125,0.001220703125,0.8644670431014093,True,0.06640625,277,-0.009107468123861567,0.0,-0.009107468123861567,-0.009107468123861567,1.0,272,272,True,True,False,False,False,False,False,False,False
TELEPORTATION,payload_4,ibm_kyiv,IBM,4096,4,,5013.0,cz52ck2p6030008chq9g,experiment_results_dynamic_1-2_10000-10005_20250306_234959_updated.csv,1185,teleportation_hardware,4,1,singleton,False,0.0,0011,0.0,291,278,0.022847100175746926,0.138916015625,0.071044921875,0.003173828125,0.6149565738603441,True,0.0634765625,291,-0.056261343012704176,0.0,-0.056261343012704176,-0.056261343012704176,1.0,260,260,True,True,False,False,False,False,False,False,False
TELEPORTATION,payload_1,ibm_kyiv,IBM,4096,1,,2005.0,cyv0qyfjj6dg008g4aa0,experiment_results_dynamic_1-4_1000-1005_20250304_114148.csv,1186,teleportation_hardware,1,1,singleton,False,0.0,1,0.0,2387,1709,0.16552734375,1.0,0.582763671875,0.16552734375,2.9096137192484774e-26,True,0.417236328125,2387,-0.16552734375,0.0,-0.16552734375,-0.16552734375,1.0,1709,1709,True,True,False,False,False,True,True,False,True
TELEPORTATION,payload_1,ibm_kyiv,IBM,4096,1,,2007.0,cyv0rkt38jq0008xxyb0,experiment_results_dynamic_1-4_1000-1005_20250304_114148.csv,1187,teleportation_hardware,1,1,singleton,False,0.0,1,0.0,2382,1714,0.1630859375,1.0,0.58154296875,0.1630859375,1.545961579316433e-25,True,0.41845703125,2382,-0.1630859375,0.0,-0.1630859375,-0.1630859375,1.0,1714,1714,True,True,False,False,False,True,True,False,True
TELEPORTATION,payload_1,ibm_kyiv,IBM,4096,1,,2009.0,cyv0rx3y2gd0008865w0,experiment_results_dynamic_1-4_1000-1005_20250304_114148.csv,1188,teleportation_hardware,1,1,singleton,False,0.0,1,0.0,2101,1995,0.02587890625,1.0,0.512939453125,0.02587890625,0.10086355350862286,True,0.487060546875,2101,-0.02587890625,0.0,-0.02587890625,-0.02587890625,1.0,1995,1995,True,True,False,False,False,False,False,False,False
TELEPORTATION,payload_1,ibm_kyiv,IBM,4096,1,,2011.0,cyv0s6478z600082q3m0,experiment_results_dynamic_1-4_1000-1005_20250304_114148.csv,1189,teleportation_hardware,1,1,singleton,False,0.0,1,0.0,2262,1834,0.1044921875,1.0,0.55224609375,0.1044921875,2.4254774086386184e-11,True,0.44775390625,2262,-0.1044921875,0.0,-0.1044921875,-0.1044921875,1.0,1834,1834,True,True,False,False,False,True,True,False,True
TELEPORTATION,payload_1,ibm_kyiv,IBM,4096,1,,2013.0,cyv0sex4raf0008ejv60,experiment_results_dynamic_1-4_1000-1005_20250304_114148.csv,1190,teleportation_hardware,1,1,singleton,False,0.0,1,0.0,2121,1975,0.03564453125,1.0,0.517822265625,0.03564453125,0.02346267663727668,True,0.482177734375,2121,-0.03564453125,0.0,-0.03564453125,-0.03564453125,1.0,1975,1975,True,True,False,False,False,True,False,False,False
TELEPORTATION,payload_1,ibm_kyiv,IBM,4096,1,,2015.0,cyv0sqpjj6dg008g4ang,experiment_results_dynamic_1-4_1000-1005_20250304_114148.csv,1191,teleportation_hardware,1,1,singleton,False,0.0,1,0.0,2189,1907,0.06884765625,1.0,0.534423828125,0.06884765625,1.1217818862742676e-05,True,0.465576171875,2189,-0.06884765625,0.0,-0.06884765625,-0.06884765625,1.0,1907,1907,True,True,False,False,False,True,True,False,True
TELEPORTATION,payload_2,ibm_kyiv,IBM,4096,2,,1007.0,cyv0t0878z600082q3wg,experiment_results_dynamic_1-4_1000-1005_20250304_114148.csv,1192,teleportation_hardware,2,1,singleton,False,1.0,00,0.079156,1227,1047,0.079155672823219,0.55517578125,0.299560546875,0.0439453125,0.00017300302935309076,True,0.299560546875,1047,0.079155672823219,0.079155672823219,0.079155672823219,0.079155672823219,1.0,1227,1227,True,True,False,False,False,True,True,False,False
TELEPORTATION,payload_2,ibm_kyiv,IBM,4096,2,,1007.0,cyv0t9h4raf0008ejv70,experiment_results_dynamic_1-4_1000-1005_20250304_114148.csv,1193,teleportation_hardware,2,1,singleton,False,1.0,00,0.00275,1094,1088,0.002749770852428964,0.53271484375,0.26708984375,0.00146484375,0.9147611330053703,True,0.26708984375,1088,0.002749770852428964,0.002749770852428964,0.002749770852428964,0.002749770852428964,1.0,1094,1094,True,True,False,False,False,False,False,False,False
TELEPORTATION,payload_2,ibm_kyiv,IBM,4096,2,,1009.0,cyv0tjtjj6dg008g4aqg,experiment_results_dynamic_1-4_1000-1005_20250304_114148.csv,1194,teleportation_hardware,2,1,singleton,False,1.0,00,0.090069,1180,985,0.09006928406466513,0.528564453125,0.2880859375,0.047607421875,3.018985457646079e-05,True,0.2880859375,985,0.09006928406466513,0.09006928406466513,0.09006928406466513,0.09006928406466513,1.0,1180,1180,True,True,False,False,False,True,True,False,False
TELEPORTATION,payload_2,ibm_kyiv,IBM,4096,2,,1009.0,cyv0tw378z600082q3z0,experiment_results_dynamic_1-4_1000-1005_20250304_114148.csv,1195,teleportation_hardware,2,1,singleton,False,1.0,00,0.131296,1314,1009,0.13129573826947913,0.567138671875,0.32080078125,0.074462890625,2.6805628760348635e-10,True,0.32080078125,1009,0.13129573826947913,0.13129573826947913,0.13129573826947913,0.13129573826947913,1.0,1314,1314,True,True,False,False,False,True,True,False,True
TELEPORTATION,payload_2,ibm_kyiv,IBM,4096,2,,1011.0,cyv0v6mjj6dg008g4as0,experiment_results_dynamic_1-4_1000-1005_20250304_114148.csv,1196,teleportation_hardware,2,1,singleton,False,1.0,00,0.019828,1183,1137,0.019827586206896553,0.56640625,0.288818359375,0.01123046875,0.3501711529461731,True,0.288818359375,1137,0.019827586206896553,0.019827586206896553,0.019827586206896553,0.019827586206896553,1.0,1183,1183,True,True,False,False,False,False,False,False,False
TELEPORTATION,payload_2,ibm_kyiv,IBM,4096,2,,1011.0,cyv0vfnjj6dg008g4at0,experiment_results_dynamic_1-4_1000-1005_20250304_114148.csv,1197,teleportation_hardware,2,1,singleton,False,0.0,10,0.0,1136,1092,0.019748653500897665,0.5439453125,0.27734375,0.0107421875,0.36230674426060105,True,0.26416015625,1136,-0.024346257889990983,0.0,-0.024346257889990983,-0.024346257889990983,1.0,1082,1082,True,True,False,False,False,False,False,False,False
TELEPORTATION,payload_3,ibm_kyiv,IBM,4096,3,,675.0,cyv0vrzq5bwg0083p07g,experiment_results_dynamic_1-4_1000-1005_20250304_114148.csv,1198,teleportation_hardware,3,1,singleton,False,1.0,000,0.023622,650,620,0.023622047244094488,0.31005859375,0.15869140625,0.00732421875,0.4157930393640237,True,0.15869140625,620,0.023622047244094488,0.023622047244094488,0.023622047244094488,0.023622047244094488,1.0,650,650,True,True,False,False,False,False,False,False,False
TELEPORTATION,payload_3,ibm_kyiv,IBM,4096,3,,675.0,cyv0w2878z600082q42g,experiment_results_dynamic_1-4_1000-1005_20250304_114148.csv,1199,teleportation_hardware,3,1,singleton,False,0.0,010,0.0,569,565,0.003527336860670194,0.27685546875,0.138916015625,0.0009765625,0.9290178727782893,True,0.128173828125,569,-0.04021937842778794,0.0,-0.04021937842778794,-0.04021937842778794,1.0,525,525,True,True,False,False,False,False,False,False,False
TELEPORTATION,payload_3,ibm_kyiv,IBM,4096,3,,677.0,cyv0wb94raf0008ejvdg,experiment_results_dynamic_1-4_1000-1005_20250304_114148.csv,1200,teleportation_hardware,3,1,singleton,False,0.0,100,0.0,564,547,0.0153015301530153,0.271240234375,0.1376953125,0.004150390625,0.63123006267507,True,0.11962890625,564,-0.07020872865275142,0.0,-0.07020872865275142,-0.07020872865275142,1.0,490,490,True,True,False,False,False,False,False,False,False
TELEPORTATION,payload_3,ibm_kyiv,IBM,4096,3,,677.0,cyv0wnay2gd0008866a0,experiment_results_dynamic_1-4_1000-1005_20250304_114148.csv,1201,teleportation_hardware,3,1,singleton,False,0.0,010,0.0,680,679,0.0007358351729212656,0.331787109375,0.166015625,0.000244140625,1.0,True,0.151123046875,680,-0.04695919938414165,0.0,-0.04695919938414165,-0.04695919938414165,1.0,619,619,True,True,False,False,False,False,False,False,False
TELEPORTATION,payload_3,ibm_kyiv,IBM,4096,3,,677.0,cyv0xv7y2gd0008866dg,experiment_results_dynamic_1-4_1000-1005_20250304_114148.csv,1202,teleportation_hardware,3,1,singleton,False,0.0,011,0.0,580,573,0.006071118820468344,0.281494140625,0.1416015625,0.001708984375,0.8597537569860448,True,0.124755859375,580,-0.06324472960586618,0.0,-0.06324472960586618,-0.06324472960586618,1.0,511,511,True,True,False,False,False,False,False,False,False
TELEPORTATION,payload_3,ibm_kyiv,IBM,4096,3,,679.0,cyv0y48q5bwg0083p0g0,experiment_results_dynamic_1-4_1000-1005_20250304_114148.csv,1203,teleportation_hardware,3,1,singleton,False,0.0,100,0.0,601,593,0.006700167504187605,0.29150390625,0.146728515625,0.001953125,0.8394741868881215,True,0.107421875,601,-0.15465898174831894,0.0,-0.15465898174831894,-0.15465898174831894,1.0,440,440,True,True,False,False,False,False,False,False,False
TELEPORTATION,payload_4,ibm_kyiv,IBM,4096,4,,511.0,cyv0ydh78z600082q470,experiment_results_dynamic_1-4_1000-1005_20250304_114148.csv,1204,teleportation_hardware,4,1,singleton,False,0.0,0011,0.0,379,352,0.036935704514363885,0.178466796875,0.092529296875,0.006591796875,0.3362323358446796,True,0.07421875,379,-0.10980966325036604,0.0,-0.10980966325036604,-0.10980966325036604,1.0,304,304,True,True,False,False,False,False,False,False,False
TELEPORTATION,payload_4,ibm_kyiv,IBM,4096,4,,511.0,cyv0ypt4raf0008ejvk0,experiment_results_dynamic_1-4_1000-1005_20250304_114148.csv,1205,teleportation_hardware,4,1,singleton,False,0.0,1111,0.0,332,304,0.0440251572327044,0.1552734375,0.0810546875,0.0068359375,0.28433138298793526,True,0.057861328125,332,-0.16695957820738136,0.0,-0.16695957820738136,-0.16695957820738136,1.0,237,237,True,True,False,False,False,False,False,False,False
TELEPORTATION,payload_4,ibm_kyiv,IBM,4096,4,,511.0,cyv0yzb78z600082q480,experiment_results_dynamic_1-4_1000-1005_20250304_114148.csv,1206,teleportation_hardware,4,1,singleton,False,0.0,0101,0.0,401,364,0.048366013071895426,0.186767578125,0.097900390625,0.009033203125,0.19302545216967237,True,0.067138671875,401,-0.1863905325443787,0.0,-0.1863905325443787,-0.1863905325443787,1.0,275,275,True,True,False,False,False,False,False,False,False
TELEPORTATION,payload_4,ibm_kyiv,IBM,4096,4,,511.0,cyv0z8d38jq0008xxyyg,experiment_results_dynamic_1-4_1000-1005_20250304_114148.csv,1207,teleportation_hardware,4,1,singleton,False,0.0,0110,0.0,303,295,0.013377926421404682,0.14599609375,0.073974609375,0.001953125,0.7747137855222653,True,0.059814453125,303,-0.10583941605839416,0.0,-0.10583941605839416,-0.10583941605839416,1.0,245,245,True,True,False,False,False,False,False,False,False
TELEPORTATION,payload_4,ibm_kyiv,IBM,4096,4,,513.0,cyv0zke38jq0008xxz00,experiment_results_dynamic_1-4_1000-1005_20250304_114148.csv,1208,teleportation_hardware,4,1,singleton,False,0.0,0111,0.0,298,293,0.008460236886632826,0.144287109375,0.07275390625,0.001220703125,0.8693254359518237,True,0.06396484375,298,-0.06428571428571428,0.0,-0.06428571428571428,-0.06428571428571428,1.0,262,262,True,True,False,False,False,False,False,False,False
TELEPORTATION,payload_4,ibm_kyiv,IBM,4096,4,,513.0,cyv0zwqjj6dg008g4b1g,experiment_results_dynamic_1-4_1000-1005_20250304_114148.csv,1209,teleportation_hardware,4,1,singleton,False,0.0,0101,0.0,278,276,0.0036101083032490976,0.13525390625,0.06787109375,0.00048828125,0.9661164271694523,True,0.062744140625,278,-0.03925233644859813,0.0,-0.03925233644859813,-0.03925233644859813,1.0,257,257,True,True,False,False,False,False,False,False,False
TELEPORTATION,payload_1,ibm_kyiv,IBM,4096,1,,3005.0,cyv10t338jq0008xxz20,experiment_results_dynamic_1-4_1500-1505_20250304_114253.csv,1210,teleportation_hardware,1,1,singleton,False,1.0,0,0.032715,2115,1981,0.03271484375,1.0,0.516357421875,0.03271484375,0.03768492572466917,True,0.516357421875,1981,0.03271484375,0.03271484375,0.03271484375,0.03271484375,1.0,2115,2115,True,True,False,False,False,True,False,False,False
TELEPORTATION,payload_1,ibm_kyiv,IBM,4096,1,,3007.0,cyv113c78z600082q4eg,experiment_results_dynamic_1-4_1500-1505_20250304_114253.csv,1211,teleportation_hardware,1,1,singleton,False,1.0,0,0.029785,2109,1987,0.02978515625,1.0,0.514892578125,0.02978515625,0.05866119053764657,True,0.514892578125,1987,0.02978515625,0.02978515625,0.02978515625,0.02978515625,1.0,2109,2109,True,True,False,False,False,False,False,False,False
TELEPORTATION,payload_1,ibm_kyiv,IBM,4096,1,,3009.0,cyv11cx4raf0008ejvr0,experiment_results_dynamic_1-4_1500-1505_20250304_114253.csv,1212,teleportation_hardware,1,1,singleton,False,0.0,1,0.0,2061,2035,0.00634765625,1.0,0.503173828125,0.00634765625,0.6960794245045313,True,0.496826171875,2061,-0.00634765625,0.0,-0.00634765625,-0.00634765625,1.0,2035,2035,True,True,False,False,False,False,False,False,False
TELEPORTATION,payload_1,ibm_kyiv,IBM,4096,1,,3011.0,cyv11p6q5bwg0083p0mg,experiment_results_dynamic_1-4_1500-1505_20250304_114253.csv,1213,teleportation_hardware,1,1,singleton,False,1.0,0,0.061523,2174,1922,0.0615234375,1.0,0.53076171875,0.0615234375,8.744442368258291e-05,True,0.53076171875,1922,0.0615234375,0.0615234375,0.0615234375,0.0615234375,1.0,2174,2174,True,True,False,False,False,True,True,False,True
TELEPORTATION,payload_1,ibm_kyiv,IBM,4096,1,,3013.0,cyv11zq4raf0008ejvsg,experiment_results_dynamic_1-4_1500-1505_20250304_114253.csv,1214,teleportation_hardware,1,1,singleton,False,0.0,1,0.0,2085,2011,0.01806640625,1.0,0.509033203125,0.01806640625,0.25402310355999375,True,0.490966796875,2085,-0.01806640625,0.0,-0.01806640625,-0.01806640625,1.0,2011,2011,True,True,False,False,False,False,False,False,False
TELEPORTATION,payload_1,ibm_kyiv,IBM,4096,1,,3015.0,cyv128hy2gd0008866mg,experiment_results_dynamic_1-4_1500-1505_20250304_114253.csv,1215,teleportation_hardware,1,1,singleton,False,1.0,0,0.036621,2123,1973,0.03662109375,1.0,0.518310546875,0.03662109375,0.01989435108217528,True,0.518310546875,1973,0.03662109375,0.03662109375,0.03662109375,0.03662109375,1.0,2123,2123,True,True,False,False,False,True,False,False,False
TELEPORTATION,payload_2,ibm_kyiv,IBM,4096,2,,1507.0,cyv12hjq5bwg0083p0ng,experiment_results_dynamic_1-4_1500-1505_20250304_114253.csv,1216,teleportation_hardware,2,1,singleton,False,0.0,10,0.0,1217,1011,0.09245960502692999,0.5439453125,0.297119140625,0.05029296875,1.3865843978696573e-05,True,0.246826171875,1217,-0.09245960502692999,0.0,-0.09245960502692999,-0.09245960502692999,1.0,1011,1011,True,True,False,False,False,True,True,False,True
TELEPORTATION,payload_2,ibm_kyiv,IBM,4096,2,,1507.0,cyv12tk78z600082q4j0,experiment_results_dynamic_1-4_1500-1505_20250304_114253.csv,1217,teleportation_hardware,2,1,singleton,False,0.0,11,0.0,1093,1021,0.03405865657521287,0.51611328125,0.266845703125,0.017578125,0.12251749000266626,True,0.249267578125,1093,-0.03405865657521287,0.0,-0.03405865657521287,-0.03405865657521287,1.0,1021,1021,True,True,False,False,False,False,False,False,False
TELEPORTATION,payload_2,ibm_kyiv,IBM,4096,2,,1509.0,cyv133cjj6dg008g4b60,experiment_results_dynamic_1-4_1500-1505_20250304_114253.csv,1218,teleportation_hardware,2,1,singleton,False,1.0,00,0.290946,1604,881,0.2909456740442656,0.606689453125,0.3916015625,0.176513671875,3.342386503433824e-48,True,0.3916015625,881,0.2909456740442656,0.2909456740442656,0.2909456740442656,0.2909456740442656,1.0,1604,1604,True,True,True,False,False,True,True,True,True
TELEPORTATION,payload_2,ibm_kyiv,IBM,4096,2,,1509.0,cyv13c54raf0008ejvvg,experiment_results_dynamic_1-4_1500-1505_20250304_114253.csv,1219,teleportation_hardware,2,1,singleton,False,0.0,11,0.0,1040,1038,0.0009624639076034649,0.50732421875,0.25390625,0.00048828125,0.9824989123132943,True,0.25341796875,1040,-0.0009624639076034649,0.0,-0.0009624639076034649,-0.0009624639076034649,1.0,1038,1038,True,True,False,False,False,False,False,False,False
TELEPORTATION,payload_2,ibm_kyiv,IBM,4096,2,,1511.0,cyv13mp4raf0008ejvwg,experiment_results_dynamic_1-4_1500-1505_20250304_114253.csv,1220,teleportation_hardware,2,1,singleton,False,0.0,10,0.0,1131,1068,0.0286493860845839,0.536865234375,0.276123046875,0.015380859375,0.18610741116546142,True,0.2373046875,1131,-0.07560627674750357,0.0,-0.07560627674750357,-0.07560627674750357,1.0,972,972,True,True,False,False,False,False,False,False,False
TELEPORTATION,payload_2,ibm_kyiv,IBM,4096,2,,1511.0,cyv13xz4raf0008ejvx0,experiment_results_dynamic_1-4_1500-1505_20250304_114253.csv,1221,teleportation_hardware,2,1,singleton,False,0.0,10,0.0,1315,1034,0.11962537249893572,0.573486328125,0.321044921875,0.068603515625,7.300654073255554e-09,True,0.21875,1315,-0.1895070104025328,0.0,-0.1895070104025328,-0.1895070104025328,1.0,896,896,True,True,False,False,False,True,True,False,True
TELEPORTATION,payload_3,ibm_kyiv,IBM,4096,3,,1009.0,cyv147838jq0008xxz5g,experiment_results_dynamic_1-4_1500-1505_20250304_114253.csv,1222,teleportation_hardware,3,1,singleton,False,0.0,001,0.0,571,551,0.017825311942959002,0.27392578125,0.139404296875,0.0048828125,0.5705791686584363,True,0.117919921875,571,-0.08349146110056926,0.0,-0.08349146110056926,-0.08349146110056926,1.0,483,483,True,True,False,False,False,False,False,False,False
TELEPORTATION,payload_3,ibm_kyiv,IBM,4096,3,,1009.0,cyv14gj38jq0008xxz60,experiment_results_dynamic_1-4_1500-1505_20250304_114253.csv,1223,teleportation_hardware,3,1,singleton,False,0.0,001,0.0,673,590,0.06571654790182106,0.308349609375,0.164306640625,0.020263671875,0.020999011066381676,True,0.135009765625,673,-0.09787928221859707,0.0,-0.09787928221859707,-0.09787928221859707,1.0,553,553,True,True,False,False,False,True,False,False,False
TELEPORTATION,payload_3,ibm_kyiv,IBM,4096,3,,1009.0,cyv14sk38jq0008xxz7g,experiment_results_dynamic_1-4_1500-1505_20250304_114253.csv,1224,teleportation_hardware,3,1,singleton,False,0.0,011,0.0,775,635,0.09929078014184398,0.34423828125,0.189208984375,0.0341796875,0.00021178873582436026,True,0.1171875,775,-0.2350597609561753,0.0,-0.2350597609561753,-0.2350597609561753,1.0,480,480,True,True,False,False,False,True,True,False,False
TELEPORTATION,payload_3,ibm_kyiv,IBM,4096,3,,1011.0,cyv153cjj6dg008g4b90,experiment_results_dynamic_1-4_1500-1505_20250304_114253.csv,1225,teleportation_hardware,3,1,singleton,False,0.0,110,0.0,582,532,0.04488330341113106,0.27197265625,0.14208984375,0.01220703125,0.14204459044531267,True,0.117431640625,582,-0.09501411100658513,0.0,-0.09501411100658513,-0.09501411100658513,1.0,481,481,True,True,False,False,False,False,False,False,False
TELEPORTATION,payload_3,ibm_kyiv,IBM,4096,3,,1011.0,cyv15cdjj6dg008g4bb0,experiment_results_dynamic_1-4_1500-1505_20250304_114253.csv,1226,teleportation_hardware,3,1,singleton,False,0.0,101,0.0,624,615,0.007263922518159807,0.302490234375,0.15234375,0.002197265625,0.8202201117764825,True,0.092529296875,624,-0.24426719840478564,0.0,-0.24426719840478564,-0.24426719840478564,1.0,379,379,True,True,False,False,False,False,False,False,False
TELEPORTATION,payload_3,ibm_kyiv,IBM,4096,3,,1011.0,cyv15ne78z600082q4n0,experiment_results_dynamic_1-4_1500-1505_20250304_114253.csv,1227,teleportation_hardware,3,1,singleton,False,0.0,101,0.0,579,537,0.03763440860215054,0.2724609375,0.141357421875,0.01025390625,0.21969136534527206,True,0.119384765625,579,-0.08426966292134831,0.0,-0.08426966292134831,-0.08426966292134831,1.0,489,489,True,True,False,False,False,False,False,False,False
TELEPORTATION,payload_4,ibm_kyiv,IBM,4096,4,,761.0,cyv15yqy2gd0008866s0,experiment_results_dynamic_1-4_1500-1505_20250304_114253.csv,1228,teleportation_hardware,4,1,singleton,False,0.0,1111,0.0,282,275,0.012567324955116697,0.135986328125,0.06884765625,0.001708984375,0.7993468568793342,True,0.060791015625,282,-0.062146892655367235,0.0,-0.062146892655367235,-0.062146892655367235,1.0,249,249,True,True,False,False,False,False,False,False,False
TELEPORTATION,payload_4,ibm_kyiv,IBM,4096,4,,761.0,cyv167gq5bwg0083p0wg,experiment_results_dynamic_1-4_1500-1505_20250304_114253.csv,1229,teleportation_hardware,4,1,singleton,False,0.0,0110,0.0,286,277,0.015985790408525755,0.137451171875,0.06982421875,0.002197265625,0.7360298776502431,True,0.05419921875,286,-0.12598425196850394,0.0,-0.12598425196850394,-0.12598425196850394,1.0,222,222,True,True,False,False,False,False,False,False,False
TELEPORTATION,payload_4,ibm_kyiv,IBM,4096,4,,761.0,cyv16s3q5bwg0083p0y0,experiment_results_dynamic_1-4_1500-1505_20250304_114253.csv,1230,teleportation_hardware,4,1,singleton,False,0.0,1011,0.0,355,353,0.002824858757062147,0.1728515625,0.086669921875,0.00048828125,0.9700242484768701,True,0.076171875,355,-0.06446776611694154,0.0,-0.06446776611694154,-0.06446776611694154,1.0,312,312,True,True,False,False,False,False,False,False,False
TELEPORTATION,payload_4,ibm_kyiv,IBM,4096,4,,761.0,cyv172w78z600082q4s0,experiment_results_dynamic_1-4_1500-1505_20250304_114253.csv,1231,teleportation_hardware,4,1,singleton,False,0.0,1111,0.0,279,278,0.0017953321364452424,0.135986328125,0.068115234375,0.000244140625,0.9999999999999994,True,0.064208984375,279,-0.02952029520295203,0.0,-0.02952029520295203,-0.02952029520295203,1.0,263,263,True,True,False,False,False,False,False,False,False
TELEPORTATION,payload_4,ibm_kyiv,IBM,4096,4,,763.0,cyv1838jj6dg008g4bhg,experiment_results_dynamic_1-4_1500-1505_20250304_114253.csv,1232,teleportation_hardware,4,1,singleton,False,0.0,0101,0.0,345,332,0.019202363367799114,0.165283203125,0.084228515625,0.003173828125,0.6446890914062272,True,0.0810546875,345,-0.019202363367799114,0.0,-0.019202363367799114,-0.019202363367799114,1.0,332,332,True,True,False,False,False,False,False,False,False
TELEPORTATION,payload_4,ibm_kyiv,IBM,4096,4,,763.0,cyv18j2y2gd000886700,experiment_results_dynamic_1-4_1500-1505_20250304_114253.csv,1233,teleportation_hardware,4,1,singleton,False,0.0,0011,0.0,306,298,0.013245033112582781,0.1474609375,0.07470703125,0.001953125,0.7758052196301717,True,0.064453125,306,-0.07368421052631578,0.0,-0.07368421052631578,-0.07368421052631578,1.0,264,264,True,True,False,False,False,False,False,False,False
TELEPORTATION,payload_1,ibm_kyiv,IBM,4096,1,,40005.0,cz6r8es10wx0008by1k0,experiment_results_dynamic_1-4_20000-20005_20250309_122728.csv,1234,teleportation_hardware,1,1,singleton,False,1.0,0,0.022949,2095,2001,0.02294921875,1.0,0.511474609375,0.02294921875,0.1461799292568614,True,0.511474609375,2001,0.02294921875,0.02294921875,0.02294921875,0.02294921875,1.0,2095,2095,True,True,False,False,False,False,False,False,False
TELEPORTATION,payload_1,ibm_kyiv,IBM,4096,1,,40007.0,cz6r8r339f40008svcyg,experiment_results_dynamic_1-4_20000-20005_20250309_122728.csv,1235,teleportation_hardware,1,1,singleton,False,0.0,1,0.0,2054,2042,0.0029296875,1.0,0.50146484375,0.0029296875,0.8635384700826476,True,0.49853515625,2054,-0.0029296875,0.0,-0.0029296875,-0.0029296875,1.0,2042,2042,True,True,False,False,False,False,False,False,False
TELEPORTATION,payload_1,ibm_kyiv,IBM,4096,1,,40009.0,cz6r91mh0kc00089b6f0,experiment_results_dynamic_1-4_20000-20005_20250309_122728.csv,1236,teleportation_hardware,1,1,singleton,False,1.0,0,0.011719,2072,2024,0.01171875,1.0,0.505859375,0.01171875,0.46272441630096867,True,0.505859375,2024,0.01171875,0.01171875,0.01171875,0.01171875,1.0,2072,2072,True,True,False,False,False,False,False,False,False
TELEPORTATION,payload_1,ibm_brisbane,IBM,4096,1,,40011.0,cz6r9axp6030008cx7a0,experiment_results_dynamic_1-4_20000-20005_20250309_122728.csv,1237,teleportation_hardware,1,1,singleton,False,1.0,0,0.057617,2166,1930,0.0576171875,1.0,0.52880859375,0.0576171875,0.00023989915379756384,True,0.52880859375,1930,0.0576171875,0.0576171875,0.0576171875,0.0576171875,1.0,2166,2166,True,True,False,False,False,True,True,False,True
TELEPORTATION,payload_1,ibm_kyiv,IBM,4096,1,,40013.0,cz6rb141xvhg008ent9g,experiment_results_dynamic_1-4_20000-20005_20250309_122728.csv,1238,teleportation_hardware,1,1,singleton,False,0.0,1,0.0,2096,2000,0.0234375,1.0,0.51171875,0.0234375,0.1376998281838921,True,0.48828125,2096,-0.0234375,0.0,-0.0234375,-0.0234375,1.0,2000,2000,True,True,False,False,False,False,False,False,False
TELEPORTATION,payload_1,ibm_kyiv,IBM,4096,1,,40015.0,cz6rban39f40008svd70,experiment_results_dynamic_1-4_20000-20005_20250309_122728.csv,1239,teleportation_hardware,1,1,singleton,False,0.0,1,0.0,2090,2006,0.0205078125,1.0,0.51025390625,0.0205078125,0.19466801006943102,True,0.48974609375,2090,-0.0205078125,0.0,-0.0205078125,-0.0205078125,1.0,2006,2006,True,True,False,False,False,False,False,False,False
TELEPORTATION,payload_2,ibm_brisbane,IBM,4096,2,,20007.0,cz6rbkeh0kc00089b6ng,experiment_results_dynamic_1-4_20000-20005_20250309_122728.csv,1240,teleportation_hardware,2,1,singleton,False,0.0,11,0.0,1318,1175,0.057360609707180106,0.608642578125,0.32177734375,0.034912109375,0.00444589923530069,True,0.185791015625,1318,-0.26791726791726794,0.0,-0.26791726791726794,-0.26791726791726794,1.0,761,761,True,True,False,False,False,True,True,False,False
TELEPORTATION,payload_2,ibm_brisbane,IBM,4096,2,,20007.0,cz6rcyv1xvhg008entg0,experiment_results_dynamic_1-4_20000-20005_20250309_122728.csv,1241,teleportation_hardware,2,1,singleton,False,0.0,11,0.0,1276,1023,0.11004784688995216,0.561279296875,0.3115234375,0.061767578125,1.4343013156634024e-07,True,0.20751953125,1276,-0.20037629350893696,0.0,-0.20037629350893696,-0.20037629350893696,1.0,850,850,True,True,False,False,False,True,True,False,True
TELEPORTATION,payload_2,ibm_brisbane,IBM,4096,2,,20009.0,cz6rd8510wx0008by23g,experiment_results_dynamic_1-4_20000-20005_20250309_122728.csv,1242,teleportation_hardware,2,1,singleton,False,1.0,00,0.003409,1619,1608,0.003408738766656337,0.787841796875,0.395263671875,0.002685546875,0.860269432681752,True,0.395263671875,1608,0.003408738766656337,0.003408738766656337,0.003408738766656337,0.003408738766656337,1.0,1619,1619,True,True,False,False,False,False,False,False,False
TELEPORTATION,payload_2,ibm_kyiv,IBM,4096,2,,20009.0,cz6rdk6h0kc00089b6wg,experiment_results_dynamic_1-4_20000-20005_20250309_122728.csv,1243,teleportation_hardware,2,1,singleton,False,0.0,01,0.0,1058,1048,0.004748338081671415,0.51416015625,0.25830078125,0.00244140625,0.8445251118225702,True,0.236328125,1058,-0.044422507403751234,0.0,-0.044422507403751234,-0.044422507403751234,1.0,968,968,True,True,False,False,False,False,False,False,False
TELEPORTATION,payload_2,ibm_brisbane,IBM,4096,2,,20011.0,cz6rdv7p6030008cx7r0,experiment_results_dynamic_1-4_20000-20005_20250309_122728.csv,1244,teleportation_hardware,2,1,singleton,False,0.0,10,0.0,1737,1529,0.06368646662584201,0.79736328125,0.424072265625,0.05078125,0.00029093913358404724,True,0.373291015625,1737,-0.06368646662584201,0.0,-0.06368646662584201,-0.06368646662584201,1.0,1529,1529,True,True,False,False,False,True,True,False,True
TELEPORTATION,payload_2,ibm_brisbane,IBM,4096,2,,20011.0,cz6re8h10wx0008by260,experiment_results_dynamic_1-4_20000-20005_20250309_122728.csv,1245,teleportation_hardware,2,1,singleton,False,0.0,11,0.0,1239,1025,0.09452296819787986,0.552734375,0.302490234375,0.05224609375,7.475638635872104e-06,True,0.201904296875,1239,-0.1994191674733785,0.0,-0.1994191674733785,-0.1994191674733785,1.0,827,827,True,True,False,False,False,True,True,False,True
TELEPORTATION,payload_3,ibm_brisbane,IBM,4096,3,,13341.0,cz6rf3m39f40008svdkg,experiment_results_dynamic_1-4_20000-20005_20250309_122728.csv,1246,teleportation_hardware,3,1,singleton,False,0.0,011,0.0,656,588,0.05466237942122187,0.3037109375,0.16015625,0.0166015625,0.05744061242020177,True,0.126953125,656,-0.11564625850340136,0.0,-0.11564625850340136,-0.11564625850340136,1.0,520,520,True,True,False,False,False,False,False,False,False
TELEPORTATION,payload_3,ibm_brisbane,IBM,4096,3,,13343.0,cz6rfcnh0kc00089b74g,experiment_results_dynamic_1-4_20000-20005_20250309_122728.csv,1247,teleportation_hardware,3,1,singleton,False,0.0,110,0.0,691,681,0.007288629737609329,0.3349609375,0.168701171875,0.00244140625,0.8080338598247366,True,0.100341796875,691,-0.2540834845735027,0.0,-0.2540834845735027,-0.2540834845735027,1.0,411,411,True,True,False,False,False,False,False,False,False
TELEPORTATION,payload_3,ibm_brisbane,IBM,4096,3,,13343.0,cz6rfnp10wx0008by2bg,experiment_results_dynamic_1-4_20000-20005_20250309_122728.csv,1248,teleportation_hardware,3,1,singleton,False,0.0,111,0.0,941,832,0.06147772137619854,0.432861328125,0.229736328125,0.026611328125,0.01030072712911689,True,0.045654296875,941,-0.6684397163120568,0.0,-0.6684397163120568,-0.6684397163120568,1.0,187,187,True,True,False,False,False,True,False,False,False
TELEPORTATION,payload_3,ibm_brisbane,IBM,4096,3,,13343.0,cz6rfyq10wx0008by2d0,experiment_results_dynamic_1-4_20000-20005_20250309_122728.csv,1249,teleportation_hardware,3,1,singleton,False,0.0,011,0.0,604,561,0.03690987124463519,0.284423828125,0.1474609375,0.010498046875,0.21848802417413823,True,0.111572265625,604,-0.13854853911404336,0.0,-0.13854853911404336,-0.13854853911404336,1.0,457,457,True,True,False,False,False,False,False,False,False
TELEPORTATION,payload_3,ibm_brisbane,IBM,4096,3,,13345.0,cz6rg7g10wx0008by2e0,experiment_results_dynamic_1-4_20000-20005_20250309_122728.csv,1250,teleportation_hardware,3,1,singleton,False,0.0,111,0.0,665,551,0.09375,0.296875,0.162353515625,0.02783203125,0.0011843869649362747,True,0.095703125,665,-0.2582781456953642,0.0,-0.2582781456953642,-0.2582781456953642,1.0,392,392,True,True,False,False,False,True,True,False,False
TELEPORTATION,payload_3,ibm_brisbane,IBM,4096,3,,13345.0,cz6rggakvm9g008gnceg,experiment_results_dynamic_1-4_20000-20005_20250309_122728.csv,1251,teleportation_hardware,3,1,singleton,False,0.0,111,0.0,1124,1022,0.047530288909599254,0.52392578125,0.2744140625,0.02490234375,0.029215302215364405,True,0.037353515625,1124,-0.7603758809710258,0.0,-0.7603758809710258,-0.7603758809710258,1.0,153,153,True,True,False,False,False,True,False,False,False
TELEPORTATION,payload_4,ibm_brisbane,IBM,4096,4,,10011.0,cz6rgrvh0kc00089b790,experiment_results_dynamic_1-4_20000-20005_20250309_122728.csv,1252,teleportation_hardware,4,1,singleton,False,0.0,1101,0.0,467,450,0.018538713195201745,0.223876953125,0.114013671875,0.004150390625,0.5972690211669515,True,0.0537109375,467,-0.35953420669577874,0.0,-0.35953420669577874,-0.35953420669577874,1.0,220,220,True,True,False,False,False,False,False,False,False
TELEPORTATION,payload_4,ibm_brisbane,IBM,4096,4,,10011.0,cz6rh1m10wx0008by2h0,experiment_results_dynamic_1-4_20000-20005_20250309_122728.csv,1253,teleportation_hardware,4,1,singleton,False,0.0,0101,0.0,347,322,0.03736920777279522,0.163330078125,0.084716796875,0.006103515625,0.3534712180951363,True,0.078369140625,347,-0.038922155688622756,0.0,-0.038922155688622756,-0.038922155688622756,1.0,321,321,True,True,False,False,False,False,False,False,False
TELEPORTATION,payload_4,ibm_brisbane,IBM,4096,4,,10011.0,cz6rhad10wx0008by2k0,experiment_results_dynamic_1-4_20000-20005_20250309_122728.csv,1254,teleportation_hardware,4,1,singleton,False,0.0,1001,0.0,429,349,0.10282776349614396,0.18994140625,0.104736328125,0.01953125,0.004590820346409932,True,0.079833984375,429,-0.1349206349206349,0.0,-0.1349206349206349,-0.1349206349206349,1.0,327,327,True,True,False,False,False,True,True,False,False
TELEPORTATION,payload_4,ibm_brisbane,IBM,4096,4,,10011.0,cz6rhmy10wx0008by2ng,experiment_results_dynamic_1-4_20000-20005_20250309_122728.csv,1255,teleportation_hardware,4,1,singleton,False,0.0,1101,0.0,392,359,0.043941411451398134,0.183349609375,0.095703125,0.008056640625,0.242910244823733,True,0.047607421875,392,-0.33560477001703576,0.0,-0.33560477001703576,-0.33560477001703576,1.0,195,195,True,True,False,False,False,False,False,False,False
TELEPORTATION,payload_4,ibm_brisbane,IBM,4096,4,,10013.0,cz6rhxq1xvhg008env3g,experiment_results_dynamic_1-4_20000-20005_20250309_122728.csv,1256,teleportation_hardware,4,1,singleton,False,0.0,0111,0.0,406,382,0.030456852791878174,0.1923828125,0.09912109375,0.005859375,0.4126081772795241,True,0.037109375,406,-0.4551971326164875,0.0,-0.4551971326164875,-0.4551971326164875,1.0,152,152,True,True,False,False,False,False,False,False,False
TELEPORTATION,payload_4,ibm_brisbane,IBM,4096,4,,10013.0,cz6rj7810wx0008by2p0,experiment_results_dynamic_1-4_20000-20005_20250309_122728.csv,1257,teleportation_hardware,4,1,singleton,False,0.0,0011,0.0,348,338,0.014577259475218658,0.16748046875,0.0849609375,0.00244140625,0.7311586361647212,True,0.0537109375,348,-0.22535211267605634,0.0,-0.22535211267605634,-0.22535211267605634,1.0,220,220,True,True,False,False,False,False,False,False,False
TELEPORTATION,payload_1,ibm_brisbane,IBM,4096,1,,6005.0,cz33cja1xvhg008dzr90,experiment_results_dynamic_1-4_3000-3005_20250304_001617_updated.csv,1258,teleportation_hardware,1,1,singleton,False,1.0,0,0.023438,2096,2000,0.0234375,1.0,0.51171875,0.0234375,0.1376998281838921,True,0.51171875,2000,0.0234375,0.0234375,0.0234375,0.0234375,1.0,2096,2096,True,True,False,False,False,False,False,False,False
TELEPORTATION,payload_1,ibm_brisbane,IBM,4096,1,,6007.0,cz33czvh0kc00088mwng,experiment_results_dynamic_1-4_3000-3005_20250304_001617_updated.csv,1259,teleportation_hardware,1,1,singleton,False,1.0,0,0.061523,2174,1922,0.0615234375,1.0,0.53076171875,0.0615234375,8.744442368258291e-05,True,0.53076171875,1922,0.0615234375,0.0615234375,0.0615234375,0.0615234375,1.0,2174,2174,True,True,False,False,False,True,True,False,True
TELEPORTATION,payload_1,ibm_brisbane,IBM,4096,1,,6009.0,cz33danh0kc00088mwrg,experiment_results_dynamic_1-4_3000-3005_20250304_001617_updated.csv,1260,teleportation_hardware,1,1,singleton,False,0.0,1,0.0,2094,2002,0.0224609375,1.0,0.51123046875,0.0224609375,0.155053961098956,True,0.48876953125,2094,-0.0224609375,0.0,-0.0224609375,-0.0224609375,1.0,2002,2002,True,True,False,False,False,False,False,False,False
TELEPORTATION,payload_1,ibm_brisbane,IBM,4096,1,,6011.0,cz33e3gh0kc00088mwy0,experiment_results_dynamic_1-4_3000-3005_20250304_001617_updated.csv,1261,teleportation_hardware,1,1,singleton,False,1.0,0,0.015137,2079,2017,0.01513671875,1.0,0.507568359375,0.01513671875,0.3405276433739564,True,0.507568359375,2017,0.01513671875,0.01513671875,0.01513671875,0.01513671875,1.0,2079,2079,True,True,False,False,False,False,False,False,False
TELEPORTATION,payload_1,ibm_brisbane,IBM,4096,1,,6013.0,cz33h2cp6030008c73x0,experiment_results_dynamic_1-4_3000-3005_20250304_001617_updated.csv,1262,teleportation_hardware,1,1,singleton,False,1.0,0,0.036621,2123,1973,0.03662109375,1.0,0.518310546875,0.03662109375,0.01989435108217528,True,0.518310546875,1973,0.03662109375,0.03662109375,0.03662109375,0.03662109375,1.0,2123,2123,True,True,False,False,False,True,False,False,False
TELEPORTATION,payload_1,ibm_brisbane,IBM,4096,1,,6015.0,cz33ha510wx0008b7yw0,experiment_results_dynamic_1-4_3000-3005_20250304_001617_updated.csv,1263,teleportation_hardware,1,1,singleton,False,0.0,1,0.0,2072,2024,0.01171875,1.0,0.505859375,0.01171875,0.46272441630096867,True,0.494140625,2072,-0.01171875,0.0,-0.01171875,-0.01171875,1.0,2024,2024,True,True,False,False,False,False,False,False,False
TELEPORTATION,payload_2,ibm_brisbane,IBM,4096,2,,3007.0,cz33jd139f40008s5650,experiment_results_dynamic_1-4_3000-3005_20250304_001617_updated.csv,1264,teleportation_hardware,2,1,singleton,False,1.0,00,0.093382,1206,1000,0.09338168631006347,0.53857421875,0.29443359375,0.05029296875,1.2558918717796069e-05,True,0.29443359375,1000,0.09338168631006347,0.09338168631006347,0.09338168631006347,0.09338168631006347,1.0,1206,1206,True,True,False,False,False,True,True,False,True
TELEPORTATION,payload_2,ibm_brisbane,IBM,4096,2,,3007.0,cz33jsvp6030008c74k0,experiment_results_dynamic_1-4_3000-3005_20250304_001617_updated.csv,1265,teleportation_hardware,2,1,singleton,False,0.0,11,0.0,1163,1022,0.06453089244851258,0.533447265625,0.283935546875,0.034423828125,0.0027359165386993205,True,0.24951171875,1163,-0.06453089244851258,0.0,-0.06453089244851258,-0.06453089244851258,1.0,1022,1022,True,True,False,False,False,True,True,False,False
TELEPORTATION,payload_2,ibm_brisbane,IBM,4096,2,,3009.0,cz33m5rp6030008c74zg,experiment_results_dynamic_1-4_3000-3005_20250304_001617_updated.csv,1266,teleportation_hardware,2,1,singleton,False,0.0,11,0.0,1105,1079,0.011904761904761904,0.533203125,0.269775390625,0.00634765625,0.5926940917332845,True,0.263427734375,1105,-0.011904761904761904,0.0,-0.011904761904761904,-0.011904761904761904,1.0,1079,1079,True,True,False,False,False,False,False,False,False
TELEPORTATION,payload_2,ibm_brisbane,IBM,4096,2,,3009.0,cz33n2w10wx0008b7zs0,experiment_results_dynamic_1-4_3000-3005_20250304_001617_updated.csv,1267,teleportation_hardware,2,1,singleton,False,0.0,11,0.0,1174,1096,0.03436123348017621,0.55419921875,0.28662109375,0.01904296875,0.10604432636955284,True,0.267578125,1174,-0.03436123348017621,0.0,-0.03436123348017621,-0.03436123348017621,1.0,1096,1096,True,True,False,False,False,False,False,False,False
TELEPORTATION,payload_2,ibm_brisbane,IBM,4096,2,,3011.0,cz33s1m39f40008s57eg,experiment_results_dynamic_1-4_3000-3005_20250304_001617_updated.csv,1268,teleportation_hardware,2,1,singleton,False,0.0,11,0.0,1198,1039,0.07107733571747876,0.546142578125,0.29248046875,0.038818359375,0.0008321793332465648,True,0.243896484375,1198,-0.09057806099226218,0.0,-0.09057806099226218,-0.09057806099226218,1.0,999,999,True,True,False,False,False,True,True,False,False
TELEPORTATION,payload_2,ibm_brisbane,IBM,4096,2,,3011.0,cz33tgj39f40008s57w0,experiment_results_dynamic_1-4_3000-3005_20250304_001617_updated.csv,1269,teleportation_hardware,2,1,singleton,False,1.0,00,0.123397,1270,991,0.12339672711189739,0.552001953125,0.31005859375,0.068115234375,4.808424281825451e-09,True,0.31005859375,991,0.12339672711189739,0.12339672711189739,0.12339672711189739,0.12339672711189739,1.0,1270,1270,True,True,False,False,False,True,True,False,True
TELEPORTATION,payload_3,ibm_brisbane,IBM,4096,3,,2009.0,cz33vxqp6030008c76dg,experiment_results_dynamic_1-4_3000-3005_20250304_001617_updated.csv,1270,teleportation_hardware,3,1,singleton,False,0.0,100,0.0,707,672,0.025380710659898477,0.336669921875,0.172607421875,0.008544921875,0.35989141037314665,True,0.114501953125,707,-0.20238095238095238,0.0,-0.20238095238095238,-0.20238095238095238,1.0,469,469,True,True,False,False,False,False,False,False,False
TELEPORTATION,payload_3,ibm_brisbane,IBM,4096,3,,2009.0,cz33x9xkvm9g008fzbwg,experiment_results_dynamic_1-4_3000-3005_20250304_001617_updated.csv,1271,teleportation_hardware,3,1,singleton,False,0.0,100,0.0,630,616,0.011235955056179775,0.30419921875,0.15380859375,0.00341796875,0.7126764408978378,True,0.122802734375,630,-0.11209179170344219,0.0,-0.11209179170344219,-0.11209179170344219,1.0,503,503,True,True,False,False,False,False,False,False,False
TELEPORTATION,payload_3,ibm_brisbane,IBM,4096,3,,2009.0,cz33ywvkvm9g008fzc2g,experiment_results_dynamic_1-4_3000-3005_20250304_001617_updated.csv,1272,teleportation_hardware,3,1,singleton,False,0.0,111,0.0,585,558,0.023622047244094488,0.279052734375,0.142822265625,0.006591796875,0.4418818358554111,True,0.13623046875,585,-0.023622047244094488,0.0,-0.023622047244094488,-0.023622047244094488,1.0,558,558,True,True,False,False,False,False,False,False,False
TELEPORTATION,payload_3,ibm_brisbane,IBM,4096,3,,2011.0,cz33z5439f40008s58mg,experiment_results_dynamic_1-4_3000-3005_20250304_001617_updated.csv,1273,teleportation_hardware,3,1,singleton,False,0.0,100,0.0,726,664,0.04460431654676259,0.33935546875,0.17724609375,0.01513671875,0.10177431356435034,True,0.099365234375,726,-0.2815533980582524,0.0,-0.2815533980582524,-0.2815533980582524,1.0,407,407,True,True,False,False,False,False,False,False,False
TELEPORTATION,payload_3,ibm_brisbane,IBM,4096,3,,2011.0,cz33ztzh0kc00088n01g,experiment_results_dynamic_1-4_3000-3005_20250304_001617_updated.csv,1274,teleportation_hardware,3,1,singleton,False,1.0,000,0.269821,993,571,0.26982097186700765,0.3818359375,0.242431640625,0.10302734375,9.049882329694496e-27,True,0.242431640625,571,0.26982097186700765,0.26982097186700765,0.26982097186700765,0.26982097186700765,1.0,993,993,True,True,True,False,False,True,True,True,True
TELEPORTATION,payload_3,ibm_brisbane,IBM,4096,3,,2011.0,cz3402gh0kc00088n030,experiment_results_dynamic_1-4_3000-3005_20250304_001617_updated.csv,1275,teleportation_hardware,3,1,singleton,False,0.0,111,0.0,587,553,0.02982456140350877,0.2783203125,0.143310546875,0.00830078125,0.3283848370204021,True,0.135009765625,587,-0.02982456140350877,0.0,-0.02982456140350877,-0.02982456140350877,1.0,553,553,True,True,False,False,False,False,False,False,False
TELEPORTATION,payload_4,ibm_brisbane,IBM,4096,4,,1511.0,cz340y3h0kc00088n090,experiment_results_dynamic_1-4_3000-3005_20250304_001617_updated.csv,1276,teleportation_hardware,4,1,singleton,False,0.0,0100,0.0,428,409,0.022700119474313024,0.204345703125,0.1044921875,0.004638671875,0.5338544550812916,True,0.050537109375,428,-0.3480314960629921,0.0,-0.3480314960629921,-0.3480314960629921,1.0,207,207,True,True,False,False,False,False,False,False,False
TELEPORTATION,payload_4,ibm_brisbane,IBM,4096,4,,1511.0,cz33czvh0kc00088mwng,experiment_results_dynamic_1-4_3000-3005_20250304_001617_updated.csv,1277,teleportation_hardware,4,1,singleton,False,0.0,1010,0.0,320,313,0.011058451816745656,0.154541015625,0.078125,0.001708984375,0.8115329372094283,True,0.0595703125,320,-0.1347517730496454,0.0,-0.1347517730496454,-0.1347517730496454,1.0,244,244,True,True,False,False,False,False,False,False,False
TELEPORTATION,payload_4,ibm_brisbane,IBM,4096,4,,1511.0,cz348rkp6030008c78ng,experiment_results_dynamic_1-4_3000-3005_20250304_001617_updated.csv,1278,teleportation_hardware,4,1,singleton,False,0.0,1111,0.0,344,316,0.04242424242424243,0.1611328125,0.083984375,0.0068359375,0.29326447008975476,True,0.0771484375,344,-0.04242424242424243,0.0,-0.04242424242424243,-0.04242424242424243,1.0,316,316,True,True,False,False,False,False,False,False,False
TELEPORTATION,payload_4,ibm_brisbane,IBM,4096,4,,1511.0,cz34be5kvm9g008fze30,experiment_results_dynamic_1-4_3000-3005_20250304_001617_updated.csv,1279,teleportation_hardware,4,1,singleton,False,0.0,1000,0.0,396,355,0.05459387483355526,0.183349609375,0.0966796875,0.010009765625,0.1443440134117469,True,0.0556640625,396,-0.2692307692307692,0.0,-0.2692307692307692,-0.2692307692307692,1.0,228,228,True,True,False,False,False,False,False,False,False
TELEPORTATION,payload_4,ibm_brisbane,IBM,4096,4,,1513.0,cz34bnp39f40008s5aqg,experiment_results_dynamic_1-4_3000-3005_20250304_001617_updated.csv,1280,teleportation_hardware,4,1,singleton,False,1.0,0000,0.096606,420,346,0.09660574412532637,0.18701171875,0.1025390625,0.01806640625,0.00830745108823403,True,0.1025390625,346,0.09660574412532637,0.09660574412532637,0.09660574412532637,0.09660574412532637,1.0,420,420,True,True,False,False,False,True,True,False,False
TELEPORTATION,payload_4,ibm_brisbane,IBM,4096,4,,1513.0,cz34bxf1xvhg008dzy00,experiment_results_dynamic_1-4_3000-3005_20250304_001617_updated.csv,1281,teleportation_hardware,4,1,singleton,False,0.0,1000,0.0,534,433,0.10444674250258532,0.236083984375,0.13037109375,0.024658203125,0.0012891606556114162,True,0.068603515625,534,-0.3104294478527607,0.0,-0.3104294478527607,-0.3104294478527607,1.0,281,281,True,True,False,False,False,True,True,False,False
TELEPORTATION,payload_1,ibm_kyiv,IBM,4096,1,,1005.0,cyv0974q5bwg0083nxqg,experiment_results_dynamic_1-4_500-505_20250304_114048.csv,1282,teleportation_hardware,1,1,singleton,False,1.0,0,0.023438,2096,2000,0.0234375,1.0,0.51171875,0.0234375,0.1376998281838921,True,0.51171875,2000,0.0234375,0.0234375,0.0234375,0.0234375,1.0,2096,2096,True,True,False,False,False,False,False,False,False
TELEPORTATION,payload_1,ibm_kyiv,IBM,4096,1,,1007.0,cyv09f578z600082q1pg,experiment_results_dynamic_1-4_500-505_20250304_114048.csv,1283,teleportation_hardware,1,1,singleton,False,0.0,1,0.0,2453,1643,0.19775390625,1.0,0.598876953125,0.19775390625,7.4366675820400285e-37,True,0.401123046875,2453,-0.19775390625,0.0,-0.19775390625,-0.19775390625,1.0,1643,1643,True,True,False,False,False,True,True,False,True
TELEPORTATION,payload_1,ibm_kyiv,IBM,4096,1,,1011.0,cyv0emay2gd0008864eg,experiment_results_dynamic_1-4_500-505_20250304_114048.csv,1284,teleportation_hardware,1,1,singleton,False,1.0,0,0.006836,2062,2034,0.0068359375,1.0,0.50341796875,0.0068359375,0.6731214110323147,True,0.50341796875,2034,0.0068359375,0.0068359375,0.0068359375,0.0068359375,1.0,2062,2062,True,True,False,False,False,False,False,False,False
TELEPORTATION,payload_1,ibm_kyiv,IBM,4096,1,,1013.0,cyv0exb4raf0008ejsv0,experiment_results_dynamic_1-4_500-505_20250304_114048.csv,1285,teleportation_hardware,1,1,singleton,False,1.0,0,0.279297,2620,1476,0.279296875,1.0,0.6396484375,0.279296875,2.8836203433666015e-72,True,0.6396484375,1476,0.279296875,0.279296875,0.279296875,0.279296875,1.0,2620,2620,True,True,True,False,False,True,True,True,True
TELEPORTATION,payload_1,ibm_kyiv,IBM,4096,1,,1015.0,cyv0f6438jq0008xxx7g,experiment_results_dynamic_1-4_500-505_20250304_114048.csv,1286,teleportation_hardware,1,1,singleton,False,1.0,0,0.248047,2556,1540,0.248046875,1.0,0.6240234375,0.248046875,3.2357744230423267e-57,True,0.6240234375,1540,0.248046875,0.248046875,0.248046875,0.248046875,1.0,2556,2556,True,True,True,False,False,True,True,True,True
TELEPORTATION,payload_2,ibm_kyiv,IBM,4096,2,,507.0,cyv0fdnq5bwg0083nygg,experiment_results_dynamic_1-4_500-505_20250304_114048.csv,1287,teleportation_hardware,2,1,singleton,False,1.0,00,0.009016,1231,1209,0.009016393442622951,0.595703125,0.300537109375,0.00537109375,0.6707487109949457,True,0.300537109375,1209,0.009016393442622951,0.009016393442622951,0.009016393442622951,0.009016393442622951,1.0,1231,1231,True,True,False,False,False,False,False,False,False
TELEPORTATION,payload_2,ibm_kyiv,IBM,4096,2,,507.0,cyv0fpp38jq0008xxxbg,experiment_results_dynamic_1-4_500-505_20250304_114048.csv,1288,teleportation_hardware,2,1,singleton,False,1.0,00,0.027122,1174,1112,0.02712160979877515,0.55810546875,0.28662109375,0.01513671875,0.20200643394115295,True,0.28662109375,1112,0.02712160979877515,0.02712160979877515,0.02712160979877515,0.02712160979877515,1.0,1174,1174,True,True,False,False,False,False,False,False,False
TELEPORTATION,payload_2,ibm_kyiv,IBM,4096,2,,509.0,cyv0fzq38jq0008xxxcg,experiment_results_dynamic_1-4_500-505_20250304_114048.csv,1289,teleportation_hardware,2,1,singleton,False,0.0,01,0.0,1162,1079,0.037037037037037035,0.547119140625,0.28369140625,0.020263671875,0.08321864877162584,True,0.197021484375,1162,-0.1802945657694261,0.0,-0.1802945657694261,-0.1802945657694261,1.0,807,807,True,True,False,False,False,False,False,False,False
TELEPORTATION,payload_2,ibm_kyiv,IBM,4096,2,,509.0,cyv0g81q5bwg0083nyp0,experiment_results_dynamic_1-4_500-505_20250304_114048.csv,1290,teleportation_hardware,2,1,singleton,False,0.0,11,0.0,1164,1046,0.05339366515837104,0.53955078125,0.2841796875,0.02880859375,0.012799982725135356,True,0.249755859375,1164,-0.0644718792866941,0.0,-0.0644718792866941,-0.0644718792866941,1.0,1023,1023,True,True,False,False,False,True,False,False,False
TELEPORTATION,payload_2,ibm_kyiv,IBM,4096,2,,511.0,cyv0gga78z600082q2hg,experiment_results_dynamic_1-4_500-505_20250304_114048.csv,1291,teleportation_hardware,2,1,singleton,False,0.0,11,0.0,1192,1165,0.011455239711497667,0.575439453125,0.291015625,0.006591796875,0.5922844488195388,True,0.284423828125,1192,-0.011455239711497667,0.0,-0.011455239711497667,-0.011455239711497667,1.0,1165,1165,True,True,False,False,False,False,False,False,False
TELEPORTATION,payload_2,ibm_kyiv,IBM,4096,2,,511.0,cyv0grv78z600082q2j0,experiment_results_dynamic_1-4_500-505_20250304_114048.csv,1292,teleportation_hardware,2,1,singleton,False,0.0,11,0.0,1147,1116,0.0136986301369863,0.552490234375,0.280029296875,0.007568359375,0.5282875040474753,True,0.2724609375,1147,-0.0136986301369863,0.0,-0.0136986301369863,-0.0136986301369863,1.0,1116,1116,True,True,False,False,False,False,False,False,False
TELEPORTATION,payload_3,ibm_kyiv,IBM,4096,3,,341.0,cyv0h2m38jq0008xxxmg,experiment_results_dynamic_1-4_500-505_20250304_114048.csv,1293,teleportation_hardware,3,1,singleton,False,1.0,000,0.107093,796,642,0.1070931849791377,0.35107421875,0.1943359375,0.03759765625,5.384135382472052e-05,True,0.1943359375,642,0.1070931849791377,0.1070931849791377,0.1070931849791377,0.1070931849791377,1.0,796,796,True,True,False,False,False,True,True,False,False
TELEPORTATION,payload_3,ibm_kyiv,IBM,4096,3,,343.0,cyv0hbd78z600082q2qg,experiment_results_dynamic_1-4_500-505_20250304_114048.csv,1294,teleportation_hardware,3,1,singleton,False,0.0,101,0.0,707,632,0.05601194921583271,0.326904296875,0.172607421875,0.018310546875,0.04310719582502886,True,0.101318359375,707,-0.26024955436720143,0.0,-0.26024955436720143,-0.26024955436720143,1.0,415,415,True,True,False,False,False,True,False,False,False
TELEPORTATION,payload_3,ibm_kyiv,IBM,4096,3,,343.0,cyv0hm6y2gd00088652g,experiment_results_dynamic_1-4_500-505_20250304_114048.csv,1295,teleportation_hardware,3,1,singleton,False,0.0,100,0.0,630,599,0.025223759153783564,0.300048828125,0.15380859375,0.007568359375,0.3921464458140059,True,0.107177734375,630,-0.17867165575304023,0.0,-0.17867165575304023,-0.17867165575304023,1.0,439,439,True,True,False,False,False,False,False,False,False
TELEPORTATION,payload_3,ibm_kyiv,IBM,4096,3,,343.0,cyv0hvq4raf0008ejt90,experiment_results_dynamic_1-4_500-505_20250304_114048.csv,1296,teleportation_hardware,3,1,singleton,False,0.0,010,0.0,646,615,0.02458366375892149,0.307861328125,0.15771484375,0.007568359375,0.398220822529243,True,0.08984375,646,-0.27416173570019725,0.0,-0.27416173570019725,-0.27416173570019725,1.0,368,368,True,True,False,False,False,False,False,False,False
TELEPORTATION,payload_3,ibm_kyiv,IBM,4096,3,,345.0,cyv0j484raf0008ejt9g,experiment_results_dynamic_1-4_500-505_20250304_114048.csv,1297,teleportation_hardware,3,1,singleton,False,0.0,101,0.0,593,558,0.030408340573414423,0.281005859375,0.144775390625,0.008544921875,0.31626154072889934,True,0.115966796875,593,-0.1104868913857678,0.0,-0.1104868913857678,-0.1104868913857678,1.0,475,475,True,True,False,False,False,False,False,False,False
TELEPORTATION,payload_3,ibm_kyiv,IBM,4096,3,,345.0,cyv0jd9jj6dg008g49t0,experiment_results_dynamic_1-4_500-505_20250304_114048.csv,1298,teleportation_hardware,3,1,singleton,False,0.0,011,0.0,681,619,0.047692307692307694,0.3173828125,0.166259765625,0.01513671875,0.09063879752242775,True,0.145751953125,681,-0.06572769953051644,0.0,-0.06572769953051644,-0.06572769953051644,1.0,597,597,True,True,False,False,False,False,False,False,False
TELEPORTATION,payload_4,ibm_kyiv,IBM,4096,4,,261.0,cyv0jpa4raf0008ejtag,experiment_results_dynamic_1-4_500-505_20250304_114048.csv,1299,teleportation_hardware,4,1,singleton,False,0.0,0101,0.0,284,281,0.005309734513274336,0.137939453125,0.0693359375,0.000732421875,0.9329544410984236,True,0.06298828125,284,-0.04797047970479705,0.0,-0.04797047970479705,-0.04797047970479705,1.0,258,258,True,True,False,False,False,False,False,False,False
TELEPORTATION,payload_4,ibm_kyiv,IBM,4096,4,,261.0,cyv0jzvjj6dg008g49tg,experiment_results_dynamic_1-4_500-505_20250304_114048.csv,1300,teleportation_hardware,4,1,singleton,False,0.0,TIED,0.0,292,292,0.0,0.142578125,0.0712890625,0.0,1.0,False,0.06494140625,292,-0.04659498207885305,0.0,-0.04659498207885305,-0.04659498207885305,1.0,266,266,True,False,False,False,False,False,False,False,False
TELEPORTATION,payload_4,ibm_kyiv,IBM,4096,4,,261.0,cyv0nsq38jq0008xxxv0,experiment_results_dynamic_1-4_500-505_20250304_114048.csv,1301,teleportation_hardware,4,1,singleton,False,0.0,0100,0.0,328,325,0.004594180704441042,0.159423828125,0.080078125,0.000732421875,0.9376243379326993,True,0.064697265625,328,-0.10623946037099494,0.0,-0.10623946037099494,-0.10623946037099494,1.0,265,265,True,True,False,False,False,False,False,False,False
TELEPORTATION,payload_4,ibm_kyiv,IBM,4096,4,,261.0,cyv0p2ry2gd0008865f0,experiment_results_dynamic_1-4_500-505_20250304_114048.csv,1302,teleportation_hardware,4,1,singleton,False,0.0,1000,0.0,337,323,0.021212121212121213,0.1611328125,0.082275390625,0.00341796875,0.6128730483073933,True,0.05126953125,337,-0.23217550274223034,0.0,-0.23217550274223034,-0.23217550274223034,1.0,210,210,True,True,False,False,False,False,False,False,False
TELEPORTATION,payload_4,ibm_kyiv,IBM,4096,4,,263.0,cyv0pbs38jq0008xxxz0,experiment_results_dynamic_1-4_500-505_20250304_114048.csv,1303,teleportation_hardware,4,1,singleton,False,0.0,1110,0.0,287,278,0.01592920353982301,0.137939453125,0.070068359375,0.002197265625,0.736479989949683,True,0.05712890625,287,-0.1017274472168906,0.0,-0.1017274472168906,-0.1017274472168906,1.0,234,234,True,True,False,False,False,False,False,False,False
TELEPORTATION,payload_4,ibm_kyiv,IBM,4096,4,,263.0,cyv0pmjy2gd0008865k0,experiment_results_dynamic_1-4_500-505_20250304_114048.csv,1304,teleportation_hardware,4,1,singleton,False,0.0,0110,0.0,363,331,0.04610951008645533,0.16943359375,0.088623046875,0.0078125,0.2392761198431247,True,0.079833984375,363,-0.05217391304347826,0.0,-0.05217391304347826,-0.05217391304347826,1.0,327,327,True,True,False,False,False,False,False,False,False
TELEPORTATION,payload_1,ibm_sherbrooke,IBM,4096,1,,10005.0,cz4sg8hh0kc00088xsng,experiment_results_dynamic_1-4_5000-5005_20250306_131017_updated.csv,1305,teleportation_hardware,1,1,singleton,False,1.0,0,0.076172,2204,1892,0.076171875,1.0,0.5380859375,0.076171875,1.1643170822871987e-06,True,0.5380859375,1892,0.076171875,0.076171875,0.076171875,0.076171875,1.0,2204,2204,True,True,False,False,False,True,True,False,True
TELEPORTATION,payload_1,ibm_sherbrooke,IBM,4096,1,,10007.0,cz4sggt1xvhg008e8hz0,experiment_results_dynamic_1-4_5000-5005_20250306_131017_updated.csv,1306,teleportation_hardware,1,1,singleton,False,0.0,1,0.0,2078,2018,0.0146484375,1.0,0.50732421875,0.0146484375,0.3565952531170907,True,0.49267578125,2078,-0.0146484375,0.0,-0.0146484375,-0.0146484375,1.0,2018,2018,True,True,False,False,False,False,False,False,False
TELEPORTATION,payload_1,ibm_sherbrooke,IBM,4096,1,,10009.0,cz4sgtb39f40008se0ag,experiment_results_dynamic_1-4_5000-5005_20250306_131017_updated.csv,1307,teleportation_hardware,1,1,singleton,False,0.0,1,0.0,2116,1980,0.033203125,1.0,0.5166015625,0.033203125,0.03489945568019728,True,0.4833984375,2116,-0.033203125,0.0,-0.033203125,-0.033203125,1.0,1980,1980,True,True,False,False,False,True,False,False,False
TELEPORTATION,payload_1,ibm_sherbrooke,IBM,4096,1,,10011.0,cz4sh3mh0kc00088xsv0,experiment_results_dynamic_1-4_5000-5005_20250306_131017_updated.csv,1308,teleportation_hardware,1,1,singleton,False,0.0,1,0.0,2109,1987,0.02978515625,1.0,0.514892578125,0.02978515625,0.05866119053764657,True,0.485107421875,2109,-0.02978515625,0.0,-0.02978515625,-0.02978515625,1.0,1987,1987,True,True,False,False,False,False,False,False,False
TELEPORTATION,payload_1,ibm_sherbrooke,IBM,4096,1,,10013.0,cz4shexh0kc00088xsy0,experiment_results_dynamic_1-4_5000-5005_20250306_131017_updated.csv,1309,teleportation_hardware,1,1,singleton,False,0.0,1,0.0,2132,1964,0.041015625,1.0,0.5205078125,0.041015625,0.009062601197228263,True,0.4794921875,2132,-0.041015625,0.0,-0.041015625,-0.041015625,1.0,1964,1964,True,True,False,False,False,True,True,False,False
TELEPORTATION,payload_1,ibm_sherbrooke,IBM,4096,1,,10015.0,cz4shzfkvm9g008g83zg,experiment_results_dynamic_1-4_5000-5005_20250306_131017_updated.csv,1310,teleportation_hardware,1,1,singleton,False,1.0,0,0.000488,2049,2047,0.00048828125,1.0,0.500244140625,0.00048828125,0.9875338146362405,True,0.500244140625,2047,0.00048828125,0.00048828125,0.00048828125,0.00048828125,1.0,2049,2049,True,True,False,False,False,False,False,False,False
TELEPORTATION,payload_2,ibm_brisbane,IBM,4096,2,,5007.0,cz4sja9p6030008cfwf0,experiment_results_dynamic_1-4_5000-5005_20250306_131017_updated.csv,1311,teleportation_hardware,2,1,singleton,False,0.0,01,0.0,1132,1078,0.024434389140271493,0.53955078125,0.2763671875,0.01318359375,0.25956667146531404,True,0.26318359375,1132,-0.024434389140271493,0.0,-0.024434389140271493,-0.024434389140271493,1.0,1078,1078,True,True,False,False,False,False,False,False,False
TELEPORTATION,payload_2,ibm_sherbrooke,IBM,4096,2,,5007.0,cz4sjja39f40008se0r0,experiment_results_dynamic_1-4_5000-5005_20250306_131017_updated.csv,1312,teleportation_hardware,2,1,singleton,False,1.0,00,0.026231,1115,1058,0.026231017027151405,0.530517578125,0.272216796875,0.013916015625,0.22961976999546307,True,0.272216796875,1058,0.026231017027151405,0.026231017027151405,0.026231017027151405,0.026231017027151405,1.0,1115,1115,True,True,False,False,False,False,False,False,False
TELEPORTATION,payload_2,ibm_brisbane,IBM,4096,2,,5009.0,cz4sk6wkvm9g008g849g,experiment_results_dynamic_1-4_5000-5005_20250306_131017_updated.csv,1313,teleportation_hardware,2,1,singleton,False,1.0,00,0.249045,1635,983,0.24904507257448433,0.63916015625,0.399169921875,0.1591796875,1.8684920489346642e-37,True,0.399169921875,983,0.24904507257448433,0.24904507257448433,0.24904507257448433,0.24904507257448433,1.0,1635,1635,True,True,True,False,False,True,True,True,True
TELEPORTATION,payload_2,ibm_sherbrooke,IBM,4096,2,,5009.0,cz4sm1rh0kc00088xtg0,experiment_results_dynamic_1-4_5000-5005_20250306_131017_updated.csv,1314,teleportation_hardware,2,1,singleton,False,0.0,01,0.0,1138,1104,0.015165031222123104,0.54736328125,0.27783203125,0.00830078125,0.48584794382499247,True,0.26953125,1138,-0.015165031222123104,0.0,-0.015165031222123104,-0.015165031222123104,1.0,1104,1104,True,True,False,False,False,False,False,False,False
TELEPORTATION,payload_2,ibm_sherbrooke,IBM,4096,2,,5011.0,cz4smcs39f40008se100,experiment_results_dynamic_1-4_5000-5005_20250306_131017_updated.csv,1315,teleportation_hardware,2,1,singleton,False,0.0,01,0.0,1089,1020,0.032716927453769556,0.514892578125,0.265869140625,0.016845703125,0.13866471287701343,True,0.24853515625,1089,-0.03369719981015662,0.0,-0.03369719981015662,-0.03369719981015662,1.0,1018,1018,True,True,False,False,False,False,False,False,False
TELEPORTATION,payload_2,ibm_sherbrooke,IBM,4096,2,,5011.0,cz4smna10wx0008bgr8g,experiment_results_dynamic_1-4_5000-5005_20250306_131017_updated.csv,1316,teleportation_hardware,2,1,singleton,False,1.0,00,0.003653,1099,1091,0.0036529680365296802,0.53466796875,0.268310546875,0.001953125,0.8810997148670953,True,0.268310546875,1091,0.0036529680365296802,0.0036529680365296802,0.0036529680365296802,0.0036529680365296802,1.0,1099,1099,True,True,False,False,False,False,False,False,False
TELEPORTATION,payload_3,ibm_brisbane,IBM,4096,3,,3341.0,cz4smxvh0kc00088xtq0,experiment_results_dynamic_1-4_5000-5005_20250306_131017_updated.csv,1317,teleportation_hardware,3,1,singleton,False,0.0,111,0.0,637,553,0.07058823529411765,0.29052734375,0.155517578125,0.0205078125,0.016090423827628663,True,0.13427734375,637,-0.07329401853411963,0.0,-0.07329401853411963,-0.07329401853411963,1.0,550,550,True,True,False,False,False,True,False,False,False
TELEPORTATION,payload_3,ibm_brisbane,IBM,4096,3,,3343.0,cz4snx7p6030008cfx10,experiment_results_dynamic_1-4_5000-5005_20250306_131017_updated.csv,1318,teleportation_hardware,3,1,singleton,False,1.0,000,0.007383,614,605,0.007383100902378999,0.297607421875,0.14990234375,0.002197265625,0.8187768927058184,True,0.14990234375,605,0.007383100902378999,0.007383100902378999,0.007383100902378999,0.007383100902378999,1.0,614,614,True,True,False,False,False,False,False,False,False
TELEPORTATION,payload_3,ibm_sherbrooke,IBM,4096,3,,3343.0,cz4sr2r39f40008se1kg,experiment_results_dynamic_1-4_5000-5005_20250306_131017_updated.csv,1319,teleportation_hardware,3,1,singleton,False,0.0,111,0.0,563,560,0.0026714158504007124,0.274169921875,0.137451171875,0.000732421875,0.9524127831418099,True,0.123291015625,563,-0.054307116104868915,0.0,-0.054307116104868915,-0.054307116104868915,1.0,505,505,True,True,False,False,False,False,False,False,False
TELEPORTATION,payload_3,ibm_brisbane,IBM,4096,3,,3343.0,cz4srb910wx0008bgrx0,experiment_results_dynamic_1-4_5000-5005_20250306_131017_updated.csv,1320,teleportation_hardware,3,1,singleton,False,0.0,011,0.0,634,523,0.09593777009507347,0.282470703125,0.15478515625,0.027099609375,0.001211724546075221,True,0.12548828125,634,-0.10452961672473868,0.0,-0.10452961672473868,-0.10452961672473868,1.0,514,514,True,True,False,False,False,True,True,False,False
TELEPORTATION,payload_3,ibm_sherbrooke,IBM,4096,3,,3345.0,cz4srrv1xvhg008e8k7g,experiment_results_dynamic_1-4_5000-5005_20250306_131017_updated.csv,1321,teleportation_hardware,3,1,singleton,False,1.0,000,0.022302,573,548,0.02230151650312221,0.273681640625,0.139892578125,0.006103515625,0.47350290929424227,True,0.139892578125,548,0.02230151650312221,0.02230151650312221,0.02230151650312221,0.02230151650312221,1.0,573,573,True,True,False,False,False,False,False,False,False
TELEPORTATION,payload_3,ibm_brisbane,IBM,4096,3,,3345.0,cz4ss2c10wx0008bgs2g,experiment_results_dynamic_1-4_5000-5005_20250306_131017_updated.csv,1322,teleportation_hardware,3,1,singleton,False,0.0,111,0.0,583,576,0.0060396893874029335,0.282958984375,0.142333984375,0.001708984375,0.8601134457984165,True,0.139892578125,583,-0.00865051903114187,0.0,-0.00865051903114187,-0.00865051903114187,1.0,573,573,True,True,False,False,False,False,False,False,False
TELEPORTATION,payload_4,ibm_kyiv,IBM,4096,4,,2511.0,cz4svr7kvm9g008g85v0,experiment_results_dynamic_1-4_5000-5005_20250306_131017_updated.csv,1323,teleportation_hardware,4,1,singleton,False,0.0,0100,0.0,298,278,0.034722222222222224,0.140625,0.07275390625,0.0048828125,0.4285801642409472,True,0.0595703125,298,-0.0996309963099631,0.0,-0.0996309963099631,-0.0996309963099631,1.0,244,244,True,True,False,False,False,False,False,False,False
TELEPORTATION,payload_4,ibm_sherbrooke,IBM,4096,4,,2511.0,cz4svzz1xvhg008e8kj0,experiment_results_dynamic_1-4_5000-5005_20250306_131017_updated.csv,1324,teleportation_hardware,4,1,singleton,False,0.0,1001,0.0,295,281,0.024305555555555556,0.140625,0.072021484375,0.00341796875,0.5880864473528475,True,0.05712890625,295,-0.11531190926275993,0.0,-0.11531190926275993,-0.11531190926275993,1.0,234,234,True,True,False,False,False,False,False,False,False
TELEPORTATION,payload_4,ibm_sherbrooke,IBM,4096,4,,2511.0,cz4sw8139f40008se280,experiment_results_dynamic_1-4_5000-5005_20250306_131017_updated.csv,1325,teleportation_hardware,4,1,singleton,False,0.0,0111,0.0,319,317,0.0031446540880503146,0.1552734375,0.077880859375,0.00048828125,0.9683742531345292,True,0.077392578125,319,-0.0031446540880503146,0.0,-0.0031446540880503146,-0.0031446540880503146,1.0,317,317,True,True,False,False,False,False,False,False,False
TELEPORTATION,payload_4,ibm_sherbrooke,IBM,4096,4,,2511.0,cz4swg2h0kc00088xw00,experiment_results_dynamic_1-4_5000-5005_20250306_131017_updated.csv,1326,teleportation_hardware,4,1,singleton,False,0.0,1101,0.0,316,292,0.039473684210526314,0.1484375,0.0771484375,0.005859375,0.3509458222181296,True,0.056640625,316,-0.15328467153284672,0.0,-0.15328467153284672,-0.15328467153284672,1.0,232,232,True,True,False,False,False,False,False,False,False
TELEPORTATION,payload_4,ibm_sherbrooke,IBM,4096,4,,2513.0,cz4swr310wx0008bgsn0,experiment_results_dynamic_1-4_5000-5005_20250306_131017_updated.csv,1327,teleportation_hardware,4,1,singleton,False,0.0,0010,0.0,304,300,0.006622516556291391,0.1474609375,0.07421875,0.0009765625,0.9028581224635784,True,0.0732421875,304,-0.006622516556291391,0.0,-0.006622516556291391,-0.006622516556291391,1.0,300,300,True,True,False,False,False,False,False,False,False
TELEPORTATION,payload_4,ibm_sherbrooke,IBM,4096,4,,2513.0,cz4sx0c39f40008se2c0,experiment_results_dynamic_1-4_5000-5005_20250306_131017_updated.csv,1328,teleportation_hardware,4,1,singleton,False,0.0,1111,0.0,317,297,0.03257328990228013,0.14990234375,0.077392578125,0.0048828125,0.4432394041119101,True,0.06787109375,317,-0.06554621848739496,0.0,-0.06554621848739496,-0.06554621848739496,1.0,278,278,True,True,False,False,False,False,False,False,False
TELEPORTATION,payload_1,ibm_brisbane,IBM,4096,1,,405.0,cytd4gj4raf0008efamg,experiment_results_dynamic_1-5_200-205_20250304_113951.csv,1329,teleportation_hardware,1,1,singleton,False,0.0,1,0.0,2249,1847,0.09814453125,1.0,0.549072265625,0.09814453125,3.5984694258685725e-10,True,0.450927734375,2249,-0.09814453125,0.0,-0.09814453125,-0.09814453125,1.0,1847,1847,True,True,False,False,False,True,True,False,True
TELEPORTATION,payload_1,ibm_brisbane,IBM,4096,1,,407.0,cytd4rb4raf0008efapg,experiment_results_dynamic_1-5_200-205_20250304_113951.csv,1330,teleportation_hardware,1,1,singleton,False,1.0,0,0.466797,3004,1092,0.466796875,1.0,0.7333984375,0.466796875,1.2701488002527431e-203,True,0.7333984375,1092,0.466796875,0.466796875,0.466796875,0.466796875,1.0,3004,3004,True,True,True,False,False,True,True,True,True
TELEPORTATION,payload_1,ibm_brisbane,IBM,4096,1,,409.0,cytd504q5bwg0083jjeg,experiment_results_dynamic_1-5_200-205_20250304_113951.csv,1331,teleportation_hardware,1,1,singleton,False,0.0,1,0.0,2186,1910,0.0673828125,1.0,0.53369140625,0.0673828125,1.7203228954348273e-05,True,0.46630859375,2186,-0.0673828125,0.0,-0.0673828125,-0.0673828125,1.0,1910,1910,True,True,False,False,False,True,True,False,True
TELEPORTATION,payload_1,ibm_brisbane,IBM,4096,1,,411.0,cytd56mq5bwg0083jjf0,experiment_results_dynamic_1-5_200-205_20250304_113951.csv,1332,teleportation_hardware,1,1,singleton,False,1.0,0,0.441406,2952,1144,0.44140625,1.0,0.720703125,0.44140625,1.742075290641779e-181,True,0.720703125,1144,0.44140625,0.44140625,0.44140625,0.44140625,1.0,2952,2952,True,True,True,False,False,True,True,True,True
TELEPORTATION,payload_1,ibm_brisbane,IBM,4096,1,,413.0,cytd5ed78z600082knrg,experiment_results_dynamic_1-5_200-205_20250304_113951.csv,1333,teleportation_hardware,1,1,singleton,False,0.0,1,0.0,2145,1951,0.04736328125,1.0,0.523681640625,0.04736328125,0.0025603023783448255,True,0.476318359375,2145,-0.04736328125,0.0,-0.04736328125,-0.04736328125,1.0,1951,1951,True,True,False,False,False,True,True,False,False
TELEPORTATION,payload_1,ibm_brisbane,IBM,4096,1,,415.0,cytd5pe78z600082knv0,experiment_results_dynamic_1-5_200-205_20250304_113951.csv,1334,teleportation_hardware,1,1,singleton,False,1.0,0,0.397461,2862,1234,0.3974609375,1.0,0.69873046875,0.3974609375,1.6398538971569532e-146,True,0.69873046875,1234,0.3974609375,0.3974609375,0.3974609375,0.3974609375,1.0,2862,2862,True,True,True,False,False,True,True,True,True
TELEPORTATION,payload_2,ibm_brisbane,IBM,4096,2,,207.0,cytd5xqy2gd000882qx0,experiment_results_dynamic_1-5_200-205_20250304_113951.csv,1335,teleportation_hardware,2,1,singleton,False,0.0,11,0.0,1518,1474,0.014705882352941176,0.73046875,0.37060546875,0.0107421875,0.4318033502245648,True,0.35986328125,1518,-0.014705882352941176,0.0,-0.014705882352941176,-0.014705882352941176,1.0,1474,1474,True,True,False,False,False,False,False,False,False
TELEPORTATION,payload_2,ibm_brisbane,IBM,4096,2,,207.0,cytd65g4raf0008efav0,experiment_results_dynamic_1-5_200-205_20250304_113951.csv,1336,teleportation_hardware,2,1,singleton,False,1.0,00,0.038095,1526,1414,0.0380952380952381,0.7177734375,0.37255859375,0.02734375,0.04062534430370371,True,0.37255859375,1414,0.0380952380952381,0.0380952380952381,0.0380952380952381,0.0380952380952381,1.0,1526,1526,True,True,False,False,False,True,False,False,False
TELEPORTATION,payload_2,ibm_brisbane,IBM,4096,2,,209.0,cytd6dhq5bwg0083jjmg,experiment_results_dynamic_1-5_200-205_20250304_113951.csv,1337,teleportation_hardware,2,1,singleton,False,1.0,00,0.498775,2141,716,0.49877493874693735,0.697509765625,0.522705078125,0.347900390625,1.7315011347638523e-163,True,0.522705078125,716,0.49877493874693735,0.49877493874693735,0.49877493874693735,0.49877493874693735,1.0,2141,2141,True,True,True,False,False,True,True,True,True
TELEPORTATION,payload_2,ibm_brisbane,IBM,4096,2,,209.0,cytd6m24raf0008efax0,experiment_results_dynamic_1-5_200-205_20250304_113951.csv,1338,teleportation_hardware,2,1,singleton,False,1.0,00,0.097326,1539,1266,0.09732620320855614,0.684814453125,0.375732421875,0.066650390625,2.752970320457313e-07,True,0.375732421875,1266,0.09732620320855614,0.09732620320855614,0.09732620320855614,0.09732620320855614,1.0,1539,1539,True,True,False,False,False,True,True,False,True
TELEPORTATION,payload_2,ibm_brisbane,IBM,4096,2,,211.0,cytd6w378z600082knx0,experiment_results_dynamic_1-5_200-205_20250304_113951.csv,1339,teleportation_hardware,2,1,singleton,False,0.0,11,0.0,1566,1328,0.08223911541119558,0.70654296875,0.38232421875,0.05810546875,1.0438719939958558e-05,True,0.32421875,1566,-0.08223911541119558,0.0,-0.08223911541119558,-0.08223911541119558,1.0,1328,1328,True,True,False,False,False,True,True,False,True
TELEPORTATION,payload_2,ibm_brisbane,IBM,4096,2,,211.0,cytd73w4raf0008efaz0,experiment_results_dynamic_1-5_200-205_20250304_113951.csv,1340,teleportation_hardware,2,1,singleton,False,1.0,00,0.515235,2213,708,0.5152345087298871,0.713134765625,0.540283203125,0.367431640625,8.830044928216987e-179,True,0.540283203125,708,0.5152345087298871,0.5152345087298871,0.5152345087298871,0.5152345087298871,1.0,2213,2213,True,True,True,True,False,True,True,True,True
TELEPORTATION,payload_3,ibm_brisbane,IBM,4096,3,,141.0,cytd7bn38jq0008xtfz0,experiment_results_dynamic_1-5_200-205_20250304_113951.csv,1341,teleportation_hardware,3,1,singleton,False,0.0,111,0.0,807,753,0.03461538461538462,0.380859375,0.197021484375,0.01318359375,0.1796164167321563,True,0.183837890625,807,-0.03461538461538462,0.0,-0.03461538461538462,-0.03461538461538462,1.0,753,753,True,True,False,False,False,False,False,False,False
TELEPORTATION,payload_3,ibm_brisbane,IBM,4096,3,,143.0,cytd7j678z600082knzg,experiment_results_dynamic_1-5_200-205_20250304_113951.csv,1342,teleportation_hardware,3,1,singleton,False,1.0,000,0.160167,833,603,0.16016713091922005,0.3505859375,0.203369140625,0.05615234375,1.3985115207669363e-09,True,0.203369140625,603,0.16016713091922005,0.16016713091922005,0.16016713091922005,0.16016713091922005,1.0,833,833,True,True,False,False,False,True,True,False,True
TELEPORTATION,payload_3,ibm_brisbane,IBM,4096,3,,143.0,cytd7r778z600082kp10,experiment_results_dynamic_1-5_200-205_20250304_113951.csv,1343,teleportation_hardware,3,1,singleton,False,0.0,100,0.0,716,601,0.08731966590736523,0.321533203125,0.1748046875,0.028076171875,0.0016717682524930138,True,0.146728515625,716,-0.08731966590736523,0.0,-0.08731966590736523,-0.08731966590736523,1.0,601,601,True,True,False,False,False,True,True,False,False
TELEPORTATION,payload_3,ibm_brisbane,IBM,4096,3,,145.0,cytdcx3jj6dg008g0wag,experiment_results_dynamic_1-5_200-205_20250304_113951.csv,1344,teleportation_hardware,3,1,singleton,False,1.0,000,0.144011,850,636,0.1440107671601615,0.36279296875,0.20751953125,0.05224609375,3.1175877329622386e-08,True,0.20751953125,636,0.1440107671601615,0.1440107671601615,0.1440107671601615,0.1440107671601615,1.0,850,850,True,True,False,False,False,True,True,False,True
TELEPORTATION,payload_3,ibm_brisbane,IBM,4096,3,,145.0,cytdd3c78z600082kpf0,experiment_results_dynamic_1-5_200-205_20250304_113951.csv,1345,teleportation_hardware,3,1,singleton,False,0.0,100,0.0,858,808,0.030012004801920768,0.40673828125,0.20947265625,0.01220703125,0.2299387884945211,True,0.1337890625,858,-0.22048364153627312,0.0,-0.22048364153627312,-0.22048364153627312,1.0,548,548,True,True,False,False,False,False,False,False,False
TELEPORTATION,payload_4,ibm_brisbane,IBM,4096,4,,111.0,cytddb5jj6dg008g0wb0,experiment_results_dynamic_1-5_200-205_20250304_113951.csv,1346,teleportation_hardware,4,1,singleton,False,0.0,0001,0.0,456,388,0.08056872037914692,0.2060546875,0.111328125,0.0166015625,0.021042528539778328,True,0.0791015625,456,-0.16923076923076924,0.0,-0.16923076923076924,-0.16923076923076924,1.0,324,324,True,True,False,False,False,True,False,False,False
TELEPORTATION,payload_4,ibm_brisbane,IBM,4096,4,,111.0,cytddhejj6dg008g0wbg,experiment_results_dynamic_1-5_200-205_20250304_113951.csv,1347,teleportation_hardware,4,1,singleton,False,0.0,1101,0.0,324,323,0.0015455950540958269,0.157958984375,0.0791015625,0.000244140625,0.9999999999999981,True,0.061279296875,324,-0.12695652173913044,0.0,-0.12695652173913044,-0.12695652173913044,1.0,251,251,True,True,False,False,False,False,False,False,False
TELEPORTATION,payload_4,ibm_brisbane,IBM,4096,4,,111.0,cytddrz78z600082kpj0,experiment_results_dynamic_1-5_200-205_20250304_113951.csv,1348,teleportation_hardware,4,1,singleton,False,0.0,1111,0.0,467,406,0.06987399770904926,0.213134765625,0.114013671875,0.014892578125,0.042224707030876496,True,0.041748046875,467,-0.46394984326018807,0.0,-0.46394984326018807,-0.46394984326018807,1.0,171,171,True,True,False,False,False,True,False,False,False
TELEPORTATION,payload_4,ibm_brisbane,IBM,4096,4,,111.0,cytde0ry2gd000882rj0,experiment_results_dynamic_1-5_200-205_20250304_113951.csv,1349,teleportation_hardware,4,1,singleton,False,0.0,1000,0.0,379,361,0.024324324324324326,0.1806640625,0.092529296875,0.00439453125,0.5320436505197721,True,0.078125,379,-0.0844062947067239,0.0,-0.0844062947067239,-0.0844062947067239,1.0,320,320,True,True,False,False,False,False,False,False,False
TELEPORTATION,payload_4,ibm_brisbane,IBM,4096,4,,113.0,cytde8h4raf0008efbg0,experiment_results_dynamic_1-5_200-205_20250304_113951.csv,1350,teleportation_hardware,4,1,singleton,False,0.0,1110,0.0,453,425,0.03189066059225513,0.21435546875,0.110595703125,0.0068359375,0.36219471760258093,True,0.0439453125,453,-0.4312796208530806,0.0,-0.4312796208530806,-0.4312796208530806,1.0,180,180,True,True,False,False,False,False,False,False,False
TELEPORTATION,payload_4,ibm_brisbane,IBM,4096,4,,113.0,cytdeeh78z600082kpkg,experiment_results_dynamic_1-5_200-205_20250304_113951.csv,1351,teleportation_hardware,4,1,singleton,False,0.0,1001,0.0,422,365,0.0724269377382465,0.192138671875,0.10302734375,0.013916015625,0.045845152827237515,True,0.082763671875,422,-0.10906701708278581,0.0,-0.10906701708278581,-0.10906701708278581,1.0,339,339,True,True,False,False,False,True,False,False,False
TELEPORTATION,payload_5,ibm_brisbane,IBM,4096,5,,93.0,cytdepa38jq0008xtgm0,experiment_results_dynamic_1-5_200-205_20250304_113951.csv,1352,teleportation_hardware,5,1,singleton,False,0.0,01111,0.0,200,187,0.03359173126614987,0.094482421875,0.048828125,0.003173828125,0.5419205607568481,True,0.04248046875,200,-0.06951871657754011,0.0,-0.06951871657754011,-0.06951871657754011,1.0,174,174,True,True,False,False,False,False,False,False,False
TELEPORTATION,payload_5,ibm_brisbane,IBM,3979,5,,93.0,cytdexv4raf0008efbkg,experiment_results_dynamic_1-5_200-205_20250304_113951.csv,1353,teleportation_hardware,5,1,singleton,False,0.0,10110,0.0,241,205,0.08071748878923767,0.11208846443830107,0.060567981905001254,0.009047499371701432,0.09734989902330007,True,0.020356873586328223,241,-0.4968944099378882,0.0,-0.4968944099378882,-0.4968944099378882,1.0,81,81,True,True,False,False,False,False,False,False,False
TELEPORTATION,payload_5,ibm_brisbane,IBM,4096,5,,93.0,cytdf5c4raf0008efbmg,experiment_results_dynamic_1-5_200-205_20250304_113951.csv,1354,teleportation_hardware,5,1,singleton,False,0.0,01010,0.0,320,304,0.02564102564102564,0.15234375,0.078125,0.00390625,0.5482202909877842,True,0.038330078125,320,-0.3417190775681342,0.0,-0.3417190775681342,-0.3417190775681342,1.0,157,157,True,True,False,False,False,False,False,False,False
TELEPORTATION,payload_5,ibm_brisbane,IBM,4096,5,,93.0,cytdfdn4raf0008efbn0,experiment_results_dynamic_1-5_200-205_20250304_113951.csv,1355,teleportation_hardware,5,1,singleton,False,0.0,11111,0.0,277,229,0.09486166007905138,0.12353515625,0.067626953125,0.01171875,0.03656698888354565,True,0.020263671875,277,-0.5388888888888889,0.0,-0.5388888888888889,-0.5388888888888889,1.0,83,83,True,True,False,False,False,True,False,False,False
TELEPORTATION,payload_5,ibm_brisbane,IBM,4096,5,,93.0,cytdfnpq5bwg0083jkjg,experiment_results_dynamic_1-5_200-205_20250304_113951.csv,1356,teleportation_hardware,5,1,singleton,False,0.0,11000,0.0,253,240,0.02636916835699797,0.120361328125,0.061767578125,0.003173828125,0.5889295663615067,True,0.040283203125,253,-0.21052631578947367,0.0,-0.21052631578947367,-0.21052631578947367,1.0,165,165,True,True,False,False,False,False,False,False,False
TELEPORTATION,payload_5,ibm_brisbane,IBM,4096,5,,95.0,cytdfxzy2gd000882rqg,experiment_results_dynamic_1-5_200-205_20250304_113951.csv,1357,teleportation_hardware,5,1,singleton,False,0.0,11111,0.0,260,217,0.09014675052410902,0.116455078125,0.0634765625,0.010498046875,0.054360073414858136,True,0.03271484375,260,-0.3197969543147208,0.0,-0.3197969543147208,-0.3197969543147208,1.0,134,134,True,True,False,False,False,False,False,False,False
TELEPORTATION,payload_1,,AWS,10,1,,4005.0,arn:aws:braket:us-west-1:265556963705:quantum-task/c76e68c6-b872-49a6-9288-9b86469f277a,experiment_results_dynamic_1-4_2000-2005_20250929_145308-updated.csv,1358,teleportation_hardware,1,1,singleton,True,1.0,0,0.4,7,3,0.4,1.0,0.7,0.4,0.34375,True,0.7,3,0.4,0.4,0.4,0.4,1.0,7,7,True,True,True,False,False,False,False,False,True
TELEPORTATION,payload_1,,AWS,10,1,,4007.0,arn:aws:braket:us-west-1:265556963705:quantum-task/97c6dafb-bc53-494d-b2eb-0d5c9da98d76,experiment_results_dynamic_1-4_2000-2005_20250929_145308-updated.csv,1359,teleportation_hardware,1,1,singleton,True,1.0,0,0.2,6,4,0.2,1.0,0.6,0.2,0.75390625,True,0.6,4,0.2,0.2,0.2,0.2,1.0,6,6,True,True,True,False,False,False,False,False,True
TELEPORTATION,payload_1,,AWS,10,1,,4009.0,arn:aws:braket:us-west-1:265556963705:quantum-task/4e6bc16e-5f28-4f75-b07b-091543960e1a,experiment_results_dynamic_1-4_2000-2005_20250929_145308-updated.csv,1360,teleportation_hardware,1,1,singleton,True,1.0,0,0.6,8,2,0.6,1.0,0.8,0.6,0.109375,True,0.8,2,0.6,0.6,0.6,0.6,1.0,8,8,True,True,True,True,False,False,False,False,True
TELEPORTATION,payload_1,,AWS,10,1,,4011.0,arn:aws:braket:us-west-1:265556963705:quantum-task/244e7cac-1721-4883-9133-d32b93b63479,experiment_results_dynamic_1-4_2000-2005_20250929_145308-updated.csv,1361,teleportation_hardware,1,1,singleton,True,0.5,TIED,0.0,5,5,0.0,1.0,0.5,0.0,1.0,False,0.5,5,0.0,0.0,0.0,0.0,1.0,5,5,True,False,False,False,False,False,False,False,False
TELEPORTATION,payload_1,,AWS,10,1,,4013.0,arn:aws:braket:us-west-1:265556963705:quantum-task/814de604-232e-4132-8df5-89ff47e4c589,experiment_results_dynamic_1-4_2000-2005_20250929_145308-updated.csv,1362,teleportation_hardware,1,1,singleton,True,1.0,0,0.8,9,1,0.8,1.0,0.9,0.8,0.021484375,True,0.9,1,0.8,0.8,0.8,0.8,1.0,9,9,True,True,True,True,True,True,False,True,True
TELEPORTATION,payload_1,,AWS,10,1,,4015.0,arn:aws:braket:us-west-1:265556963705:quantum-task/459e8f7b-de56-4bdf-bc28-cc97382425e8,experiment_results_dynamic_1-4_2000-2005_20250929_145308-updated.csv,1363,teleportation_hardware,1,1,singleton,True,1.0,0,1.0,10,0,1.0,1.0,1.0,1.0,0.001953125,True,1.0,0,1.0,1.0,1.0,1.0,1.0,10,10,True,True,True,True,True,True,True,True,True
TELEPORTATION,payload_2,,AWS,10,2,,2007.0,arn:aws:braket:us-west-1:265556963705:quantum-task/c054cb12-405e-4e67-b654-32ee4978361c,experiment_results_dynamic_1-4_2000-2005_20250929_145308-updated.csv,1364,teleportation_hardware,2,1,singleton,True,0.0,11,0.0,5,2,0.42857142857142855,0.7,0.5,0.3,0.453125,True,0.2,5,-0.42857142857142855,0.0,-0.42857142857142855,-0.42857142857142855,1.0,2,2,True,True,True,False,False,False,False,False,True
TELEPORTATION,payload_2,,AWS,10,2,,2007.0,arn:aws:braket:us-west-1:265556963705:quantum-task/b2b556a5-cd22-4337-b787-7ffac8c4f759,experiment_results_dynamic_1-4_2000-2005_20250929_145308-updated.csv,1365,teleportation_hardware,2,1,singleton,True,0.0,11,0.0,6,2,0.5,0.8,0.6,0.4,0.2890625,True,0.2,6,-0.5,0.0,-0.5,-0.5,1.0,2,2,True,True,True,True,False,False,False,False,True
TELEPORTATION,payload_2,,AWS,10,2,,2009.0,arn:aws:braket:us-west-1:265556963705:quantum-task/7f406990-a48d-4442-9e6c-112f2e931416,experiment_results_dynamic_1-4_2000-2005_20250929_145308-updated.csv,1366,teleportation_hardware,2,1,singleton,True,1.0,00,0.25,5,3,0.25,0.8,0.5,0.2,0.7265625,True,0.5,3,0.25,0.25,0.25,0.25,1.0,5,5,True,True,True,False,False,False,False,False,True
TELEPORTATION,payload_2,,AWS,10,2,,2009.0,arn:aws:braket:us-west-1:265556963705:quantum-task/1d184e13-195f-4ac7-abd6-8f0034f728c1,experiment_results_dynamic_1-4_2000-2005_20250929_145308-updated.csv,1367,teleportation_hardware,2,1,singleton,True,0.5,TIED,0.0,3,3,0.0,0.6,0.3,0.0,1.0,False,0.3,3,0.0,0.0,0.0,0.0,1.0,3,3,True,False,False,False,False,False,False,False,False
TELEPORTATION,payload_2,,AWS,10,2,,2011.0,arn:aws:braket:us-west-1:265556963705:quantum-task/146f589e-ce1a-4d57-bcce-50c9641814ea,experiment_results_dynamic_1-4_2000-2005_20250929_145308-updated.csv,1368,teleportation_hardware,2,1,singleton,True,0.5,TIED,0.0,3,3,0.0,0.6,0.3,0.0,1.0,False,0.3,3,0.0,0.0,0.0,0.0,1.0,3,3,True,False,False,False,False,False,False,False,False
TELEPORTATION,payload_2,,AWS,10,2,,2011.0,arn:aws:braket:us-west-1:265556963705:quantum-task/f8c25d19-f1b1-4264-ac5f-b56aa3778677,experiment_results_dynamic_1-4_2000-2005_20250929_145308-updated.csv,1369,teleportation_hardware,2,1,singleton,True,0.0,11,0.0,4,3,0.14285714285714285,0.7,0.4,0.1,1.0,True,0.3,4,-0.14285714285714285,0.0,-0.14285714285714285,-0.14285714285714285,1.0,3,3,True,True,False,False,False,False,False,False,True
TELEPORTATION,payload_3,,AWS,10,3,,1341.0,arn:aws:braket:us-west-1:265556963705:quantum-task/4294d022-7e21-429f-85f3-cc027f6f3a1e,experiment_results_dynamic_1-4_2000-2005_20250929_145308-updated.csv,1370,teleportation_hardware,3,1,singleton,True,0.5,TIED,0.0,3,3,0.0,0.6,0.3,0.0,1.0,False,0.3,3,0.0,0.0,0.0,0.0,1.0,3,3,True,False,False,False,False,False,False,False,False
TELEPORTATION,payload_3,,AWS,10,3,,1343.0,arn:aws:braket:us-west-1:265556963705:quantum-task/12453bf7-934e-41dc-ba72-25f0c325b5cb,experiment_results_dynamic_1-4_2000-2005_20250929_145308-updated.csv,1371,teleportation_hardware,3,1,singleton,True,0.0,011,0.0,4,3,0.14285714285714285,0.7,0.4,0.1,1.0,True,0.0,4,-1.0,0.0,-1.0,-1.0,0.0,0,0,True,True,False,False,False,False,False,False,True
TELEPORTATION,payload_3,,AWS,10,3,,1343.0,arn:aws:braket:us-west-1:265556963705:quantum-task/126d6820-d806-45c5-ba2f-a174ff7e8490,experiment_results_dynamic_1-4_2000-2005_20250929_145308-updated.csv,1372,teleportation_hardware,3,1,singleton,True,0.5,TIED,0.0,3,3,0.0,0.6,0.3,0.0,1.0,False,0.3,3,0.0,0.0,0.0,0.0,1.0,3,3,True,False,False,False,False,False,False,False,False
TELEPORTATION,payload_3,,AWS,10,3,,1343.0,arn:aws:braket:us-west-1:265556963705:quantum-task/4bcc3de9-17a0-4e72-8a34-406e64b865b6,experiment_results_dynamic_1-4_2000-2005_20250929_145308-updated.csv,1373,teleportation_hardware,3,1,singleton,True,0.0,010,0.0,5,2,0.42857142857142855,0.7,0.5,0.3,0.453125,True,0.1,5,-0.6666666666666666,0.0,-0.6666666666666666,-0.6666666666666666,1.0,1,1,True,True,True,False,False,False,False,False,True
TELEPORTATION,payload_3,,AWS,10,3,,1345.0,arn:aws:braket:us-west-1:265556963705:quantum-task/b48527d8-c31a-4352-8180-0ea766e63e32,experiment_results_dynamic_1-4_2000-2005_20250929_145308-updated.csv,1374,teleportation_hardware,3,1,singleton,True,0.0,001,0.0,4,3,0.14285714285714285,0.7,0.4,0.1,1.0,True,0.3,4,-0.14285714285714285,0.0,-0.14285714285714285,-0.14285714285714285,1.0,3,3,True,True,False,False,False,False,False,False,True
TELEPORTATION,payload_3,,AWS,10,3,,1345.0,arn:aws:braket:us-west-1:265556963705:quantum-task/626dcda7-98c6-4205-ae2f-faa2137be8c7,experiment_results_dynamic_1-4_2000-2005_20250929_145308-updated.csv,1375,teleportation_hardware,3,1,singleton,True,0.0,TIED,0.0,2,2,0.0,0.4,0.2,0.0,1.0,False,0.1,2,-0.3333333333333333,0.0,-0.3333333333333333,-0.3333333333333333,1.0,1,1,True,False,False,False,False,False,False,False,False
TELEPORTATION,payload_4,,AWS,10,4,,1011.0,arn:aws:braket:us-west-1:265556963705:quantum-task/f1d55553-c315-4074-b268-d466fec4b261,experiment_results_dynamic_1-4_2000-2005_20250929_145308-updated.csv,1376,teleportation_hardware,4,1,singleton,True,0.0,1011,0.0,3,2,0.2,0.5,0.3,0.1,1.0,True,0.2,3,-0.2,0.0,-0.2,-0.2,1.0,2,2,True,True,True,False,False,False,False,False,True
TELEPORTATION,payload_4,,AWS,10,4,,1011.0,arn:aws:braket:us-west-1:265556963705:quantum-task/6cb37d1f-8c2d-4524-b48f-3fd64b6c6169,experiment_results_dynamic_1-4_2000-2005_20250929_145308-updated.csv,1377,teleportation_hardware,4,1,singleton,True,0.0,TIED,0.0,2,2,0.0,0.4,0.2,0.0,1.0,False,0.1,2,-0.3333333333333333,0.0,-0.3333333333333333,-0.3333333333333333,1.0,1,1,True,False,False,False,False,False,False,False,False
TELEPORTATION,payload_4,,AWS,10,4,,1011.0,arn:aws:braket:us-west-1:265556963705:quantum-task/aaf1ac1e-2aba-4296-a481-1d1a72e303eb,experiment_results_dynamic_1-4_2000-2005_20250929_145308-updated.csv,1378,teleportation_hardware,4,1,singleton,True,0.0,TIED,0.0,2,2,0.0,0.4,0.2,0.0,1.0,False,0.0,2,-1.0,0.0,-1.0,-1.0,0.0,0,0,True,False,False,False,False,False,False,False,False
TELEPORTATION,payload_4,,AWS,10,4,,1011.0,arn:aws:braket:us-west-1:265556963705:quantum-task/306198dc-616b-4d73-9665-b6b26829c33a,experiment_results_dynamic_1-4_2000-2005_20250929_145308-updated.csv,1379,teleportation_hardware,4,1,singleton,True,0.0,TIED,0.0,3,3,0.0,0.6,0.3,0.0,1.0,False,0.1,3,-0.5,0.0,-0.5,-0.5,1.0,1,1,True,False,False,False,False,False,False,False,False
TELEPORTATION,payload_4,,AWS,10,4,,1013.0,arn:aws:braket:us-west-1:265556963705:quantum-task/7f70a4c6-e27d-4468-96ea-fde5e8863c69,experiment_results_dynamic_1-4_2000-2005_20250929_145308-updated.csv,1380,teleportation_hardware,4,1,singleton,True,0.0,1011,0.0,4,2,0.3333333333333333,0.6,0.4,0.2,0.6875,True,0.1,4,-0.6,0.0,-0.6,-0.6,1.0,1,1,True,True,True,False,False,False,False,False,True
TELEPORTATION,payload_4,,AWS,10,4,,1013.0,arn:aws:braket:us-west-1:265556963705:quantum-task/0158ce6a-8097-4f44-b6e1-4de257839a04,experiment_results_dynamic_1-4_2000-2005_20250929_145308-updated.csv,1381,teleportation_hardware,4,1,singleton,True,0.0,TIED,0.0,2,2,0.0,0.4,0.2,0.0,1.0,False,0.1,2,-0.3333333333333333,0.0,-0.3333333333333333,-0.3333333333333333,1.0,1,1,True,False,False,False,False,False,False,False,False
TELEPORTATION,payload_1,,AWS,10,1,,6005.0,arn:aws:braket:us-west-1:265556963705:quantum-task/fdd4298d-9c9d-4af3-bf3a-8806757c5e95,experiment_results_dynamic_1-4_3000-3005_20250929_151336.csv-updated.csv,1382,teleportation_hardware,1,1,singleton,True,1.0,0,1.0,10,0,1.0,1.0,1.0,1.0,0.001953125,True,1.0,0,1.0,1.0,1.0,1.0,1.0,10,10,True,True,True,True,True,True,True,True,True
TELEPORTATION,payload_1,,AWS,10,1,,6007.0,arn:aws:braket:us-west-1:265556963705:quantum-task/7deb0349-bb60-4ce0-bd3f-db221c1a280c,experiment_results_dynamic_1-4_3000-3005_20250929_151336.csv-updated.csv,1383,teleportation_hardware,1,1,singleton,True,1.0,0,0.2,6,4,0.2,1.0,0.6,0.2,0.75390625,True,0.6,4,0.2,0.2,0.2,0.2,1.0,6,6,True,True,True,False,False,False,False,False,True
TELEPORTATION,payload_1,,AWS,10,1,,6009.0,arn:aws:braket:us-west-1:265556963705:quantum-task/f8c8e9b7-ab62-4e09-b2f4-112c5a439ae6,experiment_results_dynamic_1-4_3000-3005_20250929_151336.csv-updated.csv,1384,teleportation_hardware,1,1,singleton,True,1.0,0,0.8,9,1,0.8,1.0,0.9,0.8,0.021484375,True,0.9,1,0.8,0.8,0.8,0.8,1.0,9,9,True,True,True,True,True,True,False,True,True
TELEPORTATION,payload_1,,AWS,10,1,,6011.0,arn:aws:braket:us-west-1:265556963705:quantum-task/7f8a864f-bcc5-4601-a3dc-77f6050218a2,experiment_results_dynamic_1-4_3000-3005_20250929_151336.csv-updated.csv,1385,teleportation_hardware,1,1,singleton,True,1.0,0,0.8,9,1,0.8,1.0,0.9,0.8,0.021484375,True,0.9,1,0.8,0.8,0.8,0.8,1.0,9,9,True,True,True,True,True,True,False,True,True
TELEPORTATION,payload_1,,AWS,10,1,,6013.0,arn:aws:braket:us-west-1:265556963705:quantum-task/39b5be8b-2fdf-480e-bf8a-ce16fdb5bb36,experiment_results_dynamic_1-4_3000-3005_20250929_151336.csv-updated.csv,1386,teleportation_hardware,1,1,singleton,True,1.0,0,0.6,8,2,0.6,1.0,0.8,0.6,0.109375,True,0.8,2,0.6,0.6,0.6,0.6,1.0,8,8,True,True,True,True,False,False,False,False,True
TELEPORTATION,payload_1,,AWS,10,1,,6015.0,arn:aws:braket:us-west-1:265556963705:quantum-task/64ecad62-7632-4925-b4e5-fabfa1b3dbb5,experiment_results_dynamic_1-4_3000-3005_20250929_151336.csv-updated.csv,1387,teleportation_hardware,1,1,singleton,True,1.0,0,0.8,9,1,0.8,1.0,0.9,0.8,0.021484375,True,0.9,1,0.8,0.8,0.8,0.8,1.0,9,9,True,True,True,True,True,True,False,True,True
TELEPORTATION,payload_2,,AWS,10,2,,3007.0,arn:aws:braket:us-west-1:265556963705:quantum-task/cac1b94f-74b5-4e52-a6ce-15c43b0fe71e,experiment_results_dynamic_1-4_3000-3005_20250929_151336.csv-updated.csv,1388,teleportation_hardware,2,1,singleton,True,1.0,00,0.2,6,4,0.2,1.0,0.6,0.2,0.75390625,True,0.6,4,0.2,0.2,0.2,0.2,1.0,6,6,True,True,True,False,False,False,False,False,True
TELEPORTATION,payload_2,,AWS,10,2,,3007.0,arn:aws:braket:us-west-1:265556963705:quantum-task/a83fd3ef-8b87-49ad-a35f-9770d6daca10,experiment_results_dynamic_1-4_3000-3005_20250929_151336.csv-updated.csv,1389,teleportation_hardware,2,1,singleton,True,1.0,00,0.142857,4,3,0.14285714285714285,0.7,0.4,0.1,1.0,True,0.4,3,0.14285714285714285,0.14285714285714285,0.14285714285714285,0.14285714285714285,1.0,4,4,True,True,False,False,False,False,False,False,True
TELEPORTATION,payload_2,,AWS,10,2,,3009.0,arn:aws:braket:us-west-1:265556963705:quantum-task/2649fad6-20d4-4653-90f8-d94b6bab06e4,experiment_results_dynamic_1-4_3000-3005_20250929_151336.csv-updated.csv,1390,teleportation_hardware,2,1,singleton,True,0.0,11,0.0,6,2,0.5,0.8,0.6,0.4,0.2890625,True,0.2,6,-0.5,0.0,-0.5,-0.5,1.0,2,2,True,True,True,True,False,False,False,False,True
TELEPORTATION,payload_2,,AWS,10,2,,3009.0,arn:aws:braket:us-west-1:265556963705:quantum-task/20716034-1486-4321-95c4-9c8385484e20,experiment_results_dynamic_1-4_3000-3005_20250929_151336.csv-updated.csv,1391,teleportation_hardware,2,1,singleton,True,0.0,11,0.0,5,4,0.1111111111111111,0.9,0.5,0.1,1.0,True,0.4,5,-0.1111111111111111,0.0,-0.1111111111111111,-0.1111111111111111,1.0,4,4,True,True,False,False,False,False,False,False,True
TELEPORTATION,payload_2,,AWS,10,2,,3011.0,arn:aws:braket:us-west-1:265556963705:quantum-task/d3825030-8d4e-4855-bc10-b427d2dcd5ff,experiment_results_dynamic_1-4_3000-3005_20250929_151336.csv-updated.csv,1392,teleportation_hardware,2,1,singleton,True,0.0,11,0.0,7,2,0.5555555555555556,0.9,0.7,0.5,0.1796875,True,0.1,7,-0.75,0.0,-0.75,-0.75,1.0,1,1,True,True,True,True,False,False,False,False,True
TELEPORTATION,payload_2,,AWS,10,2,,3011.0,arn:aws:braket:us-west-1:265556963705:quantum-task/0e264d28-73a2-41d0-afcb-2ce41911e1b1,experiment_results_dynamic_1-4_3000-3005_20250929_151336.csv-updated.csv,1393,teleportation_hardware,2,1,singleton,True,1.0,00,0.142857,4,3,0.14285714285714285,0.7,0.4,0.1,1.0,True,0.4,3,0.14285714285714285,0.14285714285714285,0.14285714285714285,0.14285714285714285,1.0,4,4,True,True,False,False,False,False,False,False,True
TELEPORTATION,payload_3,,AWS,10,3,,2009.0,arn:aws:braket:us-west-1:265556963705:quantum-task/08e389c6-488e-4ecb-ae48-eb3bcf86f9b7,experiment_results_dynamic_1-4_3000-3005_20250929_151336.csv-updated.csv,1394,teleportation_hardware,3,1,singleton,True,0.0,010,0.0,5,3,0.25,0.8,0.5,0.2,0.7265625,True,0.0,5,-1.0,0.0,-1.0,-1.0,0.0,0,0,True,True,True,False,False,False,False,False,True
TELEPORTATION,payload_3,,AWS,10,3,,2009.0,arn:aws:braket:us-west-1:265556963705:quantum-task/be6c7244-60b1-4151-99b6-9de61bb883dc,experiment_results_dynamic_1-4_3000-3005_20250929_151336.csv-updated.csv,1395,teleportation_hardware,3,1,singleton,True,0.0,010,0.0,3,2,0.2,0.5,0.3,0.1,1.0,True,0.2,3,-0.2,0.0,-0.2,-0.2,1.0,2,2,True,True,True,False,False,False,False,False,True
TELEPORTATION,payload_3,,AWS,10,3,,2009.0,arn:aws:braket:us-west-1:265556963705:quantum-task/563180c7-8e7f-442a-883e-e2500aa54565,experiment_results_dynamic_1-4_3000-3005_20250929_151336.csv-updated.csv,1396,teleportation_hardware,3,1,singleton,True,0.0,010,0.0,3,2,0.2,0.5,0.3,0.1,1.0,True,0.1,3,-0.5,0.0,-0.5,-0.5,1.0,1,1,True,True,True,False,False,False,False,False,True
TELEPORTATION,payload_3,,AWS,10,3,,2011.0,arn:aws:braket:us-west-1:265556963705:quantum-task/017e58ad-b1bf-41f6-a262-349ea5560cdf,experiment_results_dynamic_1-4_3000-3005_20250929_151336.csv-updated.csv,1397,teleportation_hardware,3,1,singleton,True,0.0,111,0.0,3,2,0.2,0.5,0.3,0.1,1.0,True,0.1,3,-0.5,0.0,-0.5,-0.5,1.0,1,1,True,True,True,False,False,False,False,False,True
TELEPORTATION,payload_3,,AWS,10,3,,2011.0,arn:aws:braket:us-west-1:265556963705:quantum-task/a6da372b-907f-44b7-adee-fce49247ba63,experiment_results_dynamic_1-4_3000-3005_20250929_151336.csv-updated.csv,1398,teleportation_hardware,3,1,singleton,True,0.0,110,0.0,3,2,0.2,0.5,0.3,0.1,1.0,True,0.1,3,-0.5,0.0,-0.5,-0.5,1.0,1,1,True,True,True,False,False,False,False,False,True
TELEPORTATION,payload_3,,AWS,10,3,,2011.0,arn:aws:braket:us-west-1:265556963705:quantum-task/df82fc59-c84b-4200-905a-84c161d75628,experiment_results_dynamic_1-4_3000-3005_20250929_151336.csv-updated.csv,1399,teleportation_hardware,3,1,singleton,True,1.0,000,0.428571,5,2,0.42857142857142855,0.7,0.5,0.3,0.453125,True,0.5,2,0.42857142857142855,0.42857142857142855,0.42857142857142855,0.42857142857142855,1.0,5,5,True,True,True,False,False,False,False,False,True
TELEPORTATION,payload_4,,AWS,10,4,,1511.0,arn:aws:braket:us-west-1:265556963705:quantum-task/7f098fa2-d0ea-4b7e-8175-9c070771b977,experiment_results_dynamic_1-4_3000-3005_20250929_151336.csv-updated.csv,1400,teleportation_hardware,4,1,singleton,True,0.0,TIED,0.0,2,2,0.0,0.4,0.2,0.0,1.0,False,0.1,2,-0.3333333333333333,0.0,-0.3333333333333333,-0.3333333333333333,1.0,1,1,True,False,False,False,False,False,False,False,False
TELEPORTATION,payload_4,,AWS,10,4,,1511.0,arn:aws:braket:us-west-1:265556963705:quantum-task/5c9142eb-5960-4b13-bbbd-2034e4231bde,experiment_results_dynamic_1-4_3000-3005_20250929_151336.csv-updated.csv,1401,teleportation_hardware,4,1,singleton,True,0.0,TIED,0.0,3,3,0.0,0.6,0.3,0.0,1.0,False,0.0,3,-1.0,0.0,-1.0,-1.0,0.0,0,0,True,False,False,False,False,False,False,False,False
TELEPORTATION,payload_4,,AWS,10,4,,1511.0,arn:aws:braket:us-west-1:265556963705:quantum-task/b2bb82b2-7ce4-4616-b2bb-ce470a60b7bb,experiment_results_dynamic_1-4_3000-3005_20250929_151336.csv-updated.csv,1402,teleportation_hardware,4,1,singleton,True,0.0,TIED,0.0,2,2,0.0,0.4,0.2,0.0,1.0,False,0.0,2,-1.0,0.0,-1.0,-1.0,0.0,0,0,True,False,False,False,False,False,False,False,False
TELEPORTATION,payload_4,,AWS,10,4,,1511.0,arn:aws:braket:us-west-1:265556963705:quantum-task/43a512f8-c204-41f9-a9bd-e01bd7dfb097,experiment_results_dynamic_1-4_3000-3005_20250929_151336.csv-updated.csv,1403,teleportation_hardware,4,1,singleton,True,0.0,TIED,0.0,2,2,0.0,0.4,0.2,0.0,1.0,False,0.1,2,-0.3333333333333333,0.0,-0.3333333333333333,-0.3333333333333333,1.0,1,1,True,False,False,False,False,False,False,False,False
TELEPORTATION,payload_4,,AWS,10,4,,1513.0,arn:aws:braket:us-west-1:265556963705:quantum-task/a8dd8ddd-324f-4646-8582-c28eaa3c826b,experiment_results_dynamic_1-4_3000-3005_20250929_151336.csv-updated.csv,1404,teleportation_hardware,4,1,singleton,True,0.0,TIED,0.0,2,2,0.0,0.4,0.2,0.0,1.0,False,0.1,2,-0.3333333333333333,0.0,-0.3333333333333333,-0.3333333333333333,1.0,1,1,True,False,False,False,False,False,False,False,False
TELEPORTATION,payload_4,,AWS,10,4,,1513.0,arn:aws:braket:us-west-1:265556963705:quantum-task/cd43c0ff-cbc5-4a86-bd30-ee96b7366442,experiment_results_dynamic_1-4_3000-3005_20250929_151336.csv-updated.csv,1405,teleportation_hardware,4,1,singleton,True,0.0,TIED,0.0,2,2,0.0,0.4,0.2,0.0,1.0,False,0.1,2,-0.3333333333333333,0.0,-0.3333333333333333,-0.3333333333333333,1.0,1,1,True,False,False,False,False,False,False,False,False
TELEPORTATION,payload_1,rigetti_ankaa_3,QBRAID,10,1,,1011.0,rigetti_ankaa_3-cmarquezb-qjob-tno5hbft5etrcbc2xmct,experiment_results_dynamic_1-4_500-505_20250902_164443_updated.csv,1406,teleportation_hardware,1,1,singleton,False,1.0,0,0.4,7,3,0.4,1.0,0.7,0.4,0.34375,True,0.7,3,0.4,0.4,0.4,0.4,1.0,7,7,True,True,True,False,False,False,False,False,True
TELEPORTATION,payload_1,rigetti_ankaa_3,QBRAID,10,1,,1013.0,rigetti_ankaa_3-cmarquezb-qjob-kvovsicp39qlk0kpwon6,experiment_results_dynamic_1-4_500-505_20250902_164443_updated.csv,1407,teleportation_hardware,1,1,singleton,False,0.5,TIED,0.0,5,5,0.0,1.0,0.5,0.0,1.0,False,0.5,5,0.0,0.0,0.0,0.0,1.0,5,5,True,False,False,False,False,False,False,False,False
TELEPORTATION,payload_1,rigetti_ankaa_3,QBRAID,10,1,,1015.0,rigetti_ankaa_3-cmarquezb-qjob-4qh8ymupecwnongp6mbj,experiment_results_dynamic_1-4_500-505_20250902_164443_updated.csv,1408,teleportation_hardware,1,1,singleton,False,1.0,0,0.2,6,4,0.2,1.0,0.6,0.2,0.75390625,True,0.6,4,0.2,0.2,0.2,0.2,1.0,6,6,True,True,True,False,False,False,False,False,True
TELEPORTATION,payload_1,rigetti_ankaa_3,QBRAID,10,1,,1017.0,rigetti_ankaa_3-cmarquezb-qjob-ngmykql7arnz3ogo08z7,experiment_results_dynamic_1-4_500-505_20250902_164443_updated.csv,1409,teleportation_hardware,1,1,singleton,False,1.0,0,0.8,9,1,0.8,1.0,0.9,0.8,0.021484375,True,0.9,1,0.8,0.8,0.8,0.8,1.0,9,9,True,True,True,True,True,True,False,True,True
TELEPORTATION,payload_1,rigetti_ankaa_3,QBRAID,10,1,,1019.0,rigetti_ankaa_3-cmarquezb-qjob-f79czoz4l31qiqx5rviw,experiment_results_dynamic_1-4_500-505_20250902_164443_updated.csv,1410,teleportation_hardware,1,1,singleton,False,1.0,0,0.6,8,2,0.6,1.0,0.8,0.6,0.109375,True,0.8,2,0.6,0.6,0.6,0.6,1.0,8,8,True,True,True,True,False,False,False,False,True
TELEPORTATION,payload_1,rigetti_ankaa_3,QBRAID,10,1,,1021.0,rigetti_ankaa_3-cmarquezb-qjob-mmwa9lh8ibc2z32lp8jx,experiment_results_dynamic_1-4_500-505_20250902_164443_updated.csv,1411,teleportation_hardware,1,1,singleton,False,1.0,0,0.6,8,2,0.6,1.0,0.8,0.6,0.109375,True,0.8,2,0.6,0.6,0.6,0.6,1.0,8,8,True,True,True,True,False,False,False,False,True
TELEPORTATION,payload_2,rigetti_ankaa_3,QBRAID,10,2,,513.0,rigetti_ankaa_3-cmarquezb-qjob-6mfvwnb0b4vy39w5nqo7,experiment_results_dynamic_1-4_500-505_20250902_164443_updated.csv,1412,teleportation_hardware,2,1,singleton,False,0.0,11,0.0,4,3,0.14285714285714285,0.7,0.4,0.1,1.0,True,0.1,4,-0.6,0.0,-0.6,-0.6,1.0,1,1,True,True,False,False,False,False,False,False,True
TELEPORTATION,payload_2,rigetti_ankaa_3,QBRAID,10,2,,513.0,rigetti_ankaa_3-cmarquezb-qjob-pc65l47gyxnqubu3gd6v,experiment_results_dynamic_1-4_500-505_20250902_164443_updated.csv,1413,teleportation_hardware,2,1,singleton,False,1.0,00,0.428571,5,2,0.42857142857142855,0.7,0.5,0.3,0.453125,True,0.5,2,0.42857142857142855,0.42857142857142855,0.42857142857142855,0.42857142857142855,1.0,5,5,True,True,True,False,False,False,False,False,True
TELEPORTATION,payload_2,rigetti_ankaa_3,QBRAID,10,2,,515.0,rigetti_ankaa_3-cmarquezb-qjob-4htwdjxeq3mrt506fopm,experiment_results_dynamic_1-4_500-505_20250902_164443_updated.csv,1414,teleportation_hardware,2,1,singleton,False,1.0,00,0.142857,4,3,0.14285714285714285,0.7,0.4,0.1,1.0,True,0.4,3,0.14285714285714285,0.14285714285714285,0.14285714285714285,0.14285714285714285,1.0,4,4,True,True,False,False,False,False,False,False,True
TELEPORTATION,payload_2,rigetti_ankaa_3,QBRAID,10,2,,515.0,rigetti_ankaa_3-cmarquezb-qjob-qqj2c5bv8l7xjxu3sptp,experiment_results_dynamic_1-4_500-505_20250902_164443_updated.csv,1415,teleportation_hardware,2,1,singleton,False,0.0,11,0.0,5,4,0.1111111111111111,0.9,0.5,0.1,1.0,True,0.4,5,-0.1111111111111111,0.0,-0.1111111111111111,-0.1111111111111111,1.0,4,4,True,True,False,False,False,False,False,False,True
TELEPORTATION,payload_2,rigetti_ankaa_3,QBRAID,10,2,,517.0,rigetti_ankaa_3-cmarquezb-qjob-jnjfkzn57wjp76bkofo2,experiment_results_dynamic_1-4_500-505_20250902_164443_updated.csv,1416,teleportation_hardware,2,1,singleton,False,1.0,00,0.111111,5,4,0.1111111111111111,0.9,0.5,0.1,1.0,True,0.5,4,0.1111111111111111,0.1111111111111111,0.1111111111111111,0.1111111111111111,1.0,5,5,True,True,False,False,False,False,False,False,True
TELEPORTATION,payload_2,rigetti_ankaa_3,QBRAID,10,2,,517.0,rigetti_ankaa_3-cmarquezb-qjob-gy0pqzvj7vzq19q8djym,experiment_results_dynamic_1-4_500-505_20250902_164443_updated.csv,1417,teleportation_hardware,2,1,singleton,False,1.0,00,0.25,5,3,0.25,0.8,0.5,0.2,0.7265625,True,0.5,3,0.25,0.25,0.25,0.25,1.0,5,5,True,True,True,False,False,False,False,False,True
TELEPORTATION,payload_3,rigetti_ankaa_3,QBRAID,10,3,,347.0,rigetti_ankaa_3-cmarquezb-qjob-dq5c7ervefp2lp7sc8li,experiment_results_dynamic_1-4_500-505_20250902_164443_updated.csv,1418,teleportation_hardware,3,1,singleton,False,1.0,000,0.428571,5,2,0.42857142857142855,0.7,0.5,0.3,0.453125,True,0.5,2,0.42857142857142855,0.42857142857142855,0.42857142857142855,0.42857142857142855,1.0,5,5,True,True,True,False,False,False,False,False,True
TELEPORTATION,payload_3,rigetti_ankaa_3,QBRAID,10,3,,349.0,rigetti_ankaa_3-cmarquezb-qjob-4j7389ma74u5reo8rid7,experiment_results_dynamic_1-4_500-505_20250902_164443_updated.csv,1419,teleportation_hardware,3,1,singleton,False,0.0,010,0.0,3,2,0.2,0.5,0.3,0.1,1.0,True,0.2,3,-0.2,0.0,-0.2,-0.2,1.0,2,2,True,True,True,False,False,False,False,False,True
TELEPORTATION,payload_3,rigetti_ankaa_3,QBRAID,10,3,,349.0,rigetti_ankaa_3-cmarquezb-qjob-uax2tqr2o610gbywlgn8,experiment_results_dynamic_1-4_500-505_20250902_164443_updated.csv,1420,teleportation_hardware,3,1,singleton,False,1.0,000,0.142857,4,3,0.14285714285714285,0.7,0.4,0.1,1.0,True,0.4,3,0.14285714285714285,0.14285714285714285,0.14285714285714285,0.14285714285714285,1.0,4,4,True,True,False,False,False,False,False,False,True
TELEPORTATION,payload_3,rigetti_ankaa_3,QBRAID,10,3,,349.0,rigetti_ankaa_3-cmarquezb-qjob-mf5kud16nvmm6yqi1qhe,experiment_results_dynamic_1-4_500-505_20250902_164443_updated.csv,1421,teleportation_hardware,3,1,singleton,False,1.0,000,0.428571,5,2,0.42857142857142855,0.7,0.5,0.3,0.453125,True,0.5,2,0.42857142857142855,0.42857142857142855,0.42857142857142855,0.42857142857142855,1.0,5,5,True,True,True,False,False,False,False,False,True
TELEPORTATION,payload_3,rigetti_ankaa_3,QBRAID,10,3,,351.0,rigetti_ankaa_3-cmarquezb-qjob-i3bqargeougpyw1vmrjo,experiment_results_dynamic_1-4_500-505_20250902_164443_updated.csv,1422,teleportation_hardware,3,1,singleton,False,1.0,000,0.142857,4,3,0.14285714285714285,0.7,0.4,0.1,1.0,True,0.4,3,0.14285714285714285,0.14285714285714285,0.14285714285714285,0.14285714285714285,1.0,4,4,True,True,False,False,False,False,False,False,True
TELEPORTATION,payload_3,rigetti_ankaa_3,QBRAID,10,3,,351.0,rigetti_ankaa_3-cmarquezb-qjob-dq9cptz4vjbz3f969lsb,experiment_results_dynamic_1-4_500-505_20250902_164443_updated.csv,1423,teleportation_hardware,3,1,singleton,False,0.0,111,0.0,3,2,0.2,0.5,0.3,0.1,1.0,True,0.1,3,-0.5,0.0,-0.5,-0.5,1.0,1,1,True,True,True,False,False,False,False,False,True
TELEPORTATION,payload_4,rigetti_ankaa_3,QBRAID,10,4,,267.0,rigetti_ankaa_3-cmarquezb-qjob-1lyjgtt0a6xzjv5rxu1s,experiment_results_dynamic_1-4_500-505_20250902_164443_updated.csv,1424,teleportation_hardware,4,1,singleton,False,0.5,TIED,0.0,2,2,0.0,0.4,0.2,0.0,1.0,False,0.2,2,0.0,0.0,0.0,0.0,1.0,2,2,True,False,False,False,False,False,False,False,False
TELEPORTATION,payload_4,rigetti_ankaa_3,QBRAID,10,4,,267.0,rigetti_ankaa_3-cmarquezb-qjob-xt1ejr8q2bf0znamoeld,experiment_results_dynamic_1-4_500-505_20250902_164443_updated.csv,1425,teleportation_hardware,4,1,singleton,False,0.0,TIED,0.0,2,2,0.0,0.4,0.2,0.0,1.0,False,0.1,2,-0.3333333333333333,0.0,-0.3333333333333333,-0.3333333333333333,1.0,1,1,True,False,False,False,False,False,False,False,False
TELEPORTATION,payload_4,rigetti_ankaa_3,QBRAID,10,4,,267.0,rigetti_ankaa_3-cmarquezb-qjob-qxxhcddsljslvnheh6gh,experiment_results_dynamic_1-4_500-505_20250902_164443_updated.csv,1426,teleportation_hardware,4,1,singleton,False,0.0,0100,0.0,2,1,0.3333333333333333,0.3,0.2,0.1,1.0,True,0.1,2,-0.3333333333333333,0.0,-0.3333333333333333,-0.3333333333333333,1.0,1,1,True,True,True,False,False,False,False,False,True
TELEPORTATION,payload_4,rigetti_ankaa_3,QBRAID,10,4,,267.0,rigetti_ankaa_3-cmarquezb-qjob-29q946fifjq7opk9nduh,experiment_results_dynamic_1-4_500-505_20250902_164443_updated.csv,1427,teleportation_hardware,4,1,singleton,False,0.5,TIED,0.0,3,3,0.0,0.6,0.3,0.0,1.0,False,0.3,3,0.0,0.0,0.0,0.0,1.0,3,3,True,False,False,False,False,False,False,False,False
TELEPORTATION,payload_4,rigetti_ankaa_3,QBRAID,10,4,,269.0,rigetti_ankaa_3-cmarquezb-qjob-q4ezlg0g1ruibnblc6g2,experiment_results_dynamic_1-4_500-505_20250902_164443_updated.csv,1428,teleportation_hardware,4,1,singleton,False,0.5,TIED,0.0,3,3,0.0,0.6,0.3,0.0,1.0,False,0.3,3,0.0,0.0,0.0,0.0,1.0,3,3,True,False,False,False,False,False,False,False,False
TELEPORTATION,payload_4,rigetti_ankaa_3,QBRAID,10,4,,269.0,rigetti_ankaa_3-cmarquezb-qjob-rszifhruao24917l9l39,experiment_results_dynamic_1-4_500-505_20250902_164443_updated.csv,1429,teleportation_hardware,4,1,singleton,False,0.0,TIED,0.0,2,2,0.0,0.4,0.2,0.0,1.0,False,0.0,2,-1.0,0.0,-1.0,-1.0,0.0,0,0,True,False,False,False,False,False,False,False,False
TELEPORTATION,payload_1,rigetti_ankaa_3,QBRAID,10,1,,10011.0,rigetti_ankaa_3-cmarquezb-qjob-cxvbh3fgyd5vyghl57h5,experiment_results_dynamic_1-4_5000-5005_20250902_171809_updated.csv,1430,teleportation_hardware,1,1,singleton,False,1.0,0,0.4,7,3,0.4,1.0,0.7,0.4,0.34375,True,0.7,3,0.4,0.4,0.4,0.4,1.0,7,7,True,True,True,False,False,False,False,False,True
TELEPORTATION,payload_1,rigetti_ankaa_3,QBRAID,10,1,,10013.0,rigetti_ankaa_3-cmarquezb-qjob-gmrgwe1h1pbcl139s793,experiment_results_dynamic_1-4_5000-5005_20250902_171809_updated.csv,1431,teleportation_hardware,1,1,singleton,False,1.0,0,0.2,6,4,0.2,1.0,0.6,0.2,0.75390625,True,0.6,4,0.2,0.2,0.2,0.2,1.0,6,6,True,True,True,False,False,False,False,False,True
TELEPORTATION,payload_1,rigetti_ankaa_3,QBRAID,10,1,,10015.0,rigetti_ankaa_3-cmarquezb-qjob-qglvuayd0ypztkbj3ob0,experiment_results_dynamic_1-4_5000-5005_20250902_171809_updated.csv,1432,teleportation_hardware,1,1,singleton,False,1.0,0,0.8,9,1,0.8,1.0,0.9,0.8,0.021484375,True,0.9,1,0.8,0.8,0.8,0.8,1.0,9,9,True,True,True,True,True,True,False,True,True
TELEPORTATION,payload_1,rigetti_ankaa_3,QBRAID,10,1,,10017.0,rigetti_ankaa_3-cmarquezb-qjob-nep0inmtv9j75key7l06,experiment_results_dynamic_1-4_5000-5005_20250902_171809_updated.csv,1433,teleportation_hardware,1,1,singleton,False,1.0,0,0.4,7,3,0.4,1.0,0.7,0.4,0.34375,True,0.7,3,0.4,0.4,0.4,0.4,1.0,7,7,True,True,True,False,False,False,False,False,True
TELEPORTATION,payload_1,rigetti_ankaa_3,QBRAID,10,1,,10019.0,rigetti_ankaa_3-cmarquezb-qjob-4qsjqhqxe908g3zlfbf6,experiment_results_dynamic_1-4_5000-5005_20250902_171809_updated.csv,1434,teleportation_hardware,1,1,singleton,False,1.0,0,0.4,7,3,0.4,1.0,0.7,0.4,0.34375,True,0.7,3,0.4,0.4,0.4,0.4,1.0,7,7,True,True,True,False,False,False,False,False,True
TELEPORTATION,payload_1,rigetti_ankaa_3,QBRAID,10,1,,10021.0,rigetti_ankaa_3-cmarquezb-qjob-8wwaigvz7sh2eytjtpek,experiment_results_dynamic_1-4_5000-5005_20250902_171809_updated.csv,1435,teleportation_hardware,1,1,singleton,False,0.5,TIED,0.0,5,5,0.0,1.0,0.5,0.0,1.0,False,0.5,5,0.0,0.0,0.0,0.0,1.0,5,5,True,False,False,False,False,False,False,False,False
TELEPORTATION,payload_2,rigetti_ankaa_3,QBRAID,10,2,,5013.0,rigetti_ankaa_3-cmarquezb-qjob-ypt5yocg2pu47e78ldmj,experiment_results_dynamic_1-4_5000-5005_20250902_171809_updated.csv,1436,teleportation_hardware,2,1,singleton,False,0.5,TIED,0.0,3,3,0.0,0.6,0.3,0.0,1.0,False,0.3,3,0.0,0.0,0.0,0.0,1.0,3,3,True,False,False,False,False,False,False,False,False
TELEPORTATION,payload_2,rigetti_ankaa_3,QBRAID,10,2,,5013.0,rigetti_ankaa_3-cmarquezb-qjob-43hb5pygn6fq2hytuxal,experiment_results_dynamic_1-4_5000-5005_20250902_171809_updated.csv,1437,teleportation_hardware,2,1,singleton,False,0.5,TIED,0.0,4,4,0.0,0.8,0.4,0.0,1.0,False,0.4,4,0.0,0.0,0.0,0.0,1.0,4,4,True,False,False,False,False,False,False,False,False
TELEPORTATION,payload_2,rigetti_ankaa_3,QBRAID,10,2,,5015.0,rigetti_ankaa_3-cmarquezb-qjob-9a0h1byvntacy40w5dlb,experiment_results_dynamic_1-4_5000-5005_20250902_171809_updated.csv,1438,teleportation_hardware,2,1,singleton,False,0.0,01,0.0,4,3,0.14285714285714285,0.7,0.4,0.1,1.0,True,0.1,4,-0.6,0.0,-0.6,-0.6,1.0,1,1,True,True,False,False,False,False,False,False,True
TELEPORTATION,payload_2,rigetti_ankaa_3,QBRAID,10,2,,5015.0,rigetti_ankaa_3-cmarquezb-qjob-7qbzazcw78r1qvicm3e9,experiment_results_dynamic_1-4_5000-5005_20250902_171809_updated.csv,1439,teleportation_hardware,2,1,singleton,False,1.0,00,0.333333,4,2,0.3333333333333333,0.6,0.4,0.2,0.6875,True,0.4,2,0.3333333333333333,0.3333333333333333,0.3333333333333333,0.3333333333333333,1.0,4,4,True,True,True,False,False,False,False,False,True
TELEPORTATION,payload_2,rigetti_ankaa_3,QBRAID,10,2,,5017.0,rigetti_ankaa_3-cmarquezb-qjob-ipnecdsiw401nftcaulm,experiment_results_dynamic_1-4_5000-5005_20250902_171809_updated.csv,1440,teleportation_hardware,2,1,singleton,False,0.0,11,0.0,5,4,0.1111111111111111,0.9,0.5,0.1,1.0,True,0.4,5,-0.1111111111111111,0.0,-0.1111111111111111,-0.1111111111111111,1.0,4,4,True,True,False,False,False,False,False,False,True
TELEPORTATION,payload_2,rigetti_ankaa_3,QBRAID,10,2,,5017.0,rigetti_ankaa_3-cmarquezb-qjob-kna0jm35fjtpiba071t8,experiment_results_dynamic_1-4_5000-5005_20250902_171809_updated.csv,1441,teleportation_hardware,2,1,singleton,False,0.0,11,0.0,5,4,0.1111111111111111,0.9,0.5,0.1,1.0,True,0.1,5,-0.6666666666666666,0.0,-0.6666666666666666,-0.6666666666666666,1.0,1,1,True,True,False,False,False,False,False,False,True
TELEPORTATION,payload_3,rigetti_ankaa_3,SIMULATION,1024,3,,3347.0,rigetti_ankaa_3-cmarquezb-qjob-4ebw0rcdq6jtdssdbmup,experiment_results_dynamic_1-4_5000-5005_20250902_171809_updated.csv,1442,teleportation_simulator,3,1,singleton,False,1.0,000,1.0,1024,0,1.0,1.0,1.0,1.0,1.1125369292536007e-308,True,1.0,0,1.0,1.0,1.0,1.0,1.0,1024,1024,True,True,True,True,True,True,True,True,True
TELEPORTATION,payload_3,rigetti_ankaa_3,QBRAID,10,3,,3349.0,rigetti_ankaa_3-cmarquezb-qjob-jgiwugyb3xvgg6x7kv3o,experiment_results_dynamic_1-4_5000-5005_20250902_171809_updated.csv,1443,teleportation_hardware,3,1,singleton,False,0.0,010,0.0,4,3,0.14285714285714285,0.7,0.4,0.1,1.0,True,0.2,4,-0.3333333333333333,0.0,-0.3333333333333333,-0.3333333333333333,1.0,2,2,True,True,False,False,False,False,False,False,True
TELEPORTATION,payload_3,rigetti_ankaa_3,QBRAID,10,3,,3349.0,rigetti_ankaa_3-cmarquezb-qjob-zy4yclbthf8zqf54g2k4,experiment_results_dynamic_1-4_5000-5005_20250902_171809_updated.csv,1444,teleportation_hardware,3,1,singleton,False,1.0,000,0.666667,5,1,0.6666666666666666,0.6,0.5,0.4,0.21875,True,0.5,1,0.6666666666666666,0.6666666666666666,0.6666666666666666,0.6666666666666666,1.0,5,5,True,True,True,True,False,False,False,False,True
TELEPORTATION,payload_3,rigetti_ankaa_3,QBRAID,10,3,,3349.0,rigetti_ankaa_3-cmarquezb-qjob-mdi2u987xml21144nzc7,experiment_results_dynamic_1-4_5000-5005_20250902_171809_updated.csv,1445,teleportation_hardware,3,1,singleton,False,1.0,000,0.142857,4,3,0.14285714285714285,0.7,0.4,0.1,1.0,True,0.4,3,0.14285714285714285,0.14285714285714285,0.14285714285714285,0.14285714285714285,1.0,4,4,True,True,False,False,False,False,False,False,True
TELEPORTATION,payload_3,rigetti_ankaa_3,QBRAID,10,3,,3351.0,rigetti_ankaa_3-cmarquezb-qjob-ze5dnvx1t5bwgj511wck,experiment_results_dynamic_1-4_5000-5005_20250902_171809_updated.csv,1446,teleportation_hardware,3,1,singleton,False,0.0,111,0.0,5,2,0.42857142857142855,0.7,0.5,0.3,0.453125,True,0.2,5,-0.42857142857142855,0.0,-0.42857142857142855,-0.42857142857142855,1.0,2,2,True,True,True,False,False,False,False,False,True
TELEPORTATION,payload_3,rigetti_ankaa_3,QBRAID,10,3,,3351.0,rigetti_ankaa_3-cmarquezb-qjob-u9rhdf60bs5vo1gqcyii,experiment_results_dynamic_1-4_5000-5005_20250902_171809_updated.csv,1447,teleportation_hardware,3,1,singleton,False,1.0,000,0.142857,4,3,0.14285714285714285,0.7,0.4,0.1,1.0,True,0.4,3,0.14285714285714285,0.14285714285714285,0.14285714285714285,0.14285714285714285,1.0,4,4,True,True,False,False,False,False,False,False,True
TELEPORTATION,payload_4,rigetti_ankaa_3,QBRAID,10,4,,2517.0,rigetti_ankaa_3-cmarquezb-qjob-ls5qjjwnbckslum272kw,experiment_results_dynamic_1-4_5000-5005_20250902_171809_updated.csv,1448,teleportation_hardware,4,1,singleton,False,0.0,0001,0.0,3,2,0.2,0.5,0.3,0.1,1.0,True,0.1,3,-0.5,0.0,-0.5,-0.5,1.0,1,1,True,True,True,False,False,False,False,False,True
TELEPORTATION,payload_4,rigetti_ankaa_3,SIMULATION,1024,4,,2517.0,rigetti_ankaa_3-cmarquezb-qjob-f2zpd89ydk3o05ywuwhu,experiment_results_dynamic_1-4_5000-5005_20250902_171809_updated.csv,1449,teleportation_simulator,4,1,singleton,False,1.0,0000,1.0,1024,0,1.0,1.0,1.0,1.0,1.1125369292536007e-308,True,1.0,0,1.0,1.0,1.0,1.0,1.0,1024,1024,True,True,True,True,True,True,True,True,True
TELEPORTATION,payload_4,rigetti_ankaa_3,QBRAID,10,4,,2517.0,rigetti_ankaa_3-cmarquezb-qjob-2yx2rqo1gcr01djxlyhf,experiment_results_dynamic_1-4_5000-5005_20250902_171809_updated.csv,1450,teleportation_hardware,4,1,singleton,False,0.0,0010,0.0,3,2,0.2,0.5,0.3,0.1,1.0,True,0.1,3,-0.5,0.0,-0.5,-0.5,1.0,1,1,True,True,True,False,False,False,False,False,True
TELEPORTATION,payload_4,rigetti_ankaa_3,SIMULATION,1024,4,,2517.0,rigetti_ankaa_3-cmarquezb-qjob-fv4cv4l9zgjb01pkx4c8,experiment_results_dynamic_1-4_5000-5005_20250902_171809_updated.csv,1451,teleportation_simulator,4,1,singleton,False,1.0,0000,1.0,1024,0,1.0,1.0,1.0,1.0,1.1125369292536007e-308,True,1.0,0,1.0,1.0,1.0,1.0,1.0,1024,1024,True,True,True,True,True,True,True,True,True
TELEPORTATION,payload_4,rigetti_ankaa_3,QBRAID,10,4,,2519.0,rigetti_ankaa_3-cmarquezb-qjob-3xo705p07tohzgykn1jz,experiment_results_dynamic_1-4_5000-5005_20250902_171809_updated.csv,1452,teleportation_hardware,4,1,singleton,False,0.3333333333333333,TIED,0.0,2,2,0.0,0.4,0.2,0.0,1.0,False,0.2,2,0.0,0.0,0.0,0.0,1.0,2,2,True,False,False,False,False,False,False,False,False
TELEPORTATION,payload_4,rigetti_ankaa_3,SIMULATION,1024,4,,2519.0,rigetti_ankaa_3-cmarquezb-qjob-uyce94jp1jkvrrdv978d,experiment_results_dynamic_1-4_5000-5005_20250902_171809_updated.csv,1453,teleportation_simulator,4,1,singleton,False,1.0,0000,1.0,1024,0,1.0,1.0,1.0,1.0,1.1125369292536007e-308,True,1.0,0,1.0,1.0,1.0,1.0,1.0,1024,1024,True,True,True,True,True,True,True,True,True
TELEPORTATION,payload_1,,AWS,10,1,,14005.0,arn:aws:braket:us-west-1:265556963705:quantum-task/511e89fb-3f63-4513-9bea-39bc572bae38,experiment_results_dynamic_1-4_7000-7005_20250926_142727-updated.csv,1454,teleportation_hardware,1,1,singleton,True,1.0,0,1.0,10,0,1.0,1.0,1.0,1.0,0.001953125,True,1.0,0,1.0,1.0,1.0,1.0,1.0,10,10,True,True,True,True,True,True,True,True,True
TELEPORTATION,payload_1,,AWS,10,1,,14007.0,arn:aws:braket:us-west-1:265556963705:quantum-task/198a6c1a-0afa-4bff-a655-caae017ca93c,experiment_results_dynamic_1-4_7000-7005_20250926_142727-updated.csv,1455,teleportation_hardware,1,1,singleton,True,1.0,0,0.6,8,2,0.6,1.0,0.8,0.6,0.109375,True,0.8,2,0.6,0.6,0.6,0.6,1.0,8,8,True,True,True,True,False,False,False,False,True
TELEPORTATION,payload_1,,AWS,10,1,,14009.0,arn:aws:braket:us-west-1:265556963705:quantum-task/55f2ba48-3f35-41df-ae73-5da36713e34f,experiment_results_dynamic_1-4_7000-7005_20250926_142727-updated.csv,1456,teleportation_hardware,1,1,singleton,True,1.0,0,0.6,8,2,0.6,1.0,0.8,0.6,0.109375,True,0.8,2,0.6,0.6,0.6,0.6,1.0,8,8,True,True,True,True,False,False,False,False,True
TELEPORTATION,payload_1,,AWS,10,1,,14011.0,arn:aws:braket:us-west-1:265556963705:quantum-task/a15c4df0-82f9-434c-a7fa-f00987cf83ad,experiment_results_dynamic_1-4_7000-7005_20250926_142727-updated.csv,1457,teleportation_hardware,1,1,singleton,True,1.0,0,0.4,7,3,0.4,1.0,0.7,0.4,0.34375,True,0.7,3,0.4,0.4,0.4,0.4,1.0,7,7,True,True,True,False,False,False,False,False,True
TELEPORTATION,payload_1,,AWS,10,1,,14013.0,arn:aws:braket:us-west-1:265556963705:quantum-task/1449d67a-8bfa-4639-a3de-37fb4cdae679,experiment_results_dynamic_1-4_7000-7005_20250926_142727-updated.csv,1458,teleportation_hardware,1,1,singleton,True,0.5,TIED,0.0,5,5,0.0,1.0,0.5,0.0,1.0,False,0.5,5,0.0,0.0,0.0,0.0,1.0,5,5,True,False,False,False,False,False,False,False,False
TELEPORTATION,payload_1,,AWS,10,1,,14015.0,arn:aws:braket:us-west-1:265556963705:quantum-task/53ac7da3-112b-4002-b271-2c2867dfd56e,experiment_results_dynamic_1-4_7000-7005_20250926_142727-updated.csv,1459,teleportation_hardware,1,1,singleton,True,1.0,0,0.4,7,3,0.4,1.0,0.7,0.4,0.34375,True,0.7,3,0.4,0.4,0.4,0.4,1.0,7,7,True,True,True,False,False,False,False,False,True
TELEPORTATION,payload_2,,AWS,10,2,,7007.0,arn:aws:braket:us-west-1:265556963705:quantum-task/048f7c01-c526-4b2f-9e10-c9702c7ffaf4,experiment_results_dynamic_1-4_7000-7005_20250926_142727-updated.csv,1460,teleportation_hardware,2,1,singleton,True,1.0,00,0.555556,7,2,0.5555555555555556,0.9,0.7,0.5,0.1796875,True,0.7,2,0.5555555555555556,0.5555555555555556,0.5555555555555556,0.5555555555555556,1.0,7,7,True,True,True,True,False,False,False,False,True
TELEPORTATION,payload_2,,AWS,10,2,,7007.0,arn:aws:braket:us-west-1:265556963705:quantum-task/e99db138-809e-4580-a8c4-979760170bb9,experiment_results_dynamic_1-4_7000-7005_20250926_142727-updated.csv,1461,teleportation_hardware,2,1,singleton,True,0.5,TIED,0.0,4,4,0.0,0.8,0.4,0.0,1.0,False,0.4,4,0.0,0.0,0.0,0.0,1.0,4,4,True,False,False,False,False,False,False,False,False
TELEPORTATION,payload_2,,AWS,10,2,,7009.0,arn:aws:braket:us-west-1:265556963705:quantum-task/5cd17390-4514-400c-8f7d-e3ec90e7446f,experiment_results_dynamic_1-4_7000-7005_20250926_142727-updated.csv,1462,teleportation_hardware,2,1,singleton,True,0.0,11,0.0,5,4,0.1111111111111111,0.9,0.5,0.1,1.0,True,0.0,5,-1.0,0.0,-1.0,-1.0,0.0,0,0,True,True,False,False,False,False,False,False,True
TELEPORTATION,payload_2,,AWS,10,2,,7009.0,arn:aws:braket:us-west-1:265556963705:quantum-task/bef48099-c83f-43fa-91fe-d9a80e2b8c92,experiment_results_dynamic_1-4_7000-7005_20250926_142727-updated.csv,1463,teleportation_hardware,2,1,singleton,True,0.0,11,0.0,6,3,0.3333333333333333,0.9,0.6,0.3,0.5078125,True,0.3,6,-0.3333333333333333,0.0,-0.3333333333333333,-0.3333333333333333,1.0,3,3,True,True,True,False,False,False,False,False,True
TELEPORTATION,payload_2,,AWS,10,2,,7011.0,arn:aws:braket:us-west-1:265556963705:quantum-task/47c549e0-fc65-404a-8863-cce84141a347,experiment_results_dynamic_1-4_7000-7005_20250926_142727-updated.csv,1464,teleportation_hardware,2,1,singleton,True,0.5,TIED,0.0,4,4,0.0,0.8,0.4,0.0,1.0,False,0.4,4,0.0,0.0,0.0,0.0,1.0,4,4,True,False,False,False,False,False,False,False,False
TELEPORTATION,payload_2,,AWS,10,2,,7011.0,arn:aws:braket:us-west-1:265556963705:quantum-task/67bb6527-4ecf-4731-b275-7d1d6a749369,experiment_results_dynamic_1-4_7000-7005_20250926_142727-updated.csv,1465,teleportation_hardware,2,1,singleton,True,0.0,11,0.0,5,4,0.1111111111111111,0.9,0.5,0.1,1.0,True,0.4,5,-0.1111111111111111,0.0,-0.1111111111111111,-0.1111111111111111,1.0,4,4,True,True,False,False,False,False,False,False,True
TELEPORTATION,payload_3,,AWS,10,3,,4675.0,arn:aws:braket:us-west-1:265556963705:quantum-task/f57fbec9-0e49-4406-b2fe-ab4df9da2127,experiment_results_dynamic_1-4_7000-7005_20250926_142727-updated.csv,1466,teleportation_hardware,3,1,singleton,True,0.0,010,0.0,5,2,0.42857142857142855,0.7,0.5,0.3,0.453125,True,0.2,5,-0.42857142857142855,0.0,-0.42857142857142855,-0.42857142857142855,1.0,2,2,True,True,True,False,False,False,False,False,True
TELEPORTATION,payload_3,,AWS,10,3,,4675.0,arn:aws:braket:us-west-1:265556963705:quantum-task/acf831b2-209c-47da-9821-19b2ac00c913,experiment_results_dynamic_1-4_7000-7005_20250926_142727-updated.csv,1467,teleportation_hardware,3,1,singleton,True,0.0,010,0.0,5,2,0.42857142857142855,0.7,0.5,0.3,0.453125,True,0.2,5,-0.42857142857142855,0.0,-0.42857142857142855,-0.42857142857142855,1.0,2,2,True,True,True,False,False,False,False,False,True
TELEPORTATION,payload_3,,AWS,10,3,,4677.0,arn:aws:braket:us-west-1:265556963705:quantum-task/51b994aa-fb49-45cd-b0e0-905096405ef7,experiment_results_dynamic_1-4_7000-7005_20250926_142727-updated.csv,1468,teleportation_hardware,3,1,singleton,True,1.0,000,0.428571,5,2,0.42857142857142855,0.7,0.5,0.3,0.453125,True,0.5,2,0.42857142857142855,0.42857142857142855,0.42857142857142855,0.42857142857142855,1.0,5,5,True,True,True,False,False,False,False,False,True
TELEPORTATION,payload_3,,AWS,10,3,,4677.0,arn:aws:braket:us-west-1:265556963705:quantum-task/a84bbda9-1bf1-4d46-b65e-5a41792a1e68,experiment_results_dynamic_1-4_7000-7005_20250926_142727-updated.csv,1469,teleportation_hardware,3,1,singleton,True,1.0,000,0.5,6,2,0.5,0.8,0.6,0.4,0.2890625,True,0.6,2,0.5,0.5,0.5,0.5,1.0,6,6,True,True,True,True,False,False,False,False,True
TELEPORTATION,payload_3,,AWS,10,3,,4677.0,arn:aws:braket:us-west-1:265556963705:quantum-task/d58ca47b-6213-44e6-ae0c-93f7724bd6cf,experiment_results_dynamic_1-4_7000-7005_20250926_142727-updated.csv,1470,teleportation_hardware,3,1,singleton,True,1.0,000,0.142857,4,3,0.14285714285714285,0.7,0.4,0.1,1.0,True,0.4,3,0.14285714285714285,0.14285714285714285,0.14285714285714285,0.14285714285714285,1.0,4,4,True,True,False,False,False,False,False,False,True
TELEPORTATION,payload_3,,AWS,10,3,,4679.0,arn:aws:braket:us-west-1:265556963705:quantum-task/917142fa-9c44-4dfd-8842-77e21a5a8b40,experiment_results_dynamic_1-4_7000-7005_20250926_142727-updated.csv,1471,teleportation_hardware,3,1,singleton,True,0.0,010,0.0,4,3,0.14285714285714285,0.7,0.4,0.1,1.0,True,0.3,4,-0.14285714285714285,0.0,-0.14285714285714285,-0.14285714285714285,1.0,3,3,True,True,False,False,False,False,False,False,True
TELEPORTATION,payload_4,,AWS,10,4,,3511.0,arn:aws:braket:us-west-1:265556963705:quantum-task/2c1ebbd8-c388-40da-bd8d-ddb804f1c5e6,experiment_results_dynamic_1-4_7000-7005_20250926_142727-updated.csv,1472,teleportation_hardware,4,1,singleton,True,0.0,1011,0.0,2,1,0.3333333333333333,0.3,0.2,0.1,1.0,True,0.0,2,-1.0,0.0,-1.0,-1.0,0.0,0,0,True,True,True,False,False,False,False,False,True
TELEPORTATION,payload_4,,AWS,10,4,,3511.0,arn:aws:braket:us-west-1:265556963705:quantum-task/dd674282-1975-4467-b7ba-dbfea81fd805,experiment_results_dynamic_1-4_7000-7005_20250926_142727-updated.csv,1473,teleportation_hardware,4,1,singleton,True,0.0,TIED,0.0,2,2,0.0,0.4,0.2,0.0,1.0,False,0.1,2,-0.3333333333333333,0.0,-0.3333333333333333,-0.3333333333333333,1.0,1,1,True,False,False,False,False,False,False,False,False
TELEPORTATION,payload_4,,AWS,10,4,,3511.0,arn:aws:braket:us-west-1:265556963705:quantum-task/0d3d7611-da4d-4570-b811-855f8e176967,experiment_results_dynamic_1-4_7000-7005_20250926_142727-updated.csv,1474,teleportation_hardware,4,1,singleton,True,0.0,1101,0.0,3,2,0.2,0.5,0.3,0.1,1.0,True,0.1,3,-0.5,0.0,-0.5,-0.5,1.0,1,1,True,True,True,False,False,False,False,False,True
TELEPORTATION,payload_4,,AWS,10,4,,3511.0,arn:aws:braket:us-west-1:265556963705:quantum-task/32a31c0a-b3c0-47b4-9629-86ba7dc05b54,experiment_results_dynamic_1-4_7000-7005_20250926_142727-updated.csv,1475,teleportation_hardware,4,1,singleton,True,0.0,1011,0.0,3,1,0.5,0.4,0.3,0.2,0.625,True,0.0,3,-1.0,0.0,-1.0,-1.0,0.0,0,0,True,True,True,True,False,False,False,False,True
TELEPORTATION,payload_4,,AWS,10,4,,3513.0,arn:aws:braket:us-west-1:265556963705:quantum-task/c0b21644-fdf9-45aa-bb62-ed8f6af96598,experiment_results_dynamic_1-4_7000-7005_20250926_142727-updated.csv,1476,teleportation_hardware,4,1,singleton,True,0.0,1100,0.0,2,1,0.3333333333333333,0.3,0.2,0.1,1.0,True,0.0,2,-1.0,0.0,-1.0,-1.0,0.0,0,0,True,True,True,False,False,False,False,False,True
TELEPORTATION,payload_4,,AWS,10,4,,3513.0,arn:aws:braket:us-west-1:265556963705:quantum-task/80cdb81e-ed1b-48f1-8a22-3ab83201e1d8,experiment_results_dynamic_1-4_7000-7005_20250926_142727-updated.csv,1477,teleportation_hardware,4,1,singleton,True,0.0,TIED,0.0,2,2,0.0,0.4,0.2,0.0,1.0,False,0.0,2,-1.0,0.0,-1.0,-1.0,0.0,0,0,True,False,False,False,False,False,False,False,False
