row_id,algorithm,config_id,backend_name,target_group,budget,candidate_correct,holdout_unique_leader,holdout_candidate_mass,contrast,gap,rank_p,pass_inspect_all,pass_unique_mode,pass_contrast_0.2,pass_contrast_0.5,pass_contrast_0.8,pass_rank_0.05,pass_rank_0.01,pass_contrast_0.2_and_rank_0.05,pass_gap_0.05
0,GROVER,ASYM-1,ibm_fez,multiple,64,1.0,0.9666666666666667,0.3068402777777778,0.2720704994398847,0.1390625,0.26699243220888697,1.0,1.0,0.6666666666666666,0.06666666666666667,0.0,0.2,0.1,0.2,0.9333333333333333
0,GROVER,ASYM-1,ibm_fez,multiple,128,1.0,1.0,0.310639880952381,0.30929032358520075,0.15390625,0.09016341891903018,1.0,1.0,0.8,0.1,0.0,0.7,0.43333333333333335,0.7,0.9333333333333333
0,GROVER,ASYM-1,ibm_fez,multiple,256,1.0,1.0,0.3124565972222222,0.2855194796008823,0.138671875,0.018455018563688398,1.0,1.0,0.8666666666666667,0.0,0.0,0.8666666666666667,0.7333333333333333,0.8666666666666667,1.0
0,GROVER,ASYM-1,ibm_fez,multiple,512,1.0,1.0,0.3146484375,0.2920330884866333,0.14029947916666666,5.9899523613917636e-05,1.0,1.0,1.0,0.0,0.0,1.0,1.0,1.0,1.0
1,GROVER,ASYM-1,ibm_fez,multiple,64,1.0,0.7333333333333333,0.46760416666666665,0.12682084752438005,0.1125,0.5035755050282638,1.0,0.9333333333333333,0.26666666666666666,0.0,0.0,0.1,0.0,0.1,0.7
1,GROVER,ASYM-1,ibm_fez,multiple,128,1.0,0.8666666666666667,0.47957589285714286,0.10129268946526546,0.09114583333333333,0.4284903858873659,1.0,1.0,0.1,0.0,0.0,0.13333333333333333,0.03333333333333333,0.1,0.6333333333333333
1,GROVER,ASYM-1,ibm_fez,multiple,256,1.0,1.0,0.49322916666666666,0.09417132691114231,0.08502604166666666,0.2756544145051009,1.0,1.0,0.0,0.0,0.0,0.23333333333333334,0.06666666666666667,0.0,0.8333333333333334
1,GROVER,ASYM-1,ibm_fez,multiple,512,1.0,1.0,0.4952473958333333,0.09355699535616455,0.0841796875,0.11475629250444964,1.0,1.0,0.0,0.0,0.0,0.43333333333333335,0.2,0.0,0.8333333333333334
2,GROVER,ASYM-1,ibm_fez,multiple,64,1.0,0.6,0.47100694444444446,0.11158047395110623,0.1015625,0.5892282716056005,1.0,0.9,0.13333333333333333,0.03333333333333333,0.0,0.06666666666666667,0.06666666666666667,0.06666666666666667,0.6333333333333333
2,GROVER,ASYM-1,ibm_fez,multiple,128,1.0,0.9333333333333333,0.5095610119047619,0.1400956578700236,0.12994791666666666,0.2614743403269736,1.0,0.9333333333333333,0.23333333333333334,0.0,0.0,0.3,0.13333333333333333,0.23333333333333334,0.8666666666666667
2,GROVER,ASYM-1,ibm_fez,multiple,256,1.0,1.0,0.5191840277777778,0.12802797337069607,0.11796875,0.16183227116624962,1.0,1.0,0.13333333333333333,0.0,0.0,0.5,0.23333333333333334,0.13333333333333333,0.8666666666666667
2,GROVER,ASYM-1,ibm_fez,multiple,512,1.0,1.0,0.5213541666666667,0.12045879528528138,0.111328125,0.026613369849175852,1.0,1.0,0.0,0.0,0.0,0.8333333333333334,0.5333333333333333,0.0,1.0
3,GROVER,ASYM-1,ibm_fez,multiple,64,1.0,0.6333333333333333,0.4621875,0.1053405286651861,0.09739583333333333,0.5522680937104208,1.0,1.0,0.13333333333333333,0.0,0.0,0.0,0.0,0.0,0.7333333333333333
3,GROVER,ASYM-1,ibm_fez,multiple,128,1.0,0.8333333333333334,0.47537202380952376,0.08939999228006273,0.08203125,0.4529689964160099,1.0,1.0,0.0,0.0,0.0,0.03333333333333333,0.0,0.0,0.6666666666666666
3,GROVER,ASYM-1,ibm_fez,multiple,256,1.0,0.8666666666666667,0.4782986111111111,0.06738206823949074,0.06145833333333333,0.43877894116466165,1.0,1.0,0.0,0.0,0.0,0.16666666666666666,0.03333333333333333,0.0,0.5333333333333333
3,GROVER,ASYM-1,ibm_fez,multiple,512,1.0,0.9666666666666667,0.48606770833333335,0.06624378669994818,0.06067708333333333,0.26824763333705165,1.0,1.0,0.0,0.0,0.0,0.23333333333333334,0.03333333333333333,0.0,0.6666666666666666
4,GROVER,ASYM-1,ibm_kingston,multiple,64,1.0,0.5333333333333333,0.4488541666666667,0.11659783595405583,0.1046875,0.5214965837947866,1.0,0.9666666666666667,0.16666666666666666,0.0,0.0,0.06666666666666667,0.0,0.06666666666666667,0.7666666666666667
4,GROVER,ASYM-1,ibm_kingston,multiple,128,1.0,0.8333333333333334,0.4583705357142857,0.07319625837302433,0.06614583333333333,0.5416376592589457,1.0,0.9333333333333333,0.03333333333333333,0.0,0.0,0.03333333333333333,0.0,0.03333333333333333,0.6333333333333333
4,GROVER,ASYM-1,ibm_kingston,multiple,256,1.0,0.7333333333333333,0.45546875,0.05866287852696184,0.05260416666666667,0.5098059400140167,1.0,0.9666666666666667,0.0,0.0,0.0,0.06666666666666667,0.0,0.0,0.4
4,GROVER,ASYM-1,ibm_kingston,multiple,512,1.0,0.7,0.4552083333333333,0.03726889862226743,0.03365885416666667,0.5183215553336661,1.0,1.0,0.0,0.0,0.0,0.1,0.0,0.0,0.2
5,GROVER,ASYM-1,ibm_kingston,multiple,64,1.0,0.7666666666666667,0.44937499999999997,0.12341052472722672,0.10885416666666667,0.5059273733309255,1.0,0.9333333333333333,0.23333333333333334,0.0,0.0,0.06666666666666667,0.0,0.06666666666666667,0.7333333333333333
5,GROVER,ASYM-1,ibm_kingston,multiple,128,1.0,0.7666666666666667,0.4495907738095238,0.07434785264215578,0.06536458333333334,0.5486607512506164,1.0,0.9333333333333333,0.03333333333333333,0.0,0.0,0.03333333333333333,0.0,0.03333333333333333,0.5666666666666667
5,GROVER,ASYM-1,ibm_kingston,multiple,256,1.0,0.6333333333333333,0.43971354166666665,0.0603145565740375,0.053125,0.5198575635415192,1.0,1.0,0.0,0.0,0.0,0.13333333333333333,0.03333333333333333,0.0,0.43333333333333335
5,GROVER,ASYM-1,ibm_kingston,multiple,512,1.0,0.9666666666666667,0.4602864583333333,0.04347328314633075,0.038346354166666666,0.44274024744091917,1.0,1.0,0.0,0.0,0.0,0.0,0.0,0.0,0.3
6,GROVER,ASYM-1,ibm_torino,multiple,64,1.0,0.6,0.3867013888888889,0.12821423958132366,0.0953125,0.5272337895660967,1.0,0.9333333333333333,0.23333333333333334,0.0,0.0,0.03333333333333333,0.0,0.03333333333333333,0.7
6,GROVER,ASYM-1,ibm_torino,multiple,128,1.0,0.7333333333333333,0.39162946428571427,0.07483212890818168,0.0578125,0.566319476510519,1.0,0.9,0.0,0.0,0.0,0.0,0.0,0.0,0.5333333333333333
6,GROVER,ASYM-1,ibm_torino,multiple,256,1.0,0.8666666666666667,0.3973524305555555,0.06068565764666187,0.046875,0.5274658826124379,1.0,1.0,0.0,0.0,0.0,0.1,0.0,0.0,0.36666666666666664
6,GROVER,ASYM-1,ibm_torino,multiple,512,1.0,0.9,0.40162760416666665,0.051101421695588393,0.03919270833333333,0.4039318953988877,1.0,1.0,0.0,0.0,0.0,0.03333333333333333,0.0,0.0,0.3333333333333333
7,GROVER,ASYM-1,ibm_torino,multiple,64,1.0,0.6666666666666666,0.4506944444444444,0.10331513218827106,0.09114583333333333,0.5820866042394894,1.0,0.9666666666666667,0.2,0.0,0.0,0.03333333333333333,0.0,0.03333333333333333,0.6333333333333333
7,GROVER,ASYM-1,ibm_torino,multiple,128,1.0,0.7,0.45040922619047624,0.09160363071983638,0.08151041666666667,0.47523902917439037,1.0,1.0,0.06666666666666667,0.0,0.0,0.06666666666666667,0.03333333333333333,0.06666666666666667,0.6666666666666666
7,GROVER,ASYM-1,ibm_torino,multiple,256,1.0,0.9,0.46432291666666664,0.06842622200717315,0.06041666666666667,0.4141205325570815,1.0,0.9666666666666667,0.0,0.0,0.0,0.0,0.0,0.0,0.6666666666666666
7,GROVER,ASYM-1,ibm_torino,multiple,512,1.0,0.9666666666666667,0.46634114583333336,0.06532534486294685,0.05807291666666667,0.27090292911216557,1.0,0.9666666666666667,0.0,0.0,0.0,0.16666666666666666,0.03333333333333333,0.0,0.6
8,GROVER,ASYM-1,ibm_torino,multiple,64,1.0,0.7,0.4602777777777778,0.12596337858495435,0.11354166666666667,0.4889790708237818,1.0,0.9666666666666667,0.16666666666666666,0.0,0.0,0.06666666666666667,0.0,0.06666666666666667,0.7333333333333333
8,GROVER,ASYM-1,ibm_torino,multiple,128,1.0,0.8333333333333334,0.46982886904761906,0.08993017072314319,0.08046875,0.49605291372359606,1.0,0.9333333333333333,0.13333333333333333,0.0,0.0,0.13333333333333333,0.03333333333333333,0.13333333333333333,0.6333333333333333
8,GROVER,ASYM-1,ibm_torino,multiple,256,1.0,0.9333333333333333,0.4764322916666667,0.07299087930790771,0.06575520833333333,0.39084895018520327,1.0,1.0,0.0,0.0,0.0,0.1,0.0,0.0,0.6666666666666666
8,GROVER,ASYM-1,ibm_torino,multiple,512,1.0,0.9666666666666667,0.48365885416666665,0.06762875925317952,0.0609375,0.2534280217126306,1.0,1.0,0.0,0.0,0.0,0.16666666666666666,0.06666666666666667,0.0,0.6666666666666666
9,GROVER,ASYM-1,ibm_torino,multiple,64,1.0,0.7333333333333333,0.4664236111111111,0.10923778973277899,0.09947916666666666,0.5628981687744528,1.0,0.9666666666666667,0.13333333333333333,0.0,0.0,0.06666666666666667,0.0,0.06666666666666667,0.6
9,GROVER,ASYM-1,ibm_torino,multiple,128,1.0,0.7333333333333333,0.46391369047619047,0.10323501888515604,0.09401041666666667,0.41421518782902217,1.0,0.9666666666666667,0.06666666666666667,0.0,0.0,0.06666666666666667,0.03333333333333333,0.06666666666666667,0.7
9,GROVER,ASYM-1,ibm_torino,multiple,256,1.0,0.8333333333333334,0.470703125,0.06604190360593344,0.06002604166666667,0.47752482162388415,1.0,0.9333333333333333,0.0,0.0,0.0,0.16666666666666666,0.06666666666666667,0.0,0.5
9,GROVER,ASYM-1,ibm_torino,multiple,512,1.0,0.9666666666666667,0.4783203125,0.06291197305350707,0.057421875,0.26163644644084894,1.0,1.0,0.0,0.0,0.0,0.1,0.0,0.0,0.6666666666666666
10,GROVER,ASYM-2,ibm_fez,multiple,64,1.0,0.9666666666666667,0.3473611111111111,0.30732456772645905,0.16875,0.2228457364229447,1.0,1.0,0.7333333333333333,0.06666666666666667,0.0,0.4,0.16666666666666666,0.4,0.9
10,GROVER,ASYM-2,ibm_fez,multiple,128,1.0,1.0,0.35197172619047623,0.34952982041754815,0.18828125,0.018652747660109405,1.0,1.0,0.9666666666666667,0.0,0.0,0.9333333333333333,0.6333333333333333,0.9333333333333333,1.0
10,GROVER,ASYM-2,ibm_fez,multiple,256,1.0,1.0,0.35494791666666664,0.29422942501714683,0.15872395833333333,0.003632986470282393,1.0,1.0,1.0,0.0,0.0,1.0,0.8666666666666667,1.0,1.0
10,GROVER,ASYM-2,ibm_fez,multiple,512,1.0,1.0,0.351953125,0.31238348777321784,0.16901041666666666,1.091874112847809e-05,1.0,1.0,1.0,0.0,0.0,1.0,1.0,1.0,1.0
11,GROVER,ASYM-2,ibm_fez,multiple,64,1.0,0.8666666666666667,0.47434027777777776,0.1307465223773409,0.115625,0.47797260484691517,1.0,1.0,0.23333333333333334,0.0,0.0,0.1,0.0,0.1,0.7666666666666667
11,GROVER,ASYM-2,ibm_fez,multiple,128,1.0,0.8666666666666667,0.4741071428571429,0.09115633132284413,0.08177083333333333,0.4738846774542893,1.0,0.9666666666666667,0.06666666666666667,0.0,0.0,0.06666666666666667,0.0,0.06666666666666667,0.6666666666666666
11,GROVER,ASYM-2,ibm_fez,multiple,256,1.0,0.9333333333333333,0.4797309027777778,0.07959038374503805,0.07161458333333333,0.35681293300804173,1.0,1.0,0.03333333333333333,0.0,0.0,0.13333333333333333,0.06666666666666667,0.03333333333333333,0.6666666666666666
11,GROVER,ASYM-2,ibm_fez,multiple,512,1.0,1.0,0.48873697916666664,0.08127962928113419,0.07278645833333333,0.19506222775207344,1.0,1.0,0.0,0.0,0.0,0.43333333333333335,0.1,0.0,0.7
12,GROVER,ASYM-2,ibm_fez,multiple,64,1.0,0.7666666666666667,0.4594097222222222,0.10469053577674864,0.09375,0.5591081743417347,1.0,0.9333333333333333,0.16666666666666666,0.0,0.0,0.0,0.0,0.0,0.7
12,GROVER,ASYM-2,ibm_fez,multiple,128,1.0,0.7666666666666667,0.45751488095238096,0.10339080085046584,0.09166666666666666,0.43691877462840717,1.0,0.9666666666666667,0.1,0.0,0.0,0.1,0.03333333333333333,0.1,0.7
12,GROVER,ASYM-2,ibm_fez,multiple,256,1.0,0.8,0.4590711805555555,0.06876107128906923,0.06145833333333333,0.416500360979447,1.0,0.9333333333333333,0.0,0.0,0.0,0.1,0.03333333333333333,0.0,0.6333333333333333
12,GROVER,ASYM-2,ibm_fez,multiple,512,1.0,0.8666666666666667,0.4630208333333333,0.07559581151745866,0.06751302083333334,0.21075234658149727,1.0,1.0,0.0,0.0,0.0,0.26666666666666666,0.06666666666666667,0.0,0.7333333333333333
13,GROVER,ASYM-2,ibm_fez,multiple,64,1.0,0.9,0.48444444444444446,0.14976599313735697,0.134375,0.44156731371801006,1.0,1.0,0.16666666666666666,0.03333333333333333,0.0,0.1,0.1,0.1,0.8333333333333334
13,GROVER,ASYM-2,ibm_fez,multiple,128,1.0,0.9,0.4843377976190476,0.1062597112725591,0.09609375,0.4270822480755118,1.0,0.9666666666666667,0.13333333333333333,0.0,0.0,0.13333333333333333,0.06666666666666667,0.13333333333333333,0.6666666666666666
13,GROVER,ASYM-2,ibm_fez,multiple,256,1.0,0.9333333333333333,0.4869357638888889,0.09492504866622985,0.08606770833333334,0.28851268372252875,1.0,1.0,0.03333333333333333,0.0,0.0,0.2,0.06666666666666667,0.03333333333333333,0.7333333333333333
13,GROVER,ASYM-2,ibm_fez,multiple,512,1.0,1.0,0.4964192708333333,0.09845821820237154,0.08854166666666667,0.06778783906227856,1.0,1.0,0.0,0.0,0.0,0.5666666666666667,0.2,0.0,0.9666666666666667
14,GROVER,ASYM-2,ibm_kingston,multiple,64,1.0,0.8666666666666667,0.4582638888888889,0.13760027148397508,0.11979166666666667,0.4562143237902198,1.0,1.0,0.3,0.0,0.0,0.03333333333333333,0.03333333333333333,0.03333333333333333,0.7666666666666667
14,GROVER,ASYM-2,ibm_kingston,multiple,128,1.0,0.7,0.44646577380952385,0.09805597979310633,0.08411458333333334,0.44720759195336957,1.0,0.9666666666666667,0.06666666666666667,0.0,0.0,0.06666666666666667,0.0,0.06666666666666667,0.7
14,GROVER,ASYM-2,ibm_kingston,multiple,256,1.0,0.9666666666666667,0.4639756944444445,0.0956778651396208,0.08346354166666667,0.29587828567240554,1.0,0.9666666666666667,0.06666666666666667,0.0,0.0,0.23333333333333334,0.1,0.06666666666666667,0.7333333333333333
14,GROVER,ASYM-2,ibm_kingston,multiple,512,1.0,1.0,0.47024739583333336,0.07621077394576656,0.06640625,0.21790968891016627,1.0,1.0,0.0,0.0,0.0,0.4,0.03333333333333333,0.0,0.7
15,GROVER,ASYM-2,ibm_kingston,multiple,64,1.0,0.7666666666666667,0.4511458333333333,0.1277786258057875,0.11354166666666667,0.5271528678429206,1.0,0.8666666666666667,0.3,0.0,0.0,0.13333333333333333,0.0,0.13333333333333333,0.6666666666666666
15,GROVER,ASYM-2,ibm_kingston,multiple,128,1.0,0.5666666666666667,0.4474330357142857,0.06193863223928732,0.05520833333333333,0.6152736688855154,1.0,0.9333333333333333,0.03333333333333333,0.0,0.0,0.03333333333333333,0.0,0.03333333333333333,0.5666666666666667
15,GROVER,ASYM-2,ibm_kingston,multiple,256,1.0,0.6,0.44921875,0.047162610689907014,0.04192708333333333,0.5805572337156012,1.0,1.0,0.0,0.0,0.0,0.0,0.0,0.0,0.36666666666666664
15,GROVER,ASYM-2,ibm_kingston,multiple,512,1.0,0.43333333333333335,0.44361979166666665,0.03524075697720504,0.03170572916666667,0.528849548645063,1.0,1.0,0.0,0.0,0.0,0.0,0.0,0.0,0.2
16,GROVER,ASYM-2,ibm_torino,multiple,64,1.0,0.6333333333333333,0.36,0.08443973009154676,0.06197916666666667,0.6836687600371284,1.0,0.8666666666666667,0.03333333333333333,0.0,0.0,0.0,0.0,0.0,0.4666666666666667
16,GROVER,ASYM-2,ibm_torino,multiple,128,1.0,0.8,0.36633184523809526,0.09947366761253322,0.07083333333333333,0.49492219504571316,1.0,0.9666666666666667,0.1,0.0,0.0,0.1,0.0,0.1,0.5333333333333333
16,GROVER,ASYM-2,ibm_torino,multiple,256,1.0,0.8,0.36453993055555556,0.07484279056095869,0.05364583333333333,0.4442918099914165,1.0,0.9666666666666667,0.0,0.0,0.0,0.1,0.0,0.0,0.43333333333333335
16,GROVER,ASYM-2,ibm_torino,multiple,512,1.0,0.9,0.37506510416666666,0.07073954423725644,0.0501953125,0.2870911195062197,1.0,1.0,0.0,0.0,0.0,0.16666666666666666,0.03333333333333333,0.0,0.4666666666666667
17,GROVER,ASYM-2,ibm_torino,multiple,64,1.0,0.7,0.42916666666666664,0.08960768164403657,0.07708333333333334,0.6409252494122792,1.0,0.9,0.1,0.0,0.0,0.03333333333333333,0.0,0.03333333333333333,0.5
17,GROVER,ASYM-2,ibm_torino,multiple,128,1.0,0.7333333333333333,0.4302827380952381,0.0800497417858344,0.06744791666666666,0.5554803437945811,1.0,1.0,0.1,0.0,0.0,0.1,0.03333333333333333,0.1,0.5
17,GROVER,ASYM-2,ibm_torino,multiple,256,1.0,0.8,0.4304253472222222,0.07127303242720551,0.060286458333333334,0.44655815307797464,1.0,0.9333333333333333,0.0,0.0,0.0,0.16666666666666666,0.03333333333333333,0.0,0.5333333333333333
17,GROVER,ASYM-2,ibm_torino,multiple,512,1.0,0.9,0.44381510416666664,0.05282323995775659,0.04453125,0.3896441351824741,1.0,1.0,0.0,0.0,0.0,0.06666666666666667,0.03333333333333333,0.0,0.36666666666666664
18,GROVER,ASYM-2,ibm_torino,multiple,64,1.0,0.7,0.44326388888888885,0.1347239833952107,0.11875,0.4303982803380157,1.0,1.0,0.23333333333333334,0.0,0.0,0.0,0.0,0.0,0.8333333333333334
18,GROVER,ASYM-2,ibm_torino,multiple,128,1.0,0.7,0.44237351190476193,0.08252709851923158,0.07291666666666667,0.5256383682172755,1.0,0.9,0.03333333333333333,0.0,0.0,0.06666666666666667,0.0,0.03333333333333333,0.5666666666666667
18,GROVER,ASYM-2,ibm_torino,multiple,256,1.0,0.8333333333333334,0.4478298611111111,0.0626551784951574,0.05481770833333333,0.4617591829947207,1.0,1.0,0.0,0.0,0.0,0.06666666666666667,0.0,0.0,0.4666666666666667
18,GROVER,ASYM-2,ibm_torino,multiple,512,1.0,0.9666666666666667,0.4595703125,0.04491031884462139,0.039388020833333336,0.4235499349682092,1.0,1.0,0.0,0.0,0.0,0.03333333333333333,0.0,0.0,0.3
19,GROVER,ASYM-2,ibm_torino,multiple,64,1.0,0.5,0.4323263888888889,0.10550710216259619,0.09114583333333333,0.5785121219295071,1.0,1.0,0.1,0.0,0.0,0.03333333333333333,0.0,0.03333333333333333,0.6
19,GROVER,ASYM-2,ibm_torino,multiple,128,1.0,0.7333333333333333,0.4356770833333333,0.08531561298688453,0.07421875,0.49664216114897575,1.0,0.9666666666666667,0.0,0.0,0.0,0.0,0.0,0.0,0.5333333333333333
19,GROVER,ASYM-2,ibm_torino,multiple,256,1.0,0.6333333333333333,0.43311631944444445,0.04516839561729397,0.039453125,0.5732868903737767,1.0,0.9,0.0,0.0,0.0,0.0,0.0,0.0,0.43333333333333335
19,GROVER,ASYM-2,ibm_torino,multiple,512,1.0,0.6,0.4310546875,0.03925247965124127,0.0341796875,0.49014005778642267,1.0,1.0,0.0,0.0,0.0,0.03333333333333333,0.0,0.0,0.16666666666666666
20,GROVER,H3-0,ibm_fez,singleton,64,1.0,1.0,0.7415277777777778,0.8076865457866093,0.6588541666666666,8.790868062796829e-07,1.0,1.0,1.0,1.0,0.6666666666666666,1.0,1.0,1.0,1.0
20,GROVER,H3-0,ibm_fez,singleton,128,1.0,1.0,0.7398065476190477,0.8455547494191467,0.68828125,6.100797884581431e-18,1.0,1.0,1.0,1.0,0.8666666666666667,1.0,1.0,1.0,1.0
20,GROVER,H3-0,ibm_fez,singleton,256,1.0,1.0,0.7418402777777777,0.8525037402424174,0.6805989583333333,1.2939039752434846e-34,1.0,1.0,1.0,1.0,1.0,1.0,1.0,1.0,1.0
20,GROVER,H3-0,ibm_fez,singleton,512,1.0,1.0,0.73984375,0.8609908084197468,0.687109375,3.915463204769523e-74,1.0,1.0,1.0,1.0,1.0,1.0,1.0,1.0,1.0
21,GROVER,H3-0,ibm_kingston,singleton,64,1.0,1.0,0.8122222222222223,0.8792535639338144,0.7645833333333333,1.4900645971723431e-10,1.0,1.0,1.0,1.0,1.0,1.0,1.0,1.0,1.0
21,GROVER,H3-0,ibm_kingston,singleton,128,1.0,1.0,0.8116443452380953,0.8966500982516258,0.7739583333333333,5.822339515433457e-23,1.0,1.0,1.0,1.0,1.0,1.0,1.0,1.0,1.0
21,GROVER,H3-0,ibm_kingston,singleton,256,1.0,1.0,0.8119357638888889,0.9071802876631343,0.774609375,1.7945339288503852e-44,1.0,1.0,1.0,1.0,1.0,1.0,1.0,1.0,1.0
21,GROVER,H3-0,ibm_kingston,singleton,512,1.0,1.0,0.8134765625,0.9166523030096781,0.7762369791666667,3.2358899422901855e-96,1.0,1.0,1.0,1.0,1.0,1.0,1.0,1.0,1.0
22,GROVER,H3-1,ibm_fez,singleton,64,1.0,1.0,0.7261805555555555,0.7977893169542829,0.65,5.2292306901291497e-08,1.0,1.0,1.0,1.0,0.6333333333333333,1.0,1.0,1.0,1.0
22,GROVER,H3-1,ibm_fez,singleton,128,1.0,1.0,0.7260044642857143,0.8330795986842221,0.6640625,1.7308653585117278e-16,1.0,1.0,1.0,1.0,0.7666666666666667,1.0,1.0,1.0,1.0
22,GROVER,H3-1,ibm_fez,singleton,256,1.0,1.0,0.7288628472222223,0.8340526969596946,0.6545572916666667,9.481090783248445e-34,1.0,1.0,1.0,1.0,0.9333333333333333,1.0,1.0,1.0,1.0
22,GROVER,H3-1,ibm_fez,singleton,512,1.0,1.0,0.7266276041666667,0.846267656019096,0.666015625,9.93549918050444e-69,1.0,1.0,1.0,1.0,1.0,1.0,1.0,1.0,1.0
23,GROVER,H3-1,ibm_fez,singleton,64,1.0,1.0,0.7351388888888889,0.8014148777728275,0.64375,4.446994243401115e-08,1.0,1.0,1.0,1.0,0.5333333333333333,1.0,1.0,1.0,1.0
23,GROVER,H3-1,ibm_fez,singleton,128,1.0,1.0,0.7360491071428572,0.8290021348191827,0.6552083333333333,8.113559696200002e-16,1.0,1.0,1.0,1.0,0.7666666666666667,1.0,1.0,1.0,1.0
23,GROVER,H3-1,ibm_fez,singleton,256,1.0,1.0,0.7320746527777777,0.8496947173402296,0.6811197916666667,1.711471966817337e-35,1.0,1.0,1.0,1.0,0.9666666666666667,1.0,1.0,1.0,1.0
23,GROVER,H3-1,ibm_fez,singleton,512,1.0,1.0,0.7371744791666667,0.8528952208686842,0.6735026041666666,2.5998912022067553e-70,1.0,1.0,1.0,1.0,1.0,1.0,1.0,1.0,1.0
24,GROVER,H3-2,ibm_fez,singleton,64,0.9666666666666667,0.9666666666666667,0.2791666666666667,0.2723810925688553,0.12708333333333333,0.2882201683894285,1.0,1.0,0.7333333333333333,0.03333333333333333,0.0,0.2,0.0,0.2,0.8666666666666667
24,GROVER,H3-2,ibm_fez,singleton,128,0.9666666666666667,0.9666666666666667,0.2795758928571429,0.2489718374866508,0.1140625,0.16615609564493805,1.0,1.0,0.7,0.0,0.0,0.43333333333333335,0.23333333333333334,0.43333333333333335,0.9
24,GROVER,H3-2,ibm_fez,singleton,256,1.0,1.0,0.2814670138888889,0.28230403036158863,0.12877604166666667,0.028757804064226858,1.0,1.0,0.8666666666666667,0.0,0.0,0.8666666666666667,0.7666666666666667,0.8666666666666667,0.9666666666666667
24,GROVER,H3-2,ibm_fez,singleton,512,1.0,1.0,0.2825520833333333,0.2743633085241904,0.12317708333333334,0.0007216959145861692,1.0,1.0,0.9333333333333333,0.0,0.0,1.0,1.0,0.9333333333333333,1.0
25,GROVER,H3-2,ibm_fez,singleton,64,1.0,1.0,0.6968402777777778,0.7820349709993267,0.6041666666666666,2.698643517984323e-07,1.0,1.0,1.0,1.0,0.4,1.0,1.0,1.0,1.0
25,GROVER,H3-2,ibm_fez,singleton,128,1.0,1.0,0.6953497023809524,0.8004642952374019,0.6252604166666667,1.1941609585286852e-14,1.0,1.0,1.0,1.0,0.4666666666666667,1.0,1.0,1.0,1.0
25,GROVER,H3-2,ibm_fez,singleton,256,1.0,1.0,0.6944010416666667,0.8068968398221809,0.626953125,3.282741929629302e-30,1.0,1.0,1.0,1.0,0.5666666666666667,1.0,1.0,1.0,1.0
25,GROVER,H3-2,ibm_fez,singleton,512,1.0,1.0,0.7022135416666667,0.8108802989527146,0.6182942708333333,2.6697184862610127e-59,1.0,1.0,1.0,1.0,0.7333333333333333,1.0,1.0,1.0,1.0
26,GROVER,H3-2,ibm_fez,singleton,64,1.0,1.0,0.7722569444444445,0.838327377438366,0.7078125,1.8894702094596207e-09,1.0,1.0,1.0,1.0,0.8333333333333334,1.0,1.0,1.0,1.0
26,GROVER,H3-2,ibm_fez,singleton,128,1.0,1.0,0.773251488095238,0.853466490859606,0.7067708333333333,8.109288552645297e-16,1.0,1.0,1.0,1.0,0.9333333333333333,1.0,1.0,1.0,1.0
26,GROVER,H3-2,ibm_fez,singleton,256,1.0,1.0,0.7710503472222222,0.8767752745654553,0.72578125,4.6883754930061753e-39,1.0,1.0,1.0,1.0,1.0,1.0,1.0,1.0,1.0
26,GROVER,H3-2,ibm_fez,singleton,512,1.0,1.0,0.7725260416666667,0.8844535838507108,0.7250651041666667,6.900076877290825e-83,1.0,1.0,1.0,1.0,1.0,1.0,1.0,1.0,1.0
27,GROVER,H3-2,ibm_fez,singleton,64,1.0,1.0,0.8313194444444445,0.863957467994926,0.7526041666666666,5.871944970768188e-10,1.0,1.0,1.0,1.0,0.9,1.0,1.0,1.0,1.0
27,GROVER,H3-2,ibm_fez,singleton,128,1.0,1.0,0.8305059523809525,0.9009642744125262,0.7841145833333333,1.808698476547797e-22,1.0,1.0,1.0,1.0,1.0,1.0,1.0,1.0,1.0
27,GROVER,H3-2,ibm_fez,singleton,256,1.0,1.0,0.830251736111111,0.9113986116336829,0.7911458333333333,4.067756225105999e-48,1.0,1.0,1.0,1.0,1.0,1.0,1.0,1.0,1.0
27,GROVER,H3-2,ibm_fez,singleton,512,1.0,1.0,0.8277994791666666,0.9238483391369557,0.7994140625,5.994496920773953e-100,1.0,1.0,1.0,1.0,1.0,1.0,1.0,1.0,1.0
28,GROVER,H3-2,ibm_fez,singleton,64,1.0,1.0,0.730625,0.8177198148771267,0.6692708333333334,1.1115346669939481e-08,1.0,1.0,1.0,1.0,0.6333333333333333,1.0,1.0,1.0,1.0
28,GROVER,H3-2,ibm_fez,singleton,128,1.0,1.0,0.7330357142857142,0.8222470056082769,0.6502604166666667,6.652892093960422e-15,1.0,1.0,1.0,1.0,0.7,1.0,1.0,1.0,1.0
28,GROVER,H3-2,ibm_fez,singleton,256,1.0,1.0,0.7302083333333333,0.8480013727619629,0.6747395833333333,3.002593549117431e-32,1.0,1.0,1.0,1.0,0.9666666666666667,1.0,1.0,1.0,1.0
28,GROVER,H3-2,ibm_fez,singleton,512,1.0,1.0,0.7338541666666667,0.8518787046282746,0.670703125,6.608741291064678e-73,1.0,1.0,1.0,1.0,1.0,1.0,1.0,1.0,1.0
29,GROVER,H3-2,ibm_torino,singleton,64,1.0,1.0,0.5754513888888888,0.6893363796345309,0.4796875,0.00016157671623939033,1.0,1.0,1.0,1.0,0.0,1.0,1.0,1.0,1.0
29,GROVER,H3-2,ibm_torino,singleton,128,1.0,1.0,0.5760788690476191,0.6997488877359083,0.4752604166666667,7.917400774046476e-09,1.0,1.0,1.0,1.0,0.03333333333333333,1.0,1.0,1.0,1.0
29,GROVER,H3-2,ibm_torino,singleton,256,1.0,1.0,0.5750868055555556,0.7075969416141752,0.48046875,4.2953635516609796e-17,1.0,1.0,1.0,1.0,0.0,1.0,1.0,1.0,1.0
29,GROVER,H3-2,ibm_torino,singleton,512,1.0,1.0,0.5729817708333333,0.7102454496929185,0.48118489583333335,2.8552023427492912e-39,1.0,1.0,1.0,1.0,0.0,1.0,1.0,1.0,1.0
30,GROVER,H3-2,ibm_torino,singleton,64,1.0,1.0,0.7526041666666666,0.8217604480660304,0.6838541666666667,4.612192001466712e-09,1.0,1.0,1.0,1.0,0.7,1.0,1.0,1.0,1.0
30,GROVER,H3-2,ibm_torino,singleton,128,1.0,1.0,0.7540550595238095,0.837421577645531,0.6791666666666667,2.8845230253344034e-17,1.0,1.0,1.0,1.0,0.9333333333333333,1.0,1.0,1.0,1.0
30,GROVER,H3-2,ibm_torino,singleton,256,1.0,1.0,0.7546006944444444,0.8447081484881842,0.6850260416666667,4.4383680176922183e-33,1.0,1.0,1.0,1.0,0.9,1.0,1.0,1.0,1.0
30,GROVER,H3-2,ibm_torino,singleton,512,1.0,1.0,0.7536458333333333,0.8542902367581109,0.6930989583333333,1.6571789283660708e-74,1.0,1.0,1.0,1.0,1.0,1.0,1.0,1.0,1.0
31,GROVER,H3-2,ibm_torino,singleton,64,1.0,1.0,0.7425347222222223,0.8240182517351767,0.6666666666666666,1.9040182878404808e-07,1.0,1.0,1.0,1.0,0.8,1.0,1.0,1.0,1.0
31,GROVER,H3-2,ibm_torino,singleton,128,1.0,1.0,0.7419642857142857,0.843887297539068,0.6809895833333334,6.270507319085578e-16,1.0,1.0,1.0,1.0,0.9333333333333333,1.0,1.0,1.0,1.0
31,GROVER,H3-2,ibm_torino,singleton,256,1.0,1.0,0.7390625,0.8623650011129645,0.69609375,5.739362488981526e-37,1.0,1.0,1.0,1.0,1.0,1.0,1.0,1.0,1.0
31,GROVER,H3-2,ibm_torino,singleton,512,1.0,1.0,0.7453776041666667,0.8698959970295629,0.6876302083333333,2.965598403380424e-75,1.0,1.0,1.0,1.0,1.0,1.0,1.0,1.0,1.0
32,GROVER,H3-2,ibm_torino,singleton,64,1.0,1.0,0.7512847222222222,0.8290002740453015,0.6770833333333334,1.5362794261730706e-08,1.0,1.0,1.0,1.0,0.7666666666666667,1.0,1.0,1.0,1.0
32,GROVER,H3-2,ibm_torino,singleton,128,1.0,1.0,0.7520089285714285,0.8385857360249542,0.6786458333333333,8.552645917553083e-17,1.0,1.0,1.0,1.0,0.8666666666666667,1.0,1.0,1.0,1.0
32,GROVER,H3-2,ibm_torino,singleton,256,1.0,1.0,0.7529513888888889,0.8592354697718404,0.688671875,5.950218441969572e-38,1.0,1.0,1.0,1.0,1.0,1.0,1.0,1.0,1.0
32,GROVER,H3-2,ibm_torino,singleton,512,1.0,1.0,0.748046875,0.8736242553751534,0.7030598958333333,2.0470711763063467e-78,1.0,1.0,1.0,1.0,1.0,1.0,1.0,1.0,1.0
33,GROVER,H3-3,ibm_fez,singleton,64,0.7,0.7,0.21729166666666666,0.11589608357388462,0.05260416666666667,0.6902678714909901,1.0,0.9,0.16666666666666666,0.0,0.0,0.0,0.0,0.0,0.4
33,GROVER,H3-3,ibm_fez,singleton,128,0.8,0.8,0.22001488095238095,0.11745881052614945,0.05182291666666667,0.5257284006927201,1.0,0.8666666666666667,0.23333333333333334,0.0,0.0,0.0,0.0,0.0,0.43333333333333335
33,GROVER,H3-3,ibm_fez,singleton,256,0.8,0.8,0.22196180555555556,0.08458078943633604,0.03671875,0.4941004669491277,1.0,0.9333333333333333,0.03333333333333333,0.0,0.0,0.03333333333333333,0.0,0.03333333333333333,0.3
33,GROVER,H3-3,ibm_fez,singleton,512,1.0,1.0,0.22845052083333334,0.09368809062852229,0.0404296875,0.27992056819693545,1.0,1.0,0.0,0.0,0.0,0.23333333333333334,0.0,0.0,0.4666666666666667
34,GROVER,H3-3,ibm_fez,singleton,64,1.0,1.0,0.7926388888888888,0.8443159010231988,0.7166666666666667,1.822384365172495e-09,1.0,1.0,1.0,1.0,0.8666666666666667,1.0,1.0,1.0,1.0
34,GROVER,H3-3,ibm_fez,singleton,128,1.0,1.0,0.7930431547619048,0.8654662293093776,0.728125,1.2368100873683114e-19,1.0,1.0,1.0,1.0,0.9666666666666667,1.0,1.0,1.0,1.0
34,GROVER,H3-3,ibm_fez,singleton,256,1.0,1.0,0.79296875,0.8891313158659682,0.7428385416666666,1.0937261163217034e-40,1.0,1.0,1.0,1.0,1.0,1.0,1.0,1.0,1.0
34,GROVER,H3-3,ibm_fez,singleton,512,1.0,1.0,0.7886067708333333,0.885777857970557,0.7472005208333333,2.432398538054027e-84,1.0,1.0,1.0,1.0,1.0,1.0,1.0,1.0,1.0
35,GROVER,H3-3,ibm_fez,singleton,64,1.0,1.0,0.8309722222222222,0.8818400728030973,0.7802083333333333,2.382783073860232e-11,1.0,1.0,1.0,1.0,1.0,1.0,1.0,1.0,1.0
35,GROVER,H3-3,ibm_fez,singleton,128,1.0,1.0,0.8299479166666667,0.8954123649278999,0.7927083333333333,1.6620977881914468e-21,1.0,1.0,1.0,1.0,1.0,1.0,1.0,1.0,1.0
35,GROVER,H3-3,ibm_fez,singleton,256,1.0,1.0,0.8322916666666667,0.9002875697901251,0.783984375,1.3286917458394227e-43,1.0,1.0,1.0,1.0,1.0,1.0,1.0,1.0,1.0
35,GROVER,H3-3,ibm_fez,singleton,512,1.0,1.0,0.8322916666666667,0.9087866920586902,0.7901692708333333,3.204429837203198e-95,1.0,1.0,1.0,1.0,1.0,1.0,1.0,1.0,1.0
36,GROVER,H3-3,ibm_fez,singleton,64,1.0,1.0,0.8221180555555556,0.8768619477298167,0.7708333333333334,1.6380039535394502e-10,1.0,1.0,1.0,1.0,0.9333333333333333,1.0,1.0,1.0,1.0
36,GROVER,H3-3,ibm_fez,singleton,128,1.0,1.0,0.8227678571428572,0.8861777320949474,0.76953125,3.0439022799389054e-20,1.0,1.0,1.0,1.0,1.0,1.0,1.0,1.0,1.0
36,GROVER,H3-3,ibm_fez,singleton,256,1.0,1.0,0.8237413194444444,0.8951658340819075,0.77265625,1.5232562639194219e-43,1.0,1.0,1.0,1.0,1.0,1.0,1.0,1.0,1.0
36,GROVER,H3-3,ibm_fez,singleton,512,1.0,1.0,0.8227864583333333,0.9050312594888024,0.7807942708333333,8.2840395349672e-94,1.0,1.0,1.0,1.0,1.0,1.0,1.0,1.0,1.0
37,GROVER,H3-3,ibm_fez,singleton,64,1.0,1.0,0.7297916666666667,0.8113256121410909,0.6640625,2.3787967734963573e-08,1.0,1.0,1.0,1.0,0.5666666666666667,1.0,1.0,1.0,1.0
37,GROVER,H3-3,ibm_fez,singleton,128,1.0,1.0,0.7315848214285714,0.8349487817637298,0.6580729166666667,2.24021210031156e-16,1.0,1.0,1.0,1.0,0.8333333333333334,1.0,1.0,1.0,1.0
37,GROVER,H3-3,ibm_fez,singleton,256,1.0,1.0,0.7299045138888889,0.8574110198786653,0.6760416666666667,1.1307393702144965e-35,1.0,1.0,1.0,1.0,1.0,1.0,1.0,1.0,1.0
37,GROVER,H3-3,ibm_fez,singleton,512,1.0,1.0,0.7283203125,0.8660901718699721,0.680078125,4.332828511828788e-72,1.0,1.0,1.0,1.0,1.0,1.0,1.0,1.0,1.0
38,GROVER,H3-3,ibm_fez,singleton,64,1.0,1.0,0.7360416666666667,0.8250434295938148,0.6703125,2.8554164484273503e-08,1.0,1.0,1.0,1.0,0.7666666666666667,1.0,1.0,1.0,1.0
38,GROVER,H3-3,ibm_fez,singleton,128,1.0,1.0,0.7370163690476191,0.8294182372116796,0.6638020833333333,1.6838854724317656e-15,1.0,1.0,1.0,1.0,0.8,1.0,1.0,1.0,1.0
38,GROVER,H3-3,ibm_fez,singleton,256,1.0,1.0,0.7373697916666667,0.8476921862267088,0.6727864583333333,5.35110222870212e-34,1.0,1.0,1.0,1.0,1.0,1.0,1.0,1.0,1.0
38,GROVER,H3-3,ibm_fez,singleton,512,1.0,1.0,0.7342447916666667,0.8627590709319011,0.6840494791666667,7.238122419493968e-75,1.0,1.0,1.0,1.0,1.0,1.0,1.0,1.0,1.0
39,GROVER,H3-3,ibm_torino,singleton,64,1.0,1.0,0.5868749999999999,0.6628924630573796,0.46875,0.0001927351569810535,1.0,1.0,1.0,0.9666666666666667,0.0,1.0,1.0,1.0,1.0
39,GROVER,H3-3,ibm_torino,singleton,128,1.0,1.0,0.5862723214285714,0.723888221944444,0.4973958333333333,1.491723621187771e-08,1.0,1.0,1.0,1.0,0.0,1.0,1.0,1.0,1.0
39,GROVER,H3-3,ibm_torino,singleton,256,1.0,1.0,0.5898871527777777,0.7165194422599442,0.48268229166666665,6.0506944580284e-19,1.0,1.0,1.0,1.0,0.0,1.0,1.0,1.0,1.0
39,GROVER,H3-3,ibm_torino,singleton,512,1.0,1.0,0.5871744791666667,0.7323241759985076,0.49602864583333334,5.773097309432084e-43,1.0,1.0,1.0,1.0,0.0,1.0,1.0,1.0,1.0
40,GROVER,H3-3,ibm_torino,singleton,64,1.0,1.0,0.6817013888888889,0.7733892381672385,0.5947916666666667,2.781031920067364e-06,1.0,1.0,1.0,1.0,0.4,1.0,1.0,1.0,1.0
40,GROVER,H3-3,ibm_torino,singleton,128,1.0,1.0,0.6819940476190476,0.7942211009293063,0.6015625,1.0618513099719847e-12,1.0,1.0,1.0,1.0,0.5,1.0,1.0,1.0,1.0
40,GROVER,H3-3,ibm_torino,singleton,256,1.0,1.0,0.6812934027777777,0.8070189432853435,0.6098958333333333,1.9290627183984892e-28,1.0,1.0,1.0,1.0,0.5666666666666667,1.0,1.0,1.0,1.0
40,GROVER,H3-3,ibm_torino,singleton,512,1.0,1.0,0.6788411458333333,0.8313823179125148,0.6214192708333334,1.7586914242237293e-63,1.0,1.0,1.0,1.0,0.9666666666666667,1.0,1.0,1.0,1.0
41,GROVER,H3-3,ibm_torino,singleton,64,1.0,1.0,0.7363541666666666,0.81175959326868,0.6604166666666667,1.0751228508668979e-07,1.0,1.0,1.0,1.0,0.6333333333333333,1.0,1.0,1.0,1.0
41,GROVER,H3-3,ibm_torino,singleton,128,1.0,1.0,0.7342261904761905,0.8314288650099522,0.68203125,1.8099216445582628e-16,1.0,1.0,1.0,1.0,0.7333333333333333,1.0,1.0,1.0,1.0
41,GROVER,H3-3,ibm_torino,singleton,256,1.0,1.0,0.7349392361111111,0.8471581717005805,0.679296875,7.03631718788778e-35,1.0,1.0,1.0,1.0,0.9666666666666667,1.0,1.0,1.0,1.0
41,GROVER,H3-3,ibm_torino,singleton,512,1.0,1.0,0.7336588541666667,0.8536524702209906,0.6806640625,1.8104177698353058e-69,1.0,1.0,1.0,1.0,1.0,1.0,1.0,1.0,1.0
42,GROVER,H3-3,ibm_torino,singleton,64,1.0,1.0,0.7111458333333334,0.8076017011057217,0.646875,3.1012521307013005e-08,1.0,1.0,1.0,1.0,0.5666666666666667,1.0,1.0,1.0,1.0
42,GROVER,H3-3,ibm_torino,singleton,128,1.0,1.0,0.7124627976190475,0.8136164967714721,0.6354166666666666,2.180871967215167e-14,1.0,1.0,1.0,1.0,0.6333333333333333,1.0,1.0,1.0,1.0
42,GROVER,H3-3,ibm_torino,singleton,256,1.0,1.0,0.7138888888888889,0.8348471696825075,0.6424479166666667,2.9914303963357685e-31,1.0,1.0,1.0,1.0,0.9333333333333333,1.0,1.0,1.0,1.0
42,GROVER,H3-3,ibm_torino,singleton,512,1.0,1.0,0.7106119791666666,0.8454055459528558,0.6534505208333333,2.2666343580391143e-65,1.0,1.0,1.0,1.0,0.9333333333333333,1.0,1.0,1.0,1.0
43,GROVER,H4-0,ibm_fez,singleton,64,0.5666666666666667,0.5666666666666667,0.09756944444444444,0.12073150991881641,0.030729166666666665,0.8056625366210938,1.0,0.8666666666666667,0.26666666666666666,0.0,0.0,0.0,0.0,0.0,0.23333333333333334
43,GROVER,H4-0,ibm_fez,singleton,128,0.7333333333333333,0.7333333333333333,0.10848214285714285,0.14681961921373643,0.03515625,0.5743100212603167,1.0,0.8666666666666667,0.4,0.0,0.0,0.0,0.0,0.0,0.3333333333333333
43,GROVER,H4-0,ibm_fez,singleton,256,0.9666666666666667,0.9666666666666667,0.12052951388888888,0.1560066965254421,0.03411458333333333,0.38765645803837384,1.0,0.9333333333333333,0.3,0.0,0.0,0.06666666666666667,0.0,0.06666666666666667,0.26666666666666666
43,GROVER,H4-0,ibm_fez,singleton,512,1.0,1.0,0.12194010416666666,0.19564892033900189,0.040690104166666664,0.1070149020171671,1.0,1.0,0.5,0.0,0.0,0.5,0.1,0.5,0.3
44,GROVER,H4-0,ibm_fez,singleton,64,1.0,1.0,0.49086805555555557,0.6799614445136263,0.4036458333333333,0.0012529355576627191,1.0,1.0,1.0,0.9333333333333333,0.16666666666666666,1.0,0.9666666666666667,1.0,1.0
44,GROVER,H4-0,ibm_fez,singleton,128,1.0,1.0,0.4934151785714286,0.7018075356277078,0.3927083333333333,5.2636379341809625e-08,1.0,1.0,1.0,1.0,0.03333333333333333,1.0,1.0,1.0,1.0
44,GROVER,H4-0,ibm_fez,singleton,256,1.0,1.0,0.49192708333333335,0.7412589596962661,0.41640625,9.933301476120676e-18,1.0,1.0,1.0,1.0,0.06666666666666667,1.0,1.0,1.0,1.0
44,GROVER,H4-0,ibm_fez,singleton,512,1.0,1.0,0.48678385416666664,0.7658069792201742,0.42994791666666665,8.975947038583477e-36,1.0,1.0,1.0,1.0,0.0,1.0,1.0,1.0,1.0
45,GROVER,H4-4,ibm_torino,singleton,64,0.6666666666666666,0.6666666666666666,0.12135416666666667,0.1721507467819219,0.0484375,0.6783809026082357,1.0,0.9333333333333333,0.3333333333333333,0.03333333333333333,0.0,0.03333333333333333,0.0,0.03333333333333333,0.3333333333333333
45,GROVER,H4-4,ibm_torino,singleton,128,1.0,1.0,0.15438988095238096,0.22220748268023016,0.05703125,0.36689881507869965,1.0,1.0,0.6,0.03333333333333333,0.0,0.13333333333333333,0.03333333333333333,0.13333333333333333,0.5333333333333333
45,GROVER,H4-4,ibm_torino,singleton,256,1.0,1.0,0.156640625,0.2663853947378086,0.06276041666666667,0.10576779514940249,1.0,1.0,0.7666666666666667,0.0,0.0,0.43333333333333335,0.2,0.43333333333333335,0.7
45,GROVER,H4-4,ibm_torino,singleton,512,1.0,1.0,0.15403645833333332,0.3324078991260348,0.07747395833333333,0.00547363510805399,1.0,1.0,0.9666666666666667,0.0,0.0,0.9666666666666667,0.9333333333333333,0.9666666666666667,0.9333333333333333
46,GROVER,H4-4,ibm_torino,singleton,64,1.0,1.0,0.3290972222222222,0.5269923251675198,0.228125,0.025413137255236508,1.0,1.0,1.0,0.7666666666666667,0.0,0.8,0.6666666666666666,0.8,1.0
46,GROVER,H4-4,ibm_torino,singleton,128,1.0,1.0,0.3285342261904762,0.5852756078907598,0.246875,0.0002282710732583686,1.0,1.0,1.0,0.8333333333333334,0.0,1.0,1.0,1.0,1.0
46,GROVER,H4-4,ibm_torino,singleton,256,1.0,1.0,0.33033854166666665,0.6354566115771204,0.253125,2.9374432642618646e-08,1.0,1.0,1.0,1.0,0.0,1.0,1.0,1.0,1.0
46,GROVER,H4-4,ibm_torino,singleton,512,1.0,1.0,0.3317057291666667,0.6557712253551425,0.2586588541666667,6.850794781938741e-18,1.0,1.0,1.0,1.0,0.0,1.0,1.0,1.0,1.0
47,GROVER,H4-4,ibm_torino,singleton,64,1.0,1.0,0.39527777777777773,0.6224109030532671,0.29583333333333334,0.004135364335767614,1.0,1.0,1.0,0.9333333333333333,0.0,1.0,0.9,1.0,1.0
47,GROVER,H4-4,ibm_torino,singleton,128,1.0,1.0,0.3938616071428571,0.6556099101675712,0.3171875,6.795611823629827e-05,1.0,1.0,1.0,0.9666666666666667,0.03333333333333333,1.0,1.0,1.0,1.0
47,GROVER,H4-4,ibm_torino,singleton,256,1.0,1.0,0.3920138888888889,0.7055478035023189,0.3328125,5.262646619190207e-11,1.0,1.0,1.0,1.0,0.0,1.0,1.0,1.0,1.0
47,GROVER,H4-4,ibm_torino,singleton,512,1.0,1.0,0.3927083333333333,0.7179430143110702,0.3314453125,1.7010184260685738e-26,1.0,1.0,1.0,1.0,0.0,1.0,1.0,1.0,1.0
48,GROVER,H4-4,ibm_torino,singleton,64,1.0,1.0,0.38350694444444444,0.6088458400783828,0.3067708333333333,0.004239688372278275,1.0,1.0,1.0,0.9333333333333333,0.0,0.9666666666666667,0.9,0.9666666666666667,1.0
48,GROVER,H4-4,ibm_torino,singleton,128,1.0,1.0,0.3849330357142857,0.6430711562915025,0.30078125,2.0114843848531637e-05,1.0,1.0,1.0,1.0,0.0,1.0,1.0,1.0,1.0
48,GROVER,H4-4,ibm_torino,singleton,256,1.0,1.0,0.3832465277777778,0.6840722560889431,0.31640625,4.1179493864462985e-11,1.0,1.0,1.0,1.0,0.0,1.0,1.0,1.0,1.0
48,GROVER,H4-4,ibm_torino,singleton,512,1.0,1.0,0.3806640625,0.7218028267664608,0.32610677083333334,9.846810847035181e-26,1.0,1.0,1.0,1.0,0.0,1.0,1.0,1.0,1.0
49,GROVER,H4-4,ibm_torino,singleton,64,0.4666666666666667,0.4666666666666667,0.10215277777777777,0.1328440064494715,0.0375,0.7357906659444173,1.0,0.8,0.3,0.0,0.0,0.0,0.0,0.0,0.26666666666666666
49,GROVER,H4-4,ibm_torino,singleton,128,0.8,0.8,0.1253348214285714,0.12130496737969639,0.029427083333333333,0.654061925864274,1.0,0.8333333333333334,0.16666666666666666,0.0,0.0,0.03333333333333333,0.0,0.03333333333333333,0.13333333333333333
49,GROVER,H4-4,ibm_torino,singleton,256,1.0,1.0,0.14019097222222224,0.21025720591173006,0.04791666666666667,0.19092483320446632,1.0,1.0,0.5666666666666667,0.0,0.0,0.2,0.03333333333333333,0.2,0.36666666666666664
49,GROVER,H4-4,ibm_torino,singleton,512,1.0,1.0,0.1384765625,0.19759287823216864,0.04641927083333333,0.10270408075211783,1.0,1.0,0.5,0.0,0.0,0.5333333333333333,0.2,0.5,0.4666666666666667
50,GROVER,H4-4,ibm_torino,singleton,64,1.0,1.0,0.4532291666666667,0.6720348526105369,0.365625,0.0013792293917740987,1.0,1.0,1.0,0.9666666666666667,0.06666666666666667,1.0,0.9666666666666667,1.0,1.0
50,GROVER,H4-4,ibm_torino,singleton,128,1.0,1.0,0.45398065476190474,0.7181152133204282,0.375,4.484899000065086e-07,1.0,1.0,1.0,1.0,0.1,1.0,1.0,1.0,1.0
50,GROVER,H4-4,ibm_torino,singleton,256,1.0,1.0,0.45013020833333334,0.7598698703440107,0.39921875,8.528739299990685e-18,1.0,1.0,1.0,1.0,0.13333333333333333,1.0,1.0,1.0,1.0
50,GROVER,H4-4,ibm_torino,singleton,512,1.0,1.0,0.4514973958333333,0.7781920101471335,0.398046875,1.0405855211826944e-35,1.0,1.0,1.0,1.0,0.1,1.0,1.0,1.0,1.0
51,GROVER,H4-4,ibm_torino,singleton,64,1.0,1.0,0.445625,0.6566947893703112,0.35052083333333334,0.001138736207819117,1.0,1.0,1.0,0.9666666666666667,0.03333333333333333,1.0,0.9666666666666667,1.0,1.0
51,GROVER,H4-4,ibm_torino,singleton,128,1.0,1.0,0.44441964285714286,0.7198507398324652,0.37864583333333335,2.008267379760189e-07,1.0,1.0,1.0,1.0,0.1,1.0,1.0,1.0,1.0
51,GROVER,H4-4,ibm_torino,singleton,256,1.0,1.0,0.4447482638888889,0.7421709409093046,0.38111979166666665,1.1137976119249464e-13,1.0,1.0,1.0,1.0,0.0,1.0,1.0,1.0,1.0
51,GROVER,H4-4,ibm_torino,singleton,512,1.0,1.0,0.4466145833333333,0.7620711928662391,0.3841145833333333,1.5682441385831903e-33,1.0,1.0,1.0,1.0,0.0,1.0,1.0,1.0,1.0
52,GROVER,H4-4,ibm_torino,singleton,64,1.0,1.0,0.4237847222222222,0.6556980409382674,0.325,0.0017314287793548525,1.0,1.0,1.0,0.9666666666666667,0.0,1.0,0.9666666666666667,1.0,1.0
52,GROVER,H4-4,ibm_torino,singleton,128,1.0,1.0,0.42239583333333336,0.7145663200210842,0.35572916666666665,1.0764332592026563e-06,1.0,1.0,1.0,1.0,0.0,1.0,1.0,1.0,1.0
52,GROVER,H4-4,ibm_torino,singleton,256,1.0,1.0,0.42291666666666666,0.747944483298311,0.3619791666666667,3.530905802079673e-15,1.0,1.0,1.0,1.0,0.03333333333333333,1.0,1.0,1.0,1.0
52,GROVER,H4-4,ibm_torino,singleton,512,1.0,1.0,0.42037760416666664,0.7770647245345376,0.37200520833333334,2.1025194211173885e-33,1.0,1.0,1.0,1.0,0.06666666666666667,1.0,1.0,1.0,1.0
53,GROVER,M3-1,ibm_fez,singleton,64,1.0,1.0,0.33520833333333333,0.39692710360051436,0.19895833333333332,0.09261057824381473,1.0,1.0,0.9,0.2,0.0,0.6666666666666666,0.2,0.6666666666666666,1.0
53,GROVER,M3-1,ibm_fez,singleton,128,1.0,1.0,0.3362723214285714,0.39092276239973567,0.18776041666666668,0.016904490903757455,1.0,1.0,0.9666666666666667,0.1,0.0,0.9666666666666667,0.7333333333333333,0.9666666666666667,1.0
53,GROVER,M3-1,ibm_fez,singleton,256,1.0,1.0,0.3341145833333333,0.4397312663920019,0.209375,0.00011892579920891325,1.0,1.0,1.0,0.16666666666666666,0.0,1.0,1.0,1.0,1.0
53,GROVER,M3-1,ibm_fez,singleton,512,1.0,1.0,0.3359375,0.44407179503439853,0.20677083333333332,1.204695952345578e-09,1.0,1.0,1.0,0.03333333333333333,0.0,1.0,1.0,1.0,1.0
54,GROVER,M3-1,ibm_fez,singleton,64,1.0,1.0,0.7267708333333334,0.7910746043115378,0.6395833333333333,3.1051392927345284e-07,1.0,1.0,1.0,1.0,0.5,1.0,1.0,1.0,1.0
54,GROVER,M3-1,ibm_fez,singleton,128,1.0,1.0,0.7274181547619047,0.8145921467960007,0.6471354166666666,9.695674247285443e-16,1.0,1.0,1.0,1.0,0.6666666666666666,1.0,1.0,1.0,1.0
54,GROVER,M3-1,ibm_fez,singleton,256,1.0,1.0,0.72421875,0.8363062511993017,0.6682291666666667,3.22507927984906e-32,1.0,1.0,1.0,1.0,0.9,1.0,1.0,1.0,1.0
54,GROVER,M3-1,ibm_fez,singleton,512,1.0,1.0,0.7276692708333333,0.8415596751148108,0.6630208333333333,1.0317148052068925e-66,1.0,1.0,1.0,1.0,0.9666666666666667,1.0,1.0,1.0,1.0
55,GROVER,M3-1,ibm_fez,singleton,64,1.0,1.0,0.7265972222222222,0.7927210677382878,0.6286458333333333,6.888225634512264e-08,1.0,1.0,1.0,1.0,0.5,1.0,1.0,1.0,1.0
55,GROVER,M3-1,ibm_fez,singleton,128,1.0,1.0,0.7252604166666666,0.8411040533119515,0.6653645833333334,3.3708904473209735e-17,1.0,1.0,1.0,1.0,0.9333333333333333,1.0,1.0,1.0,1.0
55,GROVER,M3-1,ibm_fez,singleton,256,1.0,1.0,0.7255208333333333,0.8532449846945208,0.668359375,1.0568897854013943e-34,1.0,1.0,1.0,1.0,1.0,1.0,1.0,1.0,1.0
55,GROVER,M3-1,ibm_fez,singleton,512,1.0,1.0,0.7237630208333333,0.8643275934808088,0.6744791666666666,7.588148705584104e-75,1.0,1.0,1.0,1.0,1.0,1.0,1.0,1.0,1.0
56,GROVER,M3-1,ibm_fez,singleton,64,1.0,1.0,0.8645833333333334,0.8940812343845796,0.8114583333333333,5.154656360315905e-12,1.0,1.0,1.0,1.0,1.0,1.0,1.0,1.0,1.0
56,GROVER,M3-1,ibm_fez,singleton,128,1.0,1.0,0.8641741071428571,0.9104392891328553,0.8244791666666667,1.7749200774414153e-23,1.0,1.0,1.0,1.0,1.0,1.0,1.0,1.0,1.0
56,GROVER,M3-1,ibm_fez,singleton,256,1.0,1.0,0.8645399305555556,0.9205207778234967,0.827734375,7.383905746430557e-49,1.0,1.0,1.0,1.0,1.0,1.0,1.0,1.0,1.0
56,GROVER,M3-1,ibm_fez,singleton,512,1.0,1.0,0.8642578125,0.9217160525366299,0.8290364583333333,9.463338084184934e-103,1.0,1.0,1.0,1.0,1.0,1.0,1.0,1.0,1.0
57,GROVER,M3-1,ibm_fez,singleton,64,0.13333333333333333,0.3333333333333333,0.14177083333333332,0.10678310957371426,0.041666666666666664,0.7541061292092005,1.0,0.9666666666666667,0.16666666666666666,0.0,0.0,0.0,0.0,0.0,0.23333333333333334
57,GROVER,M3-1,ibm_fez,singleton,128,0.03333333333333333,0.5666666666666667,0.14795386904761904,0.08754967064965297,0.030729166666666665,0.6712519638923069,1.0,0.9,0.03333333333333333,0.0,0.0,0.0,0.0,0.0,0.16666666666666666
57,GROVER,M3-1,ibm_fez,singleton,256,0.03333333333333333,0.5666666666666667,0.1482204861111111,0.053410874961330713,0.017578125,0.7232322412772499,1.0,0.9,0.0,0.0,0.0,0.0,0.0,0.0,0.03333333333333333
57,GROVER,M3-1,ibm_fez,singleton,512,0.06666666666666667,0.5666666666666667,0.15182291666666667,0.046312030438044924,0.014713541666666666,0.6389823773616555,1.0,1.0,0.0,0.0,0.0,0.0,0.0,0.0,0.0
58,GROVER,M3-1,ibm_fez,singleton,64,1.0,1.0,0.8051041666666666,0.8719717685909275,0.7588541666666667,2.553695457064668e-10,1.0,1.0,1.0,1.0,1.0,1.0,1.0,1.0,1.0
58,GROVER,M3-1,ibm_fez,singleton,128,1.0,1.0,0.8062872023809524,0.8712651602992547,0.7463541666666667,4.0785855647613644e-20,1.0,1.0,1.0,1.0,1.0,1.0,1.0,1.0,1.0
58,GROVER,M3-1,ibm_fez,singleton,256,1.0,1.0,0.8034722222222223,0.8983914121549581,0.7688802083333334,2.6446003828174657e-42,1.0,1.0,1.0,1.0,1.0,1.0,1.0,1.0,1.0
58,GROVER,M3-1,ibm_fez,singleton,512,1.0,1.0,0.8104166666666667,0.9020898628754043,0.7597005208333333,5.319601759496094e-91,1.0,1.0,1.0,1.0,1.0,1.0,1.0,1.0,1.0
59,GROVER,M3-1,ibm_fez,singleton,64,1.0,1.0,0.8309375,0.8850382981979017,0.7822916666666667,3.87050892493764e-11,1.0,1.0,1.0,1.0,1.0,1.0,1.0,1.0,1.0
59,GROVER,M3-1,ibm_fez,singleton,128,1.0,1.0,0.83046875,0.9009567124988298,0.7919270833333333,1.2166690155537075e-22,1.0,1.0,1.0,1.0,1.0,1.0,1.0,1.0,1.0
59,GROVER,M3-1,ibm_fez,singleton,256,1.0,1.0,0.830078125,0.9148936882436657,0.7970052083333333,4.881240815831687e-47,1.0,1.0,1.0,1.0,1.0,1.0,1.0,1.0,1.0
59,GROVER,M3-1,ibm_fez,singleton,512,1.0,1.0,0.8299479166666667,0.9203391953240037,0.79765625,1.0707057569953302e-98,1.0,1.0,1.0,1.0,1.0,1.0,1.0,1.0,1.0
60,GROVER,M3-1,ibm_fez,singleton,64,1.0,1.0,0.812326388888889,0.8631445537966533,0.7557291666666667,1.3990919895424484e-10,1.0,1.0,1.0,1.0,1.0,1.0,1.0,1.0,1.0
60,GROVER,M3-1,ibm_fez,singleton,128,1.0,1.0,0.8122023809523811,0.8725229399299351,0.7591145833333334,2.176017450319113e-20,1.0,1.0,1.0,1.0,0.9666666666666667,1.0,1.0,1.0,1.0
60,GROVER,M3-1,ibm_fez,singleton,256,1.0,1.0,0.8100694444444444,0.8854467733499066,0.7700520833333333,1.0991393343920722e-39,1.0,1.0,1.0,1.0,1.0,1.0,1.0,1.0,1.0
60,GROVER,M3-1,ibm_fez,singleton,512,1.0,1.0,0.8131510416666666,0.8865002343069812,0.7630208333333334,9.376901322306856e-87,1.0,1.0,1.0,1.0,1.0,1.0,1.0,1.0,1.0
61,GROVER,M3-1,ibm_fez,singleton,64,1.0,1.0,0.7437152777777778,0.811273682226591,0.6588541666666666,5.458733972054282e-07,1.0,1.0,1.0,1.0,0.8,1.0,1.0,1.0,1.0
61,GROVER,M3-1,ibm_fez,singleton,128,1.0,1.0,0.7421130952380952,0.8386667034474222,0.6846354166666667,4.30378434915865e-16,1.0,1.0,1.0,1.0,0.8,1.0,1.0,1.0,1.0
61,GROVER,M3-1,ibm_fez,singleton,256,1.0,1.0,0.7460503472222223,0.8512614769232373,0.6755208333333333,9.417441778823362e-34,1.0,1.0,1.0,1.0,1.0,1.0,1.0,1.0,1.0
61,GROVER,M3-1,ibm_fez,singleton,512,1.0,1.0,0.7455078125,0.8633603663680581,0.6864583333333333,8.247327980182066e-74,1.0,1.0,1.0,1.0,1.0,1.0,1.0,1.0,1.0
62,GROVER,M3-1,ibm_fez,singleton,64,1.0,1.0,0.7388194444444445,0.7967708775861915,0.6479166666666667,1.308711566721151e-06,1.0,1.0,1.0,1.0,0.6,1.0,1.0,1.0,1.0
62,GROVER,M3-1,ibm_fez,singleton,128,1.0,1.0,0.7372395833333333,0.8315339677330488,0.6770833333333334,2.364471894445381e-16,1.0,1.0,1.0,1.0,0.7666666666666667,1.0,1.0,1.0,1.0
62,GROVER,M3-1,ibm_fez,singleton,256,1.0,1.0,0.7387152777777778,0.8362345052639253,0.6713541666666667,2.792701840896645e-32,1.0,1.0,1.0,1.0,0.8,1.0,1.0,1.0,1.0
62,GROVER,M3-1,ibm_fez,singleton,512,1.0,1.0,0.7421875,0.8375646612036091,0.6694661458333333,1.1157334774924549e-65,1.0,1.0,1.0,1.0,0.9333333333333333,1.0,1.0,1.0,1.0
63,GROVER,M3-2,ibm_fez,multiple,64,0.13333333333333333,0.7333333333333333,0.19104166666666667,0.1180266120501003,0.04739583333333333,0.7017960462719202,1.0,0.9666666666666667,0.13333333333333333,0.0,0.0,0.0,0.0,0.0,0.4
63,GROVER,M3-2,ibm_fez,multiple,128,0.03333333333333333,0.7,0.1863095238095238,0.13817610184806348,0.05364583333333333,0.47580987562968363,1.0,0.9666666666666667,0.3333333333333333,0.0,0.0,0.0,0.0,0.0,0.5
63,GROVER,M3-2,ibm_fez,multiple,256,0.03333333333333333,0.9666666666666667,0.2118923611111111,0.1739731428483996,0.064453125,0.24652637690360815,1.0,1.0,0.43333333333333335,0.0,0.0,0.4,0.2,0.4,0.6
63,GROVER,M3-2,ibm_fez,multiple,512,0.0,1.0,0.213671875,0.19883259111565849,0.07194010416666667,0.02804330550960938,1.0,1.0,0.5666666666666667,0.0,0.0,0.8333333333333334,0.5666666666666667,0.5666666666666667,0.8666666666666667
64,GROVER,M3-2,ibm_fez,multiple,64,1.0,0.36666666666666664,0.44604166666666667,0.15048876911572417,0.13541666666666666,0.400109816213426,1.0,1.0,0.2,0.0,0.0,0.13333333333333333,0.0,0.13333333333333333,0.8
64,GROVER,M3-2,ibm_fez,multiple,128,1.0,0.3333333333333333,0.4466889880952381,0.07712318126863646,0.06875,0.5485817301897816,1.0,1.0,0.06666666666666667,0.0,0.0,0.1,0.0,0.06666666666666667,0.5333333333333333
64,GROVER,M3-2,ibm_fez,multiple,256,1.0,0.26666666666666666,0.4435763888888889,0.04529261119347232,0.040755208333333334,0.5882929466588173,1.0,0.9333333333333333,0.0,0.0,0.0,0.0,0.0,0.0,0.4
64,GROVER,M3-2,ibm_fez,multiple,512,1.0,0.26666666666666666,0.44088541666666664,0.029469389839975837,0.0265625,0.6152875466056996,1.0,0.9666666666666667,0.0,0.0,0.0,0.03333333333333333,0.0,0.0,0.16666666666666666
65,GROVER,M3-2,ibm_fez,multiple,64,1.0,0.5666666666666667,0.44524305555555554,0.10829343520082585,0.0953125,0.5823278735650664,1.0,0.9,0.13333333333333333,0.0,0.0,0.06666666666666667,0.03333333333333333,0.06666666666666667,0.6666666666666666
65,GROVER,M3-2,ibm_fez,multiple,128,1.0,0.5,0.44434523809523807,0.0714414935174057,0.06380208333333333,0.5754965521993126,1.0,0.9333333333333333,0.06666666666666667,0.0,0.0,0.06666666666666667,0.0,0.06666666666666667,0.5
65,GROVER,M3-2,ibm_fez,multiple,256,1.0,0.5666666666666667,0.4439236111111111,0.04183293490973617,0.037369791666666666,0.596917993451292,1.0,1.0,0.0,0.0,0.0,0.0,0.0,0.0,0.3333333333333333
65,GROVER,M3-2,ibm_fez,multiple,512,1.0,0.3333333333333333,0.4373697916666667,0.030397314090190378,0.0271484375,0.5881456886291573,1.0,1.0,0.0,0.0,0.0,0.0,0.0,0.0,0.16666666666666666
66,GROVER,M3-2,ibm_fez,multiple,64,1.0,0.6,0.46010416666666665,0.08732246822320613,0.0796875,0.6558846600061158,1.0,0.9666666666666667,0.13333333333333333,0.0,0.0,0.03333333333333333,0.0,0.03333333333333333,0.4666666666666667
66,GROVER,M3-2,ibm_fez,multiple,128,1.0,0.7333333333333333,0.46391369047619047,0.08506804584339939,0.07760416666666667,0.485136285447099,1.0,0.9666666666666667,0.06666666666666667,0.0,0.0,0.06666666666666667,0.0,0.06666666666666667,0.6333333333333333
66,GROVER,M3-2,ibm_fez,multiple,256,1.0,0.9333333333333333,0.47335069444444444,0.0652305166119475,0.059375,0.44690572143148954,1.0,1.0,0.0,0.0,0.0,0.06666666666666667,0.03333333333333333,0.0,0.5666666666666667
66,GROVER,M3-2,ibm_fez,multiple,512,1.0,0.6333333333333333,0.46119791666666665,0.05267667131513861,0.048111979166666666,0.38449869475965887,1.0,0.9666666666666667,0.0,0.0,0.0,0.16666666666666666,0.0,0.0,0.43333333333333335
67,GROVER,M3-2,ibm_fez,multiple,64,1.0,0.5,0.4086458333333333,0.09815648309961014,0.08177083333333333,0.6143879574283969,1.0,1.0,0.1,0.0,0.0,0.0,0.0,0.0,0.6
67,GROVER,M3-2,ibm_fez,multiple,128,1.0,0.6666666666666666,0.4113095238095238,0.07063937480873332,0.058854166666666666,0.5691503946027904,1.0,1.0,0.0,0.0,0.0,0.0,0.0,0.0,0.5666666666666667
67,GROVER,M3-2,ibm_fez,multiple,256,1.0,0.7666666666666667,0.4138454861111111,0.0417685900719645,0.034375,0.623278753336405,1.0,0.9666666666666667,0.0,0.0,0.0,0.0,0.0,0.0,0.26666666666666666
67,GROVER,M3-2,ibm_fez,multiple,512,1.0,0.5,0.41171875,0.042491987652138345,0.03502604166666667,0.47867263231686324,1.0,1.0,0.0,0.0,0.0,0.03333333333333333,0.0,0.0,0.26666666666666666
68,GROVER,M3-2,ibm_fez,multiple,64,1.0,0.7333333333333333,0.4345833333333333,0.13410265566136123,0.1140625,0.5089733759156244,1.0,0.9,0.2,0.0,0.0,0.13333333333333333,0.06666666666666667,0.13333333333333333,0.7333333333333333
68,GROVER,M3-2,ibm_fez,multiple,128,1.0,0.8,0.4388764880952381,0.08081171893233381,0.06822916666666666,0.5399412924968409,1.0,0.9666666666666667,0.06666666666666667,0.0,0.0,0.03333333333333333,0.03333333333333333,0.03333333333333333,0.5666666666666667
68,GROVER,M3-2,ibm_fez,multiple,256,1.0,0.9666666666666667,0.44631076388888885,0.09035027878721745,0.07682291666666667,0.32490152906221986,1.0,0.9666666666666667,0.0,0.0,0.0,0.23333333333333334,0.06666666666666667,0.0,0.6666666666666666
68,GROVER,M3-2,ibm_fez,multiple,512,1.0,0.9333333333333333,0.4451171875,0.07585965776440436,0.06471354166666667,0.2107624806849203,1.0,1.0,0.0,0.0,0.0,0.23333333333333334,0.06666666666666667,0.0,0.6666666666666666
69,GROVER,M3-2,ibm_torino,multiple,64,1.0,0.7,0.3283680555555556,0.12516234434202056,0.07916666666666666,0.5780324617310318,1.0,0.9666666666666667,0.23333333333333334,0.0,0.0,0.0,0.0,0.0,0.5333333333333333
69,GROVER,M3-2,ibm_torino,multiple,128,1.0,0.7,0.32663690476190477,0.08007911046072265,0.05234375,0.5713844385071688,1.0,0.9666666666666667,0.03333333333333333,0.0,0.0,0.03333333333333333,0.0,0.03333333333333333,0.4666666666666667
69,GROVER,M3-2,ibm_torino,multiple,256,1.0,0.7666666666666667,0.3273871527777778,0.06307034204563643,0.041015625,0.5110852670875359,1.0,1.0,0.0,0.0,0.0,0.0,0.0,0.0,0.3333333333333333
69,GROVER,M3-2,ibm_torino,multiple,512,1.0,0.8,0.3299479166666667,0.05176205375891526,0.03359375,0.4460877744423885,1.0,1.0,0.0,0.0,0.0,0.06666666666666667,0.03333333333333333,0.0,0.16666666666666666
70,GROVER,M3-2,ibm_torino,multiple,64,1.0,0.8333333333333334,0.46145833333333336,0.18923701739892068,0.16145833333333334,0.3116212089285033,1.0,1.0,0.4666666666666667,0.0,0.0,0.2,0.03333333333333333,0.2,0.9
70,GROVER,M3-2,ibm_torino,multiple,128,1.0,0.9666666666666667,0.4800967261904762,0.14943828130106013,0.12734375,0.23760105648970642,1.0,1.0,0.2,0.0,0.0,0.23333333333333334,0.06666666666666667,0.2,0.8666666666666667
70,GROVER,M3-2,ibm_torino,multiple,256,1.0,0.9666666666666667,0.48077256944444446,0.14328920799452435,0.12083333333333333,0.1168752199659102,1.0,1.0,0.13333333333333333,0.0,0.0,0.5333333333333333,0.26666666666666666,0.13333333333333333,0.9
70,GROVER,M3-2,ibm_torino,multiple,512,1.0,1.0,0.4835286458333333,0.15488966411885083,0.1306640625,0.012590422828748005,1.0,1.0,0.06666666666666667,0.0,0.0,0.9666666666666667,0.8333333333333334,0.06666666666666667,0.9666666666666667
71,GROVER,M3-2,ibm_torino,multiple,64,1.0,0.4666666666666667,0.38833333333333336,0.10749300313629566,0.08489583333333334,0.5861029349975945,1.0,0.9333333333333333,0.13333333333333333,0.0,0.0,0.03333333333333333,0.0,0.03333333333333333,0.6
71,GROVER,M3-2,ibm_torino,multiple,128,1.0,0.5333333333333333,0.389360119047619,0.07583583516371976,0.059375,0.5933797193059717,1.0,0.9,0.06666666666666667,0.0,0.0,0.06666666666666667,0.03333333333333333,0.06666666666666667,0.4
71,GROVER,M3-2,ibm_torino,multiple,256,1.0,0.5,0.3891059027777778,0.03869448566665193,0.030208333333333334,0.6717902057424899,1.0,0.9,0.0,0.0,0.0,0.03333333333333333,0.0,0.0,0.26666666666666666
71,GROVER,M3-2,ibm_torino,multiple,512,1.0,0.4666666666666667,0.3861328125,0.023488160883773344,0.018359375,0.6929967931281829,1.0,0.9666666666666667,0.0,0.0,0.0,0.0,0.0,0.0,0.0
72,GROVER,M3-2,ibm_torino,multiple,64,1.0,0.5666666666666667,0.43430555555555556,0.0899874616106791,0.078125,0.6371350070679209,1.0,0.9666666666666667,0.13333333333333333,0.0,0.0,0.0,0.0,0.0,0.6
72,GROVER,M3-2,ibm_torino,multiple,128,1.0,0.5666666666666667,0.43407738095238096,0.06614329876341775,0.0578125,0.6043982611575385,1.0,1.0,0.06666666666666667,0.0,0.0,0.06666666666666667,0.0,0.06666666666666667,0.4666666666666667
72,GROVER,M3-2,ibm_torino,multiple,256,1.0,0.4666666666666667,0.4320746527777778,0.053287988000636104,0.046484375,0.5408821639850736,1.0,0.9333333333333333,0.0,0.0,0.0,0.06666666666666667,0.0,0.0,0.36666666666666664
72,GROVER,M3-2,ibm_torino,multiple,512,1.0,0.4,0.42864583333333334,0.0309711722018665,0.026953125,0.5905872416905885,1.0,1.0,0.0,0.0,0.0,0.03333333333333333,0.0,0.0,0.1
73,GROVER,M4-2,ibm_fez,multiple,64,0.13333333333333333,0.1,0.07055555555555555,0.09009702715585069,0.021875,0.8731468836466472,1.0,0.7333333333333333,0.13333333333333333,0.0,0.0,0.0,0.0,0.0,0.06666666666666667
73,GROVER,M4-2,ibm_fez,multiple,128,0.1,0.1,0.07209821428571428,0.06760870745853255,0.0140625,0.8486103765200823,1.0,0.7666666666666667,0.03333333333333333,0.0,0.0,0.0,0.0,0.0,0.0
73,GROVER,M4-2,ibm_fez,multiple,256,0.16666666666666666,0.0,0.07608506944444444,0.06120743296009886,0.012239583333333333,0.7635632002938461,1.0,0.8666666666666667,0.0,0.0,0.0,0.0,0.0,0.0,0.0
73,GROVER,M4-2,ibm_fez,multiple,512,0.0,0.06666666666666667,0.07858072916666667,0.03494791718345967,0.006380208333333333,0.8156452295686757,1.0,0.8666666666666667,0.0,0.0,0.0,0.0,0.0,0.0,0.0
74,GROVER,M4-2,ibm_fez,multiple,64,0.9,0.4,0.1825347222222222,0.10017730500581011,0.03958333333333333,0.757189517809699,1.0,0.7666666666666667,0.2,0.0,0.0,0.0,0.0,0.0,0.3
74,GROVER,M4-2,ibm_fez,multiple,128,1.0,0.6333333333333333,0.19226190476190477,0.10348070917533371,0.039322916666666666,0.6127532376901809,1.0,1.0,0.13333333333333333,0.0,0.0,0.03333333333333333,0.0,0.03333333333333333,0.26666666666666666
74,GROVER,M4-2,ibm_fez,multiple,256,0.9666666666666667,0.6333333333333333,0.19092881944444443,0.06562683889378546,0.024739583333333332,0.6318853441779465,1.0,0.9666666666666667,0.03333333333333333,0.0,0.0,0.03333333333333333,0.0,0.03333333333333333,0.1
74,GROVER,M4-2,ibm_fez,multiple,512,1.0,0.5333333333333333,0.19453125,0.04868271193149474,0.0185546875,0.5724000598129316,1.0,0.9666666666666667,0.0,0.0,0.0,0.0,0.0,0.0,0.0
75,GROVER,M4-2,ibm_fez,multiple,64,1.0,0.6333333333333333,0.32517361111111115,0.1384605929875053,0.08958333333333333,0.5568511260607067,1.0,0.9333333333333333,0.26666666666666666,0.0,0.0,0.1,0.03333333333333333,0.1,0.6
75,GROVER,M4-2,ibm_fez,multiple,128,1.0,0.8,0.3359747023809524,0.11735048553373086,0.07447916666666667,0.43815751143612847,1.0,1.0,0.16666666666666666,0.0,0.0,0.13333333333333333,0.0,0.13333333333333333,0.6666666666666666
75,GROVER,M4-2,ibm_fez,multiple,256,1.0,0.9333333333333333,0.3448350694444445,0.10295922549224452,0.065625,0.2907462078153222,1.0,1.0,0.06666666666666667,0.0,0.0,0.1,0.06666666666666667,0.06666666666666667,0.6333333333333333
75,GROVER,M4-2,ibm_fez,multiple,512,1.0,1.0,0.34563802083333334,0.11355640213456832,0.07252604166666667,0.09587987052922152,1.0,1.0,0.0,0.0,0.0,0.5666666666666667,0.23333333333333334,0.0,0.8333333333333334
76,GROVER,M4-2,ibm_fez,multiple,64,1.0,0.5,0.2687152777777778,0.11491273081246905,0.06041666666666667,0.6579194293062149,1.0,0.9333333333333333,0.13333333333333333,0.0,0.0,0.0,0.0,0.0,0.4666666666666667
76,GROVER,M4-2,ibm_fez,multiple,128,1.0,0.43333333333333335,0.2665922619047619,0.09280375459355573,0.04973958333333333,0.5882717709790767,1.0,0.9333333333333333,0.13333333333333333,0.0,0.0,0.03333333333333333,0.0,0.03333333333333333,0.36666666666666664
76,GROVER,M4-2,ibm_fez,multiple,256,1.0,0.26666666666666666,0.2631076388888889,0.05553793426495557,0.030859375,0.6031513259884895,1.0,0.9333333333333333,0.0,0.0,0.0,0.0,0.0,0.0,0.2
76,GROVER,M4-2,ibm_fez,multiple,512,1.0,0.23333333333333334,0.26015625,0.034217570289193304,0.018684895833333333,0.6391393679273855,1.0,0.9333333333333333,0.0,0.0,0.0,0.0,0.0,0.0,0.03333333333333333
77,GROVER,M4-2,ibm_torino,multiple,64,1.0,0.8666666666666667,0.2020486111111111,0.2232182619338987,0.07708333333333334,0.49883861107130845,1.0,0.9333333333333333,0.5333333333333333,0.0,0.0,0.06666666666666667,0.0,0.06666666666666667,0.5666666666666667
77,GROVER,M4-2,ibm_torino,multiple,128,1.0,0.9333333333333333,0.2075892857142857,0.22889447477085983,0.07838541666666667,0.26754064474650646,1.0,1.0,0.5666666666666667,0.03333333333333333,0.0,0.2,0.03333333333333333,0.2,0.7666666666666667
77,GROVER,M4-2,ibm_torino,multiple,256,1.0,1.0,0.2111545138888889,0.2775249883838319,0.096484375,0.05114796495902167,1.0,1.0,0.8,0.0,0.0,0.7,0.4,0.7,0.9666666666666667
77,GROVER,M4-2,ibm_torino,multiple,512,1.0,1.0,0.217578125,0.2517389911493219,0.0845703125,0.006282759162210835,1.0,1.0,0.8666666666666667,0.0,0.0,0.9666666666666667,0.9,0.8666666666666667,0.9666666666666667
78,GROVER,M4-2,ibm_torino,multiple,64,1.0,0.9333333333333333,0.3235763888888889,0.2897186001952736,0.15052083333333333,0.28586211381734755,1.0,1.0,0.7,0.1,0.0,0.26666666666666666,0.13333333333333333,0.26666666666666666,0.8
78,GROVER,M4-2,ibm_torino,multiple,128,1.0,1.0,0.3341517857142857,0.26659233881305006,0.140625,0.11052880646968914,1.0,1.0,0.7666666666666667,0.0,0.0,0.5333333333333333,0.26666666666666666,0.5333333333333333,0.9333333333333333
78,GROVER,M4-2,ibm_torino,multiple,256,1.0,1.0,0.33372395833333335,0.27898987905140443,0.14635416666666667,0.02069102407434627,1.0,1.0,0.9666666666666667,0.0,0.0,0.9666666666666667,0.7666666666666667,0.9666666666666667,0.9666666666666667
78,GROVER,M4-2,ibm_torino,multiple,512,1.0,1.0,0.3358072916666667,0.273424531787794,0.14270833333333333,0.00014220743513139854,1.0,1.0,0.9666666666666667,0.0,0.0,1.0,1.0,0.9666666666666667,1.0
79,GROVER,M4-2,ibm_torino,multiple,64,1.0,0.9666666666666667,0.33652777777777776,0.23385757678054386,0.1296875,0.31516291680122016,1.0,0.9666666666666667,0.6,0.0,0.0,0.13333333333333333,0.03333333333333333,0.13333333333333333,0.8333333333333334
79,GROVER,M4-2,ibm_torino,multiple,128,1.0,0.9666666666666667,0.33634672619047623,0.205887941313123,0.1171875,0.22041309540924467,1.0,0.9666666666666667,0.6,0.03333333333333333,0.0,0.36666666666666664,0.13333333333333333,0.36666666666666664,0.8666666666666667
79,GROVER,M4-2,ibm_torino,multiple,256,1.0,1.0,0.34032118055555555,0.2005445002398507,0.11432291666666666,0.0675385941810557,1.0,1.0,0.5333333333333333,0.0,0.0,0.7666666666666667,0.4,0.5333333333333333,0.9
79,GROVER,M4-2,ibm_torino,multiple,512,1.0,1.0,0.34498697916666665,0.17392299735945185,0.09973958333333334,0.009537745645641688,1.0,1.0,0.2,0.0,0.0,0.9666666666666667,0.7,0.2,1.0
80,GROVER,M4-2,ibm_torino,multiple,64,1.0,0.7333333333333333,0.2614236111111111,0.11969391194140054,0.059895833333333336,0.6504562716804988,1.0,0.8,0.26666666666666666,0.0,0.0,0.03333333333333333,0.0,0.03333333333333333,0.4666666666666667
80,GROVER,M4-2,ibm_torino,multiple,128,1.0,0.7666666666666667,0.26145833333333335,0.10027629147964806,0.05078125,0.585446040032622,1.0,0.9666666666666667,0.16666666666666666,0.0,0.0,0.1,0.0,0.1,0.36666666666666664
80,GROVER,M4-2,ibm_torino,multiple,256,1.0,0.7333333333333333,0.26098090277777775,0.07959587296450321,0.04010416666666667,0.5111292070839011,1.0,0.9666666666666667,0.03333333333333333,0.0,0.0,0.06666666666666667,0.03333333333333333,0.03333333333333333,0.36666666666666664
80,GROVER,M4-2,ibm_torino,multiple,512,1.0,0.8666666666666667,0.26165364583333334,0.06526427270135537,0.03365885416666667,0.36921156404238276,1.0,1.0,0.0,0.0,0.0,0.0,0.0,0.0,0.2
81,GROVER,M4-4,ibm_fez,multiple,64,0.4,0.2,0.07215277777777777,0.08785941727118197,0.021354166666666667,0.9008641560872396,1.0,0.8333333333333334,0.13333333333333333,0.0,0.0,0.0,0.0,0.0,0.1
81,GROVER,M4-4,ibm_fez,multiple,128,0.6,0.23333333333333334,0.07213541666666666,0.08063412957431412,0.017447916666666667,0.8145248176432991,1.0,0.9,0.03333333333333333,0.0,0.0,0.0,0.0,0.0,0.03333333333333333
81,GROVER,M4-4,ibm_fez,multiple,256,0.6666666666666666,0.16666666666666666,0.07634548611111111,0.05527005586193609,0.010677083333333334,0.7958842033969282,1.0,0.7666666666666667,0.0,0.0,0.0,0.0,0.0,0.0,0.0
81,GROVER,M4-4,ibm_fez,multiple,512,0.8333333333333334,0.1,0.07786458333333333,0.03774173111299907,0.0068359375,0.7972263203115488,1.0,0.8666666666666667,0.0,0.0,0.0,0.0,0.0,0.0,0.0
82,GROVER,M4-4,ibm_fez,multiple,64,0.3,0.6666666666666666,0.16128472222222223,0.1372098334117785,0.049479166666666664,0.6881516222686818,1.0,0.9,0.26666666666666666,0.0,0.0,0.03333333333333333,0.0,0.03333333333333333,0.3333333333333333
82,GROVER,M4-4,ibm_fez,multiple,128,0.3,0.7,0.16421130952380952,0.13944269617045013,0.048177083333333336,0.5588430306161982,1.0,0.9333333333333333,0.3,0.0,0.0,0.1,0.03333333333333333,0.1,0.36666666666666664
82,GROVER,M4-4,ibm_fez,multiple,256,0.06666666666666667,0.9333333333333333,0.17886284722222223,0.13161010283503977,0.04309895833333333,0.360723688186494,1.0,0.9666666666666667,0.2,0.0,0.0,0.06666666666666667,0.0,0.06666666666666667,0.3
82,GROVER,M4-4,ibm_fez,multiple,512,0.0,1.0,0.1849609375,0.13803605182466092,0.044270833333333336,0.14265973152934058,1.0,1.0,0.16666666666666666,0.0,0.0,0.26666666666666666,0.13333333333333333,0.16666666666666666,0.3
83,GROVER,M4-4,ibm_fez,multiple,64,0.6666666666666666,0.3,0.15777777777777777,0.08808824424156232,0.03229166666666667,0.8332906842231751,1.0,0.9,0.1,0.0,0.0,0.0,0.0,0.0,0.1
83,GROVER,M4-4,ibm_fez,multiple,128,0.8333333333333334,0.7,0.17165178571428572,0.09104217918457753,0.03177083333333333,0.6679878509677472,1.0,0.9666666666666667,0.06666666666666667,0.0,0.0,0.0,0.0,0.0,0.2
83,GROVER,M4-4,ibm_fez,multiple,256,0.8333333333333334,0.7666666666666667,0.17413194444444444,0.07327827384845385,0.026041666666666668,0.6198298448505121,1.0,0.9666666666666667,0.03333333333333333,0.0,0.0,0.03333333333333333,0.0,0.03333333333333333,0.2
83,GROVER,M4-4,ibm_fez,multiple,512,0.8,0.7333333333333333,0.17350260416666666,0.05624039349483057,0.019466145833333334,0.5455202960031229,1.0,1.0,0.0,0.0,0.0,0.0,0.0,0.0,0.0
84,GROVER,M4-4,ibm_fez,multiple,64,0.9333333333333333,0.6666666666666666,0.1507986111111111,0.1370897006977906,0.0484375,0.6947644025087356,1.0,0.9,0.2,0.0,0.0,0.0,0.0,0.0,0.36666666666666664
84,GROVER,M4-4,ibm_fez,multiple,128,1.0,0.6666666666666666,0.15565476190476188,0.10236048854732727,0.032552083333333336,0.6501492729272371,1.0,0.9,0.16666666666666666,0.0,0.0,0.0,0.0,0.0,0.26666666666666666
84,GROVER,M4-4,ibm_fez,multiple,256,1.0,0.9333333333333333,0.16805555555555557,0.12286845417534993,0.03802083333333333,0.40320183840724566,1.0,0.9666666666666667,0.1,0.0,0.0,0.03333333333333333,0.03333333333333333,0.03333333333333333,0.26666666666666666
84,GROVER,M4-4,ibm_fez,multiple,512,1.0,0.9666666666666667,0.17109375,0.12046269113766087,0.03658854166666667,0.22252599624858918,1.0,1.0,0.06666666666666667,0.0,0.0,0.2,0.03333333333333333,0.06666666666666667,0.2
85,GROVER,M4-4,ibm_torino,multiple,64,0.9333333333333333,0.03333333333333333,0.10732638888888889,0.0979275867987673,0.028645833333333332,0.8426395336786906,1.0,0.8666666666666667,0.13333333333333333,0.0,0.0,0.0,0.0,0.0,0.13333333333333333
85,GROVER,M4-4,ibm_torino,multiple,128,1.0,0.0,0.1123139880952381,0.10245160729743272,0.027083333333333334,0.709491551911924,1.0,0.9333333333333333,0.13333333333333333,0.0,0.0,0.0,0.0,0.0,0.13333333333333333
85,GROVER,M4-4,ibm_torino,multiple,256,1.0,0.0,0.112890625,0.055120979677369,0.014583333333333334,0.7535910535886828,1.0,0.8333333333333334,0.0,0.0,0.0,0.0,0.0,0.0,0.03333333333333333
85,GROVER,M4-4,ibm_torino,multiple,512,1.0,0.0,0.1091796875,0.035881178631788455,0.008919270833333333,0.7598850126850895,1.0,0.8666666666666667,0.0,0.0,0.0,0.0,0.0,0.0,0.0
86,GROVER,M4-4,ibm_torino,multiple,64,1.0,0.4666666666666667,0.17763888888888887,0.1304112999866702,0.049479166666666664,0.6831179163729151,1.0,0.9,0.26666666666666666,0.0,0.0,0.0,0.0,0.0,0.4
86,GROVER,M4-4,ibm_torino,multiple,128,1.0,0.43333333333333335,0.17116815476190478,0.07610182411184944,0.029427083333333333,0.7255730901426362,1.0,0.8,0.1,0.0,0.0,0.0,0.0,0.0,0.23333333333333334
86,GROVER,M4-4,ibm_torino,multiple,256,1.0,0.26666666666666666,0.175,0.06936714266160363,0.025520833333333333,0.6063691549611677,1.0,0.9333333333333333,0.0,0.0,0.0,0.0,0.0,0.0,0.13333333333333333
86,GROVER,M4-4,ibm_torino,multiple,512,1.0,0.3,0.17395833333333333,0.05118260588938438,0.018815104166666666,0.579726508639289,1.0,1.0,0.0,0.0,0.0,0.0,0.0,0.0,0.03333333333333333
87,GROVER,M4-4,ibm_torino,multiple,64,1.0,0.36666666666666664,0.16694444444444445,0.09104120983131478,0.035416666666666666,0.7987284538180878,1.0,0.8666666666666667,0.2,0.0,0.0,0.0,0.0,0.0,0.23333333333333334
87,GROVER,M4-4,ibm_torino,multiple,128,1.0,0.4,0.16395089285714284,0.07596907872161901,0.029166666666666667,0.7071055111245369,1.0,0.9333333333333333,0.0,0.0,0.0,0.0,0.0,0.0,0.1
87,GROVER,M4-4,ibm_torino,multiple,256,1.0,0.5,0.16918402777777777,0.038899758154665516,0.013932291666666667,0.8142520038168158,1.0,0.8666666666666667,0.03333333333333333,0.0,0.0,0.03333333333333333,0.0,0.03333333333333333,0.06666666666666667
87,GROVER,M4-4,ibm_torino,multiple,512,1.0,0.43333333333333335,0.16829427083333334,0.027446844449273866,0.009635416666666667,0.7878411240027697,1.0,0.9666666666666667,0.0,0.0,0.0,0.0,0.0,0.0,0.0
88,GROVER,M4-4,ibm_torino,multiple,64,1.0,0.4666666666666667,0.18291666666666667,0.13639737493147103,0.05625,0.6352000765812894,1.0,0.8666666666666667,0.26666666666666666,0.0,0.0,0.0,0.0,0.0,0.5333333333333333
88,GROVER,M4-4,ibm_torino,multiple,128,1.0,0.6666666666666666,0.19025297619047618,0.10332951130353595,0.04114583333333333,0.6099911178651113,1.0,0.9666666666666667,0.2,0.0,0.0,0.0,0.0,0.0,0.26666666666666666
88,GROVER,M4-4,ibm_torino,multiple,256,1.0,0.8,0.19809027777777777,0.0752283986875069,0.029557291666666666,0.576529752671968,1.0,1.0,0.03333333333333333,0.0,0.0,0.03333333333333333,0.03333333333333333,0.03333333333333333,0.16666666666666666
88,GROVER,M4-4,ibm_torino,multiple,512,1.0,0.8,0.19876302083333333,0.0806026115964574,0.030924479166666668,0.40820266826331925,1.0,0.9666666666666667,0.03333333333333333,0.0,0.0,0.13333333333333333,0.03333333333333333,0.03333333333333333,0.23333333333333334
89,GROVER,S2-00,ibm_fez,singleton,64,1.0,1.0,0.9686111111111111,0.9588757680491552,0.9505208333333334,9.985863409315658e-16,1.0,1.0,1.0,1.0,1.0,1.0,1.0,1.0,1.0
89,GROVER,S2-00,ibm_fez,singleton,128,1.0,1.0,0.9686011904761905,0.9645838439045925,0.95234375,3.8046188083384655e-32,1.0,1.0,1.0,1.0,1.0,1.0,1.0,1.0,1.0
89,GROVER,S2-00,ibm_fez,singleton,256,1.0,1.0,0.9684461805555556,0.9690576946543192,0.9544270833333334,1.3956551581405682e-66,1.0,1.0,1.0,1.0,1.0,1.0,1.0,1.0,1.0
89,GROVER,S2-00,ibm_fez,singleton,512,1.0,1.0,0.9689453125,0.970195401867246,0.95390625,2.450248637564652e-129,1.0,1.0,1.0,1.0,1.0,1.0,1.0,1.0,1.0
90,GROVER,S2-00,ibm_fez,singleton,64,1.0,1.0,0.9854861111111112,0.9737577871650452,0.9703125,6.024658491995035e-16,1.0,1.0,1.0,1.0,1.0,1.0,1.0,1.0,1.0
90,GROVER,S2-00,ibm_fez,singleton,128,1.0,1.0,0.9849702380952381,0.9822172587801525,0.9791666666666666,3.208551013714461e-35,1.0,1.0,1.0,1.0,1.0,1.0,1.0,1.0,1.0
90,GROVER,S2-00,ibm_fez,singleton,256,1.0,1.0,0.9849826388888889,0.98425993415419,0.9786458333333333,2.7659635159553837e-69,1.0,1.0,1.0,1.0,1.0,1.0,1.0,1.0,1.0
90,GROVER,S2-00,ibm_fez,singleton,512,1.0,1.0,0.9856770833333334,0.9846517930713408,0.9774088541666667,4.789905027567323e-141,1.0,1.0,1.0,1.0,1.0,1.0,1.0,1.0,1.0
91,GROVER,S2-00,ibm_fez,singleton,64,1.0,1.0,0.9747222222222223,0.9590768475849121,0.9526041666666667,4.106379588216432e-16,1.0,1.0,1.0,1.0,1.0,1.0,1.0,1.0,1.0
91,GROVER,S2-00,ibm_fez,singleton,128,1.0,1.0,0.9745535714285715,0.9689276330042078,0.9596354166666666,2.8220608138547766e-33,1.0,1.0,1.0,1.0,1.0,1.0,1.0,1.0,1.0
91,GROVER,S2-00,ibm_fez,singleton,256,1.0,1.0,0.974392361111111,0.9694953244515923,0.96015625,4.1479119498745147e-66,1.0,1.0,1.0,1.0,1.0,1.0,1.0,1.0,1.0
91,GROVER,S2-00,ibm_fez,singleton,512,1.0,1.0,0.9756510416666667,0.9706064941132494,0.9590494791666667,8.257607418953605e-132,1.0,1.0,1.0,1.0,1.0,1.0,1.0,1.0,1.0
92,GROVER,S2-00,ibm_fez,singleton,64,1.0,1.0,0.9687152777777778,0.9548093744666325,0.946875,5.0320605610628306e-15,1.0,1.0,1.0,1.0,1.0,1.0,1.0,1.0,1.0
92,GROVER,S2-00,ibm_fez,singleton,128,1.0,1.0,0.9686011904761905,0.9588989769591973,0.9494791666666667,1.0500894082953026e-30,1.0,1.0,1.0,1.0,1.0,1.0,1.0,1.0,1.0
92,GROVER,S2-00,ibm_fez,singleton,256,1.0,1.0,0.9686197916666667,0.9628054126421808,0.95078125,3.703574756404687e-63,1.0,1.0,1.0,1.0,1.0,1.0,1.0,1.0,1.0
92,GROVER,S2-00,ibm_fez,singleton,512,1.0,1.0,0.9690755208333334,0.9634310648338968,0.950390625,1.9544449242433864e-128,1.0,1.0,1.0,1.0,1.0,1.0,1.0,1.0,1.0
93,GROVER,S2-00,ibm_fez,singleton,64,1.0,1.0,0.970763888888889,0.9598458323190608,0.95,1.4090761254563025e-15,1.0,1.0,1.0,1.0,1.0,1.0,1.0,1.0,1.0
93,GROVER,S2-00,ibm_fez,singleton,128,1.0,1.0,0.9705357142857143,0.9641989192547168,0.9541666666666667,1.4858781681081813e-32,1.0,1.0,1.0,1.0,1.0,1.0,1.0,1.0,1.0
93,GROVER,S2-00,ibm_fez,singleton,256,1.0,1.0,0.9715277777777778,0.9637954274295174,0.950390625,9.350169022680806e-62,1.0,1.0,1.0,1.0,1.0,1.0,1.0,1.0,1.0
93,GROVER,S2-00,ibm_fez,singleton,512,1.0,1.0,0.971484375,0.9687999470675376,0.9545572916666667,2.6326457313977647e-129,1.0,1.0,1.0,1.0,1.0,1.0,1.0,1.0,1.0
94,GROVER,S2-10,ibm_fez,singleton,64,1.0,1.0,0.9675694444444445,0.959967037890425,0.9510416666666667,1.7278568622177323e-16,1.0,1.0,1.0,1.0,1.0,1.0,1.0,1.0,1.0
94,GROVER,S2-10,ibm_fez,singleton,128,1.0,1.0,0.9679315476190475,0.9582652642378037,0.94609375,1.3323005711136376e-28,1.0,1.0,1.0,1.0,1.0,1.0,1.0,1.0,1.0
94,GROVER,S2-10,ibm_fez,singleton,256,1.0,1.0,0.9671006944444444,0.9669528175426427,0.953515625,1.0835662486357036e-64,1.0,1.0,1.0,1.0,1.0,1.0,1.0,1.0,1.0
94,GROVER,S2-10,ibm_fez,singleton,512,1.0,1.0,0.9676432291666667,0.9667874504346521,0.9515625,1.6626376576671137e-131,1.0,1.0,1.0,1.0,1.0,1.0,1.0,1.0,1.0
95,GROVER,S2-10,ibm_kingston,singleton,64,1.0,1.0,0.9511805555555556,0.9319207519917563,0.9177083333333333,5.632663750930004e-13,1.0,1.0,1.0,1.0,1.0,1.0,1.0,1.0,1.0
95,GROVER,S2-10,ibm_kingston,singleton,128,1.0,1.0,0.9511904761904761,0.9346494070270125,0.9190104166666667,1.669537344274036e-27,1.0,1.0,1.0,1.0,1.0,1.0,1.0,1.0,1.0
95,GROVER,S2-10,ibm_kingston,singleton,256,1.0,1.0,0.9526041666666667,0.9340491027211971,0.9145833333333333,2.9497383369589474e-57,1.0,1.0,1.0,1.0,1.0,1.0,1.0,1.0,1.0
95,GROVER,S2-10,ibm_kingston,singleton,512,1.0,1.0,0.951171875,0.9365016175604465,0.9199869791666667,6.723750589709449e-115,1.0,1.0,1.0,1.0,1.0,1.0,1.0,1.0,1.0
96,GROVER,S2-10,ibm_kingston,singleton,64,1.0,1.0,0.9766666666666667,0.9653087130909712,0.9578125,2.381992172950653e-16,1.0,1.0,1.0,1.0,1.0,1.0,1.0,1.0,1.0
96,GROVER,S2-10,ibm_kingston,singleton,128,1.0,1.0,0.9764136904761905,0.9695193637253677,0.9625,2.0670005512316784e-32,1.0,1.0,1.0,1.0,1.0,1.0,1.0,1.0,1.0
96,GROVER,S2-10,ibm_kingston,singleton,256,1.0,1.0,0.976171875,0.9721446442202097,0.9639322916666667,1.8643022931071816e-66,1.0,1.0,1.0,1.0,1.0,1.0,1.0,1.0,1.0
96,GROVER,S2-10,ibm_kingston,singleton,512,1.0,1.0,0.9764322916666667,0.9729016943072443,0.96328125,4.070403312595675e-132,1.0,1.0,1.0,1.0,1.0,1.0,1.0,1.0,1.0
97,GROVER,S2-10,ibm_kingston,singleton,64,1.0,1.0,0.9773611111111111,0.9685835893497183,0.9645833333333333,2.5178318631413622e-15,1.0,1.0,1.0,1.0,1.0,1.0,1.0,1.0,1.0
97,GROVER,S2-10,ibm_kingston,singleton,128,1.0,1.0,0.9776785714285714,0.9705111668333124,0.9619791666666667,3.243102260393463e-32,1.0,1.0,1.0,1.0,1.0,1.0,1.0,1.0,1.0
97,GROVER,S2-10,ibm_kingston,singleton,256,1.0,1.0,0.9778645833333334,0.9726380621432074,0.9630208333333333,7.070865428253068e-67,1.0,1.0,1.0,1.0,1.0,1.0,1.0,1.0,1.0
97,GROVER,S2-10,ibm_kingston,singleton,512,1.0,1.0,0.9776041666666667,0.9729247862362473,0.9640625,2.1073231186220684e-133,1.0,1.0,1.0,1.0,1.0,1.0,1.0,1.0,1.0
98,GROVER,S2-10,ibm_kingston,singleton,64,1.0,1.0,0.9786805555555556,0.9683659229600531,0.9604166666666667,3.9997302345162743e-16,1.0,1.0,1.0,1.0,1.0,1.0,1.0,1.0,1.0
98,GROVER,S2-10,ibm_kingston,singleton,128,1.0,1.0,0.9787574404761905,0.9689982017872766,0.9614583333333333,8.922703696952878e-33,1.0,1.0,1.0,1.0,1.0,1.0,1.0,1.0,1.0
98,GROVER,S2-10,ibm_kingston,singleton,256,1.0,1.0,0.9787760416666667,0.9744799619640382,0.9651041666666667,3.396700037005476e-66,1.0,1.0,1.0,1.0,1.0,1.0,1.0,1.0,1.0
98,GROVER,S2-10,ibm_kingston,singleton,512,1.0,1.0,0.9791015625,0.9751440950225594,0.965625,1.1033873233191837e-132,1.0,1.0,1.0,1.0,1.0,1.0,1.0,1.0,1.0
99,GROVER,S2-11,ibm_fez,singleton,64,1.0,1.0,0.9678819444444444,0.9505088325652842,0.9416666666666667,1.4931307058818622e-15,1.0,1.0,1.0,1.0,1.0,1.0,1.0,1.0,1.0
99,GROVER,S2-11,ibm_fez,singleton,128,1.0,1.0,0.9675967261904762,0.9639782346451711,0.9513020833333333,4.1538362419126135e-30,1.0,1.0,1.0,1.0,1.0,1.0,1.0,1.0,1.0
99,GROVER,S2-11,ibm_fez,singleton,256,1.0,1.0,0.9676215277777778,0.9640619669285543,0.9505208333333334,3.465044685255733e-63,1.0,1.0,1.0,1.0,1.0,1.0,1.0,1.0,1.0
99,GROVER,S2-11,ibm_fez,singleton,512,1.0,1.0,0.968359375,0.9671542561695392,0.9510416666666667,1.3039461320140213e-129,1.0,1.0,1.0,1.0,1.0,1.0,1.0,1.0,1.0
100,GROVER,S2-11,ibm_kingston,singleton,64,1.0,1.0,0.9629861111111111,0.9461356477634241,0.9348958333333334,3.3790584624363946e-14,1.0,1.0,1.0,1.0,1.0,1.0,1.0,1.0,1.0
100,GROVER,S2-11,ibm_kingston,singleton,128,1.0,1.0,0.9627232142857144,0.9586709586790931,0.94375,2.804643841237904e-31,1.0,1.0,1.0,1.0,1.0,1.0,1.0,1.0,1.0
100,GROVER,S2-11,ibm_kingston,singleton,256,1.0,1.0,0.9633680555555556,0.9588682409689444,0.9412760416666667,1.8841317120566276e-61,1.0,1.0,1.0,1.0,1.0,1.0,1.0,1.0,1.0
100,GROVER,S2-11,ibm_kingston,singleton,512,1.0,1.0,0.9611328125,0.9655066123130104,0.9477213541666667,3.9634019274949125e-130,1.0,1.0,1.0,1.0,1.0,1.0,1.0,1.0,1.0
101,GROVER,S2-11,ibm_kingston,singleton,64,1.0,1.0,0.9717013888888889,0.9579333077316948,0.9505208333333334,2.9187300724468438e-15,1.0,1.0,1.0,1.0,1.0,1.0,1.0,1.0,1.0
101,GROVER,S2-11,ibm_kingston,singleton,128,1.0,1.0,0.97109375,0.9673802672179419,0.9596354166666666,2.5069613635515557e-28,1.0,1.0,1.0,1.0,1.0,1.0,1.0,1.0,1.0
101,GROVER,S2-11,ibm_kingston,singleton,256,1.0,1.0,0.9704427083333333,0.9707931210412231,0.9609375,1.4131354324252218e-64,1.0,1.0,1.0,1.0,1.0,1.0,1.0,1.0,1.0
101,GROVER,S2-11,ibm_kingston,singleton,512,1.0,1.0,0.973046875,0.9698542913138687,0.95546875,1.1692517541946808e-130,1.0,1.0,1.0,1.0,1.0,1.0,1.0,1.0,1.0
102,GROVER,S2-11,ibm_kingston,singleton,64,1.0,1.0,0.9577777777777778,0.946003346399962,0.9348958333333334,1.5681137667302356e-14,1.0,1.0,1.0,1.0,1.0,1.0,1.0,1.0,1.0
102,GROVER,S2-11,ibm_kingston,singleton,128,1.0,1.0,0.9575520833333333,0.949285486407613,0.9361979166666666,1.7252753052087167e-29,1.0,1.0,1.0,1.0,1.0,1.0,1.0,1.0,1.0
102,GROVER,S2-11,ibm_kingston,singleton,256,1.0,1.0,0.9580295138888889,0.9493484761904478,0.9330729166666667,6.555003020114561e-60,1.0,1.0,1.0,1.0,1.0,1.0,1.0,1.0,1.0
102,GROVER,S2-11,ibm_kingston,singleton,512,1.0,1.0,0.958984375,0.9493386688517564,0.9321614583333333,8.133286512562929e-119,1.0,1.0,1.0,1.0,1.0,1.0,1.0,1.0,1.0
103,GROVER,S2-11,ibm_kingston,singleton,64,1.0,1.0,0.9657291666666666,0.9432210918329373,0.9239583333333333,5.897853819908372e-15,1.0,1.0,1.0,1.0,1.0,1.0,1.0,1.0,1.0
103,GROVER,S2-11,ibm_kingston,singleton,128,1.0,1.0,0.9656622023809524,0.9537268046975377,0.9364583333333333,3.4217910550853354e-30,1.0,1.0,1.0,1.0,1.0,1.0,1.0,1.0,1.0
103,GROVER,S2-11,ibm_kingston,singleton,256,1.0,1.0,0.9658420138888889,0.9599090561402706,0.9421875,2.545282113680329e-62,1.0,1.0,1.0,1.0,1.0,1.0,1.0,1.0,1.0
103,GROVER,S2-11,ibm_kingston,singleton,512,1.0,1.0,0.9641276041666667,0.9664505790879299,0.9490885416666667,3.743728366623816e-130,1.0,1.0,1.0,1.0,1.0,1.0,1.0,1.0,1.0
104,GROVER,S2-1,ibm_fez,singleton,64,1.0,1.0,0.888125,0.8627238148658559,0.8166666666666667,1.4568326012050794e-10,1.0,1.0,1.0,1.0,0.9,1.0,1.0,1.0,1.0
104,GROVER,S2-1,ibm_fez,singleton,128,1.0,1.0,0.8871651785714286,0.8860732081151246,0.8377604166666667,6.929961529321298e-21,1.0,1.0,1.0,1.0,0.9333333333333333,1.0,1.0,1.0,1.0
104,GROVER,S2-1,ibm_fez,singleton,256,1.0,1.0,0.886501736111111,0.8861643538717794,0.8375,2.8757111615041866e-45,1.0,1.0,1.0,1.0,1.0,1.0,1.0,1.0,1.0
104,GROVER,S2-1,ibm_fez,singleton,512,1.0,1.0,0.8893229166666666,0.8837494104930119,0.8313802083333334,9.314759523521609e-93,1.0,1.0,1.0,1.0,1.0,1.0,1.0,1.0,1.0
105,GROVER,S2-1,ibm_fez,singleton,64,1.0,1.0,0.8400694444444444,0.8115800643927009,0.75,7.326212669451123e-09,1.0,1.0,1.0,1.0,0.5333333333333333,1.0,1.0,1.0,1.0
105,GROVER,S2-1,ibm_fez,singleton,128,1.0,1.0,0.8394717261904762,0.8289602857021858,0.7638020833333333,6.312004803838666e-18,1.0,1.0,1.0,1.0,0.8666666666666667,1.0,1.0,1.0,1.0
105,GROVER,S2-1,ibm_fez,singleton,256,1.0,1.0,0.8391493055555556,0.8379222849172564,0.7677083333333333,6.6171144985956194e-40,1.0,1.0,1.0,1.0,0.9666666666666667,1.0,1.0,1.0,1.0
105,GROVER,S2-1,ibm_fez,singleton,512,1.0,1.0,0.83671875,0.8406168231556415,0.7699869791666667,2.053375420518314e-81,1.0,1.0,1.0,1.0,1.0,1.0,1.0,1.0,1.0
106,GROVER,S2-1,ibm_fez,singleton,64,1.0,1.0,0.9667013888888889,0.9506267067759003,0.94375,5.360989430158725e-15,1.0,1.0,1.0,1.0,1.0,1.0,1.0,1.0,1.0
106,GROVER,S2-1,ibm_fez,singleton,128,1.0,1.0,0.9668898809523809,0.9603274826197801,0.9466145833333334,4.284225732464663e-31,1.0,1.0,1.0,1.0,1.0,1.0,1.0,1.0,1.0
106,GROVER,S2-1,ibm_fez,singleton,256,1.0,1.0,0.9659722222222222,0.9630537635254782,0.9510416666666667,2.0719301042786532e-63,1.0,1.0,1.0,1.0,1.0,1.0,1.0,1.0,1.0
106,GROVER,S2-1,ibm_fez,singleton,512,1.0,1.0,0.9678385416666667,0.9626900067489359,0.9473958333333333,4.893074099107396e-127,1.0,1.0,1.0,1.0,1.0,1.0,1.0,1.0,1.0
107,GROVER,S2-1,ibm_fez,singleton,64,1.0,1.0,0.9652430555555556,0.9448432721552104,0.9317708333333333,6.764001251463592e-15,1.0,1.0,1.0,1.0,1.0,1.0,1.0,1.0,1.0
107,GROVER,S2-1,ibm_fez,singleton,128,1.0,1.0,0.9643973214285714,0.9577810561818213,0.9471354166666667,8.515676131620603e-31,1.0,1.0,1.0,1.0,1.0,1.0,1.0,1.0,1.0
107,GROVER,S2-1,ibm_fez,singleton,256,1.0,1.0,0.964626736111111,0.9597995423930603,0.945703125,4.94042867947406e-63,1.0,1.0,1.0,1.0,1.0,1.0,1.0,1.0,1.0
107,GROVER,S2-1,ibm_fez,singleton,512,1.0,1.0,0.9637369791666667,0.9635999319538825,0.948046875,1.5739230863506525e-128,1.0,1.0,1.0,1.0,1.0,1.0,1.0,1.0,1.0
108,GROVER,S2-1,ibm_fez,singleton,64,1.0,1.0,0.976736111111111,0.9591104497354498,0.9536458333333333,4.995400071603854e-15,1.0,1.0,1.0,1.0,1.0,1.0,1.0,1.0,1.0
108,GROVER,S2-1,ibm_fez,singleton,128,1.0,1.0,0.9766741071428572,0.9657965853480713,0.9588541666666667,4.699411353977708e-31,1.0,1.0,1.0,1.0,1.0,1.0,1.0,1.0,1.0
108,GROVER,S2-1,ibm_fez,singleton,256,1.0,1.0,0.9766059027777777,0.9695191291115585,0.961328125,2.511540963455431e-62,1.0,1.0,1.0,1.0,1.0,1.0,1.0,1.0,1.0
108,GROVER,S2-1,ibm_fez,singleton,512,1.0,1.0,0.9771484375,0.9723687499735464,0.9623046875,1.828324940112223e-133,1.0,1.0,1.0,1.0,1.0,1.0,1.0,1.0,1.0
109,GROVER,S2-1,ibm_kingston,singleton,64,1.0,1.0,0.9746875,0.9630755034988906,0.9552083333333333,4.755516726934195e-15,1.0,1.0,1.0,1.0,1.0,1.0,1.0,1.0,1.0
109,GROVER,S2-1,ibm_kingston,singleton,128,1.0,1.0,0.9747767857142856,0.9632077162229721,0.9552083333333333,2.1961290366841017e-32,1.0,1.0,1.0,1.0,1.0,1.0,1.0,1.0,1.0
109,GROVER,S2-1,ibm_kingston,singleton,256,1.0,1.0,0.974435763888889,0.9718084320837246,0.9611979166666667,6.5265228594959e-66,1.0,1.0,1.0,1.0,1.0,1.0,1.0,1.0,1.0
109,GROVER,S2-1,ibm_kingston,singleton,512,1.0,1.0,0.9736979166666667,0.974422603226648,0.962890625,3.0511169088709557e-131,1.0,1.0,1.0,1.0,1.0,1.0,1.0,1.0,1.0
110,GROVER,S2-1,ibm_kingston,singleton,64,1.0,1.0,0.9673263888888889,0.9377564710589564,0.928125,2.188985393410577e-14,1.0,1.0,1.0,1.0,1.0,1.0,1.0,1.0,1.0
110,GROVER,S2-1,ibm_kingston,singleton,128,1.0,1.0,0.9666666666666667,0.9547257896276439,0.9453125,4.453863930457876e-30,1.0,1.0,1.0,1.0,1.0,1.0,1.0,1.0,1.0
110,GROVER,S2-1,ibm_kingston,singleton,256,1.0,1.0,0.9668836805555556,0.9542066789633127,0.9438802083333333,1.2790418260998932e-61,1.0,1.0,1.0,1.0,1.0,1.0,1.0,1.0,1.0
110,GROVER,S2-1,ibm_kingston,singleton,512,1.0,1.0,0.9655598958333333,0.9568306314287448,0.9466796875,1.788145189224037e-123,1.0,1.0,1.0,1.0,1.0,1.0,1.0,1.0,1.0
111,GROVER,S2-1,ibm_kingston,singleton,64,1.0,1.0,0.9650347222222222,0.9491828810377198,0.9369791666666667,5.758026795527985e-14,1.0,1.0,1.0,1.0,1.0,1.0,1.0,1.0,1.0
111,GROVER,S2-1,ibm_kingston,singleton,128,1.0,1.0,0.96484375,0.957177555628127,0.94375,1.712846563499484e-30,1.0,1.0,1.0,1.0,1.0,1.0,1.0,1.0,1.0
111,GROVER,S2-1,ibm_kingston,singleton,256,1.0,1.0,0.9649305555555556,0.961051530045938,0.9454427083333333,3.888395849542916e-63,1.0,1.0,1.0,1.0,1.0,1.0,1.0,1.0,1.0
111,GROVER,S2-1,ibm_kingston,singleton,512,1.0,1.0,0.96328125,0.9653041294697762,0.9493489583333333,2.851155698384528e-129,1.0,1.0,1.0,1.0,1.0,1.0,1.0,1.0,1.0
112,GROVER,S3-1,ibm_fez,singleton,64,0.5666666666666667,0.5666666666666667,0.1628125,0.1322741155229911,0.051041666666666666,0.6757741346955299,1.0,0.9333333333333333,0.3,0.0,0.0,0.0,0.0,0.0,0.36666666666666664
112,GROVER,S3-1,ibm_fez,singleton,128,0.5333333333333333,0.5333333333333333,0.16004464285714284,0.09239723409779695,0.0359375,0.6460474933390782,1.0,0.8666666666666667,0.16666666666666666,0.0,0.0,0.0,0.0,0.0,0.23333333333333334
112,GROVER,S3-1,ibm_fez,singleton,256,0.7666666666666667,0.7666666666666667,0.1704861111111111,0.08918057350951955,0.03138020833333333,0.5170434961264844,1.0,0.9333333333333333,0.03333333333333333,0.0,0.0,0.03333333333333333,0.0,0.03333333333333333,0.23333333333333334
112,GROVER,S3-1,ibm_fez,singleton,512,0.8333333333333334,0.7666666666666667,0.17102864583333333,0.071260108650436,0.024869791666666665,0.45144035595795273,1.0,1.0,0.0,0.0,0.0,0.06666666666666667,0.0,0.0,0.13333333333333333
113,GROVER,S3-1,ibm_fez,singleton,64,1.0,1.0,0.6968055555555555,0.7420671175748844,0.5880208333333333,6.974116165224069e-06,1.0,1.0,1.0,1.0,0.26666666666666666,1.0,1.0,1.0,1.0
113,GROVER,S3-1,ibm_fez,singleton,128,1.0,1.0,0.6956845238095238,0.7953290302498908,0.62109375,1.977588582014876e-12,1.0,1.0,1.0,1.0,0.5333333333333333,1.0,1.0,1.0,1.0
113,GROVER,S3-1,ibm_fez,singleton,256,1.0,1.0,0.6971788194444444,0.7813682983491318,0.60859375,4.486894691303027e-27,1.0,1.0,1.0,1.0,0.43333333333333335,1.0,1.0,1.0,1.0
113,GROVER,S3-1,ibm_fez,singleton,512,1.0,1.0,0.6965494791666667,0.7860761643180495,0.6126302083333334,1.250349593372638e-56,1.0,1.0,1.0,1.0,0.26666666666666666,1.0,1.0,1.0,1.0
114,GROVER,S3-1,ibm_fez,singleton,64,1.0,1.0,0.8219444444444445,0.8640051409611315,0.753125,1.5660839414784884e-09,1.0,1.0,1.0,1.0,0.9,1.0,1.0,1.0,1.0
114,GROVER,S3-1,ibm_fez,singleton,128,1.0,1.0,0.8202752976190476,0.8935560560282738,0.78203125,9.99527791751022e-21,1.0,1.0,1.0,1.0,1.0,1.0,1.0,1.0,1.0
114,GROVER,S3-1,ibm_fez,singleton,256,1.0,1.0,0.8229166666666666,0.9053846547421737,0.7759114583333333,1.154268955373997e-45,1.0,1.0,1.0,1.0,1.0,1.0,1.0,1.0,1.0
114,GROVER,S3-1,ibm_fez,singleton,512,1.0,1.0,0.8225911458333334,0.9140918361597287,0.783203125,1.7886870617938904e-94,1.0,1.0,1.0,1.0,1.0,1.0,1.0,1.0,1.0
115,GROVER,S3-1,ibm_fez,singleton,64,1.0,1.0,0.7939930555555555,0.8563376164319638,0.746875,1.0062807022833316e-09,1.0,1.0,1.0,1.0,0.9,1.0,1.0,1.0,1.0
115,GROVER,S3-1,ibm_fez,singleton,128,1.0,1.0,0.7949776785714285,0.8700876977807798,0.7395833333333334,1.2037151875009803e-19,1.0,1.0,1.0,1.0,1.0,1.0,1.0,1.0,1.0
115,GROVER,S3-1,ibm_fez,singleton,256,1.0,1.0,0.7960069444444444,0.877851507853234,0.740234375,8.718753900972641e-42,1.0,1.0,1.0,1.0,1.0,1.0,1.0,1.0,1.0
115,GROVER,S3-1,ibm_fez,singleton,512,1.0,1.0,0.7932291666666667,0.8873518039884115,0.7490885416666667,6.803216529812112e-85,1.0,1.0,1.0,1.0,1.0,1.0,1.0,1.0,1.0
116,GROVER,S3-1,ibm_fez,singleton,64,1.0,1.0,0.7142013888888888,0.8044476275560513,0.6463541666666667,1.5433594013995283e-07,1.0,1.0,1.0,1.0,0.6,1.0,1.0,1.0,1.0
116,GROVER,S3-1,ibm_fez,singleton,128,1.0,1.0,0.7139136904761905,0.8266581535459494,0.6528645833333333,5.6185562499553756e-14,1.0,1.0,1.0,1.0,0.8,1.0,1.0,1.0,1.0
116,GROVER,S3-1,ibm_fez,singleton,256,1.0,1.0,0.7134548611111111,0.8481376435901993,0.6598958333333333,2.867569048647674e-35,1.0,1.0,1.0,1.0,0.9666666666666667,1.0,1.0,1.0,1.0
116,GROVER,S3-1,ibm_fez,singleton,512,1.0,1.0,0.7145833333333333,0.855956022451766,0.6596354166666667,2.898301785609653e-69,1.0,1.0,1.0,1.0,1.0,1.0,1.0,1.0,1.0
117,GROVER,S3-1,ibm_fez,singleton,64,1.0,1.0,0.717013888888889,0.7975512280640771,0.634375,1.3931428538208981e-06,1.0,1.0,1.0,1.0,0.5333333333333333,1.0,1.0,1.0,1.0
117,GROVER,S3-1,ibm_fez,singleton,128,1.0,1.0,0.7166294642857143,0.8252245278584193,0.6494791666666667,1.2234996032161395e-15,1.0,1.0,1.0,1.0,0.8,1.0,1.0,1.0,1.0
117,GROVER,S3-1,ibm_fez,singleton,256,1.0,1.0,0.7158854166666667,0.8488217365531867,0.6608072916666666,2.2926826281990184e-34,1.0,1.0,1.0,1.0,1.0,1.0,1.0,1.0,1.0
117,GROVER,S3-1,ibm_fez,singleton,512,1.0,1.0,0.7149739583333333,0.8532102832529883,0.66171875,3.1437725372705444e-69,1.0,1.0,1.0,1.0,1.0,1.0,1.0,1.0,1.0
118,GROVER,S3-1,ibm_fez,singleton,64,1.0,1.0,0.7341666666666666,0.7993433108994396,0.6416666666666667,8.827820910476773e-08,1.0,1.0,1.0,1.0,0.43333333333333335,1.0,1.0,1.0,1.0
118,GROVER,S3-1,ibm_fez,singleton,128,1.0,1.0,0.7334077380952381,0.8357514712277575,0.66796875,1.142382155714453e-16,1.0,1.0,1.0,1.0,0.9,1.0,1.0,1.0,1.0
118,GROVER,S3-1,ibm_fez,singleton,256,1.0,1.0,0.732595486111111,0.8649239015905952,0.6825520833333333,2.7166649691236044e-35,1.0,1.0,1.0,1.0,1.0,1.0,1.0,1.0,1.0
118,GROVER,S3-1,ibm_fez,singleton,512,1.0,1.0,0.7306640625,0.8618864259823786,0.6815104166666667,2.7657312725171506e-74,1.0,1.0,1.0,1.0,1.0,1.0,1.0,1.0,1.0
119,GROVER,S3-1,ibm_torino,singleton,64,1.0,1.0,0.6051388888888888,0.7083829484128353,0.5072916666666667,0.0002138098162383528,1.0,1.0,1.0,0.9666666666666667,0.06666666666666667,1.0,1.0,1.0,1.0
119,GROVER,S3-1,ibm_torino,singleton,128,1.0,1.0,0.6053199404761905,0.7375586613536611,0.5151041666666667,2.6780077492946338e-09,1.0,1.0,1.0,1.0,0.13333333333333333,1.0,1.0,1.0,1.0
119,GROVER,S3-1,ibm_torino,singleton,256,1.0,1.0,0.6068142361111111,0.7475810832894726,0.51484375,1.909334675757523e-19,1.0,1.0,1.0,1.0,0.06666666666666667,1.0,1.0,1.0,1.0
119,GROVER,S3-1,ibm_torino,singleton,512,1.0,1.0,0.6013671875,0.76727138043067,0.529296875,2.326667874678692e-49,1.0,1.0,1.0,1.0,0.03333333333333333,1.0,1.0,1.0,1.0
120,GROVER,S3-1,ibm_torino,singleton,64,1.0,1.0,0.7686805555555556,0.8522276765313848,0.7203125,2.319309295543507e-09,1.0,1.0,1.0,1.0,0.9333333333333333,1.0,1.0,1.0,1.0
120,GROVER,S3-1,ibm_torino,singleton,128,1.0,1.0,0.7703869047619047,0.8462341749964747,0.7002604166666667,1.9809872049672122e-16,1.0,1.0,1.0,1.0,0.9333333333333333,1.0,1.0,1.0,1.0
120,GROVER,S3-1,ibm_torino,singleton,256,1.0,1.0,0.7690972222222222,0.8616906802332227,0.713671875,9.69501352173439e-38,1.0,1.0,1.0,1.0,1.0,1.0,1.0,1.0,1.0
120,GROVER,S3-1,ibm_torino,singleton,512,1.0,1.0,0.7647786458333333,0.8775840848295903,0.723828125,8.714980508094641e-81,1.0,1.0,1.0,1.0,1.0,1.0,1.0,1.0,1.0
121,GROVER,S3-1,ibm_torino,singleton,64,1.0,1.0,0.7553125,0.8294068863380293,0.6932291666666667,7.428143410555717e-08,1.0,1.0,1.0,1.0,0.7333333333333333,1.0,1.0,1.0,1.0
121,GROVER,S3-1,ibm_torino,singleton,128,1.0,1.0,0.7562872023809525,0.8414467394908011,0.68828125,2.894071492457264e-17,1.0,1.0,1.0,1.0,0.8666666666666667,1.0,1.0,1.0,1.0
121,GROVER,S3-1,ibm_torino,singleton,256,1.0,1.0,0.7539930555555556,0.8720417569529049,0.7095052083333333,2.8374466912703066e-36,1.0,1.0,1.0,1.0,1.0,1.0,1.0,1.0,1.0
121,GROVER,S3-1,ibm_torino,singleton,512,1.0,1.0,0.7483072916666667,0.8771341875071251,0.7134765625,1.3137725985820292e-77,1.0,1.0,1.0,1.0,1.0,1.0,1.0,1.0,1.0
122,GROVER,S3-1,ibm_torino,singleton,64,1.0,1.0,0.7966666666666666,0.8472861793922745,0.7197916666666667,3.1787766603559123e-09,1.0,1.0,1.0,1.0,0.8333333333333334,1.0,1.0,1.0,1.0
122,GROVER,S3-1,ibm_torino,singleton,128,1.0,1.0,0.7960565476190475,0.8604606442390729,0.73515625,9.627113927421307e-21,1.0,1.0,1.0,1.0,1.0,1.0,1.0,1.0,1.0
122,GROVER,S3-1,ibm_torino,singleton,256,1.0,1.0,0.7953125,0.8845985865921205,0.748828125,1.1499747221472218e-42,1.0,1.0,1.0,1.0,1.0,1.0,1.0,1.0,1.0
122,GROVER,S3-1,ibm_torino,singleton,512,1.0,1.0,0.7994140625,0.8798364992710306,0.7417317708333333,5.585370114382386e-84,1.0,1.0,1.0,1.0,1.0,1.0,1.0,1.0,1.0
123,GROVER,S4-1,ibm_torino,singleton,64,0.9666666666666667,0.9666666666666667,0.24038194444444444,0.3666314805628307,0.1328125,0.19599921802679698,1.0,1.0,0.9333333333333333,0.16666666666666666,0.0,0.3333333333333333,0.1,0.3333333333333333,0.9666666666666667
123,GROVER,S4-1,ibm_torino,singleton,128,1.0,1.0,0.24735863095238095,0.47344953049096117,0.15807291666666667,0.015045869268539036,1.0,1.0,0.9666666666666667,0.3333333333333333,0.0,0.9666666666666667,0.7333333333333333,0.9666666666666667,1.0
123,GROVER,S4-1,ibm_torino,singleton,256,1.0,1.0,0.24613715277777776,0.5073442204747559,0.16875,8.292734571152096e-05,1.0,1.0,1.0,0.6666666666666666,0.0,1.0,1.0,1.0,1.0
123,GROVER,S4-1,ibm_torino,singleton,512,1.0,1.0,0.24361979166666667,0.5553909645528778,0.17903645833333334,1.0563351984263368e-11,1.0,1.0,1.0,0.9666666666666667,0.0,1.0,1.0,1.0,1.0
124,GROVER,S4-1,ibm_torino,singleton,64,1.0,1.0,0.39555555555555555,0.6302915548263404,0.30625,0.002214568120931896,1.0,1.0,1.0,1.0,0.0,1.0,0.9333333333333333,1.0,1.0
124,GROVER,S4-1,ibm_torino,singleton,128,1.0,1.0,0.396391369047619,0.6493689853055382,0.30703125,2.8738648107357097e-05,1.0,1.0,1.0,0.9666666666666667,0.0,1.0,1.0,1.0,1.0
124,GROVER,S4-1,ibm_torino,singleton,256,1.0,1.0,0.3953559027777778,0.7038449889369726,0.32734375,1.4054671134399208e-13,1.0,1.0,1.0,1.0,0.0,1.0,1.0,1.0,1.0
124,GROVER,S4-1,ibm_torino,singleton,512,1.0,1.0,0.40078125,0.7211812012945852,0.3270182291666667,1.0798051330236832e-25,1.0,1.0,1.0,1.0,0.0,1.0,1.0,1.0,1.0
125,GROVER,S4-1,ibm_torino,singleton,64,1.0,1.0,0.44093750000000004,0.6269742964082432,0.33541666666666664,0.00341025815289413,1.0,1.0,1.0,0.9333333333333333,0.0,1.0,0.9333333333333333,1.0,1.0
125,GROVER,S4-1,ibm_torino,singleton,128,1.0,1.0,0.4395089285714286,0.6885147607354664,0.36484375,8.611825751193975e-07,1.0,1.0,1.0,1.0,0.03333333333333333,1.0,1.0,1.0,1.0
125,GROVER,S4-1,ibm_torino,singleton,256,1.0,1.0,0.437890625,0.7348076754914341,0.37981770833333334,1.1571803859999855e-12,1.0,1.0,1.0,1.0,0.06666666666666667,1.0,1.0,1.0,1.0
125,GROVER,S4-1,ibm_torino,singleton,512,1.0,1.0,0.4422526041666667,0.7370675280633512,0.372265625,3.742405305239595e-30,1.0,1.0,1.0,1.0,0.0,1.0,1.0,1.0,1.0
126,GROVER,S4-1,ibm_torino,singleton,64,1.0,1.0,0.46010416666666665,0.6810829502185739,0.37135416666666665,0.00030117607063099666,1.0,1.0,1.0,1.0,0.03333333333333333,1.0,1.0,1.0,1.0
126,GROVER,S4-1,ibm_torino,singleton,128,1.0,1.0,0.45844494047619044,0.7409649932448892,0.4010416666666667,6.782718588924529e-09,1.0,1.0,1.0,1.0,0.1,1.0,1.0,1.0,1.0
126,GROVER,S4-1,ibm_torino,singleton,256,1.0,1.0,0.4596354166666667,0.7482214505051468,0.39453125,1.0421147572672037e-16,1.0,1.0,1.0,1.0,0.03333333333333333,1.0,1.0,1.0,1.0
126,GROVER,S4-1,ibm_torino,singleton,512,1.0,1.0,0.458203125,0.7697618626279676,0.4016927083333333,2.3815618486384075e-35,1.0,1.0,1.0,1.0,0.13333333333333333,1.0,1.0,1.0,1.0
127,GROVER,S4-1,ibm_torino,singleton,64,0.9666666666666667,0.9666666666666667,0.24562499999999998,0.41981163184358644,0.15729166666666666,0.14411244317889213,1.0,1.0,0.9,0.43333333333333335,0.0,0.5333333333333333,0.13333333333333333,0.5333333333333333,0.9333333333333333
127,GROVER,S4-1,ibm_torino,singleton,128,1.0,1.0,0.25145089285714284,0.5118623294580591,0.17916666666666667,0.004115997756324422,1.0,1.0,1.0,0.6,0.0,1.0,0.9,1.0,1.0
127,GROVER,S4-1,ibm_torino,singleton,256,1.0,1.0,0.2510850694444444,0.5190597667185777,0.176953125,1.1702500874629459e-05,1.0,1.0,1.0,0.7,0.0,1.0,1.0,1.0,1.0
127,GROVER,S4-1,ibm_torino,singleton,512,1.0,1.0,0.2572265625,0.5324784547476288,0.17278645833333334,1.9031367606284305e-10,1.0,1.0,1.0,0.7666666666666667,0.0,1.0,1.0,1.0,1.0
128,GROVER,S4-1,ibm_torino,singleton,64,1.0,1.0,0.5114236111111111,0.7438472388618865,0.45416666666666666,2.7292912281495774e-05,1.0,1.0,1.0,1.0,0.23333333333333334,1.0,1.0,1.0,1.0
128,GROVER,S4-1,ibm_torino,singleton,128,1.0,1.0,0.512797619047619,0.7749428462104796,0.44765625,9.368593405416303e-09,1.0,1.0,1.0,1.0,0.3333333333333333,1.0,1.0,1.0,1.0
128,GROVER,S4-1,ibm_torino,singleton,256,1.0,1.0,0.512109375,0.800480056012438,0.45755208333333336,1.0077066138565748e-21,1.0,1.0,1.0,1.0,0.5666666666666667,1.0,1.0,1.0,1.0
128,GROVER,S4-1,ibm_torino,singleton,512,1.0,1.0,0.5108723958333333,0.823299109614611,0.4647135416666667,5.43259714571717e-46,1.0,1.0,1.0,1.0,0.9,1.0,1.0,1.0,1.0
129,GROVER,S4-1,ibm_torino,singleton,64,1.0,1.0,0.5095486111111112,0.7192984176573681,0.4171875,0.00016990987880944887,1.0,1.0,1.0,1.0,0.16666666666666666,1.0,1.0,1.0,1.0
129,GROVER,S4-1,ibm_torino,singleton,128,1.0,1.0,0.5097098214285715,0.7535940930592357,0.43203125,9.243974956983635e-10,1.0,1.0,1.0,1.0,0.13333333333333333,1.0,1.0,1.0,1.0
129,GROVER,S4-1,ibm_torino,singleton,256,1.0,1.0,0.5080729166666667,0.7753082279696278,0.446484375,5.0906759317049576e-18,1.0,1.0,1.0,1.0,0.3333333333333333,1.0,1.0,1.0,1.0
129,GROVER,S4-1,ibm_torino,singleton,512,1.0,1.0,0.50859375,0.7932649762358933,0.4503255208333333,1.8375049986447523e-41,1.0,1.0,1.0,1.0,0.5,1.0,1.0,1.0,1.0
130,GROVER,S4-1,ibm_torino,singleton,64,1.0,1.0,0.5558333333333334,0.7590476639573835,0.4786458333333333,4.329916538499864e-05,1.0,1.0,1.0,1.0,0.4,1.0,1.0,1.0,1.0
130,GROVER,S4-1,ibm_torino,singleton,128,1.0,1.0,0.5571428571428572,0.786059197022348,0.48020833333333335,2.2049831034905132e-11,1.0,1.0,1.0,1.0,0.4,1.0,1.0,1.0,1.0
130,GROVER,S4-1,ibm_torino,singleton,256,1.0,1.0,0.5578125,0.8022637177918515,0.4890625,8.901980536583302e-22,1.0,1.0,1.0,1.0,0.6,1.0,1.0,1.0,1.0
130,GROVER,S4-1,ibm_torino,singleton,512,1.0,1.0,0.5561848958333333,0.8297469899649923,0.503515625,1.8446494669327255e-50,1.0,1.0,1.0,1.0,0.9333333333333333,1.0,1.0,1.0,1.0
131,GROVER,S5-1,ibm_fez,singleton,64,0.16666666666666666,0.16666666666666666,0.036284722222222225,0.06583971583971585,0.011458333333333333,0.96629638671875,1.0,0.5666666666666667,0.03333333333333333,0.0,0.0,0.0,0.0,0.0,0.03333333333333333
131,GROVER,S5-1,ibm_fez,singleton,128,0.23333333333333334,0.23333333333333334,0.03980654761904762,0.07045969939932788,0.009635416666666667,0.9159084320068359,1.0,0.7666666666666667,0.03333333333333333,0.0,0.0,0.0,0.0,0.0,0.0
131,GROVER,S5-1,ibm_fez,singleton,256,0.43333333333333335,0.3333333333333333,0.04227430555555556,0.06686670133323074,0.008333333333333333,0.8348655694717309,1.0,0.7333333333333333,0.06666666666666667,0.0,0.0,0.0,0.0,0.0,0.0
131,GROVER,S5-1,ibm_fez,singleton,512,0.7666666666666667,0.4666666666666667,0.04694010416666667,0.06856276175251239,0.007486979166666667,0.7270775937650024,1.0,0.9666666666666667,0.0,0.0,0.0,0.0,0.0,0.0,0.0
132,GROVER,S5-1,ibm_torino,singleton,64,0.06666666666666667,0.16666666666666666,0.03350694444444444,0.09351611351611351,0.014583333333333334,0.953515625,1.0,0.7333333333333333,0.1,0.0,0.0,0.0,0.0,0.0,0.0
132,GROVER,S5-1,ibm_torino,singleton,128,0.0,0.2,0.03366815476190476,0.07711764327863399,0.01015625,0.8944883982340495,1.0,0.7333333333333333,0.03333333333333333,0.0,0.0,0.0,0.0,0.0,0.0
132,GROVER,S5-1,ibm_torino,singleton,256,0.0,0.43333333333333335,0.039887152777777775,0.07040176599242227,0.007942708333333333,0.8470591457250217,1.0,0.9333333333333333,0.03333333333333333,0.0,0.0,0.0,0.0,0.0,0.0
132,GROVER,S5-1,ibm_torino,singleton,512,0.0,0.5666666666666667,0.048177083333333336,0.08901851490104123,0.009244791666666667,0.6425761261010643,1.0,0.9333333333333333,0.06666666666666667,0.0,0.0,0.0,0.0,0.0,0.0
133,GROVER,S5-1,ibm_torino,singleton,64,0.2,0.2,0.042291666666666665,0.08886511636511636,0.016666666666666666,0.8849436442057291,1.0,0.5,0.26666666666666666,0.0,0.0,0.0,0.0,0.0,0.03333333333333333
133,GROVER,S5-1,ibm_torino,singleton,128,0.26666666666666666,0.26666666666666666,0.04724702380952381,0.07901082763076302,0.011979166666666667,0.8732568611701329,1.0,0.7,0.1,0.0,0.0,0.0,0.0,0.0,0.03333333333333333
133,GROVER,S5-1,ibm_torino,singleton,256,0.5333333333333333,0.5333333333333333,0.05559895833333333,0.08141381331797728,0.010677083333333334,0.7637477875759942,1.0,0.9,0.03333333333333333,0.0,0.0,0.0,0.0,0.0,0.0
133,GROVER,S5-1,ibm_torino,singleton,512,0.8666666666666667,0.6,0.0615234375,0.10725550944431067,0.013932291666666667,0.5346355149449925,1.0,0.9666666666666667,0.1,0.0,0.0,0.06666666666666667,0.0,0.06666666666666667,0.0
134,GROVER,S5-1,ibm_torino,singleton,64,0.4666666666666667,0.4666666666666667,0.04697916666666667,0.09221889221889222,0.016145833333333335,0.9286092122395834,1.0,0.6666666666666666,0.06666666666666667,0.0,0.0,0.0,0.0,0.0,0.03333333333333333
134,GROVER,S5-1,ibm_torino,singleton,128,0.4666666666666667,0.4666666666666667,0.046688988095238096,0.09763122033986214,0.014322916666666666,0.8155277252197266,1.0,0.7,0.13333333333333333,0.0,0.0,0.0,0.0,0.0,0.03333333333333333
134,GROVER,S5-1,ibm_torino,singleton,256,0.8,0.8,0.059201388888888894,0.12211351028596454,0.015885416666666666,0.6372446188943286,1.0,0.9,0.23333333333333334,0.0,0.0,0.0,0.0,0.0,0.0
134,GROVER,S5-1,ibm_torino,singleton,512,0.9666666666666667,0.9666666666666667,0.06744791666666666,0.17415849439596745,0.020247395833333334,0.27250048389873943,1.0,1.0,0.3,0.0,0.0,0.06666666666666667,0.0,0.06666666666666667,0.0
135,GROVER,S5-1,ibm_torino,singleton,64,0.13333333333333333,0.13333333333333333,0.03291666666666667,0.061885521885521884,0.009895833333333333,0.96171875,1.0,0.4666666666666667,0.06666666666666667,0.0,0.0,0.0,0.0,0.0,0.0
135,GROVER,S5-1,ibm_torino,singleton,128,0.1,0.1,0.032328869047619044,0.0556063442921028,0.007552083333333333,0.9517191966374715,1.0,0.7,0.0,0.0,0.0,0.0,0.0,0.0,0.0
135,GROVER,S5-1,ibm_torino,singleton,256,0.4666666666666667,0.3333333333333333,0.04032118055555556,0.0706659428155644,0.008723958333333334,0.8132719277249029,1.0,0.7,0.06666666666666667,0.0,0.0,0.0,0.0,0.0,0.0
135,GROVER,S5-1,ibm_torino,singleton,512,0.7666666666666667,0.5333333333333333,0.0455078125,0.07008288984488772,0.007552083333333333,0.7205988611252413,1.0,0.9333333333333333,0.06666666666666667,0.0,0.0,0.0,0.0,0.0,0.0
136,GROVER,S5-1,ibm_torino,singleton,64,0.0,0.16666666666666666,0.035590277777777776,0.08634439634439635,0.0140625,0.952685546875,1.0,0.7,0.13333333333333333,0.0,0.0,0.0,0.0,0.0,0.0
136,GROVER,S5-1,ibm_torino,singleton,128,0.06666666666666667,0.13333333333333333,0.03456101190476191,0.06218326106870998,0.008333333333333333,0.9292550404866536,1.0,0.6666666666666666,0.06666666666666667,0.0,0.0,0.0,0.0,0.0,0.0
136,GROVER,S5-1,ibm_torino,singleton,256,0.0,0.23333333333333334,0.03927951388888889,0.07830562405109832,0.009635416666666667,0.7853443932544906,1.0,0.8,0.06666666666666667,0.0,0.0,0.0,0.0,0.0,0.0
136,GROVER,S5-1,ibm_torino,singleton,512,0.0,0.23333333333333334,0.0408203125,0.04307655745133343,0.004557291666666667,0.8503495978194802,1.0,0.8333333333333334,0.0,0.0,0.0,0.0,0.0,0.0,0.0
137,GROVER,S5-1,ibm_torino,singleton,64,0.9333333333333333,0.9333333333333333,0.1234375,0.2605340139163668,0.057291666666666664,0.54022216796875,1.0,0.9666666666666667,0.6666666666666666,0.06666666666666667,0.0,0.03333333333333333,0.0,0.03333333333333333,0.5
137,GROVER,S5-1,ibm_torino,singleton,128,1.0,1.0,0.13072916666666667,0.2834316209507323,0.055989583333333336,0.31426536158348123,1.0,1.0,0.7666666666666667,0.06666666666666667,0.0,0.13333333333333333,0.0,0.13333333333333333,0.4666666666666667
137,GROVER,S5-1,ibm_torino,singleton,256,1.0,1.0,0.12825520833333334,0.4156557933583944,0.07981770833333333,0.02743098197561947,1.0,1.0,1.0,0.26666666666666666,0.0,0.9,0.6666666666666666,0.9,0.9
137,GROVER,S5-1,ibm_torino,singleton,512,1.0,1.0,0.128125,0.43349695674483457,0.0796875,0.00037282425924531896,1.0,1.0,1.0,0.1,0.0,1.0,1.0,1.0,1.0
138,GROVER,S5-1,ibm_torino,singleton,64,0.5,0.5,0.059375,0.09672919672919673,0.0171875,0.897991943359375,1.0,0.6333333333333333,0.16666666666666666,0.0,0.0,0.0,0.0,0.0,0.03333333333333333
138,GROVER,S5-1,ibm_torino,singleton,128,0.7666666666666667,0.7666666666666667,0.07477678571428573,0.1553223983880196,0.0265625,0.6525442441304524,1.0,0.9,0.3,0.0,0.0,0.0,0.0,0.0,0.2
138,GROVER,S5-1,ibm_torino,singleton,256,0.9333333333333333,0.9333333333333333,0.08077256944444446,0.1780825198050547,0.027473958333333333,0.3973128042292814,1.0,0.9666666666666667,0.5666666666666667,0.0,0.0,0.0,0.0,0.0,0.03333333333333333
138,GROVER,S5-1,ibm_torino,singleton,512,1.0,0.9666666666666667,0.08216145833333334,0.21498472997078866,0.031184895833333334,0.14570172258830708,1.0,1.0,0.5666666666666667,0.0,0.0,0.36666666666666664,0.06666666666666667,0.36666666666666664,0.06666666666666667
139,GROVER,S5-1,ibm_torino,singleton,64,0.9,0.9,0.12118055555555556,0.2652310629400413,0.0625,0.5009933471679687,1.0,0.9333333333333333,0.6666666666666666,0.1,0.0,0.03333333333333333,0.0,0.03333333333333333,0.6
139,GROVER,S5-1,ibm_torino,singleton,128,1.0,1.0,0.1318824404761905,0.3413606720899043,0.06744791666666666,0.18442741225784023,1.0,1.0,0.9,0.1,0.0,0.16666666666666666,0.03333333333333333,0.16666666666666666,0.7
139,GROVER,S5-1,ibm_torino,singleton,256,1.0,1.0,0.13125,0.41158762111674696,0.07825520833333334,0.015122856944422631,1.0,1.0,1.0,0.06666666666666667,0.0,0.9333333333333333,0.6666666666666666,0.9333333333333333,0.9666666666666667
139,GROVER,S5-1,ibm_torino,singleton,512,1.0,1.0,0.12994791666666666,0.4736270973357561,0.08606770833333334,7.928323611488676e-05,1.0,1.0,1.0,0.3,0.0,1.0,1.0,1.0,1.0
140,GROVER,S6-1,ibm_fez,singleton,64,0.0,0.26666666666666666,0.020347222222222225,0.10119047619047619,0.0125,0.95625,1.0,0.6333333333333333,0.13333333333333333,0.0,0.0,0.0,0.0,0.0,0.0
140,GROVER,S6-1,ibm_fez,singleton,128,0.0,0.1,0.019010416666666665,0.06333481333481333,0.005989583333333334,0.950311787923177,1.0,0.5333333333333333,0.03333333333333333,0.0,0.0,0.0,0.0,0.0,0.0
140,GROVER,S6-1,ibm_fez,singleton,256,0.0,0.06666666666666667,0.01853298611111111,0.05712508751275745,0.004427083333333333,0.9368051687876383,1.0,0.7333333333333333,0.06666666666666667,0.0,0.0,0.0,0.0,0.0,0.0
140,GROVER,S6-1,ibm_fez,singleton,512,0.0,0.1,0.022005208333333335,0.04199205939337051,0.002734375,0.9236183324555896,1.0,0.8,0.0,0.0,0.0,0.0,0.0,0.0,0.0
141,GROVER,S6-1,ibm_fez,singleton,64,0.0,0.06666666666666667,0.017430555555555557,0.09576719576719576,0.011458333333333333,0.9471354166666667,1.0,0.5333333333333333,0.16666666666666666,0.0,0.0,0.0,0.0,0.0,0.0
141,GROVER,S6-1,ibm_fez,singleton,128,0.03333333333333333,0.0,0.016183035714285716,0.07011879188349777,0.00703125,0.9501495361328125,1.0,0.6333333333333333,0.06666666666666667,0.0,0.0,0.0,0.0,0.0,0.0
141,GROVER,S6-1,ibm_fez,singleton,256,0.0,0.0,0.019053819444444446,0.07148308103954894,0.00546875,0.9070943435033162,1.0,0.8666666666666667,0.0,0.0,0.0,0.0,0.0,0.0,0.0
141,GROVER,S6-1,ibm_fez,singleton,512,0.0,0.0,0.019661458333333333,0.035337880728183675,0.0022786458333333335,0.9220550211030059,1.0,0.5666666666666667,0.0,0.0,0.0,0.0,0.0,0.0,0.0
142,GROVER,S6-1,ibm_fez,singleton,64,0.0,0.03333333333333333,0.017916666666666668,0.0958994708994709,0.011458333333333333,0.95625,1.0,0.5666666666666667,0.13333333333333333,0.0,0.0,0.0,0.0,0.0,0.0
142,GROVER,S6-1,ibm_fez,singleton,128,0.0,0.1,0.01793154761904762,0.08535649535649537,0.008072916666666667,0.931182861328125,1.0,0.7,0.13333333333333333,0.0,0.0,0.0,0.0,0.0,0.0
142,GROVER,S6-1,ibm_fez,singleton,256,0.0,0.03333333333333333,0.019921875,0.06599642302428681,0.005078125,0.885879389444987,1.0,0.6333333333333333,0.1,0.0,0.0,0.0,0.0,0.0,0.0
142,GROVER,S6-1,ibm_fez,singleton,512,0.0,0.03333333333333333,0.021354166666666667,0.054684680355387455,0.0033854166666666668,0.8796764420112595,1.0,0.8333333333333334,0.03333333333333333,0.0,0.0,0.0,0.0,0.0,0.0
143,GROVER,S6-1,ibm_fez,singleton,64,0.03333333333333333,0.0,0.015173611111111112,0.09410052910052909,0.011458333333333333,0.964453125,1.0,0.6,0.13333333333333333,0.0,0.0,0.0,0.0,0.0,0.0
143,GROVER,S6-1,ibm_fez,singleton,128,0.03333333333333333,0.0,0.015625,0.058880008880008876,0.005208333333333333,0.970458984375,1.0,0.5333333333333333,0.0,0.0,0.0,0.0,0.0,0.0,0.0
143,GROVER,S6-1,ibm_fez,singleton,256,0.03333333333333333,0.0,0.016493055555555556,0.06984007931813827,0.005078125,0.9055381139119466,1.0,0.7666666666666667,0.0,0.0,0.0,0.0,0.0,0.0,0.0
143,GROVER,S6-1,ibm_fez,singleton,512,0.0,0.0,0.015755208333333333,0.045604528832652674,0.002734375,0.9107252345711458,1.0,0.7333333333333333,0.03333333333333333,0.0,0.0,0.0,0.0,0.0,0.0
144,GROVER,S6-1,ibm_fez,singleton,64,0.0,0.0,0.022048611111111113,0.10576960076960076,0.013541666666666667,0.95625,1.0,0.7,0.16666666666666666,0.0,0.0,0.0,0.0,0.0,0.0
144,GROVER,S6-1,ibm_fez,singleton,128,0.0,0.03333333333333333,0.021019345238095236,0.09017038517038517,0.009114583333333334,0.8992360432942709,1.0,0.6666666666666666,0.16666666666666666,0.0,0.0,0.0,0.0,0.0,0.0
144,GROVER,S6-1,ibm_fez,singleton,256,0.0,0.0,0.021484375,0.048940223469366016,0.004036458333333334,0.9318355083465576,1.0,0.6,0.03333333333333333,0.0,0.0,0.0,0.0,0.0,0.0
144,GROVER,S6-1,ibm_fez,singleton,512,0.0,0.0,0.025130208333333334,0.054555712660362944,0.004036458333333334,0.8525876885059915,1.0,0.8666666666666667,0.0,0.0,0.0,0.0,0.0,0.0,0.0
145,GROVER,S7-1,ibm_torino,singleton,64,0.03333333333333333,0.0,0.008020833333333333,0.04476190476190477,0.0036458333333333334,1.0,1.0,0.23333333333333334,0.2,0.0,0.0,0.0,0.0,0.0,0.0
145,GROVER,S7-1,ibm_torino,singleton,128,0.0,0.0,0.008668154761904762,0.08968253968253967,0.005729166666666666,0.9653645833333333,1.0,0.6,0.1,0.0,0.0,0.0,0.0,0.0,0.0
145,GROVER,S7-1,ibm_torino,singleton,256,0.06666666666666667,0.0,0.00915798611111111,0.06423132423132423,0.0032552083333333335,0.950048828125,1.0,0.6,0.03333333333333333,0.0,0.0,0.0,0.0,0.0,0.0
145,GROVER,S7-1,ibm_torino,singleton,512,0.0,0.0,0.008854166666666666,0.05795898838004101,0.0024739583333333332,0.897077202796936,1.0,0.6333333333333333,0.0,0.0,0.0,0.0,0.0,0.0,0.0
146,GROVER,S7-1,ibm_torino,singleton,64,0.0,0.0,0.006909722222222222,0.06380952380952382,0.005729166666666666,1.0,1.0,0.36666666666666664,0.2,0.0,0.0,0.0,0.0,0.0,0.0
146,GROVER,S7-1,ibm_torino,singleton,128,0.0,0.03333333333333333,0.008407738095238095,0.07055555555555555,0.004427083333333333,0.9826822916666667,1.0,0.5,0.06666666666666667,0.0,0.0,0.0,0.0,0.0,0.0
146,GROVER,S7-1,ibm_torino,singleton,256,0.0,0.0,0.007335069444444444,0.06235986235986236,0.002994791666666667,0.95703125,1.0,0.5666666666666667,0.03333333333333333,0.0,0.0,0.0,0.0,0.0,0.0
146,GROVER,S7-1,ibm_torino,singleton,512,0.0,0.0,0.010481770833333333,0.052555274103261725,0.002018229166666667,0.9196504910786947,1.0,0.5666666666666667,0.0,0.0,0.0,0.0,0.0,0.0,0.0
147,GROVER,S7-1,ibm_torino,singleton,64,0.0,0.0,0.008819444444444444,0.07968253968253967,0.007291666666666667,0.9713541666666666,1.0,0.36666666666666664,0.26666666666666666,0.0,0.0,0.0,0.0,0.0,0.0
147,GROVER,S7-1,ibm_torino,singleton,128,0.0,0.0,0.009412202380952382,0.07887686387686386,0.005208333333333333,0.9826822916666667,1.0,0.6,0.06666666666666667,0.0,0.0,0.0,0.0,0.0,0.0
147,GROVER,S7-1,ibm_torino,singleton,256,0.0,0.0,0.0078125,0.06327600504071092,0.0033854166666666668,0.9600413004557292,1.0,0.6666666666666666,0.03333333333333333,0.0,0.0,0.0,0.0,0.0,0.0
147,GROVER,S7-1,ibm_torino,singleton,512,0.06666666666666667,0.0,0.007877604166666666,0.036232574901305555,0.0013671875,0.9767318725585937,1.0,0.5666666666666667,0.0,0.0,0.0,0.0,0.0,0.0,0.0
148,GROVER,S7-1,ibm_torino,singleton,64,0.0,0.03333333333333333,0.008541666666666666,0.08698412698412698,0.007291666666666667,0.9791666666666666,1.0,0.4,0.36666666666666664,0.0,0.0,0.0,0.0,0.0,0.0
148,GROVER,S7-1,ibm_torino,singleton,128,0.03333333333333333,0.16666666666666666,0.009523809523809523,0.07563492063492064,0.00546875,0.9594401041666667,1.0,0.5333333333333333,0.1,0.0,0.0,0.0,0.0,0.0,0.0
148,GROVER,S7-1,ibm_torino,singleton,256,0.03333333333333333,0.06666666666666667,0.010112847222222221,0.0667077367077367,0.003515625,0.939239501953125,1.0,0.6,0.06666666666666667,0.0,0.0,0.0,0.0,0.0,0.0
148,GROVER,S7-1,ibm_torino,singleton,512,0.03333333333333333,0.03333333333333333,0.0109375,0.0503317087184364,0.0020833333333333333,0.9351274490356445,1.0,0.6666666666666666,0.03333333333333333,0.0,0.0,0.0,0.0,0.0,0.0
149,GROVER,S7-1,ibm_torino,singleton,64,0.0,0.03333333333333333,0.009965277777777778,0.09555555555555556,0.008854166666666666,0.9791666666666666,1.0,0.5,0.26666666666666666,0.0,0.0,0.0,0.0,0.0,0.0
149,GROVER,S7-1,ibm_torino,singleton,128,0.0,0.03333333333333333,0.011830357142857144,0.08848429348429349,0.00703125,0.9062296549479166,1.0,0.4666666666666667,0.23333333333333334,0.0,0.0,0.0,0.0,0.0,0.0
149,GROVER,S7-1,ibm_torino,singleton,256,0.0,0.13333333333333333,0.01150173611111111,0.06706117411999765,0.003515625,0.9457407633463542,1.0,0.6333333333333333,0.06666666666666667,0.0,0.0,0.0,0.0,0.0,0.0
149,GROVER,S7-1,ibm_torino,singleton,512,0.0,0.03333333333333333,0.0123046875,0.06708027771872165,0.003125,0.8825243890285492,1.0,0.8333333333333334,0.03333333333333333,0.0,0.0,0.0,0.0,0.0,0.0
150,GROVER,S7-1,ibm_torino,singleton,64,0.03333333333333333,0.0,0.009583333333333333,0.11523809523809524,0.010416666666666666,0.96875,1.0,0.5666666666666667,0.36666666666666664,0.0,0.0,0.0,0.0,0.0,0.0
150,GROVER,S7-1,ibm_torino,singleton,128,0.0,0.0,0.008705357142857143,0.07942279942279942,0.005729166666666666,0.9521484375,1.0,0.5333333333333333,0.13333333333333333,0.0,0.0,0.0,0.0,0.0,0.0
150,GROVER,S7-1,ibm_torino,singleton,256,0.0,0.0,0.008897569444444444,0.06714977832624891,0.003515625,0.9438944498697917,1.0,0.6,0.06666666666666667,0.0,0.0,0.0,0.0,0.0,0.0
150,GROVER,S7-1,ibm_torino,singleton,512,0.0,0.0,0.009635416666666667,0.05706407652860742,0.0024739583333333332,0.9096220016479493,1.0,0.7,0.03333333333333333,0.0,0.0,0.0,0.0,0.0,0.0
151,GROVER,S7-1,ibm_torino,singleton,64,0.0,0.0,0.008958333333333334,0.08992063492063493,0.008854166666666666,0.9744791666666667,1.0,0.4666666666666667,0.3,0.0,0.0,0.0,0.0,0.0,0.0
151,GROVER,S7-1,ibm_torino,singleton,128,0.0,0.0,0.009040178571428572,0.08103415103415103,0.005729166666666666,0.97607421875,1.0,0.6333333333333333,0.06666666666666667,0.0,0.0,0.0,0.0,0.0,0.0
151,GROVER,S7-1,ibm_torino,singleton,256,0.0,0.0,0.010633680555555556,0.04589684824978943,0.00234375,0.964013671875,1.0,0.43333333333333335,0.0,0.0,0.0,0.0,0.0,0.0,0.0
151,GROVER,S7-1,ibm_torino,singleton,512,0.0,0.0,0.010286458333333333,0.038478412375975976,0.0015625,0.9601888100306193,1.0,0.5666666666666667,0.0,0.0,0.0,0.0,0.0,0.0,0.0
152,GROVER,S7-1,ibm_torino,singleton,64,0.0,0.0,0.0077777777777777776,0.11023809523809523,0.010416666666666666,0.9596354166666666,1.0,0.5333333333333333,0.3333333333333333,0.0,0.0,0.0,0.0,0.0,0.0
152,GROVER,S7-1,ibm_torino,singleton,128,0.0,0.0,0.009337797619047619,0.07908850408850408,0.005729166666666666,0.9498697916666666,1.0,0.5333333333333333,0.2,0.0,0.0,0.0,0.0,0.0,0.0
152,GROVER,S7-1,ibm_torino,singleton,256,0.0,0.0,0.007465277777777778,0.04884168119462237,0.0024739583333333332,0.971533203125,1.0,0.5,0.0,0.0,0.0,0.0,0.0,0.0,0.0
152,GROVER,S7-1,ibm_torino,singleton,512,0.0,0.0,0.009440104166666666,0.05791457893746223,0.0024088541666666668,0.9107463359832764,1.0,0.7,0.0,0.0,0.0,0.0,0.0,0.0,0.0
153,GROVER,S8-1,ibm_torino,singleton,64,0.0,0.0,0.0030555555555555557,0.07777777777777778,0.00625,0.9895833333333334,1.0,0.36666666666666664,0.36666666666666664,0.0,0.0,0.0,0.0,0.0,0.0
153,GROVER,S8-1,ibm_torino,singleton,128,0.0,0.0,0.004799107142857142,0.06656084656084656,0.0033854166666666668,1.0,1.0,0.43333333333333335,0.1,0.0,0.0,0.0,0.0,0.0,0.0
153,GROVER,S8-1,ibm_torino,singleton,256,0.0,0.0,0.005425347222222222,0.08738816738816739,0.003515625,0.932958984375,1.0,0.6,0.16666666666666666,0.0,0.0,0.0,0.0,0.0,0.0
153,GROVER,S8-1,ibm_torino,singleton,512,0.0,0.0,0.004361979166666667,0.07667636285283344,0.0022135416666666666,0.9157745361328125,1.0,0.7,0.03333333333333333,0.0,0.0,0.0,0.0,0.0,0.0
154,GROVER,S8-1,ibm_torino,singleton,64,0.0,0.0,0.006388888888888888,0.09936507936507936,0.008854166666666666,0.9609375,1.0,0.43333333333333335,0.36666666666666664,0.0,0.0,0.0,0.0,0.0,0.0
154,GROVER,S8-1,ibm_torino,singleton,128,0.0,0.0,0.006919642857142858,0.09219576719576719,0.00546875,0.97265625,1.0,0.6,0.1,0.0,0.0,0.0,0.0,0.0,0.0
154,GROVER,S8-1,ibm_torino,singleton,256,0.0,0.0,0.007595486111111111,0.062477522477522474,0.002734375,0.934326171875,1.0,0.4,0.1,0.0,0.0,0.0,0.0,0.0,0.0
154,GROVER,S8-1,ibm_torino,singleton,512,0.0,0.0,0.00859375,0.05805338509672875,0.002018229166666667,0.9109212239583333,1.0,0.5333333333333333,0.06666666666666667,0.0,0.0,0.0,0.0,0.0,0.0
155,GROVER,S8-1,ibm_torino,singleton,64,0.0,0.0,0.005347222222222223,0.08,0.0067708333333333336,0.96875,1.0,0.3333333333333333,0.3333333333333333,0.0,0.0,0.0,0.0,0.0,0.0
155,GROVER,S8-1,ibm_torino,singleton,128,0.0,0.0,0.005543154761904761,0.06896825396825396,0.00390625,0.9908854166666666,1.0,0.4666666666666667,0.06666666666666667,0.0,0.0,0.0,0.0,0.0,0.0
155,GROVER,S8-1,ibm_torino,singleton,256,0.0,0.0,0.005685763888888889,0.07842268842268842,0.0032552083333333335,0.93916015625,1.0,0.5666666666666667,0.1,0.0,0.0,0.0,0.0,0.0,0.0
155,GROVER,S8-1,ibm_torino,singleton,512,0.0,0.0,0.005989583333333334,0.05031121985456351,0.0015625,0.955450693766276,1.0,0.5666666666666667,0.0,0.0,0.0,0.0,0.0,0.0,0.0
156,GROVER,S8-1,ibm_torino,singleton,64,0.0,0.0,0.004131944444444444,0.06666666666666667,0.005208333333333333,1.0,1.0,0.3333333333333333,0.3333333333333333,0.0,0.0,0.0,0.0,0.0,0.0
156,GROVER,S8-1,ibm_torino,singleton,128,0.0,0.0,0.003720238095238095,0.08206349206349207,0.0046875,0.9631510416666667,1.0,0.4666666666666667,0.13333333333333333,0.0,0.0,0.0,0.0,0.0,0.0
156,GROVER,S8-1,ibm_torino,singleton,256,0.0,0.0,0.004427083333333333,0.07151515151515152,0.002734375,0.975390625,1.0,0.6,0.1,0.0,0.0,0.0,0.0,0.0,0.0
156,GROVER,S8-1,ibm_torino,singleton,512,0.0,0.0,0.004036458333333334,0.045744810744810745,0.0012369791666666666,0.979925537109375,1.0,0.5333333333333333,0.0,0.0,0.0,0.0,0.0,0.0,0.0
157,GROVER,S8-1,ibm_torino,singleton,64,0.03333333333333333,0.0,0.004409722222222222,0.08253968253968254,0.0067708333333333336,0.9895833333333334,1.0,0.4,0.36666666666666664,0.0,0.0,0.0,0.0,0.0,0.0
157,GROVER,S8-1,ibm_torino,singleton,128,0.0,0.0,0.004017857142857143,0.053809523809523814,0.002864583333333333,0.9817708333333334,1.0,0.3,0.13333333333333333,0.0,0.0,0.0,0.0,0.0,0.0
157,GROVER,S8-1,ibm_torino,singleton,256,0.0,0.0,0.004730902777777778,0.05686868686868687,0.0022135416666666666,0.95283203125,1.0,0.36666666666666664,0.13333333333333333,0.0,0.0,0.0,0.0,0.0,0.0
157,GROVER,S8-1,ibm_torino,singleton,512,0.0,0.0,0.004231770833333333,0.05472742943331178,0.0015625,0.95985107421875,1.0,0.6,0.0,0.0,0.0,0.0,0.0,0.0,0.0
158,GROVER,S8-1,ibm_torino,singleton,64,0.0,0.0,0.0038888888888888888,0.09333333333333334,0.007291666666666667,1.0,1.0,0.4666666666666667,0.4666666666666667,0.0,0.0,0.0,0.0,0.0,0.0
158,GROVER,S8-1,ibm_torino,singleton,128,0.0,0.03333333333333333,0.0046875,0.055873015873015866,0.002864583333333333,0.9895833333333334,1.0,0.3333333333333333,0.06666666666666667,0.0,0.0,0.0,0.0,0.0,0.0
158,GROVER,S8-1,ibm_torino,singleton,256,0.0,0.0,0.0049479166666666664,0.06767676767676768,0.0024739583333333332,0.9849609375,1.0,0.5666666666666667,0.03333333333333333,0.0,0.0,0.0,0.0,0.0,0.0
158,GROVER,S8-1,ibm_torino,singleton,512,0.0,0.0,0.005338541666666667,0.07126595626595628,0.001953125,0.932794189453125,1.0,0.6666666666666666,0.06666666666666667,0.0,0.0,0.0,0.0,0.0,0.0
159,GROVER,S8-1,ibm_torino,singleton,64,0.0,0.0,0.0052430555555555555,0.08000000000000002,0.00625,1.0,1.0,0.4,0.4,0.0,0.0,0.0,0.0,0.0,0.0
159,GROVER,S8-1,ibm_torino,singleton,128,0.0,0.0,0.004650297619047619,0.07941798941798942,0.004427083333333333,0.9817708333333334,1.0,0.5,0.1,0.0,0.0,0.0,0.0,0.0,0.0
159,GROVER,S8-1,ibm_torino,singleton,256,0.0,0.0,0.006206597222222222,0.06272727272727273,0.0026041666666666665,0.95419921875,1.0,0.4666666666666667,0.1,0.0,0.0,0.0,0.0,0.0,0.0
159,GROVER,S8-1,ibm_torino,singleton,512,0.0,0.0,0.0057942708333333336,0.05068112715171538,0.0015625,0.9559234619140624,1.0,0.5666666666666667,0.0,0.0,0.0,0.0,0.0,0.0,0.0
160,GROVER,S8-1,ibm_torino,singleton,64,0.0,0.0,0.004097222222222223,0.05333333333333334,0.004166666666666667,1.0,1.0,0.26666666666666666,0.26666666666666666,0.0,0.0,0.0,0.0,0.0,0.0
160,GROVER,S8-1,ibm_torino,singleton,128,0.0,0.0,0.004501488095238095,0.041322751322751324,0.00234375,0.9817708333333334,1.0,0.23333333333333334,0.1,0.0,0.0,0.0,0.0,0.0,0.0
160,GROVER,S8-1,ibm_torino,singleton,256,0.0,0.0,0.00390625,0.05872053872053872,0.0022135416666666666,0.975390625,1.0,0.4666666666666667,0.1,0.0,0.0,0.0,0.0,0.0,0.0
160,GROVER,S8-1,ibm_torino,singleton,512,0.0,0.0,0.0039713541666666664,0.04683066933066934,0.0012369791666666666,0.9864715576171875,1.0,0.5666666666666667,0.0,0.0,0.0,0.0,0.0,0.0,0.0
161,GROVER,SYM-1,ibm_fez,multiple,64,0.36666666666666664,0.6333333333333333,0.20753472222222225,0.11776155336638403,0.052083333333333336,0.6975321632654716,1.0,0.8333333333333334,0.2,0.0,0.0,0.0,0.0,0.0,0.36666666666666664
161,GROVER,SYM-1,ibm_fez,multiple,128,0.13333333333333333,0.8666666666666667,0.22213541666666667,0.15014152882512163,0.06276041666666667,0.419531164212235,1.0,1.0,0.3333333333333333,0.0,0.0,0.03333333333333333,0.0,0.03333333333333333,0.6
161,GROVER,SYM-1,ibm_fez,multiple,256,0.03333333333333333,0.9666666666666667,0.22847222222222224,0.1277432417943295,0.053125,0.3099951800989816,1.0,0.9666666666666667,0.06666666666666667,0.0,0.0,0.06666666666666667,0.06666666666666667,0.06666666666666667,0.5666666666666667
161,GROVER,SYM-1,ibm_fez,multiple,512,0.03333333333333333,0.9666666666666667,0.2224609375,0.13025889141344676,0.05455729166666667,0.13963232542288362,1.0,1.0,0.06666666666666667,0.0,0.0,0.5333333333333333,0.1,0.06666666666666667,0.6
162,GROVER,SYM-1,ibm_fez,multiple,64,1.0,0.6666666666666666,0.4422916666666667,0.10637327007014452,0.09427083333333333,0.5550326154959755,1.0,1.0,0.13333333333333333,0.0,0.0,0.0,0.0,0.0,0.7
162,GROVER,SYM-1,ibm_fez,multiple,128,1.0,0.36666666666666664,0.4381696428571429,0.07088936594927224,0.06276041666666667,0.5980686751761686,1.0,0.9666666666666667,0.06666666666666667,0.0,0.0,0.06666666666666667,0.03333333333333333,0.06666666666666667,0.4666666666666667
162,GROVER,SYM-1,ibm_fez,multiple,256,1.0,0.3333333333333333,0.434765625,0.04214509558558206,0.03763020833333333,0.6017663494679223,1.0,0.9666666666666667,0.0,0.0,0.0,0.0,0.0,0.0,0.23333333333333334
162,GROVER,SYM-1,ibm_fez,multiple,512,1.0,0.4,0.4402994791666667,0.024453559895204972,0.021614583333333333,0.6604064437390437,1.0,0.9666666666666667,0.0,0.0,0.0,0.0,0.0,0.0,0.03333333333333333
163,GROVER,SYM-1,ibm_fez,multiple,64,1.0,0.8,0.4725347222222222,0.1600048204242177,0.140625,0.4218468232594555,1.0,0.9333333333333333,0.3,0.0,0.0,0.2,0.1,0.2,0.8
163,GROVER,SYM-1,ibm_fez,multiple,128,1.0,0.9333333333333333,0.48891369047619043,0.09329351837466555,0.08359375,0.4957495568154325,1.0,0.9666666666666667,0.16666666666666666,0.0,0.0,0.16666666666666666,0.03333333333333333,0.16666666666666666,0.5666666666666667
163,GROVER,SYM-1,ibm_fez,multiple,256,1.0,1.0,0.4940972222222222,0.1300644207401665,0.11549479166666667,0.1263723715251401,1.0,1.0,0.1,0.0,0.0,0.43333333333333335,0.23333333333333334,0.1,0.9333333333333333
163,GROVER,SYM-1,ibm_fez,multiple,512,1.0,1.0,0.4913411458333333,0.12840682100466708,0.1138671875,0.032817710171730075,1.0,1.0,0.0,0.0,0.0,0.8,0.43333333333333335,0.0,0.9666666666666667
164,GROVER,SYM-1,ibm_fez,multiple,64,1.0,0.8,0.4675694444444444,0.1088063261181668,0.096875,0.5544783142259201,1.0,1.0,0.16666666666666666,0.0,0.0,0.03333333333333333,0.0,0.03333333333333333,0.7666666666666667
164,GROVER,SYM-1,ibm_fez,multiple,128,1.0,0.9666666666666667,0.4811383928571429,0.13735652936303042,0.12161458333333333,0.31799373869798325,1.0,0.9333333333333333,0.23333333333333334,0.0,0.0,0.26666666666666666,0.13333333333333333,0.23333333333333334,0.8
164,GROVER,SYM-1,ibm_fez,multiple,256,1.0,0.9,0.4742621527777778,0.1081987959258031,0.095703125,0.2156516481498244,1.0,1.0,0.03333333333333333,0.0,0.0,0.3,0.06666666666666667,0.03333333333333333,0.8
164,GROVER,SYM-1,ibm_fez,multiple,512,1.0,1.0,0.4871744791666667,0.10032735878851705,0.08893229166666666,0.06748047786826748,1.0,1.0,0.0,0.0,0.0,0.6,0.16666666666666666,0.0,0.9333333333333333
165,GROVER,SYM-1,ibm_fez,multiple,64,1.0,0.7666666666666667,0.41253472222222226,0.11101546294623295,0.08854166666666667,0.5442227492359708,1.0,0.9333333333333333,0.1,0.0,0.0,0.0,0.0,0.0,0.8
165,GROVER,SYM-1,ibm_fez,multiple,128,1.0,0.7666666666666667,0.41123511904761906,0.08513773822582296,0.06901041666666667,0.5158476579092299,1.0,1.0,0.03333333333333333,0.0,0.0,0.0,0.0,0.0,0.5
165,GROVER,SYM-1,ibm_fez,multiple,256,1.0,0.7333333333333333,0.40724826388888885,0.06737402683574828,0.05455729166666667,0.4467487920003392,1.0,0.9666666666666667,0.0,0.0,0.0,0.06666666666666667,0.0,0.0,0.5666666666666667
165,GROVER,SYM-1,ibm_fez,multiple,512,1.0,0.7333333333333333,0.41139322916666665,0.046938903384910975,0.03815104166666667,0.45017053236660237,1.0,1.0,0.0,0.0,0.0,0.1,0.0,0.0,0.36666666666666664
166,GROVER,SYM-1,ibm_fez,multiple,64,1.0,0.7,0.42746527777777776,0.08985073139125958,0.075,0.633196834053924,1.0,0.9,0.1,0.0,0.0,0.0,0.0,0.0,0.6
166,GROVER,SYM-1,ibm_fez,multiple,128,1.0,0.8666666666666667,0.4387276785714286,0.13348241860703164,0.10989583333333333,0.30953164080143397,1.0,0.9666666666666667,0.2,0.0,0.0,0.2,0.03333333333333333,0.2,0.8333333333333334
166,GROVER,SYM-1,ibm_fez,multiple,256,1.0,1.0,0.45364583333333336,0.09918498414736257,0.08138020833333333,0.27239449430035906,1.0,1.0,0.03333333333333333,0.0,0.0,0.23333333333333334,0.06666666666666667,0.03333333333333333,0.7666666666666667
166,GROVER,SYM-1,ibm_fez,multiple,512,1.0,1.0,0.452734375,0.10178108544913812,0.08365885416666667,0.11037428310620648,1.0,1.0,0.0,0.0,0.0,0.6333333333333333,0.16666666666666666,0.0,0.8333333333333334
167,GROVER,SYM-1,ibm_torino,multiple,64,1.0,0.43333333333333335,0.3266666666666667,0.10046114855016366,0.06458333333333334,0.6519887098944281,1.0,0.8333333333333334,0.16666666666666666,0.0,0.0,0.0,0.0,0.0,0.5666666666666667
167,GROVER,SYM-1,ibm_torino,multiple,128,1.0,0.23333333333333334,0.32421875,0.07179002539456615,0.046614583333333334,0.6375649162303255,1.0,0.9666666666666667,0.03333333333333333,0.0,0.0,0.03333333333333333,0.0,0.03333333333333333,0.43333333333333335
167,GROVER,SYM-1,ibm_torino,multiple,256,1.0,0.2,0.32278645833333336,0.046565965208495354,0.030598958333333332,0.6366847273506925,1.0,1.0,0.0,0.0,0.0,0.0,0.0,0.0,0.2
167,GROVER,SYM-1,ibm_torino,multiple,512,1.0,0.1,0.3196614583333333,0.02787726924468489,0.018229166666666668,0.6755927845538185,1.0,0.9666666666666667,0.0,0.0,0.0,0.0,0.0,0.0,0.03333333333333333
168,GROVER,SYM-1,ibm_torino,multiple,64,1.0,0.6,0.41628472222222224,0.10452536441808627,0.08645833333333333,0.6037835645004693,1.0,0.9333333333333333,0.16666666666666666,0.0,0.0,0.03333333333333333,0.03333333333333333,0.03333333333333333,0.5666666666666667
168,GROVER,SYM-1,ibm_torino,multiple,128,1.0,0.8666666666666667,0.42622767857142857,0.10248586933011349,0.08463541666666667,0.43981443440806967,1.0,0.9333333333333333,0.03333333333333333,0.0,0.0,0.03333333333333333,0.03333333333333333,0.03333333333333333,0.6
168,GROVER,SYM-1,ibm_torino,multiple,256,1.0,0.7666666666666667,0.420703125,0.05945549934367062,0.049479166666666664,0.5031552901459405,1.0,1.0,0.0,0.0,0.0,0.06666666666666667,0.0,0.0,0.4666666666666667
168,GROVER,SYM-1,ibm_torino,multiple,512,1.0,0.9333333333333333,0.4318359375,0.049604972579027115,0.0412109375,0.4110285003676561,1.0,0.9666666666666667,0.0,0.0,0.0,0.03333333333333333,0.0,0.0,0.36666666666666664
169,GROVER,SYM-1,ibm_torino,multiple,64,1.0,0.8333333333333334,0.444375,0.137521143299148,0.11354166666666667,0.49468385120007297,1.0,0.9666666666666667,0.26666666666666666,0.0,0.0,0.13333333333333333,0.03333333333333333,0.13333333333333333,0.7
169,GROVER,SYM-1,ibm_torino,multiple,128,1.0,0.9,0.4504464285714286,0.12088198471836771,0.10026041666666667,0.33966741006285334,1.0,0.9666666666666667,0.13333333333333333,0.0,0.0,0.1,0.0,0.1,0.8
169,GROVER,SYM-1,ibm_torino,multiple,256,1.0,0.9666666666666667,0.4576822916666667,0.11525769810312632,0.09544270833333333,0.20316161975476146,1.0,1.0,0.03333333333333333,0.0,0.0,0.43333333333333335,0.06666666666666667,0.03333333333333333,0.8666666666666667
169,GROVER,SYM-1,ibm_torino,multiple,512,1.0,1.0,0.46041666666666664,0.1224126363430162,0.1009765625,0.03821061806740285,1.0,1.0,0.0,0.0,0.0,0.7333333333333333,0.5,0.0,1.0
170,GROVER,SYM-1,ibm_torino,multiple,64,1.0,0.6666666666666666,0.4216319444444444,0.09689200614824561,0.08072916666666667,0.6320600361289616,1.0,0.9666666666666667,0.1,0.0,0.0,0.03333333333333333,0.0,0.03333333333333333,0.5
170,GROVER,SYM-1,ibm_torino,multiple,128,1.0,0.6,0.415922619047619,0.08197800954487704,0.06875,0.5276253053775339,1.0,0.9333333333333333,0.03333333333333333,0.0,0.0,0.03333333333333333,0.0,0.03333333333333333,0.5333333333333333
170,GROVER,SYM-1,ibm_torino,multiple,256,1.0,0.8,0.42552083333333335,0.06218281927891115,0.05182291666666667,0.4990084689216383,1.0,0.9333333333333333,0.0,0.0,0.0,0.1,0.0,0.0,0.5
170,GROVER,SYM-1,ibm_torino,multiple,512,1.0,0.9333333333333333,0.43385416666666665,0.0620481906426857,0.05162760416666667,0.2890735292001938,1.0,1.0,0.0,0.0,0.0,0.1,0.03333333333333333,0.0,0.43333333333333335
171,GROVER,SYM-2,ibm_fez,multiple,64,1.0,0.7,0.24961805555555555,0.17035775039326026,0.08697916666666666,0.5297444843745325,1.0,0.9333333333333333,0.36666666666666664,0.0,0.0,0.13333333333333333,0.0,0.13333333333333333,0.5333333333333333
171,GROVER,SYM-2,ibm_fez,multiple,128,1.0,0.8333333333333334,0.2554315476190476,0.10725945077987332,0.05286458333333333,0.51879073471009,1.0,0.9666666666666667,0.13333333333333333,0.0,0.0,0.03333333333333333,0.0,0.03333333333333333,0.5333333333333333
171,GROVER,SYM-2,ibm_fez,multiple,256,1.0,0.8666666666666667,0.25533854166666664,0.09981628553158559,0.04986979166666667,0.44555681075964826,1.0,1.0,0.16666666666666666,0.0,0.0,0.2,0.06666666666666667,0.16666666666666666,0.43333333333333335
171,GROVER,SYM-2,ibm_fez,multiple,512,1.0,0.9333333333333333,0.2609375,0.08740920320759192,0.04296875,0.27308535622432933,1.0,1.0,0.0,0.0,0.0,0.16666666666666666,0.06666666666666667,0.0,0.4
172,GROVER,SYM-2,ibm_fez,multiple,64,1.0,0.8333333333333334,0.4360416666666667,0.13034376773085365,0.10520833333333333,0.4861838159791223,1.0,0.9666666666666667,0.2,0.0,0.0,0.03333333333333333,0.03333333333333333,0.03333333333333333,0.7666666666666667
172,GROVER,SYM-2,ibm_fez,multiple,128,1.0,0.9666666666666667,0.4479910714285714,0.12273254275580345,0.09947916666666666,0.39506617037279995,1.0,1.0,0.16666666666666666,0.0,0.0,0.16666666666666666,0.13333333333333333,0.16666666666666666,0.6666666666666666
172,GROVER,SYM-2,ibm_fez,multiple,256,1.0,0.9666666666666667,0.4480034722222222,0.1092779690354677,0.08919270833333333,0.2254325242673221,1.0,1.0,0.03333333333333333,0.0,0.0,0.26666666666666666,0.1,0.03333333333333333,0.8
172,GROVER,SYM-2,ibm_fez,multiple,512,1.0,1.0,0.45774739583333335,0.0996407381298686,0.08092447916666666,0.12326613709673967,1.0,1.0,0.0,0.0,0.0,0.5666666666666667,0.23333333333333334,0.0,0.8
173,GROVER,SYM-2,ibm_fez,multiple,64,1.0,0.6666666666666666,0.4180555555555555,0.08369098001518445,0.071875,0.6738669344777843,1.0,0.8666666666666667,0.13333333333333333,0.0,0.0,0.03333333333333333,0.0,0.03333333333333333,0.5
173,GROVER,SYM-2,ibm_fez,multiple,128,1.0,0.7666666666666667,0.42142857142857143,0.06767195552871226,0.055989583333333336,0.594996894967868,1.0,1.0,0.0,0.0,0.0,0.0,0.0,0.0,0.4666666666666667
173,GROVER,SYM-2,ibm_fez,multiple,256,1.0,0.8333333333333334,0.42213541666666665,0.04903565086124592,0.040755208333333334,0.5527152259050362,1.0,1.0,0.0,0.0,0.0,0.0,0.0,0.0,0.3333333333333333
173,GROVER,SYM-2,ibm_fez,multiple,512,1.0,0.7333333333333333,0.41627604166666665,0.04354696607813871,0.03626302083333333,0.4508565053895253,1.0,1.0,0.0,0.0,0.0,0.03333333333333333,0.0,0.0,0.23333333333333334
174,GROVER,SYM-2,ibm_fez,multiple,64,1.0,0.6333333333333333,0.4338194444444444,0.1173635863821289,0.09895833333333333,0.5658877028853223,1.0,0.9,0.2,0.0,0.0,0.1,0.0,0.1,0.5333333333333333
174,GROVER,SYM-2,ibm_fez,multiple,128,1.0,0.8333333333333334,0.4459449404761905,0.10312453413989107,0.08854166666666667,0.45389777038603085,1.0,1.0,0.13333333333333333,0.0,0.0,0.13333333333333333,0.06666666666666667,0.13333333333333333,0.6
174,GROVER,SYM-2,ibm_fez,multiple,256,1.0,0.9,0.44969618055555555,0.09122427945464377,0.07825520833333334,0.3526247915796223,1.0,0.9666666666666667,0.03333333333333333,0.0,0.0,0.26666666666666666,0.06666666666666667,0.03333333333333333,0.6
174,GROVER,SYM-2,ibm_fez,multiple,512,1.0,0.9666666666666667,0.4630859375,0.07994653462633645,0.06783854166666667,0.22347195704611417,1.0,1.0,0.0,0.0,0.0,0.36666666666666664,0.16666666666666666,0.0,0.6666666666666666
175,GROVER,SYM-2,ibm_fez,multiple,64,0.7333333333333333,0.43333333333333335,0.1601736111111111,0.09487221362896524,0.0390625,0.7809826964046807,1.0,0.7666666666666667,0.13333333333333333,0.0,0.0,0.03333333333333333,0.0,0.03333333333333333,0.26666666666666666
175,GROVER,SYM-2,ibm_fez,multiple,128,0.7666666666666667,0.6333333333333333,0.16372767857142856,0.08347637699546366,0.030989583333333334,0.6977971662845884,1.0,0.9666666666666667,0.06666666666666667,0.0,0.0,0.0,0.0,0.0,0.2
175,GROVER,SYM-2,ibm_fez,multiple,256,0.9666666666666667,0.8,0.17196180555555557,0.08040121495789813,0.028255208333333334,0.5815316386075006,1.0,0.9666666666666667,0.06666666666666667,0.0,0.0,0.0,0.0,0.0,0.2
175,GROVER,SYM-2,ibm_fez,multiple,512,1.0,0.8,0.17740885416666666,0.058902643080901075,0.020442708333333334,0.5301986432372958,1.0,0.9666666666666667,0.0,0.0,0.0,0.0,0.0,0.0,0.0
176,GROVER,SYM-2,ibm_fez,multiple,64,1.0,0.5333333333333333,0.4464236111111111,0.10716350593914828,0.096875,0.5698635771376495,1.0,0.9666666666666667,0.2,0.0,0.0,0.06666666666666667,0.0,0.06666666666666667,0.6333333333333333
176,GROVER,SYM-2,ibm_fez,multiple,128,1.0,0.43333333333333335,0.44468005952380957,0.0745579566740779,0.06770833333333333,0.545941974733758,1.0,0.9666666666666667,0.03333333333333333,0.0,0.0,0.06666666666666667,0.0,0.03333333333333333,0.5333333333333333
176,GROVER,SYM-2,ibm_fez,multiple,256,1.0,0.3333333333333333,0.44375,0.06014058228054139,0.05390625,0.47352350785770647,1.0,0.9666666666666667,0.03333333333333333,0.0,0.0,0.06666666666666667,0.03333333333333333,0.03333333333333333,0.4666666666666667
176,GROVER,SYM-2,ibm_fez,multiple,512,1.0,0.5333333333333333,0.44583333333333336,0.03260955302281222,0.029361979166666666,0.5531844987152977,1.0,1.0,0.0,0.0,0.0,0.0,0.0,0.0,0.13333333333333333
177,GROVER,SYM-2,ibm_fez,multiple,64,1.0,0.23333333333333334,0.4376041666666667,0.0830537064012843,0.07291666666666667,0.6544206569877503,1.0,0.9666666666666667,0.03333333333333333,0.0,0.0,0.0,0.0,0.0,0.5333333333333333
177,GROVER,SYM-2,ibm_fez,multiple,128,1.0,0.36666666666666664,0.43839285714285714,0.0739950896195265,0.06588541666666667,0.5333518944026743,1.0,0.9666666666666667,0.0,0.0,0.0,0.0,0.0,0.0,0.6
177,GROVER,SYM-2,ibm_fez,multiple,256,1.0,0.3,0.4361979166666667,0.043713729777269617,0.038671875,0.5969207954462055,1.0,0.9666666666666667,0.0,0.0,0.0,0.0,0.0,0.0,0.36666666666666664
177,GROVER,SYM-2,ibm_fez,multiple,512,1.0,0.5,0.43704427083333336,0.030245046744649066,0.026822916666666665,0.6076720450863013,1.0,1.0,0.0,0.0,0.0,0.03333333333333333,0.0,0.0,0.13333333333333333
178,GROVER,SYM-2,ibm_fez,multiple,64,1.0,0.6666666666666666,0.45663194444444444,0.07581289075710293,0.06875,0.7134884780732001,1.0,0.9333333333333333,0.1,0.0,0.0,0.03333333333333333,0.0,0.03333333333333333,0.43333333333333335
178,GROVER,SYM-2,ibm_fez,multiple,128,1.0,0.6666666666666666,0.4552455357142857,0.07034708805286158,0.06328125,0.5686685450970671,1.0,1.0,0.0,0.0,0.0,0.0,0.0,0.0,0.43333333333333335
178,GROVER,SYM-2,ibm_fez,multiple,256,1.0,0.7666666666666667,0.4607204861111111,0.0472959579485964,0.042578125,0.572129033843329,1.0,1.0,0.0,0.0,0.0,0.03333333333333333,0.0,0.0,0.26666666666666666
178,GROVER,SYM-2,ibm_fez,multiple,512,1.0,0.7666666666666667,0.4588541666666667,0.05679630547633766,0.05123697916666667,0.3563910751662361,1.0,0.9666666666666667,0.0,0.0,0.0,0.2,0.03333333333333333,0.0,0.5333333333333333
179,GROVER,SYM-2,ibm_fez,multiple,64,1.0,0.6,0.4190972222222222,0.1321239953345448,0.11041666666666666,0.49661183045403784,1.0,1.0,0.3,0.0,0.0,0.03333333333333333,0.0,0.03333333333333333,0.6666666666666666
179,GROVER,SYM-2,ibm_fez,multiple,128,1.0,0.6,0.4186383928571429,0.07745078690933654,0.06432291666666666,0.5641918820041599,1.0,0.9666666666666667,0.03333333333333333,0.0,0.0,0.03333333333333333,0.03333333333333333,0.03333333333333333,0.5333333333333333
179,GROVER,SYM-2,ibm_fez,multiple,256,1.0,0.9333333333333333,0.43385416666666665,0.05918434290204291,0.04921875,0.4770011180256371,1.0,0.9666666666666667,0.0,0.0,0.0,0.0,0.0,0.0,0.4666666666666667
179,GROVER,SYM-2,ibm_fez,multiple,512,1.0,0.8,0.428515625,0.04458511876716458,0.037434895833333336,0.4647378018642584,1.0,1.0,0.0,0.0,0.0,0.06666666666666667,0.03333333333333333,0.0,0.2
180,GROVER,SYM-2,ibm_fez,multiple,64,1.0,0.7666666666666667,0.42409722222222224,0.13521272887599392,0.1125,0.48749041907751717,1.0,1.0,0.23333333333333334,0.0,0.0,0.06666666666666667,0.03333333333333333,0.06666666666666667,0.7333333333333333
180,GROVER,SYM-2,ibm_fez,multiple,128,1.0,0.7333333333333333,0.4200892857142857,0.09188896881737695,0.07890625,0.48023258759040305,1.0,0.9,0.13333333333333333,0.0,0.0,0.13333333333333333,0.0,0.13333333333333333,0.6333333333333333
180,GROVER,SYM-2,ibm_fez,multiple,256,1.0,0.6333333333333333,0.41727430555555556,0.06291551737627232,0.05234375,0.5259455341398724,1.0,0.9666666666666667,0.03333333333333333,0.0,0.0,0.06666666666666667,0.03333333333333333,0.03333333333333333,0.4
180,GROVER,SYM-2,ibm_fez,multiple,512,1.0,0.8333333333333334,0.4293619791666667,0.051994431360564836,0.04303385416666667,0.38320875155079676,1.0,0.9666666666666667,0.0,0.0,0.0,0.06666666666666667,0.0,0.0,0.4
181,GROVER,ASYM-1,Ankaa-3,multiple,64,0.0,0.7333333333333333,0.2970833333333333,0.17804243725397312,0.10104166666666667,0.49890945944869336,1.0,0.9,0.4666666666666667,0.0,0.0,0.2,0.03333333333333333,0.2,0.5333333333333333
181,GROVER,ASYM-1,Ankaa-3,multiple,128,0.0,0.9333333333333333,0.32250744047619045,0.1918007227435083,0.10572916666666667,0.25898372915620144,1.0,1.0,0.43333333333333335,0.0,0.0,0.3,0.1,0.3,0.8
181,GROVER,ASYM-1,Ankaa-3,multiple,256,0.0,1.0,0.32881944444444444,0.1887594312311894,0.10625,0.10104635690254944,1.0,1.0,0.4666666666666667,0.0,0.0,0.6333333333333333,0.3333333333333333,0.4666666666666667,0.9333333333333333
181,GROVER,ASYM-1,Ankaa-3,multiple,512,0.0,1.0,0.3311848958333333,0.1823788766744799,0.10149739583333334,0.006297488852623546,1.0,1.0,0.3333333333333333,0.0,0.0,1.0,0.7666666666666667,0.3333333333333333,1.0
182,GROVER,ASYM-1,Ankaa-3,multiple,64,0.13333333333333333,0.36666666666666664,0.14319444444444446,0.09655783576373282,0.0390625,0.7717961477736632,1.0,0.8,0.13333333333333333,0.0,0.0,0.0,0.0,0.0,0.26666666666666666
182,GROVER,ASYM-1,Ankaa-3,multiple,128,0.16666666666666666,0.5666666666666667,0.15375744047619047,0.0678683653218571,0.023697916666666666,0.7602747118381875,1.0,0.8333333333333334,0.03333333333333333,0.0,0.0,0.0,0.0,0.0,0.1
182,GROVER,ASYM-1,Ankaa-3,multiple,256,0.03333333333333333,0.8,0.16263020833333333,0.07902068286487948,0.027473958333333333,0.5754426177292982,1.0,0.9666666666666667,0.03333333333333333,0.0,0.0,0.0,0.0,0.0,0.2
182,GROVER,ASYM-1,Ankaa-3,multiple,512,0.0,0.9333333333333333,0.169140625,0.08695034944567974,0.028515625,0.38204390841563585,1.0,1.0,0.0,0.0,0.0,0.16666666666666666,0.0,0.0,0.16666666666666666
183,GROVER,ASYM-1,Ankaa-3,multiple,64,0.23333333333333334,0.5666666666666667,0.1654861111111111,0.08839160456377507,0.033854166666666664,0.7988649170380085,1.0,0.8,0.03333333333333333,0.0,0.0,0.0,0.0,0.0,0.16666666666666666
183,GROVER,ASYM-1,Ankaa-3,multiple,128,0.03333333333333333,0.8333333333333334,0.18917410714285715,0.13155470479114165,0.04895833333333333,0.49575504969267603,1.0,1.0,0.16666666666666666,0.0,0.0,0.0,0.0,0.0,0.4666666666666667
183,GROVER,ASYM-1,Ankaa-3,multiple,256,0.0,0.9333333333333333,0.19756944444444444,0.12720137156005493,0.045572916666666664,0.35551863927326743,1.0,1.0,0.2,0.0,0.0,0.13333333333333333,0.03333333333333333,0.13333333333333333,0.36666666666666664
183,GROVER,ASYM-1,Ankaa-3,multiple,512,0.0,1.0,0.20325520833333333,0.15346494202423486,0.05358072916666667,0.0797142777852672,1.0,1.0,0.13333333333333333,0.0,0.0,0.5,0.13333333333333333,0.13333333333333333,0.6
184,GROVER,ASYM-1,Ankaa-3,multiple,64,0.23333333333333334,0.16666666666666666,0.1434722222222222,0.0805463613514588,0.030729166666666665,0.8121618842085202,1.0,0.7333333333333333,0.03333333333333333,0.0,0.0,0.0,0.0,0.0,0.26666666666666666
184,GROVER,ASYM-1,Ankaa-3,multiple,128,0.06666666666666667,0.5333333333333333,0.15874255952380953,0.09244380141243307,0.033854166666666664,0.6466171814521904,1.0,0.9,0.06666666666666667,0.0,0.0,0.0,0.0,0.0,0.26666666666666666
184,GROVER,ASYM-1,Ankaa-3,multiple,256,0.0,0.8,0.17864583333333334,0.07915342299392919,0.028385416666666666,0.5710008872505467,1.0,0.9666666666666667,0.03333333333333333,0.0,0.0,0.03333333333333333,0.0,0.03333333333333333,0.16666666666666666
184,GROVER,ASYM-1,Ankaa-3,multiple,512,0.0,0.8333333333333334,0.1828125,0.0751333440853701,0.026302083333333334,0.4138742218927918,1.0,0.9666666666666667,0.0,0.0,0.0,0.06666666666666667,0.0,0.0,0.1
185,GROVER,ASYM-1,Ankaa-3,multiple,64,0.0,0.7,0.22149305555555554,0.1246982269642633,0.05572916666666667,0.664338468046238,1.0,0.9333333333333333,0.2,0.0,0.0,0.0,0.0,0.0,0.4666666666666667
185,GROVER,ASYM-1,Ankaa-3,multiple,128,0.0,0.7333333333333333,0.22626488095238095,0.10554416992253152,0.04765625,0.5897471643130168,1.0,0.9333333333333333,0.1,0.0,0.0,0.06666666666666667,0.03333333333333333,0.06666666666666667,0.43333333333333335
185,GROVER,ASYM-1,Ankaa-3,multiple,256,0.0,0.9,0.23272569444444444,0.10217752637491098,0.046484375,0.4552949266141581,1.0,1.0,0.1,0.0,0.0,0.16666666666666666,0.1,0.1,0.43333333333333335
185,GROVER,ASYM-1,Ankaa-3,multiple,512,0.0,1.0,0.2369140625,0.12279096290530117,0.054036458333333336,0.1272085464617395,1.0,1.0,0.03333333333333333,0.0,0.0,0.4,0.13333333333333333,0.03333333333333333,0.5666666666666667
186,GROVER,ASYM-1,Ankaa-3,multiple,64,0.03333333333333333,0.9666666666666667,0.3505902777777778,0.30571241015832673,0.178125,0.18811070894438064,1.0,0.9666666666666667,0.8,0.03333333333333333,0.0,0.4666666666666667,0.16666666666666666,0.4666666666666667,0.9333333333333333
186,GROVER,ASYM-1,Ankaa-3,multiple,128,0.0,1.0,0.3600818452380953,0.30690840558402344,0.16822916666666668,0.05438796873527929,1.0,1.0,0.8666666666666667,0.03333333333333333,0.0,0.7,0.43333333333333335,0.7,1.0
186,GROVER,ASYM-1,Ankaa-3,multiple,256,0.0,1.0,0.35842013888888885,0.3344589829899866,0.18177083333333333,0.0012821918356399264,1.0,1.0,1.0,0.03333333333333333,0.0,1.0,0.9666666666666667,1.0,1.0
186,GROVER,ASYM-1,Ankaa-3,multiple,512,0.0,1.0,0.351953125,0.35998018086227895,0.19420572916666667,1.4622211305085677e-07,1.0,1.0,1.0,0.0,0.0,1.0,1.0,1.0,1.0
187,GROVER,ASYM-2,Ankaa-3,multiple,64,0.03333333333333333,0.8666666666666667,0.22621527777777778,0.1238083436501808,0.05520833333333333,0.6609905673579003,1.0,0.8333333333333334,0.3,0.0,0.0,0.0,0.0,0.0,0.43333333333333335
187,GROVER,ASYM-2,Ankaa-3,multiple,128,0.0,0.7666666666666667,0.22898065476190477,0.13039507585648633,0.058333333333333334,0.477486127598499,1.0,0.9,0.26666666666666666,0.0,0.0,0.06666666666666667,0.0,0.06666666666666667,0.5666666666666667
187,GROVER,ASYM-2,Ankaa-3,multiple,256,0.0,0.9,0.23428819444444443,0.10405399401935098,0.046484375,0.3909554546809141,1.0,1.0,0.06666666666666667,0.0,0.0,0.1,0.0,0.06666666666666667,0.43333333333333335
187,GROVER,ASYM-2,Ankaa-3,multiple,512,0.0,1.0,0.2400390625,0.091471650664944,0.040625,0.25285851156390654,1.0,1.0,0.0,0.0,0.0,0.1,0.0,0.0,0.26666666666666666
188,GROVER,ASYM-2,Ankaa-3,multiple,64,0.9666666666666667,0.9333333333333333,0.27260416666666665,0.21474261715654658,0.10625,0.40321019098628313,1.0,1.0,0.5333333333333333,0.0,0.0,0.1,0.03333333333333333,0.1,0.7333333333333333
188,GROVER,ASYM-2,Ankaa-3,multiple,128,1.0,0.9333333333333333,0.27332589285714287,0.23348461977053928,0.11171875,0.22210291873260546,1.0,0.9666666666666667,0.6666666666666666,0.0,0.0,0.4666666666666667,0.2,0.4666666666666667,0.8
188,GROVER,ASYM-2,Ankaa-3,multiple,256,1.0,1.0,0.28229166666666666,0.1913045566393195,0.09075520833333334,0.10695937273467893,1.0,1.0,0.4666666666666667,0.0,0.0,0.5333333333333333,0.2,0.4666666666666667,0.8666666666666667
188,GROVER,ASYM-2,Ankaa-3,multiple,512,1.0,1.0,0.2791015625,0.2096675634937751,0.09895833333333333,0.012816562803124721,1.0,1.0,0.6333333333333333,0.0,0.0,0.9,0.8666666666666667,0.6333333333333333,0.9666666666666667
189,GROVER,ASYM-2,Ankaa-3,multiple,64,1.0,0.9666666666666667,0.26513888888888887,0.2219333013692401,0.10416666666666667,0.3734282326535322,1.0,1.0,0.6333333333333333,0.0,0.0,0.06666666666666667,0.0,0.06666666666666667,0.8
189,GROVER,ASYM-2,Ankaa-3,multiple,128,1.0,0.9666666666666667,0.2658110119047619,0.20984748471902617,0.09479166666666666,0.24237896526394048,1.0,1.0,0.5,0.0,0.0,0.3,0.1,0.3,0.8333333333333334
189,GROVER,ASYM-2,Ankaa-3,multiple,256,1.0,1.0,0.26861979166666666,0.21596040302659342,0.096875,0.08200272506494646,1.0,1.0,0.5333333333333333,0.0,0.0,0.7,0.36666666666666664,0.5333333333333333,0.9333333333333333
189,GROVER,ASYM-2,Ankaa-3,multiple,512,1.0,1.0,0.27102864583333336,0.21791813115929018,0.09583333333333334,0.00661315918836002,1.0,1.0,0.6666666666666666,0.0,0.0,1.0,0.8,0.6666666666666666,1.0
190,GROVER,ASYM-2,Ankaa-3,multiple,64,0.5666666666666667,0.5333333333333333,0.18145833333333333,0.09946305697900062,0.0421875,0.7377133974650254,1.0,0.8333333333333334,0.1,0.0,0.0,0.0,0.0,0.0,0.3333333333333333
190,GROVER,ASYM-2,Ankaa-3,multiple,128,0.8333333333333334,0.8333333333333334,0.20204613095238097,0.11846755296956282,0.04765625,0.5369171143191408,1.0,0.9,0.2,0.0,0.0,0.03333333333333333,0.0,0.03333333333333333,0.36666666666666664
190,GROVER,ASYM-2,Ankaa-3,multiple,256,1.0,1.0,0.21323784722222222,0.10485859324438838,0.04153645833333333,0.41785365886398207,1.0,0.9333333333333333,0.1,0.0,0.0,0.06666666666666667,0.0,0.06666666666666667,0.3333333333333333
190,GROVER,ASYM-2,Ankaa-3,multiple,512,1.0,1.0,0.21888020833333333,0.10851447445438753,0.04095052083333333,0.22890331651065757,1.0,1.0,0.03333333333333333,0.0,0.0,0.23333333333333334,0.03333333333333333,0.03333333333333333,0.26666666666666666
191,GROVER,ASYM-2,Ankaa-3,multiple,64,0.3,0.13333333333333333,0.15711805555555555,0.0865450223039493,0.035416666666666666,0.8074727070362617,1.0,0.9,0.13333333333333333,0.0,0.0,0.0,0.0,0.0,0.16666666666666666
191,GROVER,ASYM-2,Ankaa-3,multiple,128,0.3333333333333333,0.16666666666666666,0.1520089285714286,0.06678575176154222,0.025520833333333333,0.7634607754191525,1.0,0.9,0.1,0.0,0.0,0.0,0.0,0.0,0.1
191,GROVER,ASYM-2,Ankaa-3,multiple,256,0.5666666666666667,0.1,0.159765625,0.058848732227263355,0.020833333333333332,0.6692846601061306,1.0,0.9333333333333333,0.0,0.0,0.0,0.0,0.0,0.0,0.03333333333333333
191,GROVER,ASYM-2,Ankaa-3,multiple,512,0.3333333333333333,0.1,0.1638671875,0.03919976709620638,0.0134765625,0.6796458377916843,1.0,0.9333333333333333,0.0,0.0,0.0,0.0,0.0,0.0,0.0
192,GROVER,H3-0,Ankaa-3,singleton,64,0.0,1.0,0.30368055555555556,0.2811184641123415,0.13645833333333332,0.26771320176388447,1.0,1.0,0.7333333333333333,0.03333333333333333,0.0,0.23333333333333334,0.06666666666666667,0.23333333333333334,0.9
192,GROVER,H3-0,Ankaa-3,singleton,128,0.0,1.0,0.302827380952381,0.33694360677583596,0.15729166666666666,0.04739569541989281,1.0,1.0,0.9,0.0,0.0,0.8666666666666667,0.4666666666666667,0.8666666666666667,0.9666666666666667
192,GROVER,H3-0,Ankaa-3,singleton,256,0.0,1.0,0.30564236111111115,0.3257897305313723,0.14674479166666668,0.004546685226886672,1.0,1.0,1.0,0.0,0.0,1.0,0.8333333333333334,1.0,1.0
192,GROVER,H3-0,Ankaa-3,singleton,512,0.0,1.0,0.30149739583333335,0.36515763471882123,0.16373697916666666,7.067200814838439e-07,1.0,1.0,1.0,0.0,0.0,1.0,1.0,1.0,1.0
193,GROVER,H3-0,Ankaa-3,singleton,64,0.43333333333333335,0.1,0.21135416666666668,0.13847091282622045,0.06041666666666667,0.6178635001027336,1.0,0.9333333333333333,0.3,0.0,0.0,0.0,0.0,0.0,0.5333333333333333
193,GROVER,H3-0,Ankaa-3,singleton,128,0.6666666666666666,0.03333333333333333,0.21692708333333333,0.09079961004410995,0.040625,0.6275239685946994,1.0,0.9,0.06666666666666667,0.0,0.0,0.03333333333333333,0.0,0.03333333333333333,0.3
193,GROVER,H3-0,Ankaa-3,singleton,256,0.4,0.13333333333333333,0.21710069444444444,0.04716649554859319,0.020703125,0.7114015216869747,1.0,0.9333333333333333,0.0,0.0,0.0,0.0,0.0,0.0,0.06666666666666667
193,GROVER,H3-0,Ankaa-3,singleton,512,0.4,0.0,0.20768229166666666,0.0438610574059426,0.0197265625,0.5779958627025642,1.0,0.9666666666666667,0.0,0.0,0.0,0.0,0.0,0.0,0.0
194,GROVER,H3-0,Ankaa-3,singleton,64,0.0,0.6,0.1819097222222222,0.0947878327237841,0.03854166666666667,0.7628702994746467,1.0,0.8333333333333334,0.13333333333333333,0.0,0.0,0.0,0.0,0.0,0.26666666666666666
194,GROVER,H3-0,Ankaa-3,singleton,128,0.0,0.7666666666666667,0.19029017857142855,0.07613951196711989,0.029947916666666668,0.6979612680384278,1.0,0.8333333333333334,0.03333333333333333,0.0,0.0,0.0,0.0,0.0,0.2
194,GROVER,H3-0,Ankaa-3,singleton,256,0.0,0.9333333333333333,0.19917534722222224,0.1018056085972668,0.038411458333333336,0.45725758721472026,1.0,1.0,0.1,0.0,0.0,0.06666666666666667,0.0,0.06666666666666667,0.3333333333333333
194,GROVER,H3-0,Ankaa-3,singleton,512,0.0,1.0,0.2033203125,0.11222451415518085,0.04186197916666667,0.20392079855846654,1.0,1.0,0.0,0.0,0.0,0.16666666666666666,0.0,0.0,0.4
195,GROVER,H3-2,Ankaa-3,singleton,64,0.1,0.6666666666666666,0.18899305555555557,0.1449122032138387,0.0609375,0.6161843813800564,1.0,0.9,0.3333333333333333,0.0,0.0,0.0,0.0,0.0,0.43333333333333335
195,GROVER,H3-2,Ankaa-3,singleton,128,0.1,0.9,0.21436011904761904,0.12726961576538434,0.05234375,0.50752060283651,1.0,0.9333333333333333,0.2,0.0,0.0,0.03333333333333333,0.0,0.03333333333333333,0.4666666666666667
195,GROVER,H3-2,Ankaa-3,singleton,256,0.06666666666666667,0.8666666666666667,0.21080729166666667,0.09897667764173024,0.04088541666666667,0.4636780575321814,1.0,0.9333333333333333,0.1,0.0,0.0,0.13333333333333333,0.03333333333333333,0.1,0.36666666666666664
195,GROVER,H3-2,Ankaa-3,singleton,512,0.0,1.0,0.2181640625,0.141324181345149,0.05579427083333333,0.0868136962745407,1.0,1.0,0.03333333333333333,0.0,0.0,0.5,0.1,0.03333333333333333,0.6666666666666666
196,GROVER,H3-2,Ankaa-3,singleton,64,0.03333333333333333,0.3333333333333333,0.14138888888888887,0.07298097744716371,0.028125,0.8663569743745029,1.0,0.8333333333333334,0.03333333333333333,0.0,0.0,0.0,0.0,0.0,0.13333333333333333
196,GROVER,H3-2,Ankaa-3,singleton,128,0.0,0.3,0.1505580357142857,0.06455221157447556,0.022916666666666665,0.7887719369123346,1.0,0.9666666666666667,0.03333333333333333,0.0,0.0,0.0,0.0,0.0,0.03333333333333333
196,GROVER,H3-2,Ankaa-3,singleton,256,0.0,0.26666666666666666,0.14895833333333333,0.05557870516777472,0.018619791666666666,0.6951408066196382,1.0,0.9,0.0,0.0,0.0,0.0,0.0,0.0,0.0
196,GROVER,H3-2,Ankaa-3,singleton,512,0.0,0.5,0.15553385416666668,0.04050869330717784,0.013346354166666666,0.6660607350540564,1.0,1.0,0.0,0.0,0.0,0.0,0.0,0.0,0.0
197,GROVER,H3-2,Ankaa-3,singleton,64,0.0,0.6,0.2834027777777778,0.12265750673386441,0.07291666666666667,0.6409997130112364,1.0,0.9666666666666667,0.23333333333333334,0.0,0.0,0.06666666666666667,0.03333333333333333,0.06666666666666667,0.4666666666666667
197,GROVER,H3-2,Ankaa-3,singleton,128,0.0,0.7333333333333333,0.28563988095238096,0.10348581811828424,0.058854166666666666,0.5116034946531605,1.0,1.0,0.1,0.0,0.0,0.03333333333333333,0.0,0.03333333333333333,0.5333333333333333
197,GROVER,H3-2,Ankaa-3,singleton,256,0.0,0.6333333333333333,0.28424479166666666,0.06597064364733368,0.037369791666666666,0.538051641115663,1.0,0.9666666666666667,0.0,0.0,0.0,0.06666666666666667,0.0,0.0,0.3
197,GROVER,H3-2,Ankaa-3,singleton,512,0.0,0.5666666666666667,0.2840494791666667,0.05499204891675677,0.0310546875,0.45889219413383525,1.0,1.0,0.0,0.0,0.0,0.03333333333333333,0.0,0.0,0.23333333333333334
198,GROVER,H3-2,Ankaa-3,singleton,64,0.0,0.5666666666666667,0.19229166666666667,0.1103381131431582,0.04739583333333333,0.7159726213353376,1.0,0.9,0.16666666666666666,0.0,0.0,0.0,0.0,0.0,0.43333333333333335
198,GROVER,H3-2,Ankaa-3,singleton,128,0.0,0.8333333333333334,0.2166294642857143,0.15377733525855286,0.06328125,0.4578033010163452,1.0,1.0,0.36666666666666664,0.0,0.0,0.13333333333333333,0.03333333333333333,0.13333333333333333,0.5666666666666667
198,GROVER,H3-2,Ankaa-3,singleton,256,0.0,0.9,0.22335069444444444,0.11957313210562348,0.04791666666666667,0.34654593737924755,1.0,1.0,0.1,0.0,0.0,0.13333333333333333,0.0,0.1,0.43333333333333335
198,GROVER,H3-2,Ankaa-3,singleton,512,0.0,1.0,0.231640625,0.13654642827561003,0.05475260416666667,0.10598750418050697,1.0,1.0,0.06666666666666667,0.0,0.0,0.43333333333333335,0.16666666666666666,0.06666666666666667,0.6666666666666666
199,GROVER,H3-3,Ankaa-3,singleton,64,0.06666666666666667,0.5666666666666667,0.17770833333333333,0.1412455509616244,0.0609375,0.6283198246421914,1.0,0.9333333333333333,0.3,0.0,0.0,0.0,0.0,0.0,0.5
199,GROVER,H3-3,Ankaa-3,singleton,128,0.0,0.6,0.18433779761904762,0.10596297794489105,0.043229166666666666,0.5983243930978823,1.0,0.8333333333333334,0.2,0.0,0.0,0.03333333333333333,0.0,0.03333333333333333,0.43333333333333335
199,GROVER,H3-3,Ankaa-3,singleton,256,0.0,0.9,0.1970486111111111,0.12276940472977636,0.047526041666666664,0.351726944910971,1.0,1.0,0.13333333333333333,0.0,0.0,0.13333333333333333,0.0,0.13333333333333333,0.5
199,GROVER,H3-3,Ankaa-3,singleton,512,0.0,0.9333333333333333,0.20338541666666668,0.10322558356755963,0.038802083333333334,0.24703315954300312,1.0,1.0,0.03333333333333333,0.0,0.0,0.1,0.06666666666666667,0.03333333333333333,0.3333333333333333
200,GROVER,H3-3,Ankaa-3,singleton,64,0.06666666666666667,0.3333333333333333,0.14291666666666666,0.11280270876162404,0.04375,0.7110858532910546,1.0,0.7666666666666667,0.2,0.0,0.0,0.0,0.0,0.0,0.4
200,GROVER,H3-3,Ankaa-3,singleton,128,0.03333333333333333,0.36666666666666664,0.14386160714285715,0.06112033089920975,0.020833333333333332,0.8010725306031223,1.0,0.8666666666666667,0.03333333333333333,0.0,0.0,0.0,0.0,0.0,0.03333333333333333
200,GROVER,H3-3,Ankaa-3,singleton,256,0.03333333333333333,0.3,0.14522569444444444,0.0642619904730178,0.02109375,0.67014255431947,1.0,0.9666666666666667,0.0,0.0,0.0,0.0,0.0,0.0,0.06666666666666667
200,GROVER,H3-3,Ankaa-3,singleton,512,0.0,0.3333333333333333,0.15305989583333332,0.04927223367348825,0.015625,0.6166796880098226,1.0,0.9,0.0,0.0,0.0,0.0,0.0,0.0,0.0
201,GROVER,H3-3,Ankaa-3,singleton,64,0.0,0.6333333333333333,0.18322916666666667,0.09702115091120588,0.04114583333333333,0.7642166468625268,1.0,0.8,0.13333333333333333,0.0,0.0,0.0,0.0,0.0,0.26666666666666666
201,GROVER,H3-3,Ankaa-3,singleton,128,0.0,0.7333333333333333,0.18891369047619047,0.10766886742021145,0.04401041666666667,0.603572003170571,1.0,0.8666666666666667,0.16666666666666666,0.0,0.0,0.06666666666666667,0.03333333333333333,0.06666666666666667,0.36666666666666664
201,GROVER,H3-3,Ankaa-3,singleton,256,0.0,0.8666666666666667,0.1967013888888889,0.11443025911215828,0.04309895833333333,0.41963967893247417,1.0,1.0,0.2,0.0,0.0,0.16666666666666666,0.03333333333333333,0.16666666666666666,0.4
201,GROVER,H3-3,Ankaa-3,singleton,512,0.0,0.9666666666666667,0.205859375,0.12204839310922369,0.04498697916666667,0.15690387418366197,1.0,1.0,0.03333333333333333,0.0,0.0,0.26666666666666666,0.06666666666666667,0.03333333333333333,0.3
202,GROVER,H3-3,Ankaa-3,singleton,64,0.7333333333333333,0.7333333333333333,0.18083333333333332,0.1554788118283951,0.0640625,0.5991428925966223,1.0,0.9666666666666667,0.36666666666666664,0.0,0.0,0.0,0.0,0.0,0.4666666666666667
202,GROVER,H3-3,Ankaa-3,singleton,128,0.7333333333333333,0.7333333333333333,0.1845982142857143,0.11206187710443455,0.042708333333333334,0.5881578979350146,1.0,0.7666666666666667,0.2,0.0,0.0,0.1,0.0,0.1,0.3333333333333333
202,GROVER,H3-3,Ankaa-3,singleton,256,0.9666666666666667,0.9666666666666667,0.19930555555555557,0.1361078079189863,0.05065104166666667,0.32386378740095295,1.0,1.0,0.23333333333333334,0.0,0.0,0.2,0.03333333333333333,0.2,0.5
202,GROVER,H3-3,Ankaa-3,singleton,512,1.0,1.0,0.20078125,0.1539703058484634,0.0548828125,0.0659824586703297,1.0,1.0,0.1,0.0,0.0,0.6,0.13333333333333333,0.1,0.6666666666666666
203,GROVER,H4-0,Ankaa-3,singleton,64,0.03333333333333333,0.4,0.08093750000000001,0.10397810451216023,0.0265625,0.8421408971150716,1.0,0.8333333333333334,0.2,0.0,0.0,0.0,0.0,0.0,0.1
203,GROVER,H4-0,Ankaa-3,singleton,128,0.0,0.5,0.0921875,0.09300410526224635,0.0203125,0.7713578037451952,1.0,0.9333333333333333,0.13333333333333333,0.0,0.0,0.0,0.0,0.0,0.06666666666666667
203,GROVER,H4-0,Ankaa-3,singleton,256,0.0,0.3333333333333333,0.09192708333333334,0.08755068901767256,0.018619791666666666,0.6452090418364747,1.0,0.9666666666666667,0.0,0.0,0.0,0.0,0.0,0.0,0.0
203,GROVER,H4-0,Ankaa-3,singleton,512,0.0,0.4666666666666667,0.09700520833333333,0.06101805398271176,0.012109375,0.6374235654096277,1.0,0.9666666666666667,0.0,0.0,0.0,0.0,0.0,0.0,0.0
204,GROVER,H4-4,Ankaa-3,singleton,64,0.23333333333333334,0.23333333333333334,0.08465277777777777,0.07624570475963664,0.01875,0.910519536336263,1.0,0.7333333333333333,0.06666666666666667,0.0,0.0,0.0,0.0,0.0,0.0
204,GROVER,H4-4,Ankaa-3,singleton,128,0.6666666666666666,0.6666666666666666,0.09929315476190476,0.09361001207104722,0.021875,0.746499931331103,1.0,0.8666666666666667,0.1,0.0,0.0,0.0,0.0,0.0,0.1
204,GROVER,H4-4,Ankaa-3,singleton,256,0.7666666666666667,0.7666666666666667,0.10503472222222222,0.09047466562772431,0.019401041666666667,0.6256431844961916,1.0,0.8666666666666667,0.03333333333333333,0.0,0.0,0.03333333333333333,0.0,0.03333333333333333,0.03333333333333333
204,GROVER,H4-4,Ankaa-3,singleton,512,0.8,0.7666666666666667,0.10533854166666666,0.07677214895100333,0.016080729166666665,0.5311287060929096,1.0,1.0,0.03333333333333333,0.0,0.0,0.03333333333333333,0.0,0.03333333333333333,0.0
205,GROVER,M3-1,Ankaa-3,singleton,64,0.0,1.0,0.31444444444444447,0.32634573048104426,0.15625,0.15240510879084468,1.0,1.0,0.9,0.03333333333333333,0.0,0.26666666666666666,0.03333333333333333,0.26666666666666666,1.0
205,GROVER,M3-1,Ankaa-3,singleton,128,0.0,1.0,0.31369047619047624,0.3855469700401032,0.17942708333333332,0.03369974723707639,1.0,1.0,0.9333333333333333,0.13333333333333333,0.0,0.9,0.6666666666666666,0.9,1.0
205,GROVER,M3-1,Ankaa-3,singleton,256,0.0,1.0,0.3166232638888889,0.3897742240394235,0.173046875,0.000891372778245797,1.0,1.0,1.0,0.0,0.0,1.0,0.9666666666666667,1.0,1.0
205,GROVER,M3-1,Ankaa-3,singleton,512,0.0,1.0,0.3158203125,0.42021604672956847,0.18541666666666667,2.1899587996928167e-08,1.0,1.0,1.0,0.03333333333333333,0.0,1.0,1.0,1.0,1.0
206,GROVER,M3-1,Ankaa-3,singleton,64,0.0,0.9,0.3219791666666667,0.21776392107061932,0.11979166666666667,0.3449272137188624,1.0,0.9666666666666667,0.4666666666666667,0.0,0.0,0.1,0.03333333333333333,0.1,0.8666666666666667
206,GROVER,M3-1,Ankaa-3,singleton,128,0.0,0.9666666666666667,0.3305059523809524,0.22032687780002244,0.12057291666666667,0.194876500922922,1.0,0.9333333333333333,0.7,0.0,0.0,0.4,0.2,0.4,0.8666666666666667
206,GROVER,M3-1,Ankaa-3,singleton,256,0.0,1.0,0.3365017361111111,0.20762106808364714,0.11354166666666667,0.07354731956902921,1.0,1.0,0.5666666666666667,0.0,0.0,0.7666666666666667,0.43333333333333335,0.5666666666666667,0.9333333333333333
206,GROVER,M3-1,Ankaa-3,singleton,512,0.0,1.0,0.33548177083333336,0.22959917179566364,0.125,0.0011971217594447631,1.0,1.0,0.7666666666666667,0.0,0.0,1.0,0.9666666666666667,0.7666666666666667,1.0
207,GROVER,M3-1,Ankaa-3,singleton,64,0.03333333333333333,0.23333333333333334,0.155,0.08636134182510995,0.033854166666666664,0.8045210190117359,1.0,0.7666666666666667,0.1,0.0,0.0,0.0,0.0,0.0,0.23333333333333334
207,GROVER,M3-1,Ankaa-3,singleton,128,0.06666666666666667,0.3,0.16257440476190477,0.05457724021593371,0.019010416666666665,0.8211032410485266,1.0,0.8666666666666667,0.0,0.0,0.0,0.0,0.0,0.0,0.0
207,GROVER,M3-1,Ankaa-3,singleton,256,0.0,0.23333333333333334,0.1619357638888889,0.059522390535642296,0.02109375,0.6982275928658843,1.0,0.9666666666666667,0.06666666666666667,0.0,0.0,0.03333333333333333,0.0,0.03333333333333333,0.1
207,GROVER,M3-1,Ankaa-3,singleton,512,0.0,0.13333333333333333,0.16002604166666667,0.04488564854008755,0.015559895833333334,0.6233322854202806,1.0,0.9,0.0,0.0,0.0,0.0,0.0,0.0,0.0
208,GROVER,M3-1,Ankaa-3,singleton,64,0.0,0.8666666666666667,0.2138888888888889,0.15249074203703342,0.06354166666666666,0.5918788524965445,1.0,0.8666666666666667,0.3333333333333333,0.0,0.0,0.03333333333333333,0.0,0.03333333333333333,0.5
208,GROVER,M3-1,Ankaa-3,singleton,128,0.0,0.9333333333333333,0.21908482142857144,0.20463489378552183,0.0828125,0.241683273043895,1.0,1.0,0.5,0.0,0.0,0.1,0.0,0.1,0.8666666666666667
208,GROVER,M3-1,Ankaa-3,singleton,256,0.0,1.0,0.22777777777777777,0.19862920129235265,0.07682291666666667,0.11414702054441649,1.0,1.0,0.6,0.0,0.0,0.4666666666666667,0.16666666666666666,0.4666666666666667,0.8333333333333334
208,GROVER,M3-1,Ankaa-3,singleton,512,0.0,1.0,0.22903645833333333,0.22586935349987203,0.08424479166666667,0.00846582298434132,1.0,1.0,0.7666666666666667,0.0,0.0,0.9666666666666667,0.8,0.7666666666666667,0.9666666666666667
209,GROVER,M3-2,Ankaa-3,multiple,64,0.1,0.43333333333333335,0.14538194444444444,0.10761702816775282,0.040625,0.7464841010669867,1.0,0.8333333333333334,0.16666666666666666,0.0,0.0,0.0,0.0,0.0,0.36666666666666664
209,GROVER,M3-2,Ankaa-3,multiple,128,0.0,0.5,0.1509672619047619,0.06455995783519929,0.022135416666666668,0.7834933485493366,1.0,0.8666666666666667,0.03333333333333333,0.0,0.0,0.0,0.0,0.0,0.13333333333333333
209,GROVER,M3-2,Ankaa-3,multiple,256,0.0,0.5333333333333333,0.14908854166666666,0.05363758265146539,0.01796875,0.7169876826955411,1.0,0.9,0.0,0.0,0.0,0.0,0.0,0.0,0.06666666666666667
209,GROVER,M3-2,Ankaa-3,multiple,512,0.0,0.7,0.16106770833333334,0.056173045717844775,0.0181640625,0.5639840508237964,1.0,1.0,0.0,0.0,0.0,0.0,0.0,0.0,0.0
210,GROVER,M3-2,Ankaa-3,multiple,64,0.26666666666666666,0.4666666666666667,0.15232638888888891,0.12215434592246187,0.04791666666666667,0.6855914983898401,1.0,0.7666666666666667,0.3,0.0,0.0,0.0,0.0,0.0,0.36666666666666664
210,GROVER,M3-2,Ankaa-3,multiple,128,0.2,0.5333333333333333,0.15684523809523812,0.07603494483843556,0.026822916666666665,0.7232570425139628,1.0,0.8333333333333334,0.03333333333333333,0.0,0.0,0.0,0.0,0.0,0.13333333333333333
210,GROVER,M3-2,Ankaa-3,multiple,256,0.16666666666666666,0.7666666666666667,0.17118055555555556,0.07758371019381974,0.026692708333333332,0.5901587882969324,1.0,0.9333333333333333,0.06666666666666667,0.0,0.0,0.03333333333333333,0.0,0.03333333333333333,0.13333333333333333
210,GROVER,M3-2,Ankaa-3,multiple,512,0.0,0.9666666666666667,0.18763020833333333,0.09778705119454137,0.032486979166666666,0.2993434379498219,1.0,1.0,0.03333333333333333,0.0,0.0,0.1,0.03333333333333333,0.03333333333333333,0.1
211,GROVER,M3-2,Ankaa-3,multiple,64,0.1,0.5666666666666667,0.18166666666666667,0.12967723633003495,0.05572916666666667,0.6871713807069075,1.0,0.9333333333333333,0.26666666666666666,0.0,0.0,0.03333333333333333,0.0,0.03333333333333333,0.3333333333333333
211,GROVER,M3-2,Ankaa-3,multiple,128,0.13333333333333333,0.6333333333333333,0.18776041666666668,0.09000320787924565,0.0359375,0.6635301286187747,1.0,0.9333333333333333,0.06666666666666667,0.0,0.0,0.03333333333333333,0.0,0.03333333333333333,0.23333333333333334
211,GROVER,M3-2,Ankaa-3,multiple,256,0.0,1.0,0.21549479166666666,0.1427615990914415,0.05455729166666667,0.2640180975512256,1.0,1.0,0.16666666666666666,0.0,0.0,0.13333333333333333,0.03333333333333333,0.13333333333333333,0.6
211,GROVER,M3-2,Ankaa-3,multiple,512,0.0,1.0,0.21575520833333334,0.16133118908543048,0.06015625,0.05486341216329733,1.0,1.0,0.26666666666666666,0.0,0.0,0.5333333333333333,0.26666666666666666,0.26666666666666666,0.7
212,GROVER,M3-2,Ankaa-3,multiple,64,0.23333333333333334,0.3,0.15913194444444445,0.11164199354054426,0.04375,0.7413234417637189,1.0,0.9333333333333333,0.2,0.0,0.0,0.0,0.0,0.0,0.3333333333333333
212,GROVER,M3-2,Ankaa-3,multiple,128,0.13333333333333333,0.4666666666666667,0.16610863095238096,0.0762882890985838,0.029166666666666667,0.7012866590071533,1.0,0.8,0.0,0.0,0.0,0.0,0.0,0.0,0.23333333333333334
212,GROVER,M3-2,Ankaa-3,multiple,256,0.03333333333333333,0.7,0.17860243055555555,0.0607585849926733,0.022526041666666666,0.6579850419496014,1.0,0.9666666666666667,0.0,0.0,0.0,0.0,0.0,0.0,0.06666666666666667
212,GROVER,M3-2,Ankaa-3,multiple,512,0.0,0.8666666666666667,0.18391927083333334,0.054362023323824074,0.019791666666666666,0.5434213330190893,1.0,0.9333333333333333,0.0,0.0,0.0,0.0,0.0,0.0,0.0
213,GROVER,M3-2,Ankaa-3,multiple,64,0.16666666666666666,0.4,0.1601736111111111,0.08762935021197825,0.0359375,0.7966675183076101,1.0,0.8666666666666667,0.13333333333333333,0.0,0.0,0.0,0.0,0.0,0.2
213,GROVER,M3-2,Ankaa-3,multiple,128,0.16666666666666666,0.3,0.15732886904761903,0.0740194626219223,0.028385416666666666,0.7161502940930881,1.0,0.8666666666666667,0.0,0.0,0.0,0.0,0.0,0.0,0.23333333333333334
213,GROVER,M3-2,Ankaa-3,multiple,256,0.03333333333333333,0.4666666666666667,0.16571180555555556,0.05678154199382767,0.020442708333333334,0.6904071611666001,1.0,0.9,0.03333333333333333,0.0,0.0,0.0,0.0,0.0,0.06666666666666667
213,GROVER,M3-2,Ankaa-3,multiple,512,0.0,0.4666666666666667,0.169140625,0.05103154256294275,0.0181640625,0.572311400555956,1.0,0.9,0.0,0.0,0.0,0.0,0.0,0.0,0.0
214,GROVER,M4-2,Ankaa-3,multiple,64,0.16666666666666666,0.1,0.0761111111111111,0.08470355753637487,0.021354166666666667,0.9086053212483723,1.0,0.8666666666666667,0.1,0.0,0.0,0.0,0.0,0.0,0.1
214,GROVER,M4-2,Ankaa-3,multiple,128,0.3333333333333333,0.2,0.07834821428571428,0.05305278837081626,0.01171875,0.8778735951054841,1.0,0.6333333333333333,0.0,0.0,0.0,0.0,0.0,0.0,0.0
214,GROVER,M4-2,Ankaa-3,multiple,256,0.36666666666666664,0.1,0.076953125,0.06420565876306318,0.013020833333333334,0.749387596118519,1.0,0.9,0.0,0.0,0.0,0.0,0.0,0.0,0.0
214,GROVER,M4-2,Ankaa-3,multiple,512,0.5666666666666667,0.06666666666666667,0.08209635416666666,0.038105172740822264,0.007161458333333333,0.7846004794382554,1.0,0.9,0.0,0.0,0.0,0.0,0.0,0.0,0.0
215,GROVER,M4-4,Ankaa-3,multiple,64,0.5666666666666667,0.5333333333333333,0.09440972222222221,0.10932067617052137,0.03125,0.8063200314839681,1.0,0.8333333333333334,0.23333333333333334,0.0,0.0,0.0,0.0,0.0,0.23333333333333334
215,GROVER,M4-4,Ankaa-3,multiple,128,0.43333333333333335,0.36666666666666664,0.09523809523809525,0.0975120432336825,0.02421875,0.7125188085756236,1.0,0.8666666666666667,0.06666666666666667,0.0,0.0,0.0,0.0,0.0,0.06666666666666667
215,GROVER,M4-4,Ankaa-3,multiple,256,0.5,0.36666666666666664,0.09904513888888888,0.07543924895525786,0.017578125,0.675035981999493,1.0,0.9666666666666667,0.0,0.0,0.0,0.0,0.0,0.0,0.03333333333333333
215,GROVER,M4-4,Ankaa-3,multiple,512,0.7666666666666667,0.5333333333333333,0.104296875,0.06607835499147569,0.0142578125,0.598618509649447,1.0,0.9333333333333333,0.0,0.0,0.0,0.0,0.0,0.0,0.0
216,GROVER,S2-00,Ankaa-3,singleton,64,1.0,1.0,0.9603819444444445,0.9342976617170166,0.9213541666666667,1.267099778689181e-13,1.0,1.0,1.0,1.0,1.0,1.0,1.0,1.0,1.0
216,GROVER,S2-00,Ankaa-3,singleton,128,1.0,1.0,0.9598958333333333,0.944049312384339,0.9328125,4.2434666719462867e-29,1.0,1.0,1.0,1.0,1.0,1.0,1.0,1.0,1.0
216,GROVER,S2-00,Ankaa-3,singleton,256,1.0,1.0,0.9609809027777777,0.9462039100757056,0.93046875,1.3680048367515965e-59,1.0,1.0,1.0,1.0,1.0,1.0,1.0,1.0,1.0
216,GROVER,S2-00,Ankaa-3,singleton,512,1.0,1.0,0.9615885416666666,0.9524952274407712,0.9350260416666667,9.3644807173553e-122,1.0,1.0,1.0,1.0,1.0,1.0,1.0,1.0,1.0
217,GROVER,S2-00,Ankaa-3,singleton,64,1.0,1.0,0.9439930555555556,0.9239183307731694,0.9119791666666667,6.499985517998315e-13,1.0,1.0,1.0,1.0,1.0,1.0,1.0,1.0,1.0
217,GROVER,S2-00,Ankaa-3,singleton,128,1.0,1.0,0.94375,0.9330117663887445,0.915625,3.863443423758079e-27,1.0,1.0,1.0,1.0,1.0,1.0,1.0,1.0,1.0
217,GROVER,S2-00,Ankaa-3,singleton,256,1.0,1.0,0.9441840277777778,0.9323445409340957,0.91171875,2.5365953571205425e-55,1.0,1.0,1.0,1.0,1.0,1.0,1.0,1.0,1.0
217,GROVER,S2-00,Ankaa-3,singleton,512,1.0,1.0,0.9436197916666667,0.9383037600510319,0.9149739583333333,1.9786738302017773e-118,1.0,1.0,1.0,1.0,1.0,1.0,1.0,1.0,1.0
218,GROVER,S2-00,Ankaa-3,singleton,64,1.0,1.0,0.9554166666666667,0.9238776636896018,0.9125,3.630014800033721e-13,1.0,1.0,1.0,1.0,1.0,1.0,1.0,1.0,1.0
218,GROVER,S2-00,Ankaa-3,singleton,128,1.0,1.0,0.9540922619047619,0.9441530230596176,0.934375,1.4642263716584644e-28,1.0,1.0,1.0,1.0,1.0,1.0,1.0,1.0,1.0
218,GROVER,S2-00,Ankaa-3,singleton,256,1.0,1.0,0.9552083333333333,0.9414603197758438,0.9259114583333333,4.2057583142423376e-58,1.0,1.0,1.0,1.0,1.0,1.0,1.0,1.0,1.0
218,GROVER,S2-00,Ankaa-3,singleton,512,1.0,1.0,0.9544270833333334,0.9397449719192329,0.9260416666666667,8.78233926599632e-118,1.0,1.0,1.0,1.0,1.0,1.0,1.0,1.0,1.0
219,GROVER,S2-00,Ankaa-3,singleton,64,1.0,1.0,0.9545138888888889,0.9245833350820791,0.9109375,2.899701890638854e-13,1.0,1.0,1.0,1.0,1.0,1.0,1.0,1.0,1.0
219,GROVER,S2-00,Ankaa-3,singleton,128,1.0,1.0,0.9543154761904762,0.9394747294086601,0.9229166666666667,3.384439235157055e-28,1.0,1.0,1.0,1.0,1.0,1.0,1.0,1.0,1.0
219,GROVER,S2-00,Ankaa-3,singleton,256,1.0,1.0,0.9536458333333333,0.9384682649394541,0.9251302083333334,1.5184540585366472e-56,1.0,1.0,1.0,1.0,1.0,1.0,1.0,1.0,1.0
219,GROVER,S2-00,Ankaa-3,singleton,512,1.0,1.0,0.9554036458333334,0.9412340807438964,0.9239583333333333,1.311884391502954e-117,1.0,1.0,1.0,1.0,1.0,1.0,1.0,1.0,1.0
220,GROVER,S2-10,Ankaa-3,singleton,64,1.0,1.0,0.9180555555555556,0.8762697759734515,0.85625,3.40706786857344e-11,1.0,1.0,1.0,1.0,0.9333333333333333,1.0,1.0,1.0,1.0
220,GROVER,S2-10,Ankaa-3,singleton,128,1.0,1.0,0.9187127976190476,0.874796192251241,0.8518229166666667,1.331295268549476e-22,1.0,1.0,1.0,1.0,1.0,1.0,1.0,1.0,1.0
220,GROVER,S2-10,Ankaa-3,singleton,256,1.0,1.0,0.9180555555555556,0.8792526909424961,0.8587239583333334,5.266272168595478e-48,1.0,1.0,1.0,1.0,1.0,1.0,1.0,1.0,1.0
220,GROVER,S2-10,Ankaa-3,singleton,512,1.0,1.0,0.9203125,0.8810974220025639,0.8577473958333334,3.8045666708148724e-95,1.0,1.0,1.0,1.0,1.0,1.0,1.0,1.0,1.0
221,GROVER,S2-10,Ankaa-3,singleton,64,1.0,1.0,0.9266319444444445,0.8879298941798942,0.8734375,3.3626525959707065e-11,1.0,1.0,1.0,1.0,0.9666666666666667,1.0,1.0,1.0,1.0
221,GROVER,S2-10,Ankaa-3,singleton,128,1.0,1.0,0.9267485119047619,0.8885694957772439,0.8721354166666667,1.4388087951359447e-23,1.0,1.0,1.0,1.0,1.0,1.0,1.0,1.0,1.0
221,GROVER,S2-10,Ankaa-3,singleton,256,1.0,1.0,0.925564236111111,0.8951829522372132,0.87890625,1.7441420637646066e-49,1.0,1.0,1.0,1.0,1.0,1.0,1.0,1.0,1.0
221,GROVER,S2-10,Ankaa-3,singleton,512,1.0,1.0,0.9268880208333333,0.8866605827872828,0.8709635416666667,3.82638208409445e-97,1.0,1.0,1.0,1.0,1.0,1.0,1.0,1.0,1.0
222,GROVER,S2-10,Ankaa-3,singleton,64,1.0,1.0,0.9326388888888889,0.9002360159793397,0.8833333333333333,5.755794198824988e-11,1.0,1.0,1.0,1.0,0.9666666666666667,1.0,1.0,1.0,1.0
222,GROVER,S2-10,Ankaa-3,singleton,128,1.0,1.0,0.9339657738095238,0.8936421174138666,0.8713541666666667,2.802536385800529e-22,1.0,1.0,1.0,1.0,0.9666666666666667,1.0,1.0,1.0,1.0
222,GROVER,S2-10,Ankaa-3,singleton,256,1.0,1.0,0.931814236111111,0.9184894712333734,0.8953125,1.5296116741361718e-52,1.0,1.0,1.0,1.0,1.0,1.0,1.0,1.0,1.0
222,GROVER,S2-10,Ankaa-3,singleton,512,1.0,1.0,0.9322916666666666,0.9115634014687813,0.8897786458333333,1.6747662780603895e-104,1.0,1.0,1.0,1.0,1.0,1.0,1.0,1.0,1.0
223,GROVER,S2-10,Ankaa-3,singleton,64,1.0,1.0,0.9208333333333333,0.8812296288601814,0.8635416666666667,1.2645303793879305e-10,1.0,1.0,1.0,1.0,0.9,1.0,1.0,1.0,1.0
223,GROVER,S2-10,Ankaa-3,singleton,128,1.0,1.0,0.9215401785714286,0.8728186670829341,0.8541666666666666,1.1809490392511503e-22,1.0,1.0,1.0,1.0,1.0,1.0,1.0,1.0,1.0
223,GROVER,S2-10,Ankaa-3,singleton,256,1.0,1.0,0.9221788194444444,0.8755663350547944,0.85625,4.3787923268067206e-45,1.0,1.0,1.0,1.0,1.0,1.0,1.0,1.0,1.0
223,GROVER,S2-10,Ankaa-3,singleton,512,1.0,1.0,0.92109375,0.881834577180488,0.862890625,1.977486927177787e-98,1.0,1.0,1.0,1.0,1.0,1.0,1.0,1.0,1.0
224,GROVER,S2-11,Ankaa-3,singleton,64,1.0,1.0,0.8952430555555556,0.8687321849337452,0.8364583333333333,4.6524968108409745e-11,1.0,1.0,1.0,1.0,0.9,1.0,1.0,1.0,1.0
224,GROVER,S2-11,Ankaa-3,singleton,128,1.0,1.0,0.89609375,0.8693929045284047,0.8291666666666667,1.0684087495678732e-22,1.0,1.0,1.0,1.0,1.0,1.0,1.0,1.0,1.0
224,GROVER,S2-11,Ankaa-3,singleton,256,1.0,1.0,0.8948784722222223,0.8784629042387772,0.8393229166666667,1.5788943329249784e-43,1.0,1.0,1.0,1.0,1.0,1.0,1.0,1.0,1.0
224,GROVER,S2-11,Ankaa-3,singleton,512,1.0,1.0,0.8950520833333333,0.8840230907926794,0.8408203125,7.57955035676594e-95,1.0,1.0,1.0,1.0,1.0,1.0,1.0,1.0,1.0
225,GROVER,S2-11,Ankaa-3,singleton,64,1.0,1.0,0.8775,0.8362142483454992,0.7916666666666666,1.832405160739166e-08,1.0,1.0,1.0,1.0,0.7666666666666667,1.0,1.0,1.0,1.0
225,GROVER,S2-11,Ankaa-3,singleton,128,1.0,1.0,0.8764880952380952,0.8626808301275584,0.8153645833333333,8.968097953417574e-20,1.0,1.0,1.0,1.0,0.9666666666666667,1.0,1.0,1.0,1.0
225,GROVER,S2-11,Ankaa-3,singleton,256,1.0,1.0,0.8772569444444444,0.8664023577441546,0.8134114583333333,9.018677947085385e-43,1.0,1.0,1.0,1.0,1.0,1.0,1.0,1.0,1.0
225,GROVER,S2-11,Ankaa-3,singleton,512,1.0,1.0,0.878125,0.8734007744036877,0.8166015625,2.1585244600442576e-91,1.0,1.0,1.0,1.0,1.0,1.0,1.0,1.0,1.0
226,GROVER,S2-11,Ankaa-3,singleton,64,1.0,1.0,0.8982986111111111,0.896192852555113,0.8661458333333333,1.1081513390647873e-11,1.0,1.0,1.0,1.0,0.9666666666666667,1.0,1.0,1.0,1.0
226,GROVER,S2-11,Ankaa-3,singleton,128,1.0,1.0,0.9008556547619048,0.8744637436273983,0.8299479166666667,5.779010593176702e-21,1.0,1.0,1.0,1.0,0.9666666666666667,1.0,1.0,1.0,1.0
226,GROVER,S2-11,Ankaa-3,singleton,256,1.0,1.0,0.8971788194444444,0.8981857093845687,0.8575520833333333,2.672676807534494e-46,1.0,1.0,1.0,1.0,1.0,1.0,1.0,1.0,1.0
226,GROVER,S2-11,Ankaa-3,singleton,512,1.0,1.0,0.8948567708333334,0.9024146223131434,0.8576171875,2.9775170858405255e-100,1.0,1.0,1.0,1.0,1.0,1.0,1.0,1.0,1.0
227,GROVER,S2-11,Ankaa-3,singleton,64,1.0,1.0,0.8982986111111111,0.8463600670683732,0.8114583333333333,2.347777463759804e-10,1.0,1.0,1.0,1.0,0.9,1.0,1.0,1.0,1.0
227,GROVER,S2-11,Ankaa-3,singleton,128,1.0,1.0,0.8976190476190475,0.872123094103207,0.83515625,6.27003647034489e-24,1.0,1.0,1.0,1.0,1.0,1.0,1.0,1.0,1.0
227,GROVER,S2-11,Ankaa-3,singleton,256,1.0,1.0,0.8979600694444444,0.8859252535386376,0.841796875,4.957875479175353e-46,1.0,1.0,1.0,1.0,1.0,1.0,1.0,1.0,1.0
227,GROVER,S2-11,Ankaa-3,singleton,512,1.0,1.0,0.8940104166666667,0.8935159381645441,0.8502604166666666,2.1613161514682486e-96,1.0,1.0,1.0,1.0,1.0,1.0,1.0,1.0,1.0
228,GROVER,S2-1,Ankaa-3,singleton,64,1.0,1.0,0.9093402777777778,0.8783472043850151,0.8625,2.7528166822877314e-11,1.0,1.0,1.0,1.0,0.8666666666666667,1.0,1.0,1.0,1.0
228,GROVER,S2-1,Ankaa-3,singleton,128,1.0,1.0,0.9100074404761905,0.8770071456916425,0.8515625,3.313048486238652e-23,1.0,1.0,1.0,1.0,1.0,1.0,1.0,1.0,1.0
228,GROVER,S2-1,Ankaa-3,singleton,256,1.0,1.0,0.9087239583333333,0.8865505807217995,0.8595052083333333,3.710744002185568e-43,1.0,1.0,1.0,1.0,1.0,1.0,1.0,1.0,1.0
228,GROVER,S2-1,Ankaa-3,singleton,512,1.0,1.0,0.9085286458333334,0.8754408336288975,0.8512369791666666,2.878106954822716e-93,1.0,1.0,1.0,1.0,1.0,1.0,1.0,1.0,1.0
229,GROVER,S2-1,Ankaa-3,singleton,64,1.0,1.0,0.9341319444444445,0.8794726097442914,0.8661458333333333,1.6553961243592993e-11,1.0,1.0,1.0,1.0,0.9,1.0,1.0,1.0,1.0
229,GROVER,S2-1,Ankaa-3,singleton,128,1.0,1.0,0.933891369047619,0.894562685072673,0.8796875,2.251412913624499e-24,1.0,1.0,1.0,1.0,1.0,1.0,1.0,1.0,1.0
229,GROVER,S2-1,Ankaa-3,singleton,256,1.0,1.0,0.9321180555555556,0.9053135535496136,0.89140625,3.088308568720771e-51,1.0,1.0,1.0,1.0,1.0,1.0,1.0,1.0,1.0
229,GROVER,S2-1,Ankaa-3,singleton,512,1.0,1.0,0.9337890625,0.8984608058991946,0.8834635416666666,8.769788458700302e-103,1.0,1.0,1.0,1.0,1.0,1.0,1.0,1.0,1.0
230,GROVER,S2-1,Ankaa-3,singleton,64,1.0,1.0,0.9319791666666667,0.8835817776490701,0.8692708333333333,5.623475553129022e-12,1.0,1.0,1.0,1.0,0.9666666666666667,1.0,1.0,1.0,1.0
230,GROVER,S2-1,Ankaa-3,singleton,128,1.0,1.0,0.932217261904762,0.895060495131413,0.8763020833333334,4.874241660643146e-22,1.0,1.0,1.0,1.0,0.9666666666666667,1.0,1.0,1.0,1.0
230,GROVER,S2-1,Ankaa-3,singleton,256,1.0,1.0,0.9307725694444444,0.9087062909607511,0.8895833333333333,5.940396608697738e-51,1.0,1.0,1.0,1.0,1.0,1.0,1.0,1.0,1.0
230,GROVER,S2-1,Ankaa-3,singleton,512,1.0,1.0,0.9328776041666667,0.9066082388151833,0.8848307291666667,6.817431888583247e-107,1.0,1.0,1.0,1.0,1.0,1.0,1.0,1.0,1.0
231,GROVER,S2-1,Ankaa-3,singleton,64,1.0,1.0,0.9273611111111111,0.8832517712364488,0.8609375,5.258242788668682e-12,1.0,1.0,1.0,1.0,1.0,1.0,1.0,1.0,1.0
231,GROVER,S2-1,Ankaa-3,singleton,128,1.0,1.0,0.9269345238095238,0.8893740625654858,0.8713541666666667,1.3556652411676488e-23,1.0,1.0,1.0,1.0,1.0,1.0,1.0,1.0,1.0
231,GROVER,S2-1,Ankaa-3,singleton,256,1.0,1.0,0.92734375,0.8900656610045509,0.8712239583333333,1.4465035573182106e-47,1.0,1.0,1.0,1.0,1.0,1.0,1.0,1.0,1.0
231,GROVER,S2-1,Ankaa-3,singleton,512,1.0,1.0,0.9282552083333333,0.8851283173466088,0.8688802083333333,8.710434673243996e-97,1.0,1.0,1.0,1.0,1.0,1.0,1.0,1.0,1.0
232,GROVER,S2-1,Ankaa-3,singleton,64,1.0,1.0,0.9319097222222222,0.8937524569878482,0.8755208333333333,8.949361925715086e-12,1.0,1.0,1.0,1.0,0.9666666666666667,1.0,1.0,1.0,1.0
232,GROVER,S2-1,Ankaa-3,singleton,128,1.0,1.0,0.9323660714285714,0.8920980208086369,0.8736979166666666,1.2786588137579343e-21,1.0,1.0,1.0,1.0,0.9666666666666667,1.0,1.0,1.0,1.0
232,GROVER,S2-1,Ankaa-3,singleton,256,1.0,1.0,0.930859375,0.9082174749737756,0.8890625,2.09486522262009e-52,1.0,1.0,1.0,1.0,1.0,1.0,1.0,1.0,1.0
232,GROVER,S2-1,Ankaa-3,singleton,512,1.0,1.0,0.9314453125,0.9043428786353798,0.8850260416666667,4.665457053875652e-103,1.0,1.0,1.0,1.0,1.0,1.0,1.0,1.0,1.0
233,GROVER,S2-1,Ankaa-3,singleton,64,1.0,1.0,0.9090277777777778,0.8635918906460287,0.8447916666666667,3.7142258076669837e-10,1.0,1.0,1.0,1.0,0.9,1.0,1.0,1.0,1.0
233,GROVER,S2-1,Ankaa-3,singleton,128,1.0,1.0,0.9095982142857142,0.867227114165879,0.8419270833333333,1.5723104714114308e-19,1.0,1.0,1.0,1.0,0.9666666666666667,1.0,1.0,1.0,1.0
233,GROVER,S2-1,Ankaa-3,singleton,256,1.0,1.0,0.9106770833333333,0.8690229279003211,0.8412760416666667,1.967569244069578e-44,1.0,1.0,1.0,1.0,1.0,1.0,1.0,1.0,1.0
233,GROVER,S2-1,Ankaa-3,singleton,512,1.0,1.0,0.9102213541666667,0.8709842142884862,0.8455078125,5.842343089000503e-93,1.0,1.0,1.0,1.0,1.0,1.0,1.0,1.0,1.0
234,GROVER,S2-1,Ankaa-3,singleton,64,1.0,1.0,0.921423611111111,0.8894782686856986,0.8744791666666667,5.045711828317751e-11,1.0,1.0,1.0,1.0,0.9,1.0,1.0,1.0,1.0
234,GROVER,S2-1,Ankaa-3,singleton,128,1.0,1.0,0.922172619047619,0.8896021891074908,0.8661458333333333,4.987174236919078e-21,1.0,1.0,1.0,1.0,0.9666666666666667,1.0,1.0,1.0,1.0
234,GROVER,S2-1,Ankaa-3,singleton,256,1.0,1.0,0.92265625,0.8879632117477082,0.8649739583333333,1.461985817345461e-46,1.0,1.0,1.0,1.0,1.0,1.0,1.0,1.0,1.0
234,GROVER,S2-1,Ankaa-3,singleton,512,1.0,1.0,0.9235026041666666,0.8929862109033669,0.8682291666666667,8.852802233995188e-97,1.0,1.0,1.0,1.0,1.0,1.0,1.0,1.0,1.0
236,GROVER,S3-1,Ankaa-3,singleton,64,0.2,0.6,0.17173611111111112,0.11830959826262175,0.049479166666666664,0.7091826900995026,1.0,0.9333333333333333,0.16666666666666666,0.0,0.0,0.03333333333333333,0.0,0.03333333333333333,0.3
236,GROVER,S3-1,Ankaa-3,singleton,128,0.03333333333333333,0.6333333333333333,0.1769717261904762,0.1039475446864057,0.040364583333333336,0.6265672912915892,1.0,0.8333333333333334,0.16666666666666666,0.0,0.0,0.03333333333333333,0.03333333333333333,0.03333333333333333,0.26666666666666666
236,GROVER,S3-1,Ankaa-3,singleton,256,0.06666666666666667,0.8333333333333334,0.18776041666666668,0.08022565143906583,0.030208333333333334,0.5431822949512878,1.0,1.0,0.0,0.0,0.0,0.0,0.0,0.0,0.2
236,GROVER,S3-1,Ankaa-3,singleton,512,0.0,1.0,0.19928385416666666,0.10640340197514381,0.0384765625,0.24682925947199327,1.0,1.0,0.0,0.0,0.0,0.16666666666666666,0.0,0.0,0.26666666666666666
237,GROVER,S3-1,Ankaa-3,singleton,64,0.0,0.8333333333333334,0.2760416666666667,0.1594523309109219,0.08645833333333333,0.4986736222341278,1.0,0.9333333333333333,0.36666666666666664,0.0,0.0,0.0,0.0,0.0,0.7
237,GROVER,S3-1,Ankaa-3,singleton,128,0.0,0.9666666666666667,0.2851190476190476,0.17214177790073318,0.09166666666666666,0.3392433059869887,1.0,1.0,0.43333333333333335,0.0,0.0,0.26666666666666666,0.1,0.26666666666666666,0.6333333333333333
237,GROVER,S3-1,Ankaa-3,singleton,256,0.0,0.9,0.2832465277777778,0.11587630481230984,0.06145833333333333,0.3259744297730664,1.0,1.0,0.16666666666666666,0.0,0.0,0.26666666666666666,0.03333333333333333,0.16666666666666666,0.5666666666666667
237,GROVER,S3-1,Ankaa-3,singleton,512,0.0,1.0,0.29173177083333335,0.12984213988728774,0.0671875,0.0816962008464471,1.0,1.0,0.03333333333333333,0.0,0.0,0.6333333333333333,0.23333333333333334,0.03333333333333333,0.7666666666666667
238,GROVER,S3-1,Ankaa-3,singleton,64,0.06666666666666667,0.7333333333333333,0.2226388888888889,0.1409749611634196,0.06354166666666666,0.6208007368880014,1.0,0.9333333333333333,0.3333333333333333,0.0,0.0,0.0,0.0,0.0,0.5
238,GROVER,S3-1,Ankaa-3,singleton,128,0.03333333333333333,0.8,0.22764136904761903,0.17186719533521697,0.07317708333333334,0.3633118790403124,1.0,1.0,0.43333333333333335,0.0,0.0,0.13333333333333333,0.03333333333333333,0.13333333333333333,0.6
238,GROVER,S3-1,Ankaa-3,singleton,256,0.0,0.9333333333333333,0.2377170138888889,0.15805645270812413,0.06809895833333333,0.2267540863293713,1.0,0.9666666666666667,0.3,0.0,0.0,0.3,0.1,0.3,0.7
238,GROVER,S3-1,Ankaa-3,singleton,512,0.0,1.0,0.24140625,0.17257621621239,0.0732421875,0.03478143913489456,1.0,1.0,0.26666666666666666,0.0,0.0,0.7666666666666667,0.43333333333333335,0.26666666666666666,0.8333333333333334
239,GROVER,S3-1,Ankaa-3,singleton,64,0.9333333333333333,0.9333333333333333,0.2806944444444444,0.19741029288821826,0.10052083333333334,0.4500481422258114,1.0,1.0,0.5,0.0,0.0,0.1,0.0,0.1,0.6
239,GROVER,S3-1,Ankaa-3,singleton,128,0.8666666666666667,0.8666666666666667,0.275483630952381,0.14938042995146925,0.07421875,0.3707843117289538,1.0,0.9666666666666667,0.3,0.0,0.0,0.13333333333333333,0.0,0.13333333333333333,0.6666666666666666
239,GROVER,S3-1,Ankaa-3,singleton,256,0.9666666666666667,0.9666666666666667,0.284375,0.15794946302512375,0.07747395833333333,0.19922063360374292,1.0,1.0,0.3333333333333333,0.0,0.0,0.43333333333333335,0.16666666666666666,0.3333333333333333,0.7666666666666667
239,GROVER,S3-1,Ankaa-3,singleton,512,1.0,1.0,0.28619791666666666,0.15714467243496016,0.07819010416666666,0.059150635773559154,1.0,1.0,0.2,0.0,0.0,0.7333333333333333,0.5,0.2,0.8666666666666667
240,GROVER,S4-1,Ankaa-3,singleton,64,0.0,0.3,0.07572916666666667,0.08173250181764113,0.021875,0.875189208984375,1.0,0.7,0.1,0.0,0.0,0.0,0.0,0.0,0.1
240,GROVER,S4-1,Ankaa-3,singleton,128,0.0,0.36666666666666664,0.07886904761904763,0.07232028369865902,0.015885416666666666,0.8368752161817005,1.0,0.8,0.06666666666666667,0.0,0.0,0.0,0.0,0.0,0.06666666666666667
240,GROVER,S4-1,Ankaa-3,singleton,256,0.0,0.4666666666666667,0.08272569444444446,0.07666286280763948,0.015625,0.6986781137817946,1.0,0.9,0.1,0.0,0.0,0.0,0.0,0.0,0.0
240,GROVER,S4-1,Ankaa-3,singleton,512,0.0,0.43333333333333335,0.0841796875,0.046482782645483445,0.00859375,0.7350297613999337,1.0,0.8666666666666667,0.0,0.0,0.0,0.0,0.0,0.0,0.0
241,GROVER,S5-1,Ankaa-3,singleton,64,0.06666666666666667,0.0,0.04454861111111111,0.07958494664377017,0.015104166666666667,0.9073130289713541,1.0,0.5333333333333333,0.16666666666666666,0.0,0.0,0.0,0.0,0.0,0.0
241,GROVER,S5-1,Ankaa-3,singleton,128,0.16666666666666666,0.0,0.04438244047619047,0.0928476382080501,0.014583333333333334,0.8248053153355916,1.0,0.8333333333333334,0.06666666666666667,0.0,0.0,0.0,0.0,0.0,0.0
241,GROVER,S5-1,Ankaa-3,singleton,256,0.26666666666666666,0.0,0.04539930555555556,0.047450638577800054,0.006510416666666667,0.8881839157347713,1.0,0.8,0.0,0.0,0.0,0.0,0.0,0.0,0.0
241,GROVER,S5-1,Ankaa-3,singleton,512,0.4,0.0,0.0451171875,0.03722414229569939,0.0044921875,0.8542004607895125,1.0,0.8,0.0,0.0,0.0,0.0,0.0,0.0,0.0
242,GROVER,S6-1,Ankaa-3,singleton,64,0.0,0.0,0.026527777777777775,0.10102878602878602,0.015104166666666667,0.9267985026041666,1.0,0.6333333333333333,0.16666666666666666,0.0,0.0,0.0,0.0,0.0,0.03333333333333333
242,GROVER,S6-1,Ankaa-3,singleton,128,0.0,0.0,0.030357142857142857,0.07335225776402247,0.008072916666666667,0.9382939656575521,1.0,0.7333333333333333,0.06666666666666667,0.0,0.0,0.0,0.0,0.0,0.0
242,GROVER,S6-1,Ankaa-3,singleton,256,0.0,0.0,0.03298611111111111,0.06195022303859821,0.00625,0.8896966429737707,1.0,0.8666666666666667,0.0,0.0,0.0,0.0,0.0,0.0,0.0
242,GROVER,S6-1,Ankaa-3,singleton,512,0.0,0.0,0.031901041666666664,0.04204851040425754,0.0037109375,0.8797669745480002,1.0,0.8333333333333334,0.0,0.0,0.0,0.0,0.0,0.0,0.0
243,GROVER,SYM-1,Ankaa-3,multiple,64,0.0,0.5,0.1628125,0.11610930138216495,0.04739583333333333,0.7100593523588031,1.0,0.9,0.1,0.0,0.0,0.0,0.0,0.0,0.36666666666666664
243,GROVER,SYM-1,Ankaa-3,multiple,128,0.0,0.6333333333333333,0.16875,0.09194384196039361,0.03463541666666667,0.6472290874355188,1.0,0.8666666666666667,0.03333333333333333,0.0,0.0,0.0,0.0,0.0,0.3
243,GROVER,SYM-1,Ankaa-3,multiple,256,0.0,0.8333333333333334,0.18177083333333333,0.08844594673904302,0.030729166666666665,0.5276807846274603,1.0,0.9666666666666667,0.06666666666666667,0.0,0.0,0.03333333333333333,0.0,0.03333333333333333,0.23333333333333334
243,GROVER,SYM-1,Ankaa-3,multiple,512,0.0,0.9666666666666667,0.191015625,0.08395759045521642,0.028841145833333335,0.34244549364091986,1.0,0.9666666666666667,0.0,0.0,0.0,0.0,0.0,0.0,0.03333333333333333
244,GROVER,SYM-1,Ankaa-3,multiple,64,0.4666666666666667,0.0,0.1479861111111111,0.11595473580294328,0.043229166666666666,0.7219236254692077,1.0,0.9,0.1,0.0,0.0,0.0,0.0,0.0,0.3333333333333333
244,GROVER,SYM-1,Ankaa-3,multiple,128,0.4,0.16666666666666666,0.1505580357142857,0.061267866798598976,0.02265625,0.7791755890691936,1.0,0.8666666666666667,0.0,0.0,0.0,0.0,0.0,0.0,0.06666666666666667
244,GROVER,SYM-1,Ankaa-3,multiple,256,0.26666666666666666,0.13333333333333333,0.15399305555555556,0.04862932397660331,0.01640625,0.7413568588958505,1.0,0.9333333333333333,0.0,0.0,0.0,0.0,0.0,0.0,0.0
244,GROVER,SYM-1,Ankaa-3,multiple,512,0.4,0.06666666666666667,0.1482421875,0.034897384089850755,0.011393229166666666,0.7286236600002983,1.0,0.9333333333333333,0.0,0.0,0.0,0.0,0.0,0.0,0.0
245,GROVER,SYM-1,Ankaa-3,multiple,64,0.0,0.0,0.2289236111111111,0.11451578759371732,0.0578125,0.6644441987755272,1.0,0.9666666666666667,0.2,0.0,0.0,0.0,0.0,0.0,0.43333333333333335
245,GROVER,SYM-1,Ankaa-3,multiple,128,0.0,0.0,0.23247767857142856,0.09264325784685598,0.04609375,0.6077741347157916,1.0,0.9333333333333333,0.1,0.0,0.0,0.03333333333333333,0.0,0.03333333333333333,0.36666666666666664
245,GROVER,SYM-1,Ankaa-3,multiple,256,0.0,0.0,0.23216145833333332,0.06040966129765681,0.028645833333333332,0.6089545999519377,1.0,1.0,0.0,0.0,0.0,0.0,0.0,0.0,0.16666666666666666
245,GROVER,SYM-1,Ankaa-3,multiple,512,0.0,0.03333333333333333,0.2318359375,0.03241016503151516,0.015690104166666666,0.7064546827034605,1.0,0.9,0.0,0.0,0.0,0.0,0.0,0.0,0.06666666666666667
246,GROVER,SYM-1,Ankaa-3,multiple,64,0.1,0.23333333333333334,0.1646875,0.0833497575961344,0.0328125,0.8152118248865008,1.0,0.8,0.06666666666666667,0.0,0.0,0.0,0.0,0.0,0.2
246,GROVER,SYM-1,Ankaa-3,multiple,128,0.13333333333333333,0.2,0.16365327380952382,0.06376952875285721,0.02421875,0.7793091592203478,1.0,0.9333333333333333,0.06666666666666667,0.0,0.0,0.0,0.0,0.0,0.1
246,GROVER,SYM-1,Ankaa-3,multiple,256,0.06666666666666667,0.16666666666666666,0.16328125,0.05563332495068907,0.020833333333333332,0.694754900438026,1.0,0.9666666666666667,0.0,0.0,0.0,0.0,0.0,0.0,0.13333333333333333
246,GROVER,SYM-1,Ankaa-3,multiple,512,0.0,0.03333333333333333,0.164453125,0.04390411991818011,0.015494791666666667,0.6301396936323214,1.0,0.9666666666666667,0.0,0.0,0.0,0.0,0.0,0.0,0.0
247,GROVER,SYM-2,Ankaa-3,multiple,64,0.0,0.8333333333333334,0.23875,0.18389747099373027,0.08229166666666667,0.5118154832627624,1.0,1.0,0.4,0.0,0.0,0.03333333333333333,0.0,0.03333333333333333,0.5666666666666667
247,GROVER,SYM-2,Ankaa-3,multiple,128,0.0,0.8666666666666667,0.2402157738095238,0.17018117510096123,0.07552083333333333,0.36625995509391823,1.0,0.9333333333333333,0.5,0.0,0.0,0.13333333333333333,0.03333333333333333,0.13333333333333333,0.6666666666666666
247,GROVER,SYM-2,Ankaa-3,multiple,256,0.0,1.0,0.25316840277777775,0.14753287154778294,0.06328125,0.23372576692724054,1.0,1.0,0.16666666666666666,0.0,0.0,0.2,0.1,0.16666666666666666,0.6666666666666666
247,GROVER,SYM-2,Ankaa-3,multiple,512,0.0,1.0,0.2547526041666667,0.13701408266724105,0.0595703125,0.07900266377357391,1.0,1.0,0.06666666666666667,0.0,0.0,0.5333333333333333,0.13333333333333333,0.06666666666666667,0.7333333333333333
248,QFT,IV4-0000,ibm_fez,singleton,64,0.6,0.03333333333333333,0.2770486111111111,0.15347888142735192,0.0828125,0.5188079971059779,1.0,0.9666666666666667,0.3333333333333333,0.0,0.0,0.03333333333333333,0.03333333333333333,0.03333333333333333,0.7666666666666667
248,QFT,IV4-0000,ibm_fez,singleton,128,0.4666666666666667,0.1,0.2773809523809524,0.07422016460252646,0.041666666666666664,0.6394958244404007,1.0,1.0,0.0,0.0,0.0,0.0,0.0,0.0,0.23333333333333334
248,QFT,IV4-0000,ibm_fez,singleton,256,0.5,0.16666666666666666,0.27439236111111115,0.05913361714494065,0.0328125,0.5996918464348858,1.0,1.0,0.0,0.0,0.0,0.0,0.0,0.0,0.3
248,QFT,IV4-0000,ibm_fez,singleton,512,0.43333333333333335,0.1,0.2724609375,0.028897845522111405,0.0162109375,0.6792981591131892,1.0,0.9666666666666667,0.0,0.0,0.0,0.0,0.0,0.0,0.0
249,QFT,IV4-0000,ibm_fez,singleton,64,1.0,1.0,0.8020138888888889,0.8742314756701755,0.759375,2.2648377906904957e-10,1.0,1.0,1.0,1.0,1.0,1.0,1.0,1.0,1.0
249,QFT,IV4-0000,ibm_fez,singleton,128,1.0,1.0,0.8022321428571428,0.8795074322375466,0.7546875,6.13484944191697e-20,1.0,1.0,1.0,1.0,0.9666666666666667,1.0,1.0,1.0,1.0
249,QFT,IV4-0000,ibm_fez,singleton,256,1.0,1.0,0.80234375,0.8801009233280523,0.7526041666666666,7.3157640578028665e-40,1.0,1.0,1.0,1.0,1.0,1.0,1.0,1.0,1.0
249,QFT,IV4-0000,ibm_fez,singleton,512,1.0,1.0,0.8014973958333333,0.8882201207112914,0.7563802083333333,1.2327693560865745e-84,1.0,1.0,1.0,1.0,1.0,1.0,1.0,1.0,1.0
250,QFT,IV4-0000,ibm_fez,singleton,64,1.0,1.0,0.8138194444444444,0.8836193539806536,0.7734375,3.250384967544891e-10,1.0,1.0,1.0,1.0,0.9333333333333333,1.0,1.0,1.0,1.0
250,QFT,IV4-0000,ibm_fez,singleton,128,1.0,1.0,0.8143229166666667,0.8971134209822132,0.7713541666666667,2.0511956986653035e-20,1.0,1.0,1.0,1.0,1.0,1.0,1.0,1.0,1.0
250,QFT,IV4-0000,ibm_fez,singleton,256,1.0,1.0,0.8147135416666667,0.903310091180434,0.7723958333333333,7.368197725154396e-43,1.0,1.0,1.0,1.0,1.0,1.0,1.0,1.0,1.0
250,QFT,IV4-0000,ibm_fez,singleton,512,1.0,1.0,0.8153645833333333,0.9146142011351657,0.7772786458333333,1.7295675438898932e-93,1.0,1.0,1.0,1.0,1.0,1.0,1.0,1.0,1.0
251,QFT,IV4-0000,ibm_fez,singleton,64,1.0,1.0,0.8702430555555555,0.9091382412170285,0.8270833333333333,3.0258668292336417e-12,1.0,1.0,1.0,1.0,1.0,1.0,1.0,1.0,1.0
251,QFT,IV4-0000,ibm_fez,singleton,128,1.0,1.0,0.8706101190476191,0.9145408912536331,0.828125,2.139115173228057e-24,1.0,1.0,1.0,1.0,1.0,1.0,1.0,1.0,1.0
251,QFT,IV4-0000,ibm_fez,singleton,256,1.0,1.0,0.8702256944444444,0.9233685704950833,0.83515625,1.3228183982548708e-48,1.0,1.0,1.0,1.0,1.0,1.0,1.0,1.0,1.0
251,QFT,IV4-0000,ibm_fez,singleton,512,1.0,1.0,0.8695963541666667,0.9277666754212677,0.8380208333333333,8.562998948111056e-102,1.0,1.0,1.0,1.0,1.0,1.0,1.0,1.0,1.0
252,QFT,IV4-0000,ibm_fez,singleton,64,0.1,0.9,0.2851388888888889,0.21452597450967245,0.11614583333333334,0.36971326716738984,1.0,1.0,0.5,0.0,0.0,0.13333333333333333,0.03333333333333333,0.13333333333333333,0.7666666666666667
252,QFT,IV4-0000,ibm_fez,singleton,128,0.03333333333333333,0.9666666666666667,0.29415922619047624,0.18189312124630364,0.08932291666666667,0.32109961539975856,1.0,1.0,0.43333333333333335,0.0,0.0,0.2,0.06666666666666667,0.2,0.7333333333333333
252,QFT,IV4-0000,ibm_fez,singleton,256,0.03333333333333333,0.9666666666666667,0.29075520833333335,0.19266257363103484,0.098046875,0.11483784148108392,1.0,1.0,0.43333333333333335,0.0,0.0,0.6333333333333333,0.3333333333333333,0.43333333333333335,0.9333333333333333
252,QFT,IV4-0000,ibm_fez,singleton,512,0.0,1.0,0.298828125,0.1816345192361571,0.09055989583333333,0.016017621099894564,1.0,1.0,0.36666666666666664,0.0,0.0,0.9333333333333333,0.7,0.36666666666666664,0.9666666666666667
253,QFT,IV4-0000,ibm_fez,singleton,64,1.0,1.0,0.7288194444444444,0.7987654981714122,0.6432291666666666,3.0459690515220274e-08,1.0,1.0,1.0,1.0,0.4666666666666667,1.0,1.0,1.0,1.0
253,QFT,IV4-0000,ibm_fez,singleton,128,1.0,1.0,0.7280877976190475,0.8245459507002024,0.6614583333333334,3.69607262426953e-16,1.0,1.0,1.0,1.0,0.6666666666666666,1.0,1.0,1.0,1.0
253,QFT,IV4-0000,ibm_fez,singleton,256,1.0,1.0,0.7270399305555556,0.8278004795139255,0.6639322916666667,3.244220655620373e-33,1.0,1.0,1.0,1.0,0.7666666666666667,1.0,1.0,1.0,1.0
253,QFT,IV4-0000,ibm_fez,singleton,512,1.0,1.0,0.7243489583333333,0.8387329493896518,0.6684244791666667,9.556792819153915e-71,1.0,1.0,1.0,1.0,1.0,1.0,1.0,1.0,1.0
254,QFT,IV4-0000,ibm_fez,singleton,64,1.0,1.0,0.7930555555555556,0.8454629410752001,0.7255208333333333,1.2304427399074484e-08,1.0,1.0,1.0,1.0,0.8666666666666667,1.0,1.0,1.0,1.0
254,QFT,IV4-0000,ibm_fez,singleton,128,1.0,1.0,0.7937872023809525,0.8644536127948904,0.7299479166666667,3.1784925501159817e-19,1.0,1.0,1.0,1.0,1.0,1.0,1.0,1.0,1.0
254,QFT,IV4-0000,ibm_fez,singleton,256,1.0,1.0,0.7924045138888889,0.8720045937892951,0.7403645833333333,2.121969281584809e-40,1.0,1.0,1.0,1.0,1.0,1.0,1.0,1.0,1.0
254,QFT,IV4-0000,ibm_fez,singleton,512,1.0,1.0,0.7918619791666667,0.8736968732501932,0.7405598958333334,8.533626487070374e-81,1.0,1.0,1.0,1.0,1.0,1.0,1.0,1.0,1.0
255,QFT,IV4-0000,ibm_fez,singleton,64,1.0,1.0,0.8630902777777778,0.9075309017272856,0.8244791666666667,6.222234501367571e-11,1.0,1.0,1.0,1.0,0.9666666666666667,1.0,1.0,1.0,1.0
255,QFT,IV4-0000,ibm_fez,singleton,128,1.0,1.0,0.8635416666666667,0.9210014926854931,0.8260416666666667,2.260163542175443e-25,1.0,1.0,1.0,1.0,1.0,1.0,1.0,1.0,1.0
255,QFT,IV4-0000,ibm_fez,singleton,256,1.0,1.0,0.8624131944444444,0.9288346993435284,0.833984375,8.189761989570497e-51,1.0,1.0,1.0,1.0,1.0,1.0,1.0,1.0,1.0
255,QFT,IV4-0000,ibm_fez,singleton,512,1.0,1.0,0.866796875,0.9329501456130915,0.8299479166666667,1.3718837083874749e-102,1.0,1.0,1.0,1.0,1.0,1.0,1.0,1.0,1.0
256,QFT,IV4-0101,ibm_fez,singleton,64,0.0,0.7333333333333333,0.2390625,0.10397498081005355,0.053125,0.6980398456313802,1.0,0.8333333333333334,0.16666666666666666,0.0,0.0,0.0,0.0,0.0,0.43333333333333335
256,QFT,IV4-0101,ibm_fez,singleton,128,0.0,0.9,0.25226934523809524,0.12792878157282345,0.06067708333333333,0.48902575457161823,1.0,1.0,0.23333333333333334,0.0,0.0,0.06666666666666667,0.03333333333333333,0.06666666666666667,0.5333333333333333
256,QFT,IV4-0101,ibm_fez,singleton,256,0.0,0.9666666666666667,0.25703125,0.10795894709296165,0.050520833333333334,0.38229853851031176,1.0,1.0,0.16666666666666666,0.0,0.0,0.16666666666666666,0.03333333333333333,0.16666666666666666,0.5
256,QFT,IV4-0101,ibm_fez,singleton,512,0.0,1.0,0.26048177083333335,0.11807117005576652,0.0548828125,0.12620974662108211,1.0,1.0,0.0,0.0,0.0,0.36666666666666664,0.1,0.0,0.6333333333333333
257,QFT,IV4-0101,ibm_fez,singleton,64,1.0,1.0,0.8026736111111111,0.8452417580994858,0.7083333333333334,5.804228902136129e-09,1.0,1.0,1.0,1.0,0.8666666666666667,1.0,1.0,1.0,1.0
257,QFT,IV4-0101,ibm_fez,singleton,128,1.0,1.0,0.7994419642857142,0.901961987595278,0.7684895833333333,2.365960442807195e-22,1.0,1.0,1.0,1.0,1.0,1.0,1.0,1.0,1.0
257,QFT,IV4-0101,ibm_fez,singleton,256,1.0,1.0,0.8009114583333333,0.8910852507236025,0.754296875,4.438399193042956e-42,1.0,1.0,1.0,1.0,1.0,1.0,1.0,1.0,1.0
257,QFT,IV4-0101,ibm_fez,singleton,512,1.0,1.0,0.8050130208333334,0.8980871079446503,0.7537760416666667,4.7567941049342595e-87,1.0,1.0,1.0,1.0,1.0,1.0,1.0,1.0,1.0
258,QFT,IV4-0101,ibm_fez,singleton,64,1.0,1.0,0.7494791666666667,0.8204709291066181,0.6833333333333333,2.341585560288369e-08,1.0,1.0,1.0,1.0,0.6666666666666666,1.0,1.0,1.0,1.0
258,QFT,IV4-0101,ibm_fez,singleton,128,1.0,1.0,0.7488467261904762,0.8311013653547623,0.6880208333333333,2.4045716259722157e-16,1.0,1.0,1.0,1.0,0.7,1.0,1.0,1.0,1.0
258,QFT,IV4-0101,ibm_fez,singleton,256,1.0,1.0,0.7508246527777778,0.83237757611234,0.679296875,8.08198804477047e-31,1.0,1.0,1.0,1.0,0.7333333333333333,1.0,1.0,1.0,1.0
258,QFT,IV4-0101,ibm_fez,singleton,512,1.0,1.0,0.747265625,0.8418794006803801,0.6880859375,3.935448866009424e-68,1.0,1.0,1.0,1.0,0.9333333333333333,1.0,1.0,1.0,1.0
259,QFT,IV4-0101,ibm_fez,singleton,64,1.0,1.0,0.7588541666666667,0.804510347071746,0.6755208333333333,8.875814126359701e-08,1.0,1.0,1.0,1.0,0.6333333333333333,1.0,1.0,1.0,1.0
259,QFT,IV4-0101,ibm_fez,singleton,128,1.0,1.0,0.7598214285714285,0.8434964678503722,0.6880208333333333,1.1063044147019086e-15,1.0,1.0,1.0,1.0,0.9,1.0,1.0,1.0,1.0
259,QFT,IV4-0101,ibm_fez,singleton,256,1.0,1.0,0.75859375,0.8462352887677848,0.69609375,1.8380051355948848e-35,1.0,1.0,1.0,1.0,0.9666666666666667,1.0,1.0,1.0,1.0
259,QFT,IV4-0101,ibm_fez,singleton,512,1.0,1.0,0.7591796875,0.8424261372026084,0.6934895833333333,5.633406361880581e-69,1.0,1.0,1.0,1.0,0.9666666666666667,1.0,1.0,1.0,1.0
260,QFT,IV4-0101,ibm_torino,singleton,64,1.0,1.0,0.6134722222222223,0.6915543798219583,0.49895833333333334,0.0016425122291597797,1.0,1.0,1.0,0.9666666666666667,0.13333333333333333,1.0,0.9666666666666667,1.0,1.0
260,QFT,IV4-0101,ibm_torino,singleton,128,1.0,1.0,0.6126488095238095,0.6965250711103976,0.5072916666666667,6.001989957281549e-09,1.0,1.0,1.0,1.0,0.03333333333333333,1.0,1.0,1.0,1.0
260,QFT,IV4-0101,ibm_torino,singleton,256,1.0,1.0,0.6141927083333333,0.6870046794629923,0.49713541666666666,6.4324468968614186e-18,1.0,1.0,1.0,1.0,0.0,1.0,1.0,1.0,1.0
260,QFT,IV4-0101,ibm_torino,singleton,512,1.0,1.0,0.6195963541666667,0.6860228722461789,0.4939453125,6.761128115713278e-39,1.0,1.0,1.0,1.0,0.0,1.0,1.0,1.0,1.0
261,QFT,IV4-0101,ibm_torino,singleton,64,1.0,1.0,0.8078819444444444,0.8629859276658579,0.7442708333333333,3.7104264938303546e-10,1.0,1.0,1.0,1.0,0.9,1.0,1.0,1.0,1.0
261,QFT,IV4-0101,ibm_torino,singleton,128,1.0,1.0,0.8080729166666667,0.8918012152441585,0.75859375,1.091712963662827e-20,1.0,1.0,1.0,1.0,1.0,1.0,1.0,1.0,1.0
261,QFT,IV4-0101,ibm_torino,singleton,256,1.0,1.0,0.8060763888888889,0.9078112644618297,0.773046875,1.9291668490053946e-44,1.0,1.0,1.0,1.0,1.0,1.0,1.0,1.0,1.0
261,QFT,IV4-0101,ibm_torino,singleton,512,1.0,1.0,0.8086588541666667,0.9089242388751954,0.7680989583333333,1.0551224609749958e-89,1.0,1.0,1.0,1.0,1.0,1.0,1.0,1.0,1.0
262,QFT,IV4-0101,ibm_torino,singleton,64,1.0,1.0,0.7823611111111112,0.8668468868533784,0.7395833333333334,3.604581424084449e-09,1.0,1.0,1.0,1.0,0.9333333333333333,1.0,1.0,1.0,1.0
262,QFT,IV4-0101,ibm_torino,singleton,128,1.0,1.0,0.7841889880952381,0.851244376919553,0.7138020833333333,3.578791248450769e-18,1.0,1.0,1.0,1.0,0.8333333333333334,1.0,1.0,1.0,1.0
262,QFT,IV4-0101,ibm_torino,singleton,256,1.0,1.0,0.7846354166666667,0.8595065167463865,0.7200520833333334,7.395740053302709e-35,1.0,1.0,1.0,1.0,0.9666666666666667,1.0,1.0,1.0,1.0
262,QFT,IV4-0101,ibm_torino,singleton,512,1.0,1.0,0.785546875,0.86113148044106,0.7225911458333333,3.573503410837754e-77,1.0,1.0,1.0,1.0,1.0,1.0,1.0,1.0,1.0
263,QFT,IV4-0101,ibm_torino,singleton,64,1.0,1.0,0.7679513888888889,0.8477535812221714,0.6994791666666667,7.538633568319556e-09,1.0,1.0,1.0,1.0,0.9333333333333333,1.0,1.0,1.0,1.0
263,QFT,IV4-0101,ibm_torino,singleton,128,1.0,1.0,0.7665922619047619,0.8660196675956627,0.7190104166666667,7.309811720947018e-20,1.0,1.0,1.0,1.0,1.0,1.0,1.0,1.0,1.0
263,QFT,IV4-0101,ibm_torino,singleton,256,1.0,1.0,0.7674479166666667,0.870701463315571,0.7149739583333333,2.948266675713849e-39,1.0,1.0,1.0,1.0,1.0,1.0,1.0,1.0,1.0
263,QFT,IV4-0101,ibm_torino,singleton,512,1.0,1.0,0.7686848958333333,0.8824563121306621,0.7186197916666667,4.302572263342156e-80,1.0,1.0,1.0,1.0,1.0,1.0,1.0,1.0,1.0
264,QFT,PV4-P4,ibm_fez,multiple,64,0.9333333333333333,0.5666666666666667,0.21784722222222222,0.09225137281031914,0.04010416666666667,0.7682694637527069,1.0,0.8666666666666667,0.13333333333333333,0.0,0.0,0.0,0.0,0.0,0.3
264,QFT,PV4-P4,ibm_fez,multiple,128,1.0,0.6,0.2214657738095238,0.07730835244788233,0.035416666666666666,0.6750624372548254,1.0,0.8666666666666667,0.06666666666666667,0.0,0.0,0.0,0.0,0.0,0.26666666666666666
264,QFT,PV4-P4,ibm_fez,multiple,256,1.0,0.7,0.22300347222222222,0.06308077671768121,0.028645833333333332,0.5995283403036367,1.0,0.9333333333333333,0.03333333333333333,0.0,0.0,0.03333333333333333,0.0,0.03333333333333333,0.1
264,QFT,PV4-P4,ibm_fez,multiple,512,1.0,0.5333333333333333,0.2162109375,0.05850414568355814,0.026432291666666666,0.4671297991513444,1.0,1.0,0.0,0.0,0.0,0.0,0.0,0.0,0.06666666666666667
265,QFT,PV4-P4,ibm_fez,multiple,64,1.0,1.0,0.8149305555555556,0.8934850122326067,0.7765625,3.0362006311901446e-12,1.0,1.0,1.0,1.0,1.0,1.0,1.0,1.0,1.0
265,QFT,PV4-P4,ibm_fez,multiple,128,1.0,1.0,0.8152529761904762,0.900110860034298,0.7739583333333333,1.4436740150548568e-21,1.0,1.0,1.0,1.0,1.0,1.0,1.0,1.0,1.0
265,QFT,PV4-P4,ibm_fez,multiple,256,1.0,1.0,0.8144965277777777,0.901984863583056,0.7760416666666666,1.5435812503118966e-44,1.0,1.0,1.0,1.0,1.0,1.0,1.0,1.0,1.0
265,QFT,PV4-P4,ibm_fez,multiple,512,1.0,1.0,0.8186848958333334,0.9032720564836094,0.7708984375,4.029547355047222e-87,1.0,1.0,1.0,1.0,1.0,1.0,1.0,1.0,1.0
266,QFT,PV4-P4,ibm_fez,multiple,64,1.0,1.0,0.8441319444444445,0.8607116121776098,0.7609375,2.0490910241736474e-10,1.0,1.0,1.0,1.0,0.9666666666666667,1.0,1.0,1.0,1.0
266,QFT,PV4-P4,ibm_fez,multiple,128,1.0,1.0,0.8436011904761905,0.8820502691745203,0.7846354166666667,2.4584682249274108e-21,1.0,1.0,1.0,1.0,1.0,1.0,1.0,1.0,1.0
266,QFT,PV4-P4,ibm_fez,multiple,256,1.0,1.0,0.8442274305555556,0.8814594469319526,0.785546875,1.3731285066221183e-40,1.0,1.0,1.0,1.0,1.0,1.0,1.0,1.0,1.0
266,QFT,PV4-P4,ibm_fez,multiple,512,1.0,1.0,0.8411458333333334,0.8925823996264906,0.796484375,7.609809519583643e-89,1.0,1.0,1.0,1.0,1.0,1.0,1.0,1.0,1.0
267,QFT,PV4-P4,ibm_fez,multiple,64,1.0,1.0,0.8502777777777778,0.892492624966246,0.8067708333333333,1.4841182276181807e-11,1.0,1.0,1.0,1.0,1.0,1.0,1.0,1.0,1.0
267,QFT,PV4-P4,ibm_fez,multiple,128,1.0,1.0,0.851264880952381,0.9149282081606482,0.8083333333333333,3.1812015560563718e-25,1.0,1.0,1.0,1.0,1.0,1.0,1.0,1.0,1.0
267,QFT,PV4-P4,ibm_fez,multiple,256,1.0,1.0,0.85,0.9229586704462387,0.8182291666666667,1.5651127313874306e-47,1.0,1.0,1.0,1.0,1.0,1.0,1.0,1.0,1.0
267,QFT,PV4-P4,ibm_fez,multiple,512,1.0,1.0,0.8479817708333334,0.9285914306739967,0.8216145833333334,1.082562912139294e-98,1.0,1.0,1.0,1.0,1.0,1.0,1.0,1.0,1.0
268,QFT,PV4-P4,ibm_fez,multiple,64,0.16666666666666666,0.5666666666666667,0.15322916666666667,0.12928392247432727,0.04739583333333333,0.704395788659652,1.0,0.9333333333333333,0.26666666666666666,0.0,0.0,0.0,0.0,0.0,0.36666666666666664
268,QFT,PV4-P4,ibm_fez,multiple,128,0.13333333333333333,0.6666666666666666,0.1625,0.10004362290633677,0.034375,0.657045789478175,1.0,0.9333333333333333,0.16666666666666666,0.0,0.0,0.03333333333333333,0.0,0.03333333333333333,0.2
268,QFT,PV4-P4,ibm_fez,multiple,256,0.03333333333333333,0.9666666666666667,0.18207465277777776,0.12145202955447094,0.03997395833333333,0.41341928213787577,1.0,1.0,0.23333333333333334,0.0,0.0,0.13333333333333333,0.03333333333333333,0.13333333333333333,0.3
268,QFT,PV4-P4,ibm_fez,multiple,512,0.0,1.0,0.1900390625,0.13043127303205584,0.04153645833333333,0.17911418393526232,1.0,1.0,0.03333333333333333,0.0,0.0,0.23333333333333334,0.03333333333333333,0.03333333333333333,0.26666666666666666
269,QFT,PV4-P4,ibm_fez,multiple,64,1.0,1.0,0.8332291666666667,0.8983715650322621,0.8005208333333333,2.590431723292763e-11,1.0,1.0,1.0,1.0,1.0,1.0,1.0,1.0,1.0
269,QFT,PV4-P4,ibm_fez,multiple,128,1.0,1.0,0.8334449404761906,0.910038738362963,0.7984375,9.566743910395982e-23,1.0,1.0,1.0,1.0,1.0,1.0,1.0,1.0,1.0
269,QFT,PV4-P4,ibm_fez,multiple,256,1.0,1.0,0.8369791666666667,0.9144412082215768,0.7881510416666667,1.5531642575656651e-46,1.0,1.0,1.0,1.0,1.0,1.0,1.0,1.0,1.0
269,QFT,PV4-P4,ibm_fez,multiple,512,1.0,1.0,0.8318359375,0.9298213701916389,0.8057291666666667,3.071818203587553e-99,1.0,1.0,1.0,1.0,1.0,1.0,1.0,1.0,1.0
270,QFT,PV4-P4,ibm_fez,multiple,64,1.0,1.0,0.855798611111111,0.8913009187314621,0.8166666666666667,2.516915417402621e-11,1.0,1.0,1.0,1.0,0.9666666666666667,1.0,1.0,1.0,1.0
270,QFT,PV4-P4,ibm_fez,multiple,128,1.0,1.0,0.8573660714285715,0.9091601594678421,0.8096354166666667,7.971126138922817e-24,1.0,1.0,1.0,1.0,1.0,1.0,1.0,1.0,1.0
270,QFT,PV4-P4,ibm_fez,multiple,256,1.0,1.0,0.857595486111111,0.9131762819640425,0.8143229166666667,3.0251210124072805e-47,1.0,1.0,1.0,1.0,1.0,1.0,1.0,1.0,1.0
270,QFT,PV4-P4,ibm_fez,multiple,512,1.0,1.0,0.8580078125,0.9230816362074667,0.820703125,5.265167228825236e-98,1.0,1.0,1.0,1.0,1.0,1.0,1.0,1.0,1.0
271,QFT,PV4-P4,ibm_fez,multiple,64,1.0,1.0,0.8557291666666667,0.9021444453876533,0.8229166666666666,2.53440726044607e-10,1.0,1.0,1.0,1.0,0.9666666666666667,1.0,1.0,1.0,1.0
271,QFT,PV4-P4,ibm_fez,multiple,128,1.0,1.0,0.8570684523809524,0.9093703824331175,0.81171875,8.687255228757543e-22,1.0,1.0,1.0,1.0,1.0,1.0,1.0,1.0,1.0
271,QFT,PV4-P4,ibm_fez,multiple,256,1.0,1.0,0.8563802083333333,0.9210385732377907,0.821484375,5.765753452870611e-47,1.0,1.0,1.0,1.0,1.0,1.0,1.0,1.0,1.0
271,QFT,PV4-P4,ibm_fez,multiple,512,1.0,1.0,0.8580078125,0.9222846107171634,0.8203125,1.575867133269524e-99,1.0,1.0,1.0,1.0,1.0,1.0,1.0,1.0,1.0
272,QFT,PV4-P8,ibm_fez,multiple,64,1.0,0.7666666666666667,0.3371180555555556,0.17313041490832048,0.10572916666666667,0.4990796369597608,1.0,0.9333333333333333,0.4,0.06666666666666667,0.0,0.16666666666666666,0.06666666666666667,0.16666666666666666,0.6
272,QFT,PV4-P8,ibm_fez,multiple,128,1.0,0.9333333333333333,0.35241815476190474,0.18050408807932525,0.1125,0.2527655334870495,1.0,1.0,0.36666666666666664,0.0,0.0,0.3,0.1,0.3,0.8333333333333334
272,QFT,PV4-P8,ibm_fez,multiple,256,1.0,0.9,0.3501736111111111,0.13554921170790726,0.084765625,0.20746079333523057,1.0,1.0,0.13333333333333333,0.0,0.0,0.3333333333333333,0.1,0.13333333333333333,0.8333333333333334
272,QFT,PV4-P8,ibm_fez,multiple,512,1.0,1.0,0.35859375,0.14692837130011488,0.0927734375,0.029137389738020898,1.0,1.0,0.1,0.0,0.0,0.8,0.4666666666666667,0.1,1.0
273,QFT,PV4-P8,ibm_fez,multiple,64,1.0,1.0,0.6901388888888889,0.8045230215427448,0.6197916666666666,2.612903542420497e-07,1.0,1.0,1.0,1.0,0.6333333333333333,1.0,1.0,1.0,1.0
273,QFT,PV4-P8,ibm_fez,multiple,128,1.0,1.0,0.6891369047619047,0.8284135038607023,0.6341145833333334,3.8959034430195566e-13,1.0,1.0,1.0,1.0,0.8,1.0,1.0,1.0,1.0
273,QFT,PV4-P8,ibm_fez,multiple,256,1.0,1.0,0.6893229166666667,0.8375545676247479,0.6325520833333333,4.627108947371136e-30,1.0,1.0,1.0,1.0,0.8666666666666667,1.0,1.0,1.0,1.0
273,QFT,PV4-P8,ibm_fez,multiple,512,1.0,1.0,0.6886067708333333,0.8398219390583761,0.6319661458333333,1.8672442362017704e-63,1.0,1.0,1.0,1.0,0.9333333333333333,1.0,1.0,1.0,1.0
274,QFT,PV4-P8,ibm_fez,multiple,64,1.0,1.0,0.7788541666666667,0.8019496931556618,0.6859375,2.1855614151221798e-08,1.0,1.0,1.0,1.0,0.5666666666666667,1.0,1.0,1.0,1.0
274,QFT,PV4-P8,ibm_fez,multiple,128,1.0,1.0,0.7788318452380952,0.828371104043672,0.7020833333333333,9.009399356246584e-17,1.0,1.0,1.0,1.0,0.7,1.0,1.0,1.0,1.0
274,QFT,PV4-P8,ibm_fez,multiple,256,1.0,1.0,0.78046875,0.8281030900588584,0.6993489583333333,1.4435543386892447e-30,1.0,1.0,1.0,1.0,0.8,1.0,1.0,1.0,1.0
274,QFT,PV4-P8,ibm_fez,multiple,512,1.0,1.0,0.7782552083333333,0.8350357018379513,0.7083984375,8.146280397778167e-69,1.0,1.0,1.0,1.0,0.9666666666666667,1.0,1.0,1.0,1.0
275,QFT,PV4-P8,ibm_fez,multiple,64,1.0,1.0,0.7967708333333333,0.8299200547216927,0.725,1.1865679756748367e-07,1.0,1.0,1.0,1.0,0.6666666666666666,1.0,1.0,1.0,1.0
275,QFT,PV4-P8,ibm_fez,multiple,128,1.0,1.0,0.7962053571428572,0.8523801817896233,0.7377604166666667,5.979084939992667e-18,1.0,1.0,1.0,1.0,0.8666666666666667,1.0,1.0,1.0,1.0
275,QFT,PV4-P8,ibm_fez,multiple,256,1.0,1.0,0.800607638888889,0.8322159966369749,0.713671875,9.124099699377525e-36,1.0,1.0,1.0,1.0,0.9,1.0,1.0,1.0,1.0
275,QFT,PV4-P8,ibm_fez,multiple,512,1.0,1.0,0.7948567708333333,0.8469069013315862,0.7326822916666667,2.0832742004774446e-77,1.0,1.0,1.0,1.0,1.0,1.0,1.0,1.0,1.0
276,QFT,PV4-P8,ibm_fez,multiple,64,1.0,0.9666666666666667,0.2375,0.25597376151898893,0.10364583333333334,0.3621199652707825,1.0,1.0,0.7333333333333333,0.03333333333333333,0.0,0.13333333333333333,0.03333333333333333,0.13333333333333333,0.8
276,QFT,PV4-P8,ibm_fez,multiple,128,1.0,0.9666666666666667,0.2373139880952381,0.29409992980083666,0.11354166666666667,0.1573783677421319,1.0,1.0,0.8,0.03333333333333333,0.0,0.5,0.3,0.5,0.9
276,QFT,PV4-P8,ibm_fez,multiple,256,1.0,1.0,0.24253472222222222,0.3393207268478171,0.12473958333333333,0.00509945760876022,1.0,1.0,1.0,0.0,0.0,1.0,0.8,1.0,1.0
276,QFT,PV4-P8,ibm_fez,multiple,512,1.0,1.0,0.2443359375,0.36417067682295035,0.12923177083333334,1.6114426823602478e-05,1.0,1.0,1.0,0.0,0.0,1.0,1.0,1.0,1.0
277,QFT,PV4-P8,ibm_fez,multiple,64,1.0,1.0,0.7755902777777777,0.8583772302417837,0.7140625,2.615107264787124e-08,1.0,1.0,1.0,1.0,0.8666666666666667,1.0,1.0,1.0,1.0
277,QFT,PV4-P8,ibm_fez,multiple,128,1.0,1.0,0.7735863095238095,0.872788255738793,0.7346354166666667,3.997710245661928e-19,1.0,1.0,1.0,1.0,1.0,1.0,1.0,1.0,1.0
277,QFT,PV4-P8,ibm_fez,multiple,256,1.0,1.0,0.7770399305555556,0.8747805937668998,0.7190104166666667,2.356075667920204e-38,1.0,1.0,1.0,1.0,1.0,1.0,1.0,1.0,1.0
277,QFT,PV4-P8,ibm_fez,multiple,512,1.0,1.0,0.7748697916666667,0.890115016994367,0.7307942708333334,4.0575883764713796e-81,1.0,1.0,1.0,1.0,1.0,1.0,1.0,1.0,1.0
278,QFT,PV4-P8,ibm_fez,multiple,64,1.0,1.0,0.8212847222222222,0.8667935419964081,0.7630208333333334,8.154887581185432e-11,1.0,1.0,1.0,1.0,1.0,1.0,1.0,1.0,1.0
278,QFT,PV4-P8,ibm_fez,multiple,128,1.0,1.0,0.8209449404761905,0.8817696920340565,0.7721354166666666,2.786180189262611e-20,1.0,1.0,1.0,1.0,1.0,1.0,1.0,1.0,1.0
278,QFT,PV4-P8,ibm_fez,multiple,256,1.0,1.0,0.8213541666666667,0.8901072295070128,0.7734375,2.7443809252592703e-43,1.0,1.0,1.0,1.0,1.0,1.0,1.0,1.0,1.0
278,QFT,PV4-P8,ibm_fez,multiple,512,1.0,1.0,0.8218098958333333,0.8957630651528483,0.7756510416666667,6.315384372605152e-89,1.0,1.0,1.0,1.0,1.0,1.0,1.0,1.0,1.0
279,QFT,PV4-P8,ibm_fez,multiple,64,1.0,1.0,0.8425694444444445,0.8554225663082627,0.7802083333333333,1.1626341079514861e-08,1.0,1.0,1.0,1.0,0.8,1.0,1.0,1.0,1.0
279,QFT,PV4-P8,ibm_fez,multiple,128,1.0,1.0,0.8420758928571428,0.8703212613403618,0.7890625,2.879550607413117e-16,1.0,1.0,1.0,1.0,0.9,1.0,1.0,1.0,1.0
279,QFT,PV4-P8,ibm_fez,multiple,256,1.0,1.0,0.8426649305555556,0.8636853157097647,0.7813802083333333,1.7500288145886634e-38,1.0,1.0,1.0,1.0,0.9666666666666667,1.0,1.0,1.0,1.0
279,QFT,PV4-P8,ibm_fez,multiple,512,1.0,1.0,0.844140625,0.8692776238963591,0.7825520833333334,3.113284527182189e-83,1.0,1.0,1.0,1.0,1.0,1.0,1.0,1.0,1.0
280,QFT,PV6-P16,ibm_fez,multiple,64,0.9666666666666667,0.6333333333333333,0.09538194444444444,0.168914043472867,0.0390625,0.6927045186360677,1.0,0.6666666666666666,0.4666666666666667,0.03333333333333333,0.0,0.03333333333333333,0.0,0.03333333333333333,0.26666666666666666
280,QFT,PV6-P16,ibm_fez,multiple,128,1.0,0.6666666666666666,0.09813988095238095,0.17042504044744955,0.03567708333333333,0.558915586847191,1.0,0.8666666666666667,0.3333333333333333,0.0,0.0,0.06666666666666667,0.0,0.06666666666666667,0.26666666666666666
280,QFT,PV6-P16,ibm_fez,multiple,256,1.0,0.9333333333333333,0.11423611111111112,0.17306949635008248,0.03424479166666667,0.35889699399874286,1.0,0.9666666666666667,0.43333333333333335,0.0,0.0,0.06666666666666667,0.0,0.06666666666666667,0.23333333333333334
280,QFT,PV6-P16,ibm_fez,multiple,512,1.0,1.0,0.1173828125,0.18772229201227525,0.0369140625,0.12241426527090868,1.0,1.0,0.43333333333333335,0.0,0.0,0.36666666666666664,0.13333333333333333,0.36666666666666664,0.2
281,QFT,PV6-P16,ibm_fez,multiple,64,1.0,1.0,0.537048611111111,0.7634594181010553,0.46770833333333334,0.0001702283370294803,1.0,1.0,1.0,1.0,0.43333333333333335,1.0,1.0,1.0,1.0
281,QFT,PV6-P16,ibm_fez,multiple,128,1.0,1.0,0.5360491071428571,0.7745400537276474,0.47578125,7.880253444100284e-11,1.0,1.0,1.0,1.0,0.3,1.0,1.0,1.0,1.0
281,QFT,PV6-P16,ibm_fez,multiple,256,1.0,1.0,0.5393229166666667,0.792546572036111,0.469140625,5.4641621556313914e-21,1.0,1.0,1.0,1.0,0.4,1.0,1.0,1.0,1.0
281,QFT,PV6-P16,ibm_fez,multiple,512,1.0,1.0,0.5399739583333333,0.8086384654452163,0.477734375,5.38681370470689e-46,1.0,1.0,1.0,1.0,0.7333333333333333,1.0,1.0,1.0,1.0
282,QFT,PV6-P16,ibm_fez,multiple,64,1.0,1.0,0.37194444444444447,0.5208812075532179,0.23541666666666666,0.05508248459809693,1.0,1.0,0.9666666666666667,0.6333333333333333,0.0,0.8,0.6,0.8,0.9666666666666667
282,QFT,PV6-P16,ibm_fez,multiple,128,1.0,1.0,0.36953125,0.5667515528448313,0.27057291666666666,0.00044839810600172544,1.0,1.0,1.0,0.8,0.0,1.0,0.9666666666666667,1.0,1.0
282,QFT,PV6-P16,ibm_fez,multiple,256,1.0,1.0,0.3721788194444445,0.5745423745789101,0.265625,2.2534669318659015e-07,1.0,1.0,1.0,0.9,0.0,1.0,1.0,1.0,1.0
282,QFT,PV6-P16,ibm_fez,multiple,512,1.0,1.0,0.368359375,0.5999085812772006,0.27884114583333336,2.4281055492481406e-17,1.0,1.0,1.0,1.0,0.0,1.0,1.0,1.0,1.0
283,QFT,PV6-P16,ibm_fez,multiple,64,1.0,0.8333333333333334,0.3159722222222222,0.16862901677224162,0.09479166666666666,0.4894255700980769,1.0,0.9333333333333333,0.4,0.0,0.0,0.06666666666666667,0.0,0.06666666666666667,0.7
283,QFT,PV6-P16,ibm_fez,multiple,128,1.0,0.9333333333333333,0.32507440476190474,0.20247816893265722,0.11432291666666666,0.24339075156178103,1.0,0.9666666666666667,0.5333333333333333,0.0,0.0,0.3333333333333333,0.13333333333333333,0.3333333333333333,0.8333333333333334
283,QFT,PV6-P16,ibm_fez,multiple,256,1.0,0.9666666666666667,0.3296440972222222,0.1739343086970437,0.09869791666666666,0.12832789443896456,1.0,1.0,0.3333333333333333,0.0,0.0,0.5,0.26666666666666666,0.3333333333333333,0.8666666666666667
283,QFT,PV6-P16,ibm_fez,multiple,512,1.0,1.0,0.33834635416666664,0.1690940315137227,0.09524739583333333,0.020215054416512092,1.0,1.0,0.3333333333333333,0.0,0.0,0.8333333333333334,0.6,0.3333333333333333,1.0
284,QFT,PV6-P16,ibm_fez,multiple,64,1.0,0.26666666666666666,0.12385416666666667,0.1254314374148807,0.035416666666666666,0.7528342088063558,1.0,0.7,0.3,0.0,0.0,0.0,0.0,0.0,0.3
284,QFT,PV6-P16,ibm_fez,multiple,128,1.0,0.23333333333333334,0.1345982142857143,0.1325816065790489,0.0375,0.5879910502139031,1.0,0.9,0.2,0.0,0.0,0.06666666666666667,0.0,0.06666666666666667,0.23333333333333334
284,QFT,PV6-P16,ibm_fez,multiple,256,1.0,0.26666666666666666,0.1329861111111111,0.07939762520482621,0.022135416666666668,0.6292925334504815,1.0,0.9333333333333333,0.03333333333333333,0.0,0.0,0.03333333333333333,0.0,0.03333333333333333,0.06666666666666667
284,QFT,PV6-P16,ibm_fez,multiple,512,1.0,0.2,0.13046875,0.04737742702827294,0.012955729166666667,0.6699770217468204,1.0,1.0,0.0,0.0,0.0,0.0,0.0,0.0,0.0
285,QFT,PV6-P16,ibm_fez,multiple,64,1.0,1.0,0.5756597222222222,0.8017700613067037,0.5203125,1.3965433097951064e-06,1.0,1.0,1.0,1.0,0.5333333333333333,1.0,1.0,1.0,1.0
285,QFT,PV6-P16,ibm_fez,multiple,128,1.0,1.0,0.5768973214285714,0.8048729839860446,0.509375,9.98142242744588e-12,1.0,1.0,1.0,1.0,0.6333333333333333,1.0,1.0,1.0,1.0
285,QFT,PV6-P16,ibm_fez,multiple,256,1.0,1.0,0.5760416666666667,0.8262483625118463,0.521875,1.7855959174591428e-25,1.0,1.0,1.0,1.0,0.8,1.0,1.0,1.0,1.0
285,QFT,PV6-P16,ibm_fez,multiple,512,1.0,1.0,0.5747395833333333,0.8323993632992701,0.5248046875,7.431845598482972e-54,1.0,1.0,1.0,1.0,1.0,1.0,1.0,1.0,1.0
286,QFT,PV6-P16,ibm_fez,multiple,64,1.0,0.7333333333333333,0.2873263888888889,0.16075881797547512,0.08697916666666666,0.506131426544016,1.0,0.9333333333333333,0.36666666666666664,0.0,0.0,0.03333333333333333,0.0,0.03333333333333333,0.6666666666666666
286,QFT,PV6-P16,ibm_fez,multiple,128,1.0,1.0,0.30963541666666666,0.16822999478809558,0.09322916666666667,0.2927855888186598,1.0,1.0,0.4,0.0,0.0,0.26666666666666666,0.03333333333333333,0.26666666666666666,0.7666666666666667
286,QFT,PV6-P16,ibm_fez,multiple,256,1.0,0.9666666666666667,0.3078559027777778,0.13929226813549017,0.07630208333333334,0.25205062226897607,1.0,1.0,0.23333333333333334,0.0,0.0,0.3333333333333333,0.13333333333333333,0.23333333333333334,0.7666666666666667
286,QFT,PV6-P16,ibm_fez,multiple,512,1.0,1.0,0.31197916666666664,0.1336357031891743,0.07330729166666666,0.05086895814007739,1.0,1.0,0.03333333333333333,0.0,0.0,0.6333333333333333,0.2,0.03333333333333333,0.9333333333333333
287,QFT,PV6-P16,ibm_fez,multiple,64,1.0,0.9666666666666667,0.33798611111111115,0.25351823336571955,0.15,0.28537435199432937,1.0,0.9666666666666667,0.7,0.03333333333333333,0.0,0.23333333333333334,0.13333333333333333,0.23333333333333334,0.8333333333333334
287,QFT,PV6-P16,ibm_fez,multiple,128,1.0,1.0,0.3441220238095238,0.20525136390302315,0.11614583333333334,0.2429924815577039,1.0,0.9666666666666667,0.6,0.03333333333333333,0.0,0.3,0.16666666666666666,0.3,0.8
287,QFT,PV6-P16,ibm_fez,multiple,256,1.0,1.0,0.3446180555555555,0.1981603388159447,0.11276041666666667,0.0653767154656034,1.0,1.0,0.5,0.0,0.0,0.6333333333333333,0.26666666666666666,0.5,0.9333333333333333
287,QFT,PV6-P16,ibm_fez,multiple,512,1.0,1.0,0.34759114583333334,0.19439757409532402,0.110546875,0.00520591345568321,1.0,1.0,0.36666666666666664,0.0,0.0,1.0,0.8666666666666667,0.36666666666666664,1.0
288,QFT,PV6-P8,ibm_fez,multiple,64,0.9666666666666667,0.8666666666666667,0.1445138888888889,0.28076452042396316,0.07135416666666666,0.4878529151280721,1.0,1.0,0.6,0.16666666666666666,0.0,0.1,0.03333333333333333,0.1,0.5
288,QFT,PV6-P8,ibm_fez,multiple,128,1.0,1.0,0.15956101190476193,0.32363157236406376,0.07734375,0.18690644081798383,1.0,1.0,0.7666666666666667,0.13333333333333333,0.0,0.3333333333333333,0.16666666666666666,0.3333333333333333,0.7666666666666667
288,QFT,PV6-P8,ibm_fez,multiple,256,1.0,1.0,0.15828993055555557,0.3906512714640115,0.091015625,0.013985893225849312,1.0,1.0,0.9666666666666667,0.13333333333333333,0.0,0.9333333333333333,0.7,0.9333333333333333,1.0
288,QFT,PV6-P8,ibm_fez,multiple,512,1.0,1.0,0.15559895833333334,0.4272674281849268,0.0974609375,2.65448000571837e-05,1.0,1.0,1.0,0.06666666666666667,0.0,1.0,1.0,1.0,1.0
289,QFT,PV6-P8,ibm_fez,multiple,64,1.0,1.0,0.530173611111111,0.741043304192582,0.45364583333333336,9.156374808772701e-05,1.0,1.0,1.0,1.0,0.26666666666666666,1.0,1.0,1.0,1.0
289,QFT,PV6-P8,ibm_fez,multiple,128,1.0,1.0,0.5316964285714286,0.7680521078058887,0.4518229166666667,1.5542243904617512e-10,1.0,1.0,1.0,1.0,0.26666666666666666,1.0,1.0,1.0,1.0
289,QFT,PV6-P8,ibm_fez,multiple,256,1.0,1.0,0.5305555555555556,0.7745274223269475,0.46197916666666666,5.35410194275239e-19,1.0,1.0,1.0,1.0,0.3333333333333333,1.0,1.0,1.0,1.0
289,QFT,PV6-P8,ibm_fez,multiple,512,1.0,1.0,0.5313151041666667,0.7761990710604078,0.4625651041666667,3.884470518842519e-38,1.0,1.0,1.0,1.0,0.23333333333333334,1.0,1.0,1.0,1.0
290,QFT,PV6-P8,ibm_fez,multiple,64,0.9,0.9,0.27229166666666665,0.22782025023013164,0.10625,0.37612592212390156,1.0,1.0,0.5666666666666667,0.03333333333333333,0.0,0.13333333333333333,0.0,0.13333333333333333,0.8333333333333334
290,QFT,PV6-P8,ibm_fez,multiple,128,0.9666666666666667,0.9666666666666667,0.2792410714285714,0.17916465918964863,0.08463541666666667,0.31690750961018055,1.0,1.0,0.43333333333333335,0.0,0.0,0.3,0.0,0.3,0.7
290,QFT,PV6-P8,ibm_fez,multiple,256,1.0,1.0,0.2851128472222222,0.16781998558847663,0.07877604166666667,0.1756981988218865,1.0,1.0,0.36666666666666664,0.0,0.0,0.36666666666666664,0.2,0.36666666666666664,0.8
290,QFT,PV6-P8,ibm_fez,multiple,512,1.0,1.0,0.2784505208333333,0.1930269579061412,0.09270833333333334,0.026259549236261677,1.0,1.0,0.5,0.0,0.0,0.9,0.7333333333333333,0.5,0.9333333333333333
291,QFT,PV6-P8,ibm_fez,multiple,64,0.9666666666666667,0.9666666666666667,0.3513541666666667,0.33426248031336114,0.184375,0.18169755628866066,1.0,0.9666666666666667,0.8333333333333334,0.2,0.0,0.43333333333333335,0.26666666666666666,0.43333333333333335,0.9333333333333333
291,QFT,PV6-P8,ibm_fez,multiple,128,1.0,1.0,0.3572916666666667,0.3463440021061513,0.18828125,0.02221421183247615,1.0,1.0,0.9333333333333333,0.0,0.0,0.9333333333333333,0.5666666666666667,0.9333333333333333,1.0
291,QFT,PV6-P8,ibm_fez,multiple,256,1.0,1.0,0.3599392361111111,0.3274085486448118,0.17434895833333333,0.00461279644072709,1.0,1.0,0.9666666666666667,0.0,0.0,0.9666666666666667,0.9666666666666667,0.9666666666666667,1.0
291,QFT,PV6-P8,ibm_fez,multiple,512,1.0,1.0,0.35865885416666665,0.3301288256414862,0.17779947916666666,1.7520494350181907e-06,1.0,1.0,1.0,0.0,0.0,1.0,1.0,1.0,1.0
292,QFT,PV6-P8,ibm_fez,multiple,64,0.06666666666666667,0.7333333333333333,0.10722222222222223,0.19421795982941495,0.04739583333333333,0.6602121988932291,1.0,0.9666666666666667,0.4666666666666667,0.0,0.0,0.0,0.0,0.0,0.4
292,QFT,PV6-P8,ibm_fez,multiple,128,0.06666666666666667,0.9333333333333333,0.12310267857142858,0.19530732923053146,0.04010416666666667,0.5070271809585393,1.0,0.9666666666666667,0.43333333333333335,0.0,0.0,0.03333333333333333,0.0,0.03333333333333333,0.36666666666666664
292,QFT,PV6-P8,ibm_fez,multiple,256,0.0,0.9666666666666667,0.12669270833333332,0.2269621574196988,0.046223958333333336,0.2583756470232524,1.0,0.9666666666666667,0.5666666666666667,0.0,0.0,0.3,0.06666666666666667,0.3,0.4666666666666667
292,QFT,PV6-P8,ibm_fez,multiple,512,0.0,1.0,0.12858072916666666,0.257714804496216,0.05221354166666667,0.039377351671454175,1.0,1.0,0.7666666666666667,0.0,0.0,0.7333333333333333,0.5,0.7333333333333333,0.5333333333333333
293,QFT,PV6-P8,ibm_fez,multiple,64,1.0,1.0,0.6225694444444444,0.7831562245980337,0.5401041666666667,1.270107036788204e-06,1.0,1.0,1.0,1.0,0.4,1.0,1.0,1.0,1.0
293,QFT,PV6-P8,ibm_fez,multiple,128,1.0,1.0,0.6242559523809524,0.7988241704893486,0.5390625,7.601851940414368e-13,1.0,1.0,1.0,1.0,0.43333333333333335,1.0,1.0,1.0,1.0
293,QFT,PV6-P8,ibm_fez,multiple,256,1.0,1.0,0.6233506944444444,0.8255200028805484,0.5592447916666666,1.1972015471979756e-26,1.0,1.0,1.0,1.0,0.8,1.0,1.0,1.0,1.0
293,QFT,PV6-P8,ibm_fez,multiple,512,1.0,1.0,0.6216145833333333,0.8331542360705185,0.5658854166666667,8.348650859576718e-56,1.0,1.0,1.0,1.0,0.9666666666666667,1.0,1.0,1.0,1.0
294,QFT,PV6-P8,ibm_fez,multiple,64,1.0,1.0,0.712673611111111,0.833211981384922,0.6375,2.055771541544423e-07,1.0,1.0,1.0,1.0,0.7666666666666667,1.0,1.0,1.0,1.0
294,QFT,PV6-P8,ibm_fez,multiple,128,1.0,1.0,0.7112723214285714,0.8774084371513153,0.6700520833333333,1.639314109704537e-17,1.0,1.0,1.0,1.0,1.0,1.0,1.0,1.0,1.0
294,QFT,PV6-P8,ibm_fez,multiple,256,1.0,1.0,0.7154513888888889,0.880022046252519,0.656640625,1.12099934844456e-36,1.0,1.0,1.0,1.0,1.0,1.0,1.0,1.0,1.0
294,QFT,PV6-P8,ibm_fez,multiple,512,1.0,1.0,0.7106770833333333,0.886277459187155,0.6701822916666667,6.244732746495493e-74,1.0,1.0,1.0,1.0,1.0,1.0,1.0,1.0,1.0
295,QFT,PV6-P8,ibm_fez,multiple,64,1.0,1.0,0.6772222222222222,0.8431428203280518,0.6276041666666666,2.8070489828853813e-08,1.0,1.0,1.0,1.0,0.7666666666666667,1.0,1.0,1.0,1.0
295,QFT,PV6-P8,ibm_fez,multiple,128,1.0,1.0,0.6768973214285714,0.856369164413569,0.6309895833333333,1.7977062161246438e-16,1.0,1.0,1.0,1.0,1.0,1.0,1.0,1.0,1.0
295,QFT,PV6-P8,ibm_fez,multiple,256,1.0,1.0,0.6767361111111111,0.8749042578888918,0.6354166666666666,3.516796129113973e-33,1.0,1.0,1.0,1.0,1.0,1.0,1.0,1.0,1.0
295,QFT,PV6-P8,ibm_fez,multiple,512,1.0,1.0,0.6735677083333333,0.8837796634958524,0.63984375,7.948227607128618e-72,1.0,1.0,1.0,1.0,1.0,1.0,1.0,1.0,1.0
296,QFT,SP10-P4,ibm_fez,multiple,64,0.36666666666666664,0.06666666666666667,0.005694444444444445,0.08698412698412698,0.00625,1.0,1.0,0.4,0.36666666666666664,0.0,0.0,0.0,0.0,0.0,0.0
296,QFT,SP10-P4,ibm_fez,multiple,128,0.4666666666666667,0.0,0.007589285714285714,0.10841269841269842,0.0049479166666666664,0.9609375,1.0,0.5,0.43333333333333335,0.0,0.0,0.0,0.0,0.0,0.0
296,QFT,SP10-P4,ibm_fez,multiple,256,0.6333333333333333,0.1,0.009635416666666667,0.10211880711880711,0.0036458333333333334,0.9662760416666667,1.0,0.8,0.13333333333333333,0.0,0.0,0.0,0.0,0.0,0.0
296,QFT,SP10-P4,ibm_fez,multiple,512,0.9333333333333333,0.03333333333333333,0.009830729166666666,0.1070223925254885,0.0037109375,0.8138845125834148,1.0,0.8,0.26666666666666666,0.0,0.0,0.0,0.0,0.0,0.0
297,QFT,SP10-P4,ibm_fez,multiple,64,1.0,1.0,0.14138888888888887,0.464211665527455,0.09375,0.2333605448404948,1.0,1.0,1.0,0.5666666666666667,0.0,0.16666666666666666,0.03333333333333333,0.16666666666666666,0.8
297,QFT,SP10-P4,ibm_fez,multiple,128,1.0,1.0,0.14144345238095238,0.5822428029387243,0.10546875,0.027226865477859973,1.0,1.0,1.0,0.8666666666666667,0.0,0.8666666666666667,0.6333333333333333,0.8666666666666667,0.9666666666666667
297,QFT,SP10-P4,ibm_fez,multiple,256,1.0,1.0,0.14140625,0.6486535354772479,0.112109375,0.0002588470138261615,1.0,1.0,1.0,0.9666666666666667,0.0,1.0,1.0,1.0,1.0
297,QFT,SP10-P4,ibm_fez,multiple,512,1.0,1.0,0.1400390625,0.6688218513385121,0.11490885416666667,3.2133075425919415e-08,1.0,1.0,1.0,1.0,0.0,1.0,1.0,1.0,1.0
298,QFT,SP10-P4,ibm_fez,multiple,64,1.0,1.0,0.27392361111111113,0.6060313795027754,0.20104166666666667,0.022982170681158702,1.0,1.0,1.0,0.7666666666666667,0.03333333333333333,0.8,0.6,0.8,1.0
298,QFT,SP10-P4,ibm_fez,multiple,128,1.0,1.0,0.2740327380952381,0.6342715417413429,0.209375,0.0003390981958388532,1.0,1.0,1.0,0.9666666666666667,0.0,1.0,1.0,1.0,1.0
298,QFT,SP10-P4,ibm_fez,multiple,256,1.0,1.0,0.27317708333333335,0.6411219033181245,0.21458333333333332,9.477939662963454e-07,1.0,1.0,1.0,0.9666666666666667,0.0,1.0,1.0,1.0,1.0
298,QFT,SP10-P4,ibm_fez,multiple,512,1.0,1.0,0.2760416666666667,0.6703026210029672,0.2173828125,3.2914306132608095e-16,1.0,1.0,1.0,1.0,0.0,1.0,1.0,1.0,1.0
299,QFT,SP10-P4,ibm_fez,multiple,64,0.9666666666666667,0.9333333333333333,0.15180555555555555,0.34624434303226875,0.0828125,0.3867462158203125,1.0,0.9333333333333333,0.7666666666666667,0.23333333333333334,0.0,0.2,0.03333333333333333,0.2,0.7
299,QFT,SP10-P4,ibm_fez,multiple,128,1.0,1.0,0.15859375,0.41542925418012955,0.09661458333333334,0.09305422896771537,1.0,1.0,1.0,0.3333333333333333,0.0,0.5,0.3,0.5,0.9
299,QFT,SP10-P4,ibm_fez,multiple,256,1.0,1.0,0.1603732638888889,0.45501236139869866,0.09791666666666667,0.017731889066528398,1.0,1.0,0.9666666666666667,0.43333333333333335,0.0,0.8666666666666667,0.7333333333333333,0.8666666666666667,0.9666666666666667
299,QFT,SP10-P4,ibm_fez,multiple,512,1.0,1.0,0.15813802083333334,0.4627689154130804,0.10149739583333334,5.135331678962086e-05,1.0,1.0,1.0,0.26666666666666666,0.0,1.0,1.0,1.0,1.0
300,QFT,SP3-P2,ibm_fez,multiple,64,1.0,1.0,0.9246527777777778,0.9210786811834146,0.8890625,1.9644922985793492e-13,1.0,1.0,1.0,1.0,1.0,1.0,1.0,1.0,1.0
300,QFT,SP3-P2,ibm_fez,multiple,128,1.0,1.0,0.9245163690476191,0.9290305348764711,0.8927083333333333,5.6209226266441835e-25,1.0,1.0,1.0,1.0,1.0,1.0,1.0,1.0,1.0
300,QFT,SP3-P2,ibm_fez,multiple,256,1.0,1.0,0.9234809027777777,0.9411684131398762,0.9006510416666667,4.5949006410360434e-54,1.0,1.0,1.0,1.0,1.0,1.0,1.0,1.0,1.0
300,QFT,SP3-P2,ibm_fez,multiple,512,1.0,1.0,0.9263671875,0.939280142681989,0.8943359375,1.2858224366988517e-111,1.0,1.0,1.0,1.0,1.0,1.0,1.0,1.0,1.0
301,QFT,SP3-P2,ibm_fez,multiple,64,1.0,1.0,0.9246180555555555,0.9060848204371215,0.8671875,1.4260800114580807e-12,1.0,1.0,1.0,1.0,1.0,1.0,1.0,1.0,1.0
301,QFT,SP3-P2,ibm_fez,multiple,128,1.0,1.0,0.9243675595238094,0.9190790845301802,0.88125,1.2768993947659757e-26,1.0,1.0,1.0,1.0,1.0,1.0,1.0,1.0,1.0
301,QFT,SP3-P2,ibm_fez,multiple,256,1.0,1.0,0.9234375,0.9296929505081029,0.8912760416666666,5.241961433431559e-53,1.0,1.0,1.0,1.0,1.0,1.0,1.0,1.0,1.0
301,QFT,SP3-P2,ibm_fez,multiple,512,1.0,1.0,0.9244791666666666,0.9287216163113613,0.8890625,3.2124737123063324e-111,1.0,1.0,1.0,1.0,1.0,1.0,1.0,1.0,1.0
302,QFT,SP3-P2,ibm_fez,multiple,64,1.0,1.0,0.9130902777777778,0.9011689313458286,0.865625,3.844941953799058e-12,1.0,1.0,1.0,1.0,1.0,1.0,1.0,1.0,1.0
302,QFT,SP3-P2,ibm_fez,multiple,128,1.0,1.0,0.9123139880952381,0.9137185131595008,0.8770833333333333,3.333917864580119e-24,1.0,1.0,1.0,1.0,1.0,1.0,1.0,1.0,1.0
302,QFT,SP3-P2,ibm_fez,multiple,256,1.0,1.0,0.9114149305555556,0.9041490074448578,0.871875,1.0684946129628025e-48,1.0,1.0,1.0,1.0,1.0,1.0,1.0,1.0,1.0
302,QFT,SP3-P2,ibm_fez,multiple,512,1.0,1.0,0.9121744791666667,0.9071643974246366,0.86953125,4.986401102193157e-101,1.0,1.0,1.0,1.0,1.0,1.0,1.0,1.0,1.0
303,QFT,SP3-P2,ibm_fez,multiple,64,1.0,1.0,0.9078472222222221,0.8932169244331811,0.8473958333333333,1.1998814351676703e-11,1.0,1.0,1.0,1.0,0.9666666666666667,1.0,1.0,1.0,1.0
303,QFT,SP3-P2,ibm_fez,multiple,128,1.0,1.0,0.9075148809523809,0.9223960118666322,0.86875,3.2903458439483845e-22,1.0,1.0,1.0,1.0,1.0,1.0,1.0,1.0,1.0
303,QFT,SP3-P2,ibm_fez,multiple,256,1.0,1.0,0.9078993055555556,0.9114014048706486,0.86328125,1.833651951177601e-49,1.0,1.0,1.0,1.0,1.0,1.0,1.0,1.0,1.0
303,QFT,SP3-P2,ibm_fez,multiple,512,1.0,1.0,0.9049479166666666,0.9215928586332657,0.8723958333333334,1.2986784338929398e-106,1.0,1.0,1.0,1.0,1.0,1.0,1.0,1.0,1.0
304,QFT,SP3-P2,ibm_fez,multiple,64,1.0,1.0,0.9101388888888889,0.9047651271346758,0.8651041666666667,4.578442187368771e-11,1.0,1.0,1.0,1.0,0.9666666666666667,1.0,1.0,1.0,1.0
304,QFT,SP3-P2,ibm_fez,multiple,128,1.0,1.0,0.9091517857142858,0.9155370732657203,0.8768229166666667,3.054213611147847e-24,1.0,1.0,1.0,1.0,1.0,1.0,1.0,1.0,1.0
304,QFT,SP3-P2,ibm_fez,multiple,256,1.0,1.0,0.9101128472222223,0.9180651481304903,0.871484375,1.7372031231661295e-48,1.0,1.0,1.0,1.0,1.0,1.0,1.0,1.0,1.0
304,QFT,SP3-P2,ibm_fez,multiple,512,1.0,1.0,0.9079427083333333,0.9211582919240515,0.8749348958333333,1.1087446323238505e-107,1.0,1.0,1.0,1.0,1.0,1.0,1.0,1.0,1.0
305,QFT,SP3-P2,ibm_fez,multiple,64,1.0,1.0,0.9152083333333334,0.9125187009823077,0.8708333333333333,1.2940946057804493e-13,1.0,1.0,1.0,1.0,1.0,1.0,1.0,1.0,1.0
305,QFT,SP3-P2,ibm_fez,multiple,128,1.0,1.0,0.9142113095238095,0.9269218327366493,0.8859375,1.0149052295488471e-25,1.0,1.0,1.0,1.0,1.0,1.0,1.0,1.0,1.0
305,QFT,SP3-P2,ibm_fez,multiple,256,1.0,1.0,0.9147569444444444,0.9259920437477265,0.8807291666666667,1.6515966206774612e-52,1.0,1.0,1.0,1.0,1.0,1.0,1.0,1.0,1.0
305,QFT,SP3-P2,ibm_fez,multiple,512,1.0,1.0,0.9123046875,0.9271122180452764,0.8830729166666667,6.404449409134974e-106,1.0,1.0,1.0,1.0,1.0,1.0,1.0,1.0,1.0
306,QFT,SP3-P2,ibm_fez,multiple,64,1.0,1.0,0.9224305555555555,0.9335224152116827,0.8973958333333333,3.165713857144111e-14,1.0,1.0,1.0,1.0,1.0,1.0,1.0,1.0,1.0
306,QFT,SP3-P2,ibm_fez,multiple,128,1.0,1.0,0.9229538690476191,0.941741297607177,0.89453125,7.602951715022114e-29,1.0,1.0,1.0,1.0,1.0,1.0,1.0,1.0,1.0
306,QFT,SP3-P2,ibm_fez,multiple,256,1.0,1.0,0.9233506944444444,0.9429063137045918,0.8942708333333333,3.999956039339639e-58,1.0,1.0,1.0,1.0,1.0,1.0,1.0,1.0,1.0
306,QFT,SP3-P2,ibm_fez,multiple,512,1.0,1.0,0.924609375,0.9448625604970416,0.8949869791666667,3.3220372029000836e-116,1.0,1.0,1.0,1.0,1.0,1.0,1.0,1.0,1.0
307,QFT,SP3-P2,ibm_fez,multiple,64,1.0,1.0,0.9351388888888889,0.9388749895608767,0.9119791666666667,1.2755175966365033e-14,1.0,1.0,1.0,1.0,1.0,1.0,1.0,1.0,1.0
307,QFT,SP3-P2,ibm_fez,multiple,128,1.0,1.0,0.9354910714285715,0.9494541752017718,0.91171875,5.654730072002443e-29,1.0,1.0,1.0,1.0,1.0,1.0,1.0,1.0,1.0
307,QFT,SP3-P2,ibm_fez,multiple,256,1.0,1.0,0.9351996527777777,0.9546022971704442,0.91484375,1.4516986903016017e-59,1.0,1.0,1.0,1.0,1.0,1.0,1.0,1.0,1.0
307,QFT,SP3-P2,ibm_fez,multiple,512,1.0,1.0,0.9369140625,0.9535615503734586,0.9119791666666667,2.4821709357410346e-116,1.0,1.0,1.0,1.0,1.0,1.0,1.0,1.0,1.0
308,QFT,SP3-P2,ibm_fez,multiple,64,1.0,1.0,0.9156944444444444,0.9393712972224059,0.8921875,2.628316401326325e-14,1.0,1.0,1.0,1.0,1.0,1.0,1.0,1.0,1.0
308,QFT,SP3-P2,ibm_fez,multiple,128,1.0,1.0,0.916592261904762,0.9341945201449454,0.8809895833333333,2.5248036305476506e-26,1.0,1.0,1.0,1.0,1.0,1.0,1.0,1.0,1.0
308,QFT,SP3-P2,ibm_fez,multiple,256,1.0,1.0,0.9157118055555556,0.9465281500679192,0.891796875,3.027485121200331e-54,1.0,1.0,1.0,1.0,1.0,1.0,1.0,1.0,1.0
308,QFT,SP3-P2,ibm_fez,multiple,512,1.0,1.0,0.9164713541666667,0.9522273118409019,0.8931640625,5.084751799873274e-118,1.0,1.0,1.0,1.0,1.0,1.0,1.0,1.0,1.0
309,QFT,SP3-P2,ibm_fez,multiple,64,1.0,1.0,0.9198263888888889,0.9183712654970296,0.8822916666666667,9.58812908264985e-13,1.0,1.0,1.0,1.0,1.0,1.0,1.0,1.0,1.0
309,QFT,SP3-P2,ibm_fez,multiple,128,1.0,1.0,0.9192708333333334,0.9281478883970187,0.8901041666666667,3.7542964100400195e-27,1.0,1.0,1.0,1.0,1.0,1.0,1.0,1.0,1.0
309,QFT,SP3-P2,ibm_fez,multiple,256,1.0,1.0,0.9207465277777778,0.9232673064938629,0.880859375,1.4385705173905209e-52,1.0,1.0,1.0,1.0,1.0,1.0,1.0,1.0,1.0
309,QFT,SP3-P2,ibm_fez,multiple,512,1.0,1.0,0.9193359375,0.9248250975013802,0.8845703125,1.2296737184558033e-105,1.0,1.0,1.0,1.0,1.0,1.0,1.0,1.0,1.0
310,QFT,SP3-P2,ibm_fez,multiple,64,1.0,1.0,0.9152083333333334,0.9079502076090572,0.86875,3.845351774992243e-12,1.0,1.0,1.0,1.0,1.0,1.0,1.0,1.0,1.0
310,QFT,SP3-P2,ibm_fez,multiple,128,1.0,1.0,0.9149553571428571,0.9301358053967764,0.8825520833333333,1.5894488770869526e-25,1.0,1.0,1.0,1.0,1.0,1.0,1.0,1.0,1.0
310,QFT,SP3-P2,ibm_fez,multiple,256,1.0,1.0,0.9154513888888889,0.9213553137686173,0.8764322916666667,2.0027194358733375e-50,1.0,1.0,1.0,1.0,1.0,1.0,1.0,1.0,1.0
310,QFT,SP3-P2,ibm_fez,multiple,512,1.0,1.0,0.9132161458333333,0.9285284449224235,0.8828776041666667,1.5169560000081443e-111,1.0,1.0,1.0,1.0,1.0,1.0,1.0,1.0,1.0
311,QFT,SP3-P2,ibm_fez,multiple,64,1.0,1.0,0.9288194444444444,0.9303015931455257,0.89375,3.562858341688013e-13,1.0,1.0,1.0,1.0,1.0,1.0,1.0,1.0,1.0
311,QFT,SP3-P2,ibm_fez,multiple,128,1.0,1.0,0.9286830357142858,0.9395551992613972,0.9,2.3729668605081647e-28,1.0,1.0,1.0,1.0,1.0,1.0,1.0,1.0,1.0
311,QFT,SP3-P2,ibm_fez,multiple,256,1.0,1.0,0.9309895833333334,0.9428934820653865,0.8947916666666667,3.1050383963257318e-56,1.0,1.0,1.0,1.0,1.0,1.0,1.0,1.0,1.0
311,QFT,SP3-P2,ibm_fez,multiple,512,1.0,1.0,0.92890625,0.9536827122892356,0.9065104166666667,2.5240235607615706e-119,1.0,1.0,1.0,1.0,1.0,1.0,1.0,1.0,1.0
312,QFT,SP3-P2,ibm_fez,multiple,64,1.0,1.0,0.9307638888888888,0.9233200034280242,0.8921875,7.319426821005467e-14,1.0,1.0,1.0,1.0,1.0,1.0,1.0,1.0,1.0
312,QFT,SP3-P2,ibm_fez,multiple,128,1.0,1.0,0.9294270833333333,0.937629567841772,0.9091145833333333,1.8890054287507284e-27,1.0,1.0,1.0,1.0,1.0,1.0,1.0,1.0,1.0
312,QFT,SP3-P2,ibm_fez,multiple,256,1.0,1.0,0.929296875,0.9397626388789406,0.9057291666666667,1.0527430673569293e-54,1.0,1.0,1.0,1.0,1.0,1.0,1.0,1.0,1.0
312,QFT,SP3-P2,ibm_fez,multiple,512,1.0,1.0,0.9279947916666667,0.9354620098706298,0.9022135416666667,1.0382138936403862e-111,1.0,1.0,1.0,1.0,1.0,1.0,1.0,1.0,1.0
313,QFT,SP3-P2,ibm_kingston,multiple,64,1.0,1.0,0.918298611111111,0.9116182118252586,0.8708333333333333,4.934164911143031e-13,1.0,1.0,1.0,1.0,1.0,1.0,1.0,1.0,1.0
313,QFT,SP3-P2,ibm_kingston,multiple,128,1.0,1.0,0.9177083333333333,0.9174713190122028,0.8802083333333334,7.318319431523494e-24,1.0,1.0,1.0,1.0,1.0,1.0,1.0,1.0,1.0
313,QFT,SP3-P2,ibm_kingston,multiple,256,1.0,1.0,0.9180989583333333,0.9203788299947339,0.8795572916666666,2.3734763021596924e-51,1.0,1.0,1.0,1.0,1.0,1.0,1.0,1.0,1.0
313,QFT,SP3-P2,ibm_kingston,multiple,512,1.0,1.0,0.9160807291666667,0.929269371084401,0.8861328125,9.1322648361709e-111,1.0,1.0,1.0,1.0,1.0,1.0,1.0,1.0,1.0
314,QFT,SP3-P2,ibm_kingston,multiple,64,1.0,1.0,0.9310763888888889,0.92363953932891,0.8880208333333334,1.6974918649534375e-13,1.0,1.0,1.0,1.0,1.0,1.0,1.0,1.0,1.0
314,QFT,SP3-P2,ibm_kingston,multiple,128,1.0,1.0,0.9309523809523809,0.9411442509474256,0.9005208333333333,1.6469350886334423e-28,1.0,1.0,1.0,1.0,1.0,1.0,1.0,1.0,1.0
314,QFT,SP3-P2,ibm_kingston,multiple,256,1.0,1.0,0.930859375,0.9455012089211614,0.9040364583333333,1.6243363062454488e-57,1.0,1.0,1.0,1.0,1.0,1.0,1.0,1.0,1.0
314,QFT,SP3-P2,ibm_kingston,multiple,512,1.0,1.0,0.9301432291666667,0.9498193579274313,0.9072265625,1.512367974531278e-118,1.0,1.0,1.0,1.0,1.0,1.0,1.0,1.0,1.0
315,QFT,SP3-P2,ibm_kingston,multiple,64,1.0,1.0,0.9019791666666667,0.9045460597947288,0.8625,1.0328903505789124e-11,1.0,1.0,1.0,1.0,0.9666666666666667,1.0,1.0,1.0,1.0
315,QFT,SP3-P2,ibm_kingston,multiple,128,1.0,1.0,0.9027529761904761,0.9096326414116073,0.85703125,1.3709914852736148e-23,1.0,1.0,1.0,1.0,1.0,1.0,1.0,1.0,1.0
315,QFT,SP3-P2,ibm_kingston,multiple,256,1.0,1.0,0.9009982638888889,0.9192250878203218,0.8682291666666667,2.878610867287184e-51,1.0,1.0,1.0,1.0,1.0,1.0,1.0,1.0,1.0
315,QFT,SP3-P2,ibm_kingston,multiple,512,1.0,1.0,0.9044921875,0.9124246428394733,0.858984375,4.6386801815968506e-102,1.0,1.0,1.0,1.0,1.0,1.0,1.0,1.0,1.0
316,QFT,SP3-P2,ibm_kingston,multiple,64,1.0,1.0,0.9132638888888889,0.9010993748334541,0.8630208333333333,1.6816326868333842e-12,1.0,1.0,1.0,1.0,1.0,1.0,1.0,1.0,1.0
316,QFT,SP3-P2,ibm_kingston,multiple,128,1.0,1.0,0.9131324404761905,0.9037097520468399,0.8666666666666667,3.293320661982242e-22,1.0,1.0,1.0,1.0,1.0,1.0,1.0,1.0,1.0
316,QFT,SP3-P2,ibm_kingston,multiple,256,1.0,1.0,0.9143663194444444,0.9024498224847827,0.8626302083333334,1.0626204496524855e-50,1.0,1.0,1.0,1.0,1.0,1.0,1.0,1.0,1.0
316,QFT,SP3-P2,ibm_kingston,multiple,512,1.0,1.0,0.9123697916666667,0.9073184192199395,0.8694010416666667,3.692080046109253e-99,1.0,1.0,1.0,1.0,1.0,1.0,1.0,1.0,1.0
317,QFT,SP3-P2,ibm_kingston,multiple,64,1.0,1.0,0.9161458333333333,0.9337693039602845,0.8979166666666667,3.877529084853985e-14,1.0,1.0,1.0,1.0,1.0,1.0,1.0,1.0,1.0
317,QFT,SP3-P2,ibm_kingston,multiple,128,1.0,1.0,0.9167782738095238,0.9282019567348416,0.884375,3.1856713137139545e-26,1.0,1.0,1.0,1.0,1.0,1.0,1.0,1.0,1.0
317,QFT,SP3-P2,ibm_kingston,multiple,256,1.0,1.0,0.9173611111111111,0.9347539891262193,0.8850260416666667,9.507667245132031e-55,1.0,1.0,1.0,1.0,1.0,1.0,1.0,1.0,1.0
317,QFT,SP3-P2,ibm_kingston,multiple,512,1.0,1.0,0.9159505208333333,0.9361615307227934,0.8877604166666667,2.619644412777492e-113,1.0,1.0,1.0,1.0,1.0,1.0,1.0,1.0,1.0
318,QFT,SP4-P4,ibm_fez,multiple,64,1.0,1.0,0.5841666666666666,0.4931200833194158,0.38385416666666666,0.004913552414166661,1.0,1.0,1.0,0.5,0.0,1.0,0.8666666666666667,1.0,1.0
318,QFT,SP4-P4,ibm_fez,multiple,128,1.0,1.0,0.5848958333333333,0.4785294520971605,0.3736979166666667,0.00022080807166977793,1.0,1.0,1.0,0.3333333333333333,0.0,1.0,1.0,1.0,1.0
318,QFT,SP4-P4,ibm_fez,multiple,256,1.0,1.0,0.5828993055555556,0.4894639904849279,0.38619791666666664,5.347591231053783e-09,1.0,1.0,1.0,0.43333333333333335,0.0,1.0,1.0,1.0,1.0
318,QFT,SP4-P4,ibm_fez,multiple,512,1.0,1.0,0.5847005208333333,0.49804202848896933,0.3878255208333333,2.414123078136939e-19,1.0,1.0,1.0,0.5,0.0,1.0,1.0,1.0,1.0
319,QFT,SP4-P4,ibm_fez,multiple,64,1.0,1.0,0.7992013888888889,0.8742019631289024,0.7552083333333334,9.273007564938873e-10,1.0,1.0,1.0,1.0,0.9333333333333333,1.0,1.0,1.0,1.0
319,QFT,SP4-P4,ibm_fez,multiple,128,1.0,1.0,0.7991443452380953,0.8619218570378389,0.7450520833333333,1.2728466017174381e-18,1.0,1.0,1.0,1.0,0.9666666666666667,1.0,1.0,1.0,1.0
319,QFT,SP4-P4,ibm_fez,multiple,256,1.0,1.0,0.7986979166666667,0.8613443066096933,0.743359375,8.1680573923964e-36,1.0,1.0,1.0,1.0,0.9666666666666667,1.0,1.0,1.0,1.0
319,QFT,SP4-P4,ibm_fez,multiple,512,1.0,1.0,0.8007161458333333,0.8645028015722056,0.7408203125,1.832546549657248e-80,1.0,1.0,1.0,1.0,1.0,1.0,1.0,1.0,1.0
320,QFT,SP4-P4,ibm_fez,multiple,64,1.0,1.0,0.8479166666666667,0.8705239170214297,0.7854166666666667,2.2578521130291647e-10,1.0,1.0,1.0,1.0,0.8333333333333334,1.0,1.0,1.0,1.0
320,QFT,SP4-P4,ibm_fez,multiple,128,1.0,1.0,0.8479538690476189,0.8812488020455153,0.7921875,1.035389704232915e-21,1.0,1.0,1.0,1.0,1.0,1.0,1.0,1.0,1.0
320,QFT,SP4-P4,ibm_fez,multiple,256,1.0,1.0,0.8484809027777778,0.8881897227836058,0.7951822916666667,7.948723162013191e-44,1.0,1.0,1.0,1.0,1.0,1.0,1.0,1.0,1.0
320,QFT,SP4-P4,ibm_fez,multiple,512,1.0,1.0,0.8440755208333334,0.894669857960744,0.80390625,9.874314089694304e-93,1.0,1.0,1.0,1.0,1.0,1.0,1.0,1.0,1.0
321,QFT,SP4-P4,ibm_fez,multiple,64,1.0,1.0,0.8641666666666666,0.8965746024113166,0.81875,4.8800654200524076e-11,1.0,1.0,1.0,1.0,1.0,1.0,1.0,1.0,1.0
321,QFT,SP4-P4,ibm_fez,multiple,128,1.0,1.0,0.8642113095238095,0.9154957101359734,0.8265625,1.5212256404333645e-24,1.0,1.0,1.0,1.0,1.0,1.0,1.0,1.0,1.0
321,QFT,SP4-P4,ibm_fez,multiple,256,1.0,1.0,0.8641059027777778,0.9226145075675735,0.8299479166666667,1.2353718980287923e-49,1.0,1.0,1.0,1.0,1.0,1.0,1.0,1.0,1.0
321,QFT,SP4-P4,ibm_fez,multiple,512,1.0,1.0,0.8662760416666667,0.9236063495746797,0.8279947916666667,4.964710318088079e-102,1.0,1.0,1.0,1.0,1.0,1.0,1.0,1.0,1.0
322,QFT,SP4-P4,ibm_fez,multiple,64,1.0,1.0,0.37972222222222224,0.3437388754914757,0.19635416666666666,0.15664314605523186,1.0,1.0,0.8333333333333334,0.16666666666666666,0.0,0.5,0.3,0.5,0.9666666666666667
322,QFT,SP4-P4,ibm_fez,multiple,128,1.0,1.0,0.38139880952380956,0.3363661471295562,0.18645833333333334,0.026448500129962613,1.0,1.0,0.9666666666666667,0.06666666666666667,0.0,0.8666666666666667,0.5,0.8666666666666667,1.0
322,QFT,SP4-P4,ibm_fez,multiple,256,1.0,1.0,0.3791232638888889,0.3844412443262842,0.2125,0.00028448474345070323,1.0,1.0,1.0,0.0,0.0,1.0,1.0,1.0,1.0
322,QFT,SP4-P4,ibm_fez,multiple,512,1.0,1.0,0.3765625,0.3711547155634472,0.207421875,1.5992251940887648e-08,1.0,1.0,1.0,0.0,0.0,1.0,1.0,1.0,1.0
323,QFT,SP4-P4,ibm_fez,multiple,64,1.0,1.0,0.8309722222222222,0.8757429396027289,0.7630208333333334,1.0400464766034215e-10,1.0,1.0,1.0,1.0,0.9666666666666667,1.0,1.0,1.0,1.0
323,QFT,SP4-P4,ibm_fez,multiple,128,1.0,1.0,0.8299107142857143,0.8925030486542126,0.7841145833333333,2.605398342921983e-21,1.0,1.0,1.0,1.0,1.0,1.0,1.0,1.0,1.0
323,QFT,SP4-P4,ibm_fez,multiple,256,1.0,1.0,0.830295138888889,0.9016560614212852,0.7865885416666667,1.5374993018761735e-44,1.0,1.0,1.0,1.0,1.0,1.0,1.0,1.0,1.0
323,QFT,SP4-P4,ibm_fez,multiple,512,1.0,1.0,0.8333333333333334,0.9093091635449293,0.7875651041666667,1.3149732733274974e-94,1.0,1.0,1.0,1.0,1.0,1.0,1.0,1.0,1.0
324,QFT,SP4-P4,ibm_fez,multiple,64,1.0,1.0,0.8732986111111111,0.9060364821171866,0.8265625,1.1746078935892523e-12,1.0,1.0,1.0,1.0,1.0,1.0,1.0,1.0,1.0
324,QFT,SP4-P4,ibm_fez,multiple,128,1.0,1.0,0.8732514880952381,0.9184529184551252,0.8346354166666666,5.2872636071754375e-25,1.0,1.0,1.0,1.0,1.0,1.0,1.0,1.0,1.0
324,QFT,SP4-P4,ibm_fez,multiple,256,1.0,1.0,0.872829861111111,0.9237090770069074,0.8390625,1.7951593303847236e-50,1.0,1.0,1.0,1.0,1.0,1.0,1.0,1.0,1.0
324,QFT,SP4-P4,ibm_fez,multiple,512,1.0,1.0,0.8727213541666666,0.9294910114415261,0.8414713541666666,1.1616762854237085e-102,1.0,1.0,1.0,1.0,1.0,1.0,1.0,1.0,1.0
325,QFT,SP4-P4,ibm_fez,multiple,64,1.0,1.0,0.8688888888888889,0.907383145963233,0.8307291666666666,8.188293214768846e-12,1.0,1.0,1.0,1.0,1.0,1.0,1.0,1.0,1.0
325,QFT,SP4-P4,ibm_fez,multiple,128,1.0,1.0,0.8693080357142856,0.9242096369399342,0.8338541666666667,1.6114183135721867e-25,1.0,1.0,1.0,1.0,1.0,1.0,1.0,1.0,1.0
325,QFT,SP4-P4,ibm_fez,multiple,256,1.0,1.0,0.87109375,0.9283895183383513,0.83125,2.4012510430941746e-50,1.0,1.0,1.0,1.0,1.0,1.0,1.0,1.0,1.0
325,QFT,SP4-P4,ibm_fez,multiple,512,1.0,1.0,0.8692057291666667,0.9390937682793258,0.841796875,2.9333450119196336e-104,1.0,1.0,1.0,1.0,1.0,1.0,1.0,1.0,1.0
326,QFT,SP5-P4,ibm_fez,multiple,64,1.0,0.2,0.26489583333333333,0.1369496513170295,0.0703125,0.591854697243131,1.0,1.0,0.3,0.0,0.0,0.0,0.0,0.0,0.4666666666666667
326,QFT,SP5-P4,ibm_fez,multiple,128,1.0,0.13333333333333333,0.2630208333333333,0.08039139708287044,0.04296875,0.615224365663532,1.0,0.9666666666666667,0.0,0.0,0.0,0.0,0.0,0.0,0.4
326,QFT,SP5-P4,ibm_fez,multiple,256,1.0,0.03333333333333333,0.2615885416666667,0.06473707410895797,0.033854166666666664,0.5457892714173921,1.0,0.9666666666666667,0.0,0.0,0.0,0.03333333333333333,0.0,0.0,0.16666666666666666
326,QFT,SP5-P4,ibm_fez,multiple,512,1.0,0.16666666666666666,0.2571614583333333,0.03830696428783708,0.020377604166666667,0.6135093451749041,1.0,1.0,0.0,0.0,0.0,0.0,0.0,0.0,0.06666666666666667
327,QFT,SP5-P4,ibm_fez,multiple,64,1.0,1.0,0.7792013888888889,0.8771850087548507,0.7296875,3.0006565103028275e-10,1.0,1.0,1.0,1.0,0.9666666666666667,1.0,1.0,1.0,1.0
327,QFT,SP5-P4,ibm_fez,multiple,128,1.0,1.0,0.7805431547619047,0.8945539479677008,0.7278645833333334,9.111384008212912e-20,1.0,1.0,1.0,1.0,1.0,1.0,1.0,1.0,1.0
327,QFT,SP5-P4,ibm_fez,multiple,256,1.0,1.0,0.7796006944444444,0.9052563036567725,0.7397135416666667,8.972981314763478e-43,1.0,1.0,1.0,1.0,1.0,1.0,1.0,1.0,1.0
327,QFT,SP5-P4,ibm_fez,multiple,512,1.0,1.0,0.774609375,0.9084052986293202,0.7463541666666667,5.873599240103518e-88,1.0,1.0,1.0,1.0,1.0,1.0,1.0,1.0,1.0
328,QFT,SP5-P4,ibm_fez,multiple,64,1.0,1.0,0.6027430555555555,0.44212087621891544,0.36770833333333336,0.011590516427501236,1.0,1.0,1.0,0.26666666666666666,0.0,0.9333333333333333,0.7666666666666667,0.9333333333333333,1.0
328,QFT,SP5-P4,ibm_fez,multiple,128,1.0,1.0,0.6017113095238095,0.44911820066950026,0.37734375,0.0006390039385251023,1.0,1.0,1.0,0.26666666666666666,0.0,1.0,0.9666666666666667,1.0,1.0
328,QFT,SP5-P4,ibm_fez,multiple,256,1.0,1.0,0.6047743055555556,0.43642936489174755,0.362109375,3.010126633027733e-08,1.0,1.0,1.0,0.13333333333333333,0.0,1.0,1.0,1.0,1.0
328,QFT,SP5-P4,ibm_fez,multiple,512,1.0,1.0,0.6034505208333333,0.4443500928530725,0.3701171875,5.809632021098881e-18,1.0,1.0,1.0,0.03333333333333333,0.0,1.0,1.0,1.0,1.0
329,QFT,SP5-P4,ibm_fez,multiple,64,1.0,1.0,0.6163541666666668,0.4454748093037782,0.3885416666666667,0.00860376382662558,1.0,1.0,1.0,0.23333333333333334,0.0,0.9666666666666667,0.8666666666666667,0.9666666666666667,1.0
329,QFT,SP5-P4,ibm_fez,multiple,128,1.0,1.0,0.6158854166666666,0.4399398658316906,0.3828125,0.00013498655120380948,1.0,1.0,1.0,0.2,0.0,1.0,1.0,1.0,1.0
329,QFT,SP5-P4,ibm_fez,multiple,256,1.0,1.0,0.6186631944444444,0.42031024414603935,0.3626302083333333,2.3242693460614627e-07,1.0,1.0,1.0,0.06666666666666667,0.0,1.0,1.0,1.0,1.0
329,QFT,SP5-P4,ibm_fez,multiple,512,1.0,1.0,0.6141276041666667,0.43853019774818924,0.37819010416666665,3.257786286649351e-17,1.0,1.0,1.0,0.0,0.0,1.0,1.0,1.0,1.0
330,QFT,SP5-P4,ibm_marrakesh,multiple,64,1.0,1.0,0.2409375,0.27245381400191093,0.11458333333333333,0.3376589967403561,1.0,0.9666666666666667,0.6333333333333333,0.1,0.0,0.13333333333333333,0.06666666666666667,0.13333333333333333,0.8
330,QFT,SP5-P4,ibm_marrakesh,multiple,128,0.9666666666666667,0.9666666666666667,0.23954613095238095,0.22987297708285787,0.08645833333333333,0.2507527898252822,1.0,1.0,0.7,0.0,0.0,0.2,0.06666666666666667,0.2,0.8
330,QFT,SP5-P4,ibm_marrakesh,multiple,256,1.0,1.0,0.24266493055555557,0.2692021651137452,0.10234375,0.03435167493739021,1.0,1.0,0.8333333333333334,0.0,0.0,0.8333333333333334,0.4666666666666667,0.8333333333333334,0.9666666666666667
330,QFT,SP5-P4,ibm_marrakesh,multiple,512,1.0,1.0,0.2419921875,0.29244621979088203,0.10983072916666667,0.0005413748015493448,1.0,1.0,1.0,0.0,0.0,1.0,1.0,1.0,1.0
331,QFT,SP5-P4,ibm_marrakesh,multiple,64,1.0,1.0,0.5711458333333332,0.6587100496681372,0.45677083333333335,0.0006488103067842865,1.0,1.0,1.0,0.9,0.0,1.0,0.9666666666666667,1.0,1.0
331,QFT,SP5-P4,ibm_marrakesh,multiple,128,1.0,1.0,0.5731026785714286,0.6534357027622603,0.44166666666666665,1.5369819668186912e-07,1.0,1.0,1.0,1.0,0.0,1.0,1.0,1.0,1.0
331,QFT,SP5-P4,ibm_marrakesh,multiple,256,1.0,1.0,0.5700086805555556,0.6730201628230041,0.462890625,4.0331488677813425e-17,1.0,1.0,1.0,1.0,0.0,1.0,1.0,1.0,1.0
331,QFT,SP5-P4,ibm_marrakesh,multiple,512,1.0,1.0,0.5722005208333333,0.6722613624684003,0.45852864583333336,3.34647862315837e-35,1.0,1.0,1.0,1.0,0.0,1.0,1.0,1.0,1.0
332,QFT,SP6-P8,ibm_fez,multiple,64,0.5666666666666667,0.4666666666666667,0.09024305555555556,0.13638705291956066,0.028645833333333332,0.8012100219726562,1.0,0.8,0.3,0.0,0.0,0.0,0.0,0.0,0.16666666666666666
332,QFT,SP6-P8,ibm_fez,multiple,128,0.7666666666666667,0.7,0.10241815476190476,0.12351372409954432,0.026822916666666665,0.6810805442743003,1.0,1.0,0.13333333333333333,0.0,0.0,0.0,0.0,0.0,0.13333333333333333
332,QFT,SP6-P8,ibm_fez,multiple,256,0.8333333333333334,0.8333333333333334,0.10842013888888888,0.1349215779819553,0.027864583333333335,0.4879532486972657,1.0,1.0,0.23333333333333334,0.0,0.0,0.06666666666666667,0.0,0.06666666666666667,0.2
332,QFT,SP6-P8,ibm_fez,multiple,512,0.9333333333333333,0.9,0.11041666666666666,0.14497799581485102,0.029557291666666666,0.25473574662335524,1.0,0.9666666666666667,0.2,0.0,0.0,0.13333333333333333,0.0,0.13333333333333333,0.1
333,QFT,SP6-P8,ibm_fez,multiple,64,1.0,1.0,0.42364583333333333,0.541175521248778,0.29010416666666666,0.018226976760464215,1.0,1.0,1.0,0.6333333333333333,0.0,0.9333333333333333,0.6666666666666666,0.9333333333333333,1.0
333,QFT,SP6-P8,ibm_fez,multiple,128,1.0,1.0,0.42328869047619044,0.5911513419666199,0.31276041666666665,0.0001694926948691362,1.0,1.0,1.0,0.9,0.0,1.0,1.0,1.0,1.0
333,QFT,SP6-P8,ibm_fez,multiple,256,1.0,1.0,0.4237847222222222,0.6022934286738534,0.31614583333333335,7.418858017651689e-10,1.0,1.0,1.0,1.0,0.0,1.0,1.0,1.0,1.0
333,QFT,SP6-P8,ibm_fez,multiple,512,1.0,1.0,0.4201171875,0.6133266933517054,0.3235677083333333,3.035542142851972e-22,1.0,1.0,1.0,1.0,0.0,1.0,1.0,1.0,1.0
334,QFT,SP6-P8,ibm_fez,multiple,64,1.0,1.0,0.6050694444444444,0.8142349675452499,0.5354166666666667,6.832869947478078e-07,1.0,1.0,1.0,1.0,0.6666666666666666,1.0,1.0,1.0,1.0
334,QFT,SP6-P8,ibm_fez,multiple,128,1.0,1.0,0.6049851190476191,0.8310872385097938,0.5458333333333333,3.073032643899495e-13,1.0,1.0,1.0,1.0,0.7333333333333333,1.0,1.0,1.0,1.0
334,QFT,SP6-P8,ibm_fez,multiple,256,1.0,1.0,0.6038628472222223,0.8513888708850929,0.5578125,9.514787331078508e-29,1.0,1.0,1.0,1.0,1.0,1.0,1.0,1.0,1.0
334,QFT,SP6-P8,ibm_fez,multiple,512,1.0,1.0,0.6092447916666667,0.8602804327467077,0.5547526041666667,2.4167735563237013e-57,1.0,1.0,1.0,1.0,1.0,1.0,1.0,1.0,1.0
335,QFT,SP6-P8,ibm_fez,multiple,64,1.0,1.0,0.6669444444444445,0.8189928962223052,0.6015625,9.218332994720412e-08,1.0,1.0,1.0,1.0,0.6,1.0,1.0,1.0,1.0
335,QFT,SP6-P8,ibm_fez,multiple,128,1.0,1.0,0.6662946428571428,0.83806136576869,0.6127604166666667,1.412062091498911e-15,1.0,1.0,1.0,1.0,0.9,1.0,1.0,1.0,1.0
335,QFT,SP6-P8,ibm_fez,multiple,256,1.0,1.0,0.6696180555555556,0.8501444090846265,0.605859375,2.1389687526256917e-28,1.0,1.0,1.0,1.0,0.9666666666666667,1.0,1.0,1.0,1.0
335,QFT,SP6-P8,ibm_fez,multiple,512,1.0,1.0,0.6635416666666667,0.8681834609361778,0.6231119791666667,8.345724386192582e-66,1.0,1.0,1.0,1.0,1.0,1.0,1.0,1.0,1.0
336,QFT,SP6-P8,ibm_fez,multiple,64,0.8,0.4666666666666667,0.05621527777777778,0.1333154808154808,0.025520833333333333,0.8463633219401042,1.0,0.8,0.2,0.0,0.0,0.0,0.0,0.0,0.13333333333333333
336,QFT,SP6-P8,ibm_fez,multiple,128,0.6666666666666666,0.5,0.058816964285714285,0.13411724126867483,0.022135416666666668,0.7104866445064545,1.0,0.8666666666666667,0.3,0.0,0.0,0.0,0.0,0.0,0.1
336,QFT,SP6-P8,ibm_fez,multiple,256,0.8,0.6,0.06124131944444444,0.08730424885350921,0.012369791666666666,0.7360716833757124,1.0,0.9333333333333333,0.1,0.0,0.0,0.0,0.0,0.0,0.0
336,QFT,SP6-P8,ibm_fez,multiple,512,0.9333333333333333,0.7,0.06888020833333333,0.13636212064196368,0.018815104166666666,0.3763007063298571,1.0,1.0,0.16666666666666666,0.0,0.0,0.06666666666666667,0.0,0.06666666666666667,0.0
337,QFT,SP6-P8,ibm_fez,multiple,64,1.0,1.0,0.6249652777777778,0.7899522938633929,0.5385416666666667,1.1323910885134106e-06,1.0,1.0,1.0,1.0,0.6,1.0,1.0,1.0,1.0
337,QFT,SP6-P8,ibm_fez,multiple,128,1.0,1.0,0.6238095238095238,0.8247662693205802,0.565625,4.450035637488026e-14,1.0,1.0,1.0,1.0,0.8,1.0,1.0,1.0,1.0
337,QFT,SP6-P8,ibm_fez,multiple,256,1.0,1.0,0.6251302083333333,0.847750425356054,0.5696614583333334,8.623876493148973e-29,1.0,1.0,1.0,1.0,0.9666666666666667,1.0,1.0,1.0,1.0
337,QFT,SP6-P8,ibm_fez,multiple,512,1.0,1.0,0.623046875,0.863841556332156,0.5793619791666667,5.623313210665378e-62,1.0,1.0,1.0,1.0,1.0,1.0,1.0,1.0,1.0
338,QFT,SP6-P8,ibm_fez,multiple,64,1.0,1.0,0.7130555555555556,0.8420864595659481,0.65,2.935686868876797e-08,1.0,1.0,1.0,1.0,0.7666666666666667,1.0,1.0,1.0,1.0
338,QFT,SP6-P8,ibm_fez,multiple,128,1.0,1.0,0.7133184523809525,0.8504431827485089,0.65234375,2.2868101491251327e-16,1.0,1.0,1.0,1.0,0.8333333333333334,1.0,1.0,1.0,1.0
338,QFT,SP6-P8,ibm_fez,multiple,256,1.0,1.0,0.7132378472222223,0.8411026709771761,0.6505208333333333,6.894995374502841e-33,1.0,1.0,1.0,1.0,0.9666666666666667,1.0,1.0,1.0,1.0
338,QFT,SP6-P8,ibm_fez,multiple,512,1.0,1.0,0.7134114583333333,0.8488079616470104,0.6541015625,1.2584114742249442e-69,1.0,1.0,1.0,1.0,1.0,1.0,1.0,1.0,1.0
339,QFT,SP6-P8,ibm_fez,multiple,64,1.0,1.0,0.7067708333333333,0.8578475466861739,0.6567708333333333,3.449489840434694e-08,1.0,1.0,1.0,1.0,0.9,1.0,1.0,1.0,1.0
339,QFT,SP6-P8,ibm_fez,multiple,128,1.0,1.0,0.7071056547619048,0.8736045579780808,0.6591145833333333,1.7433986165089375e-16,1.0,1.0,1.0,1.0,0.9333333333333333,1.0,1.0,1.0,1.0
339,QFT,SP6-P8,ibm_fez,multiple,256,1.0,1.0,0.708984375,0.8873016292146709,0.659375,7.384103620072646e-35,1.0,1.0,1.0,1.0,1.0,1.0,1.0,1.0,1.0
339,QFT,SP6-P8,ibm_fez,multiple,512,1.0,1.0,0.7063151041666667,0.8995007199326436,0.6703125,5.514895433913906e-78,1.0,1.0,1.0,1.0,1.0,1.0,1.0,1.0,1.0
340,QFT,SP8-P4,ibm_torino,multiple,64,1.0,1.0,0.18954861111111113,0.47840185871919616,0.12395833333333334,0.1630200703938802,1.0,1.0,0.9333333333333333,0.5333333333333333,0.0,0.43333333333333335,0.03333333333333333,0.43333333333333335,0.8666666666666667
340,QFT,SP8-P4,ibm_torino,multiple,128,1.0,1.0,0.18924851190476188,0.5738441887733039,0.13958333333333334,0.012074733119698066,1.0,1.0,1.0,0.7333333333333333,0.0,0.9333333333333333,0.7,0.9333333333333333,1.0
340,QFT,SP8-P4,ibm_torino,multiple,256,1.0,1.0,0.18828125,0.6143743058879316,0.146875,2.254168295073516e-05,1.0,1.0,1.0,0.9666666666666667,0.0,1.0,1.0,1.0,1.0
340,QFT,SP8-P4,ibm_torino,multiple,512,1.0,1.0,0.19010416666666666,0.6102395671977245,0.14303385416666667,3.9416177514042364e-10,1.0,1.0,1.0,1.0,0.0,1.0,1.0,1.0,1.0
341,QFT,SP8-P4,ibm_torino,multiple,64,1.0,1.0,0.23510416666666664,0.46563694561930735,0.15364583333333334,0.14840743007759252,1.0,1.0,0.9,0.5333333333333333,0.0,0.5333333333333333,0.16666666666666666,0.5333333333333333,0.8666666666666667
341,QFT,SP8-P4,ibm_torino,multiple,128,1.0,1.0,0.23601190476190478,0.48046655134984007,0.14895833333333333,0.015121299514588907,1.0,1.0,1.0,0.4666666666666667,0.0,0.9333333333333333,0.6,0.9333333333333333,1.0
341,QFT,SP8-P4,ibm_torino,multiple,256,1.0,1.0,0.2368923611111111,0.47583749134018627,0.14908854166666666,0.0009640114790073226,1.0,1.0,1.0,0.4,0.0,1.0,0.9666666666666667,1.0,1.0
341,QFT,SP8-P4,ibm_torino,multiple,512,1.0,1.0,0.23704427083333332,0.4839415720686252,0.15234375,1.8777714290137992e-07,1.0,1.0,1.0,0.4666666666666667,0.0,1.0,1.0,1.0,1.0
342,QFT,SP8-P4,ibm_torino,multiple,64,0.0,0.8333333333333334,0.24295138888888887,0.1845315919681706,0.08177083333333333,0.5094990968151251,1.0,0.9333333333333333,0.4,0.03333333333333333,0.0,0.06666666666666667,0.0,0.06666666666666667,0.6666666666666666
342,QFT,SP8-P4,ibm_torino,multiple,128,0.0,0.9666666666666667,0.2486607142857143,0.1954013601596993,0.08932291666666667,0.30627314329019195,1.0,1.0,0.5,0.0,0.0,0.26666666666666666,0.1,0.26666666666666666,0.7333333333333333
342,QFT,SP8-P4,ibm_torino,multiple,256,0.0,0.9,0.244921875,0.14492352991131166,0.065625,0.24095684401578515,1.0,1.0,0.2,0.0,0.0,0.2,0.1,0.2,0.6666666666666666
342,QFT,SP8-P4,ibm_torino,multiple,512,0.0,0.9666666666666667,0.25390625,0.13389736508961222,0.06015625,0.10488505006241713,1.0,1.0,0.06666666666666667,0.0,0.0,0.5,0.13333333333333333,0.06666666666666667,0.6
343,QFT,SP8-P4,ibm_torino,multiple,64,1.0,1.0,0.46270833333333333,0.7447758846925101,0.3984375,0.00011298655675394306,1.0,1.0,1.0,1.0,0.1,1.0,1.0,1.0,1.0
343,QFT,SP8-P4,ibm_torino,multiple,128,1.0,1.0,0.4621651785714286,0.7937407933207343,0.41432291666666665,1.0036006397327753e-09,1.0,1.0,1.0,1.0,0.5333333333333333,1.0,1.0,1.0,1.0
343,QFT,SP8-P4,ibm_torino,multiple,256,1.0,1.0,0.46328125,0.8148342494769937,0.41484375,4.97482567758213e-19,1.0,1.0,1.0,1.0,0.7333333333333333,1.0,1.0,1.0,1.0
343,QFT,SP8-P4,ibm_torino,multiple,512,1.0,1.0,0.45651041666666664,0.8285893772506203,0.42532552083333336,7.369335423957413e-43,1.0,1.0,1.0,1.0,0.9666666666666667,1.0,1.0,1.0,1.0
344,QFT,SR10,ibm_torino,singleton,64,0.1,0.03333333333333333,0.0027083333333333334,0.07,0.004166666666666667,0.9875,1.0,0.23333333333333334,0.23333333333333334,0.03333333333333333,0.0,0.0,0.0,0.0,0.0
344,QFT,SR10,ibm_torino,singleton,128,0.03333333333333333,0.26666666666666666,0.005357142857142857,0.10333333333333333,0.0049479166666666664,0.9635416666666666,1.0,0.5,0.36666666666666664,0.0,0.0,0.0,0.0,0.0,0.0
344,QFT,SR10,ibm_torino,singleton,256,0.16666666666666666,0.16666666666666666,0.00546875,0.07877585377585378,0.0026041666666666665,0.9576171875,1.0,0.5,0.13333333333333333,0.0,0.0,0.0,0.0,0.0,0.0
344,QFT,SR10,ibm_torino,singleton,512,0.2,0.5333333333333333,0.011002604166666667,0.1382167723344194,0.0037760416666666667,0.8078236897786458,1.0,0.8666666666666667,0.23333333333333334,0.0,0.0,0.0,0.0,0.0,0.0
345,QFT,SR10,ibm_torino,singleton,64,0.26666666666666666,0.16666666666666666,0.026041666666666668,0.16402116402116404,0.016145833333333335,0.8981770833333333,1.0,0.6666666666666666,0.4666666666666667,0.06666666666666667,0.0,0.0,0.0,0.0,0.03333333333333333
345,QFT,SR10,ibm_torino,singleton,128,0.3,0.13333333333333333,0.029389880952380952,0.16553354053354052,0.0140625,0.7951497395833333,1.0,0.8,0.4,0.06666666666666667,0.0,0.0,0.0,0.0,0.03333333333333333
345,QFT,SR10,ibm_torino,singleton,256,0.5,0.1,0.03324652777777778,0.11808088953667094,0.008203125,0.7842584033807118,1.0,0.8666666666666667,0.3,0.0,0.0,0.0,0.0,0.0,0.0
345,QFT,SR10,ibm_torino,singleton,512,0.6666666666666666,0.03333333333333333,0.03268229166666667,0.1138787706046407,0.008658854166666667,0.6136155796731486,1.0,0.9666666666666667,0.1,0.0,0.0,0.0,0.0,0.0,0.0
346,QFT,SR10,ibm_torino,singleton,64,0.7,0.7,0.0648611111111111,0.2413980463980464,0.0375,0.6962158203125,1.0,0.8666666666666667,0.5666666666666667,0.16666666666666666,0.0,0.0,0.0,0.0,0.26666666666666666
346,QFT,SR10,ibm_torino,singleton,128,0.8333333333333334,0.8333333333333334,0.07302827380952381,0.26749561813029304,0.03567708333333333,0.46186803181966146,1.0,1.0,0.7,0.06666666666666667,0.0,0.03333333333333333,0.0,0.03333333333333333,0.26666666666666666
346,QFT,SR10,ibm_torino,singleton,256,1.0,1.0,0.08342013888888888,0.3425109873200895,0.04192708333333333,0.14508561688780902,1.0,1.0,0.9,0.1,0.0,0.3333333333333333,0.1,0.3333333333333333,0.23333333333333334
346,QFT,SR10,ibm_torino,singleton,512,1.0,1.0,0.08255208333333333,0.3512986282929012,0.043359375,0.022230132162163407,1.0,1.0,0.9666666666666667,0.0,0.0,0.9,0.5,0.9,0.26666666666666666
347,QFT,SR10,ibm_torino,singleton,64,0.8,0.8,0.08187499999999999,0.3024199387357282,0.052083333333333336,0.5660130818684895,1.0,0.9,0.7333333333333333,0.2,0.0,0.03333333333333333,0.0,0.03333333333333333,0.4
347,QFT,SR10,ibm_torino,singleton,128,0.9,0.9,0.08790922619047618,0.30042908816902625,0.04479166666666667,0.359561292330424,1.0,1.0,0.7666666666666667,0.1,0.0,0.1,0.0,0.1,0.36666666666666664
347,QFT,SR10,ibm_torino,singleton,256,0.9666666666666667,0.9666666666666667,0.09392361111111111,0.31169279922002774,0.04296875,0.16091409016377536,1.0,1.0,0.9,0.06666666666666667,0.0,0.36666666666666664,0.06666666666666667,0.36666666666666664,0.36666666666666664
347,QFT,SR10,ibm_torino,singleton,512,1.0,1.0,0.094921875,0.3621721064998855,0.05026041666666667,0.013895931184787186,1.0,1.0,0.9666666666666667,0.03333333333333333,0.0,0.9333333333333333,0.7666666666666667,0.9333333333333333,0.5
348,QFT,SR2,ibm_fez,singleton,64,1.0,1.0,0.7611458333333334,0.6749946114844249,0.6088541666666667,0.0003819228623522864,1.0,1.0,1.0,0.9333333333333333,0.1,1.0,0.9666666666666667,1.0,1.0
348,QFT,SR2,ibm_fez,singleton,128,1.0,1.0,0.7598586309523809,0.6975723433472958,0.6302083333333334,2.1498004457019355e-12,1.0,1.0,1.0,1.0,0.06666666666666667,1.0,1.0,1.0,1.0
348,QFT,SR2,ibm_fez,singleton,256,1.0,1.0,0.7606336805555556,0.6791346038745488,0.615625,3.112944143413853e-22,1.0,1.0,1.0,1.0,0.0,1.0,1.0,1.0,1.0
348,QFT,SR2,ibm_fez,singleton,512,1.0,1.0,0.7649088541666667,0.6708173790555498,0.6074869791666667,2.7893137248100757e-45,1.0,1.0,1.0,1.0,0.0,1.0,1.0,1.0,1.0
349,QFT,SR2,ibm_fez,singleton,64,1.0,1.0,0.7723958333333333,0.6944657878049524,0.6333333333333333,2.33487338454262e-06,1.0,1.0,1.0,1.0,0.03333333333333333,1.0,1.0,1.0,1.0
349,QFT,SR2,ibm_fez,singleton,128,1.0,1.0,0.7735863095238095,0.6977999569121139,0.6286458333333333,1.0344126802451032e-10,1.0,1.0,1.0,1.0,0.03333333333333333,1.0,1.0,1.0,1.0
349,QFT,SR2,ibm_fez,singleton,256,1.0,1.0,0.7730034722222222,0.6990126159659873,0.6342447916666667,4.6188258718530204e-24,1.0,1.0,1.0,1.0,0.0,1.0,1.0,1.0,1.0
349,QFT,SR2,ibm_fez,singleton,512,1.0,1.0,0.7732421875,0.7027117177561126,0.6369140625,3.752631114533357e-50,1.0,1.0,1.0,1.0,0.0,1.0,1.0,1.0,1.0
350,QFT,SR2,ibm_fez,singleton,64,1.0,1.0,0.9529166666666666,0.9437008252681177,0.9286458333333333,2.118216987807379e-14,1.0,1.0,1.0,1.0,1.0,1.0,1.0,1.0,1.0
350,QFT,SR2,ibm_fez,singleton,128,1.0,1.0,0.952641369047619,0.9540928476197411,0.9341145833333333,1.0194114967602663e-28,1.0,1.0,1.0,1.0,1.0,1.0,1.0,1.0,1.0
350,QFT,SR2,ibm_fez,singleton,256,1.0,1.0,0.953342013888889,0.951687142197708,0.92890625,1.9410740210077203e-57,1.0,1.0,1.0,1.0,1.0,1.0,1.0,1.0,1.0
350,QFT,SR2,ibm_fez,singleton,512,1.0,1.0,0.9537109375,0.9543170266222526,0.9302734375,2.1268550357170954e-124,1.0,1.0,1.0,1.0,1.0,1.0,1.0,1.0,1.0
351,QFT,SR2,ibm_fez,singleton,64,1.0,1.0,0.9617013888888889,0.9371991807475678,0.9338541666666667,4.4882959472867616e-14,1.0,1.0,1.0,1.0,1.0,1.0,1.0,1.0,1.0
351,QFT,SR2,ibm_fez,singleton,128,1.0,1.0,0.9625372023809524,0.9377930169179121,0.9268229166666667,1.1916686412009955e-29,1.0,1.0,1.0,1.0,1.0,1.0,1.0,1.0,1.0
351,QFT,SR2,ibm_fez,singleton,256,1.0,1.0,0.9618923611111111,0.9413989359620345,0.9329427083333334,6.67709970519239e-56,1.0,1.0,1.0,1.0,1.0,1.0,1.0,1.0,1.0
351,QFT,SR2,ibm_fez,singleton,512,1.0,1.0,0.9622395833333334,0.9406199831788721,0.9321614583333333,1.132300160933634e-118,1.0,1.0,1.0,1.0,1.0,1.0,1.0,1.0,1.0
352,QFT,SR2,ibm_fez,singleton,64,0.7333333333333333,0.7333333333333333,0.36246527777777776,0.12414753838577917,0.08697916666666666,0.5634203420476908,1.0,0.9666666666666667,0.2,0.0,0.0,0.03333333333333333,0.0,0.03333333333333333,0.6333333333333333
352,QFT,SR2,ibm_fez,singleton,128,0.7333333333333333,0.7333333333333333,0.361421130952381,0.10819110330644517,0.07473958333333333,0.4775397813496107,1.0,0.9666666666666667,0.23333333333333334,0.0,0.0,0.13333333333333333,0.03333333333333333,0.13333333333333333,0.6
352,QFT,SR2,ibm_fez,singleton,256,1.0,1.0,0.37990451388888885,0.10804626906804947,0.07473958333333333,0.23956920129079137,1.0,1.0,0.0,0.0,0.0,0.16666666666666666,0.0,0.0,0.7666666666666667
352,QFT,SR2,ibm_fez,singleton,512,1.0,1.0,0.3776041666666667,0.09175588878513764,0.0646484375,0.16586428313207444,1.0,1.0,0.0,0.0,0.0,0.36666666666666664,0.06666666666666667,0.0,0.7333333333333333
353,QFT,SR2,ibm_fez,singleton,64,1.0,1.0,0.6130902777777778,0.5015413797333707,0.4109375,0.0070276128545844856,1.0,1.0,1.0,0.6333333333333333,0.0,0.9333333333333333,0.9,0.9333333333333333,1.0
353,QFT,SR2,ibm_fez,singleton,128,1.0,1.0,0.6146949404761906,0.49872366987019273,0.4015625,1.2179245344222655e-05,1.0,1.0,1.0,0.36666666666666664,0.0,1.0,1.0,1.0,1.0
353,QFT,SR2,ibm_fez,singleton,256,1.0,1.0,0.6116753472222223,0.5192981054167796,0.4225260416666667,5.632085563263749e-09,1.0,1.0,1.0,0.6666666666666666,0.0,1.0,1.0,1.0,1.0
353,QFT,SR2,ibm_fez,singleton,512,1.0,1.0,0.611328125,0.5151648047180732,0.4182942708333333,3.308859749763603e-21,1.0,1.0,1.0,0.7,0.0,1.0,1.0,1.0,1.0
354,QFT,SR2,ibm_fez,singleton,64,1.0,1.0,0.9727777777777777,0.9548424432497014,0.9484375,3.069998320952745e-14,1.0,1.0,1.0,1.0,1.0,1.0,1.0,1.0,1.0
354,QFT,SR2,ibm_fez,singleton,128,1.0,1.0,0.9725446428571428,0.9626736652710078,0.9549479166666667,3.59505769008663e-32,1.0,1.0,1.0,1.0,1.0,1.0,1.0,1.0,1.0
354,QFT,SR2,ibm_fez,singleton,256,1.0,1.0,0.9731770833333333,0.958770873494906,0.9506510416666667,1.880279780113448e-63,1.0,1.0,1.0,1.0,1.0,1.0,1.0,1.0,1.0
354,QFT,SR2,ibm_fez,singleton,512,1.0,1.0,0.9720052083333334,0.9636163236819882,0.9552734375,6.31250321223271e-128,1.0,1.0,1.0,1.0,1.0,1.0,1.0,1.0,1.0
355,QFT,SR2,ibm_fez,singleton,64,1.0,1.0,0.9637152777777778,0.9566756272401433,0.9447916666666667,2.9280578251374607e-15,1.0,1.0,1.0,1.0,1.0,1.0,1.0,1.0,1.0
355,QFT,SR2,ibm_fez,singleton,128,1.0,1.0,0.9639880952380953,0.9519152514873813,0.9393229166666667,1.63981297819147e-29,1.0,1.0,1.0,1.0,1.0,1.0,1.0,1.0,1.0
355,QFT,SR2,ibm_fez,singleton,256,1.0,1.0,0.9634982638888889,0.9582350706980173,0.9444010416666667,6.426814575510811e-62,1.0,1.0,1.0,1.0,1.0,1.0,1.0,1.0,1.0
355,QFT,SR2,ibm_fez,singleton,512,1.0,1.0,0.9658854166666667,0.9566910260588944,0.9405598958333333,4.7955930472512485e-120,1.0,1.0,1.0,1.0,1.0,1.0,1.0,1.0,1.0
356,QFT,SR2,ibm_fez,singleton,64,1.0,1.0,0.9620138888888888,0.938884621949138,0.9302083333333333,6.022729696330184e-14,1.0,1.0,1.0,1.0,1.0,1.0,1.0,1.0,1.0
356,QFT,SR2,ibm_fez,singleton,128,1.0,1.0,0.9623883928571428,0.9404213834829787,0.9291666666666667,6.235279004832e-28,1.0,1.0,1.0,1.0,1.0,1.0,1.0,1.0,1.0
356,QFT,SR2,ibm_fez,singleton,256,1.0,1.0,0.9610243055555556,0.9484386078416777,0.9390625,1.4977184188764187e-59,1.0,1.0,1.0,1.0,1.0,1.0,1.0,1.0,1.0
356,QFT,SR2,ibm_fez,singleton,512,1.0,1.0,0.9608072916666667,0.9512016064805819,0.9389322916666667,1.7994326379347904e-121,1.0,1.0,1.0,1.0,1.0,1.0,1.0,1.0,1.0
357,QFT,SR2,ibm_fez,singleton,64,1.0,1.0,0.9688888888888889,0.9496015745007681,0.9416666666666667,2.7859080783028864e-15,1.0,1.0,1.0,1.0,1.0,1.0,1.0,1.0,1.0
357,QFT,SR2,ibm_fez,singleton,128,1.0,1.0,0.9687127976190476,0.958337223472066,0.9484375,7.976476200907483e-30,1.0,1.0,1.0,1.0,1.0,1.0,1.0,1.0,1.0
357,QFT,SR2,ibm_fez,singleton,256,1.0,1.0,0.9692708333333333,0.9619307160745716,0.9484375,3.921775983034147e-63,1.0,1.0,1.0,1.0,1.0,1.0,1.0,1.0,1.0
357,QFT,SR2,ibm_fez,singleton,512,1.0,1.0,0.967578125,0.9664667117775706,0.9533854166666667,2.4764088666020055e-128,1.0,1.0,1.0,1.0,1.0,1.0,1.0,1.0,1.0
358,QFT,SR2,ibm_fez,singleton,64,1.0,1.0,0.9636805555555555,0.9524732249530636,0.9432291666666667,9.3992666659141e-15,1.0,1.0,1.0,1.0,1.0,1.0,1.0,1.0,1.0
358,QFT,SR2,ibm_fez,singleton,128,1.0,1.0,0.9640997023809524,0.9508028126860487,0.9380208333333333,9.647615347921006e-30,1.0,1.0,1.0,1.0,1.0,1.0,1.0,1.0,1.0
358,QFT,SR2,ibm_fez,singleton,256,1.0,1.0,0.9635850694444444,0.9579756037441418,0.9440104166666666,1.2912124103419113e-60,1.0,1.0,1.0,1.0,1.0,1.0,1.0,1.0,1.0
358,QFT,SR2,ibm_fez,singleton,512,1.0,1.0,0.9639973958333333,0.9556082955876676,0.9418619791666667,1.8300532334670177e-125,1.0,1.0,1.0,1.0,1.0,1.0,1.0,1.0,1.0
359,QFT,SR2,ibm_fez,singleton,64,1.0,1.0,0.959375,0.9302510027308415,0.91875,6.816370023398262e-14,1.0,1.0,1.0,1.0,1.0,1.0,1.0,1.0,1.0
359,QFT,SR2,ibm_fez,singleton,128,1.0,1.0,0.9590401785714285,0.9383224895107197,0.928125,5.5999000239143355e-25,1.0,1.0,1.0,1.0,1.0,1.0,1.0,1.0,1.0
359,QFT,SR2,ibm_fez,singleton,256,1.0,1.0,0.9596354166666666,0.9370292368892675,0.9259114583333333,1.1279939810200816e-57,1.0,1.0,1.0,1.0,1.0,1.0,1.0,1.0,1.0
359,QFT,SR2,ibm_fez,singleton,512,1.0,1.0,0.9608072916666667,0.9375373172930311,0.9263020833333333,2.6788573808748775e-117,1.0,1.0,1.0,1.0,1.0,1.0,1.0,1.0,1.0
360,QFT,SR2,ibm_fez,singleton,64,1.0,1.0,0.9614583333333333,0.9333045314900154,0.9203125,1.0336289441546798e-12,1.0,1.0,1.0,1.0,1.0,1.0,1.0,1.0,1.0
360,QFT,SR2,ibm_fez,singleton,128,1.0,1.0,0.9607886904761905,0.9559738576467279,0.9403645833333333,9.48860289730161e-31,1.0,1.0,1.0,1.0,1.0,1.0,1.0,1.0,1.0
360,QFT,SR2,ibm_fez,singleton,256,1.0,1.0,0.9615017361111111,0.9553966661178883,0.9373697916666667,2.5114797427408895e-62,1.0,1.0,1.0,1.0,1.0,1.0,1.0,1.0,1.0
360,QFT,SR2,ibm_fez,singleton,512,1.0,1.0,0.9610677083333333,0.960406042269419,0.94140625,1.7397462403554274e-126,1.0,1.0,1.0,1.0,1.0,1.0,1.0,1.0,1.0
361,QFT,SR2,ibm_fez,singleton,64,1.0,1.0,0.9658333333333332,0.9482425541901348,0.9401041666666666,5.566522394938323e-13,1.0,1.0,1.0,1.0,1.0,1.0,1.0,1.0,1.0
361,QFT,SR2,ibm_fez,singleton,128,1.0,1.0,0.9661830357142858,0.9483608795372352,0.9377604166666667,3.6704068799334955e-31,1.0,1.0,1.0,1.0,1.0,1.0,1.0,1.0,1.0
361,QFT,SR2,ibm_fez,singleton,256,1.0,1.0,0.9657986111111111,0.9546779968952837,0.9434895833333333,7.418948558977876e-61,1.0,1.0,1.0,1.0,1.0,1.0,1.0,1.0,1.0
361,QFT,SR2,ibm_fez,singleton,512,1.0,1.0,0.9662760416666667,0.9577464576337866,0.94453125,2.4656057833066104e-122,1.0,1.0,1.0,1.0,1.0,1.0,1.0,1.0,1.0
362,QFT,SR2,ibm_fez,singleton,64,1.0,1.0,0.9719791666666667,0.9577508960573478,0.9463541666666667,4.7593728726610015e-15,1.0,1.0,1.0,1.0,1.0,1.0,1.0,1.0,1.0
362,QFT,SR2,ibm_fez,singleton,128,1.0,1.0,0.9720982142857142,0.9563159155676776,0.9471354166666667,4.33432614903222e-30,1.0,1.0,1.0,1.0,1.0,1.0,1.0,1.0,1.0
362,QFT,SR2,ibm_fez,singleton,256,1.0,1.0,0.9712673611111111,0.9670819397572292,0.956640625,1.141783586785452e-64,1.0,1.0,1.0,1.0,1.0,1.0,1.0,1.0,1.0
362,QFT,SR2,ibm_fez,singleton,512,1.0,1.0,0.9722005208333333,0.9657404485363595,0.9542317708333333,1.1625539453922859e-127,1.0,1.0,1.0,1.0,1.0,1.0,1.0,1.0,1.0
363,QFT,SR2,ibm_fez,singleton,64,1.0,1.0,0.9648611111111111,0.95121661119645,0.940625,1.9458107723459758e-14,1.0,1.0,1.0,1.0,1.0,1.0,1.0,1.0,1.0
363,QFT,SR2,ibm_fez,singleton,128,1.0,1.0,0.9645833333333333,0.9556991816715115,0.9447916666666667,4.840593272300544e-31,1.0,1.0,1.0,1.0,1.0,1.0,1.0,1.0,1.0
363,QFT,SR2,ibm_fez,singleton,256,1.0,1.0,0.9645833333333333,0.9559413148758278,0.9438802083333333,1.7230890830729147e-62,1.0,1.0,1.0,1.0,1.0,1.0,1.0,1.0,1.0
363,QFT,SR2,ibm_fez,singleton,512,1.0,1.0,0.9643880208333333,0.9602065589882536,0.945703125,2.139196540874077e-127,1.0,1.0,1.0,1.0,1.0,1.0,1.0,1.0,1.0
364,QFT,SR2,ibm_fez,singleton,64,1.0,1.0,0.9571875,0.932534882232463,0.9213541666666667,1.1387465767796293e-14,1.0,1.0,1.0,1.0,1.0,1.0,1.0,1.0,1.0
364,QFT,SR2,ibm_fez,singleton,128,1.0,1.0,0.9568080357142857,0.9434143153644773,0.9307291666666667,5.376132188198412e-29,1.0,1.0,1.0,1.0,1.0,1.0,1.0,1.0,1.0
364,QFT,SR2,ibm_fez,singleton,256,1.0,1.0,0.9563368055555556,0.9501766455418283,0.9346354166666667,8.899592474855468e-60,1.0,1.0,1.0,1.0,1.0,1.0,1.0,1.0,1.0
364,QFT,SR2,ibm_fez,singleton,512,1.0,1.0,0.9572265625,0.9513897735008413,0.9330078125,9.657277369974991e-123,1.0,1.0,1.0,1.0,1.0,1.0,1.0,1.0,1.0
365,QFT,SR2,ibm_fez,singleton,64,1.0,1.0,0.9659375,0.9463058444483617,0.9375,4.14453989068068e-15,1.0,1.0,1.0,1.0,1.0,1.0,1.0,1.0,1.0
365,QFT,SR2,ibm_fez,singleton,128,1.0,1.0,0.9659970238095238,0.9534985217573609,0.9416666666666667,1.5155656464948602e-29,1.0,1.0,1.0,1.0,1.0,1.0,1.0,1.0,1.0
365,QFT,SR2,ibm_fez,singleton,256,1.0,1.0,0.9657118055555556,0.9587651344995376,0.9458333333333333,7.19234141304055e-62,1.0,1.0,1.0,1.0,1.0,1.0,1.0,1.0,1.0
365,QFT,SR2,ibm_fez,singleton,512,1.0,1.0,0.9655598958333333,0.9589305059525087,0.9458333333333333,4.784681418493904e-126,1.0,1.0,1.0,1.0,1.0,1.0,1.0,1.0,1.0
366,QFT,SR2,ibm_fez,singleton,64,1.0,1.0,0.9629861111111111,0.9449980798771122,0.934375,1.0372536886118129e-13,1.0,1.0,1.0,1.0,1.0,1.0,1.0,1.0,1.0
366,QFT,SR2,ibm_fez,singleton,128,1.0,1.0,0.9626488095238095,0.9503916468774737,0.9401041666666666,1.254568459451955e-29,1.0,1.0,1.0,1.0,1.0,1.0,1.0,1.0,1.0
366,QFT,SR2,ibm_fez,singleton,256,1.0,1.0,0.962717013888889,0.9540556084050603,0.9407552083333334,1.8904112462918712e-62,1.0,1.0,1.0,1.0,1.0,1.0,1.0,1.0,1.0
366,QFT,SR2,ibm_fez,singleton,512,1.0,1.0,0.9610677083333333,0.9609392962536969,0.9455078125,6.224208759197784e-123,1.0,1.0,1.0,1.0,1.0,1.0,1.0,1.0,1.0
367,QFT,SR2,ibm_kingston,singleton,64,1.0,1.0,0.9757638888888889,0.9641673067076293,0.9552083333333333,4.176708169138325e-16,1.0,1.0,1.0,1.0,1.0,1.0,1.0,1.0,1.0
367,QFT,SR2,ibm_kingston,singleton,128,1.0,1.0,0.975297619047619,0.9710693064408615,0.96328125,2.0059143553132077e-31,1.0,1.0,1.0,1.0,1.0,1.0,1.0,1.0,1.0
367,QFT,SR2,ibm_kingston,singleton,256,1.0,1.0,0.97421875,0.97451494245746,0.9670572916666667,9.211319098836733e-64,1.0,1.0,1.0,1.0,1.0,1.0,1.0,1.0,1.0
367,QFT,SR2,ibm_kingston,singleton,512,1.0,1.0,0.9745442708333333,0.9747256347902524,0.9641276041666667,8.878573784456661e-135,1.0,1.0,1.0,1.0,1.0,1.0,1.0,1.0,1.0
368,QFT,SR2,ibm_kingston,singleton,64,1.0,1.0,0.9716666666666668,0.9498015873015874,0.946875,8.201700314273511e-15,1.0,1.0,1.0,1.0,1.0,1.0,1.0,1.0,1.0
368,QFT,SR2,ibm_kingston,singleton,128,1.0,1.0,0.9715401785714286,0.959611295463067,0.9526041666666667,2.791047205669631e-31,1.0,1.0,1.0,1.0,1.0,1.0,1.0,1.0,1.0
368,QFT,SR2,ibm_kingston,singleton,256,1.0,1.0,0.9717447916666667,0.9585283972413431,0.9509114583333333,2.9835654613079437e-63,1.0,1.0,1.0,1.0,1.0,1.0,1.0,1.0,1.0
368,QFT,SR2,ibm_kingston,singleton,512,1.0,1.0,0.9712890625,0.9595822250004957,0.9520182291666667,9.524326253675541e-126,1.0,1.0,1.0,1.0,1.0,1.0,1.0,1.0,1.0
369,QFT,SR2,ibm_kingston,singleton,64,1.0,1.0,0.9695138888888889,0.9590416453319679,0.9526041666666667,2.7476501976431143e-15,1.0,1.0,1.0,1.0,1.0,1.0,1.0,1.0,1.0
369,QFT,SR2,ibm_kingston,singleton,128,1.0,1.0,0.9701636904761906,0.9562196118798323,0.9450520833333333,7.151983412936528e-29,1.0,1.0,1.0,1.0,1.0,1.0,1.0,1.0,1.0
369,QFT,SR2,ibm_kingston,singleton,256,1.0,1.0,0.9697048611111111,0.959726292970654,0.9498697916666666,1.806552974616805e-60,1.0,1.0,1.0,1.0,1.0,1.0,1.0,1.0,1.0
369,QFT,SR2,ibm_kingston,singleton,512,1.0,1.0,0.9688802083333333,0.9626037678711182,0.9520833333333333,2.534222532941572e-127,1.0,1.0,1.0,1.0,1.0,1.0,1.0,1.0,1.0
370,QFT,SR2,ibm_kingston,singleton,64,1.0,1.0,0.966736111111111,0.9536845024748251,0.9447916666666667,7.823783577017481e-16,1.0,1.0,1.0,1.0,1.0,1.0,1.0,1.0,1.0
370,QFT,SR2,ibm_kingston,singleton,128,1.0,1.0,0.9666294642857143,0.9608770753896715,0.9486979166666667,4.2812652048814995e-31,1.0,1.0,1.0,1.0,1.0,1.0,1.0,1.0,1.0
370,QFT,SR2,ibm_kingston,singleton,256,1.0,1.0,0.9665364583333333,0.9645688496481263,0.9501302083333333,2.1366626668744497e-63,1.0,1.0,1.0,1.0,1.0,1.0,1.0,1.0,1.0
370,QFT,SR2,ibm_kingston,singleton,512,1.0,1.0,0.965625,0.9670445612059422,0.9517578125,7.873376452474618e-130,1.0,1.0,1.0,1.0,1.0,1.0,1.0,1.0,1.0
371,QFT,SR2,ibm_kingston,singleton,64,1.0,1.0,0.9753819444444445,0.9633597883597884,0.9604166666666667,5.375257530748634e-16,1.0,1.0,1.0,1.0,1.0,1.0,1.0,1.0,1.0
371,QFT,SR2,ibm_kingston,singleton,128,1.0,1.0,0.9755208333333333,0.9648228075657209,0.95859375,2.2458922734724902e-31,1.0,1.0,1.0,1.0,1.0,1.0,1.0,1.0,1.0
371,QFT,SR2,ibm_kingston,singleton,256,1.0,1.0,0.9754340277777778,0.9702858235683416,0.961328125,5.938574780161478e-65,1.0,1.0,1.0,1.0,1.0,1.0,1.0,1.0,1.0
371,QFT,SR2,ibm_kingston,singleton,512,1.0,1.0,0.9748697916666667,0.96836604189339,0.9606119791666666,8.834614681643884e-132,1.0,1.0,1.0,1.0,1.0,1.0,1.0,1.0,1.0
372,QFT,SR3,ibm_fez,singleton,64,0.7333333333333333,0.7333333333333333,0.2623611111111111,0.17412548624672206,0.09114583333333333,0.5156739223819993,1.0,1.0,0.23333333333333334,0.0,0.0,0.13333333333333333,0.03333333333333333,0.13333333333333333,0.6333333333333333
372,QFT,SR3,ibm_fez,singleton,128,0.7666666666666667,0.7666666666666667,0.2677083333333333,0.11660976144477204,0.06041666666666667,0.5121252705951517,1.0,0.9,0.3,0.0,0.0,0.06666666666666667,0.0,0.06666666666666667,0.5
372,QFT,SR3,ibm_fez,singleton,256,0.9,0.9,0.27491319444444445,0.07926133591186305,0.041015625,0.49238755104747234,1.0,0.9666666666666667,0.03333333333333333,0.0,0.0,0.06666666666666667,0.0,0.03333333333333333,0.36666666666666664
372,QFT,SR3,ibm_fez,singleton,512,0.9666666666666667,0.9333333333333333,0.28053385416666665,0.08208015871410736,0.0419921875,0.27161734492978373,1.0,1.0,0.0,0.0,0.0,0.03333333333333333,0.03333333333333333,0.0,0.26666666666666666
373,QFT,SR3,ibm_fez,singleton,64,1.0,1.0,0.8478472222222223,0.8630418616483283,0.7828125,4.367665875961342e-11,1.0,1.0,1.0,1.0,0.9333333333333333,1.0,1.0,1.0,1.0
373,QFT,SR3,ibm_fez,singleton,128,1.0,1.0,0.8473214285714286,0.8798052329552579,0.7958333333333333,7.005035925256219e-20,1.0,1.0,1.0,1.0,0.9333333333333333,1.0,1.0,1.0,1.0
373,QFT,SR3,ibm_fez,singleton,256,1.0,1.0,0.847829861111111,0.8736547529853147,0.7899739583333333,3.627993612612825e-43,1.0,1.0,1.0,1.0,1.0,1.0,1.0,1.0,1.0
373,QFT,SR3,ibm_fez,singleton,512,1.0,1.0,0.8462890625,0.8853803211838488,0.7973958333333333,8.365721518077671e-91,1.0,1.0,1.0,1.0,1.0,1.0,1.0,1.0,1.0
374,QFT,SR3,ibm_fez,singleton,64,1.0,1.0,0.8903472222222223,0.8836003433973132,0.825,1.527171976479942e-11,1.0,1.0,1.0,1.0,0.9666666666666667,1.0,1.0,1.0,1.0
374,QFT,SR3,ibm_fez,singleton,128,1.0,1.0,0.8891369047619048,0.911116755467001,0.8518229166666667,3.950958344454839e-23,1.0,1.0,1.0,1.0,1.0,1.0,1.0,1.0,1.0
374,QFT,SR3,ibm_fez,singleton,256,1.0,1.0,0.8891927083333333,0.9223396992295572,0.855078125,1.717948454710111e-45,1.0,1.0,1.0,1.0,1.0,1.0,1.0,1.0,1.0
374,QFT,SR3,ibm_fez,singleton,512,1.0,1.0,0.8893229166666666,0.9222327541049797,0.8539713541666667,1.4465089240537573e-102,1.0,1.0,1.0,1.0,1.0,1.0,1.0,1.0,1.0
375,QFT,SR3,ibm_fez,singleton,64,1.0,1.0,0.915625,0.9108226365649621,0.8640625,2.298966789507362e-13,1.0,1.0,1.0,1.0,1.0,1.0,1.0,1.0,1.0
375,QFT,SR3,ibm_fez,singleton,128,1.0,1.0,0.9158482142857143,0.926842281934533,0.875,2.0471297694899639e-26,1.0,1.0,1.0,1.0,1.0,1.0,1.0,1.0,1.0
375,QFT,SR3,ibm_fez,singleton,256,1.0,1.0,0.915234375,0.9405230573390523,0.8864583333333333,2.1379790246368015e-53,1.0,1.0,1.0,1.0,1.0,1.0,1.0,1.0,1.0
375,QFT,SR3,ibm_fez,singleton,512,1.0,1.0,0.9132161458333333,0.9451469431494748,0.891015625,8.729947589418606e-116,1.0,1.0,1.0,1.0,1.0,1.0,1.0,1.0,1.0
376,QFT,SR3,ibm_fez,singleton,64,1.0,1.0,0.37604166666666666,0.33591207919685734,0.20572916666666666,0.1298713404639784,1.0,1.0,0.8666666666666667,0.06666666666666667,0.0,0.4666666666666667,0.16666666666666666,0.4666666666666667,0.9666666666666667
376,QFT,SR3,ibm_fez,singleton,128,1.0,1.0,0.37890625,0.3129724527071212,0.17734375,0.030828825903720367,1.0,1.0,1.0,0.0,0.0,0.7666666666666667,0.5,0.7666666666666667,1.0
376,QFT,SR3,ibm_fez,singleton,256,1.0,1.0,0.37643229166666664,0.32995752186495125,0.18958333333333333,0.0007312158972522424,1.0,1.0,1.0,0.0,0.0,1.0,1.0,1.0,1.0
376,QFT,SR3,ibm_fez,singleton,512,1.0,1.0,0.37884114583333334,0.3004680270573336,0.17415364583333334,1.4569983582738479e-05,1.0,1.0,1.0,0.0,0.0,1.0,1.0,1.0,1.0
377,QFT,SR3,ibm_fez,singleton,64,1.0,1.0,0.8496527777777777,0.8675095619845232,0.7890625,9.902687219493986e-11,1.0,1.0,1.0,1.0,0.9333333333333333,1.0,1.0,1.0,1.0
377,QFT,SR3,ibm_fez,singleton,128,1.0,1.0,0.8497023809523809,0.8940321091401933,0.8015625,3.454698568855419e-23,1.0,1.0,1.0,1.0,1.0,1.0,1.0,1.0,1.0
377,QFT,SR3,ibm_fez,singleton,256,1.0,1.0,0.8468315972222222,0.9005118903039386,0.8130208333333333,2.3486309886757522e-42,1.0,1.0,1.0,1.0,1.0,1.0,1.0,1.0,1.0
377,QFT,SR3,ibm_fez,singleton,512,1.0,1.0,0.8481119791666667,0.8927254036762408,0.8028645833333333,2.556613026600562e-89,1.0,1.0,1.0,1.0,1.0,1.0,1.0,1.0,1.0
378,QFT,SR3,ibm_fez,singleton,64,1.0,1.0,0.9177083333333333,0.9186378779665539,0.8828125,1.2169394904397908e-12,1.0,1.0,1.0,1.0,1.0,1.0,1.0,1.0,1.0
378,QFT,SR3,ibm_fez,singleton,128,1.0,1.0,0.9180803571428572,0.9371566473847043,0.8875,2.4279503130613023e-27,1.0,1.0,1.0,1.0,1.0,1.0,1.0,1.0,1.0
378,QFT,SR3,ibm_fez,singleton,256,1.0,1.0,0.9188368055555556,0.9376206790521956,0.8859375,1.1016116426637192e-55,1.0,1.0,1.0,1.0,1.0,1.0,1.0,1.0,1.0
378,QFT,SR3,ibm_fez,singleton,512,1.0,1.0,0.9177083333333333,0.9441551943902237,0.8918619791666667,3.5212078952579055e-115,1.0,1.0,1.0,1.0,1.0,1.0,1.0,1.0,1.0
379,QFT,SR3,ibm_fez,singleton,64,1.0,1.0,0.9162152777777777,0.9147382707291822,0.8723958333333334,1.467273548754616e-11,1.0,1.0,1.0,1.0,0.9666666666666667,1.0,1.0,1.0,1.0
379,QFT,SR3,ibm_fez,singleton,128,1.0,1.0,0.91640625,0.9257368230656419,0.878125,1.9715919797191566e-25,1.0,1.0,1.0,1.0,1.0,1.0,1.0,1.0,1.0
379,QFT,SR3,ibm_fez,singleton,256,1.0,1.0,0.9167534722222223,0.9305001556387106,0.8809895833333333,4.370201997746527e-49,1.0,1.0,1.0,1.0,1.0,1.0,1.0,1.0,1.0
379,QFT,SR3,ibm_fez,singleton,512,1.0,1.0,0.9135416666666667,0.9357714560194825,0.8880208333333334,6.541379506331622e-108,1.0,1.0,1.0,1.0,1.0,1.0,1.0,1.0,1.0
380,QFT,SR3,ibm_fez,singleton,64,1.0,1.0,0.848125,0.8697566646236035,0.7822916666666667,3.0899248437687994e-11,1.0,1.0,1.0,1.0,0.9333333333333333,1.0,1.0,1.0,1.0
380,QFT,SR3,ibm_fez,singleton,128,1.0,1.0,0.8481026785714286,0.883506953064477,0.7924479166666667,4.306983710274467e-21,1.0,1.0,1.0,1.0,1.0,1.0,1.0,1.0,1.0
380,QFT,SR3,ibm_fez,singleton,256,1.0,1.0,0.849826388888889,0.8885963781998958,0.7915364583333333,1.4970305339129363e-42,1.0,1.0,1.0,1.0,1.0,1.0,1.0,1.0,1.0
380,QFT,SR3,ibm_fez,singleton,512,1.0,1.0,0.8464192708333333,0.906249549490345,0.8071614583333333,1.2381936002070367e-96,1.0,1.0,1.0,1.0,1.0,1.0,1.0,1.0,1.0
381,QFT,SR3,ibm_kingston,singleton,64,1.0,1.0,0.9156944444444444,0.9319633826787166,0.8885416666666667,7.245758174590869e-14,1.0,1.0,1.0,1.0,1.0,1.0,1.0,1.0,1.0
381,QFT,SR3,ibm_kingston,singleton,128,1.0,1.0,0.9149553571428571,0.9398039807748584,0.8947916666666667,1.4045956266764659e-27,1.0,1.0,1.0,1.0,1.0,1.0,1.0,1.0,1.0
381,QFT,SR3,ibm_kingston,singleton,256,1.0,1.0,0.9151475694444444,0.9440327888987133,0.8921875,2.5667389824743737e-57,1.0,1.0,1.0,1.0,1.0,1.0,1.0,1.0,1.0
381,QFT,SR3,ibm_kingston,singleton,512,1.0,1.0,0.9161458333333333,0.9456357533424808,0.8902994791666666,1.3077683203940515e-114,1.0,1.0,1.0,1.0,1.0,1.0,1.0,1.0,1.0
382,QFT,SR3,ibm_kingston,singleton,64,1.0,1.0,0.9171875,0.9209129473973814,0.8765625,4.0291283402831466e-13,1.0,1.0,1.0,1.0,1.0,1.0,1.0,1.0,1.0
382,QFT,SR3,ibm_kingston,singleton,128,1.0,1.0,0.9161086309523809,0.9402516740857748,0.8947916666666667,2.0786325483539966e-27,1.0,1.0,1.0,1.0,1.0,1.0,1.0,1.0,1.0
382,QFT,SR3,ibm_kingston,singleton,256,1.0,1.0,0.9156684027777777,0.9463530666166597,0.8955729166666667,1.4447516452051756e-58,1.0,1.0,1.0,1.0,1.0,1.0,1.0,1.0,1.0
382,QFT,SR3,ibm_kingston,singleton,512,1.0,1.0,0.9188151041666667,0.9494971970546773,0.8914713541666667,2.24781605248492e-115,1.0,1.0,1.0,1.0,1.0,1.0,1.0,1.0,1.0
383,QFT,SR3,ibm_kingston,singleton,64,1.0,1.0,0.8792361111111112,0.8823137089072214,0.8192708333333333,2.5338497091897486e-11,1.0,1.0,1.0,1.0,0.9333333333333333,1.0,1.0,1.0,1.0
383,QFT,SR3,ibm_kingston,singleton,128,1.0,1.0,0.8792782738095238,0.8793166866502715,0.8200520833333333,6.52439616408265e-22,1.0,1.0,1.0,1.0,1.0,1.0,1.0,1.0,1.0
383,QFT,SR3,ibm_kingston,singleton,256,1.0,1.0,0.8782118055555556,0.8888061446456317,0.8291666666666667,6.5214518485456585e-43,1.0,1.0,1.0,1.0,1.0,1.0,1.0,1.0,1.0
383,QFT,SR3,ibm_kingston,singleton,512,1.0,1.0,0.8778645833333333,0.8878577128351509,0.8276692708333333,1.4151443282397446e-95,1.0,1.0,1.0,1.0,1.0,1.0,1.0,1.0,1.0
384,QFT,SR3,ibm_kingston,singleton,64,1.0,1.0,0.9129861111111112,0.9251163617948824,0.8791666666666667,6.833455314913158e-13,1.0,1.0,1.0,1.0,1.0,1.0,1.0,1.0,1.0
384,QFT,SR3,ibm_kingston,singleton,128,1.0,1.0,0.9126116071428572,0.9340006503343826,0.88515625,1.7622316122362914e-28,1.0,1.0,1.0,1.0,1.0,1.0,1.0,1.0,1.0
384,QFT,SR3,ibm_kingston,singleton,256,1.0,1.0,0.911892361111111,0.9411468628467772,0.8889322916666667,4.8533802015513257e-54,1.0,1.0,1.0,1.0,1.0,1.0,1.0,1.0,1.0
384,QFT,SR3,ibm_kingston,singleton,512,1.0,1.0,0.9139322916666667,0.9463682940053347,0.887109375,1.7723345431115695e-113,1.0,1.0,1.0,1.0,1.0,1.0,1.0,1.0,1.0
385,QFT,SR3,ibm_kingston,singleton,64,1.0,1.0,0.8949652777777778,0.923932759382398,0.8682291666666667,2.6853659270201223e-13,1.0,1.0,1.0,1.0,1.0,1.0,1.0,1.0,1.0
385,QFT,SR3,ibm_kingston,singleton,128,1.0,1.0,0.8959449404761906,0.9245702136146409,0.8575520833333333,2.592305243210183e-26,1.0,1.0,1.0,1.0,1.0,1.0,1.0,1.0,1.0
385,QFT,SR3,ibm_kingston,singleton,256,1.0,1.0,0.8955295138888889,0.9275982114584244,0.8618489583333333,1.8166436070105099e-53,1.0,1.0,1.0,1.0,1.0,1.0,1.0,1.0,1.0
385,QFT,SR3,ibm_kingston,singleton,512,1.0,1.0,0.8923828125,0.9392664097929212,0.8705078125,1.1826824469219612e-110,1.0,1.0,1.0,1.0,1.0,1.0,1.0,1.0,1.0
386,QFT,SR3,ibm_kingston,singleton,64,1.0,1.0,0.92625,0.9118714044007976,0.8765625,4.5378142432897505e-13,1.0,1.0,1.0,1.0,1.0,1.0,1.0,1.0,1.0
386,QFT,SR3,ibm_kingston,singleton,128,1.0,1.0,0.9263020833333333,0.9233186003600776,0.8854166666666666,1.1599489961940365e-26,1.0,1.0,1.0,1.0,1.0,1.0,1.0,1.0,1.0
386,QFT,SR3,ibm_kingston,singleton,256,1.0,1.0,0.9254340277777777,0.9355418541551513,0.8959635416666667,1.6347996046633726e-53,1.0,1.0,1.0,1.0,1.0,1.0,1.0,1.0,1.0
386,QFT,SR3,ibm_kingston,singleton,512,1.0,1.0,0.9237630208333333,0.9333983653205045,0.8958333333333334,2.0030340818362926e-108,1.0,1.0,1.0,1.0,1.0,1.0,1.0,1.0,1.0
387,QFT,SR3,ibm_kingston,singleton,64,1.0,1.0,0.9335416666666667,0.9380546694289581,0.9046875,5.2986109423669434e-14,1.0,1.0,1.0,1.0,1.0,1.0,1.0,1.0,1.0
387,QFT,SR3,ibm_kingston,singleton,128,1.0,1.0,0.933407738095238,0.9436595303457479,0.9078125,1.1580303453481296e-28,1.0,1.0,1.0,1.0,1.0,1.0,1.0,1.0,1.0
387,QFT,SR3,ibm_kingston,singleton,256,1.0,1.0,0.933767361111111,0.9488440986396267,0.90859375,5.0131527957069455e-56,1.0,1.0,1.0,1.0,1.0,1.0,1.0,1.0,1.0
387,QFT,SR3,ibm_kingston,singleton,512,1.0,1.0,0.9315755208333333,0.9524476051127764,0.9128255208333333,1.3675185054954312e-121,1.0,1.0,1.0,1.0,1.0,1.0,1.0,1.0,1.0
388,QFT,SR3,ibm_kingston,singleton,64,1.0,1.0,0.8997222222222222,0.906376457643976,0.8510416666666667,2.556763091174363e-12,1.0,1.0,1.0,1.0,1.0,1.0,1.0,1.0,1.0
388,QFT,SR3,ibm_kingston,singleton,128,1.0,1.0,0.8991443452380953,0.9216991555728092,0.8645833333333334,2.7497677207249884e-26,1.0,1.0,1.0,1.0,1.0,1.0,1.0,1.0,1.0
388,QFT,SR3,ibm_kingston,singleton,256,1.0,1.0,0.89921875,0.932205388318369,0.8684895833333334,9.516876387340415e-51,1.0,1.0,1.0,1.0,1.0,1.0,1.0,1.0,1.0
388,QFT,SR3,ibm_kingston,singleton,512,1.0,1.0,0.8966796875,0.9341032505181934,0.8714192708333334,1.4734096591903499e-108,1.0,1.0,1.0,1.0,1.0,1.0,1.0,1.0,1.0
389,QFT,SR3,ibm_kingston,singleton,64,1.0,1.0,0.9051736111111112,0.9088137336911779,0.8635416666666667,9.319313333186475e-13,1.0,1.0,1.0,1.0,1.0,1.0,1.0,1.0,1.0
389,QFT,SR3,ibm_kingston,singleton,128,1.0,1.0,0.9057291666666667,0.9295362313273193,0.8692708333333333,3.4406024301439215e-26,1.0,1.0,1.0,1.0,1.0,1.0,1.0,1.0,1.0
389,QFT,SR3,ibm_kingston,singleton,256,1.0,1.0,0.9036024305555556,0.942418130536577,0.8833333333333333,4.974743446331937e-56,1.0,1.0,1.0,1.0,1.0,1.0,1.0,1.0,1.0
389,QFT,SR3,ibm_kingston,singleton,512,1.0,1.0,0.90859375,0.9406142873492271,0.8743489583333334,1.4881653371713369e-112,1.0,1.0,1.0,1.0,1.0,1.0,1.0,1.0,1.0
390,QFT,SR3,ibm_kingston,singleton,64,1.0,1.0,0.9012499999999999,0.918894212820542,0.8651041666666667,1.927506187067903e-13,1.0,1.0,1.0,1.0,1.0,1.0,1.0,1.0,1.0
390,QFT,SR3,ibm_kingston,singleton,128,1.0,1.0,0.9021205357142857,0.9236667139264175,0.8606770833333334,2.063397149701225e-25,1.0,1.0,1.0,1.0,1.0,1.0,1.0,1.0,1.0
390,QFT,SR3,ibm_kingston,singleton,256,1.0,1.0,0.9018229166666667,0.9303640270509346,0.867578125,3.3496377903911248e-53,1.0,1.0,1.0,1.0,1.0,1.0,1.0,1.0,1.0
390,QFT,SR3,ibm_kingston,singleton,512,1.0,1.0,0.9033854166666667,0.9390507157165964,0.87109375,8.664643369388393e-111,1.0,1.0,1.0,1.0,1.0,1.0,1.0,1.0,1.0
391,QFT,SR3,ibm_kingston,singleton,64,1.0,1.0,0.9354513888888889,0.9310556126180203,0.9036458333333334,1.178612040140618e-13,1.0,1.0,1.0,1.0,1.0,1.0,1.0,1.0,1.0
391,QFT,SR3,ibm_kingston,singleton,128,1.0,1.0,0.9347098214285714,0.949215616337484,0.9169270833333333,1.1061760626187721e-27,1.0,1.0,1.0,1.0,1.0,1.0,1.0,1.0,1.0
391,QFT,SR3,ibm_kingston,singleton,256,1.0,1.0,0.9359375,0.9550095197139014,0.912890625,1.5659044614831485e-60,1.0,1.0,1.0,1.0,1.0,1.0,1.0,1.0,1.0
391,QFT,SR3,ibm_kingston,singleton,512,1.0,1.0,0.9343098958333333,0.9598185917207576,0.917578125,2.1594792186485036e-123,1.0,1.0,1.0,1.0,1.0,1.0,1.0,1.0,1.0
392,QFT,SR3,ibm_kingston,singleton,64,1.0,1.0,0.9285069444444445,0.9169927273588955,0.8765625,1.022766000941903e-13,1.0,1.0,1.0,1.0,1.0,1.0,1.0,1.0,1.0
392,QFT,SR3,ibm_kingston,singleton,128,1.0,1.0,0.9273065476190475,0.9422989425667652,0.903125,4.323583450079747e-28,1.0,1.0,1.0,1.0,1.0,1.0,1.0,1.0,1.0
392,QFT,SR3,ibm_kingston,singleton,256,1.0,1.0,0.9280815972222223,0.9400141428975332,0.898046875,2.631480999487642e-57,1.0,1.0,1.0,1.0,1.0,1.0,1.0,1.0,1.0
392,QFT,SR3,ibm_kingston,singleton,512,1.0,1.0,0.9282552083333333,0.9438936723067141,0.9004557291666667,1.1500579693024233e-115,1.0,1.0,1.0,1.0,1.0,1.0,1.0,1.0,1.0
393,QFT,SR3,ibm_kingston,singleton,64,1.0,1.0,0.8954861111111111,0.9098353201897975,0.8536458333333333,5.252934531218186e-12,1.0,1.0,1.0,1.0,1.0,1.0,1.0,1.0,1.0
393,QFT,SR3,ibm_kingston,singleton,128,1.0,1.0,0.8958705357142858,0.9263168415898485,0.8588541666666667,6.861482719431298e-27,1.0,1.0,1.0,1.0,1.0,1.0,1.0,1.0,1.0
393,QFT,SR3,ibm_kingston,singleton,256,1.0,1.0,0.8976128472222222,0.9285222934188905,0.85625,1.005412814984537e-50,1.0,1.0,1.0,1.0,1.0,1.0,1.0,1.0,1.0
393,QFT,SR3,ibm_kingston,singleton,512,1.0,1.0,0.8942057291666666,0.9394201167127425,0.8688151041666666,6.344343132976395e-108,1.0,1.0,1.0,1.0,1.0,1.0,1.0,1.0,1.0
394,QFT,SR3,ibm_kingston,singleton,64,1.0,1.0,0.8957638888888889,0.9088680148319577,0.8494791666666667,7.982745121754932e-12,1.0,1.0,1.0,1.0,1.0,1.0,1.0,1.0,1.0
394,QFT,SR3,ibm_kingston,singleton,128,1.0,1.0,0.8940104166666667,0.9283640995912629,0.8723958333333334,1.6464975458681975e-26,1.0,1.0,1.0,1.0,1.0,1.0,1.0,1.0,1.0
394,QFT,SR3,ibm_kingston,singleton,256,1.0,1.0,0.894704861111111,0.9293988822173861,0.8651041666666667,3.5784627782934935e-51,1.0,1.0,1.0,1.0,1.0,1.0,1.0,1.0,1.0
394,QFT,SR3,ibm_kingston,singleton,512,1.0,1.0,0.8950520833333333,0.9374682753181148,0.8670572916666667,7.139657150974483e-111,1.0,1.0,1.0,1.0,1.0,1.0,1.0,1.0,1.0
395,QFT,SR3,ibm_kingston,singleton,64,1.0,1.0,0.8995486111111112,0.888601996733642,0.8302083333333333,4.991491507954614e-11,1.0,1.0,1.0,1.0,0.9333333333333333,1.0,1.0,1.0,1.0
395,QFT,SR3,ibm_kingston,singleton,128,1.0,1.0,0.8984375,0.9260119254200988,0.8640625,1.0107184921522767e-25,1.0,1.0,1.0,1.0,1.0,1.0,1.0,1.0,1.0
395,QFT,SR3,ibm_kingston,singleton,256,1.0,1.0,0.8976996527777777,0.9299630318485901,0.86796875,2.6157217600660277e-52,1.0,1.0,1.0,1.0,1.0,1.0,1.0,1.0,1.0
395,QFT,SR3,ibm_kingston,singleton,512,1.0,1.0,0.8984375,0.9315636315037967,0.8666015625,3.4205117507635465e-106,1.0,1.0,1.0,1.0,1.0,1.0,1.0,1.0,1.0
396,QFT,SR3,ibm_kingston,singleton,64,1.0,1.0,0.9055555555555556,0.9263754602119597,0.8817708333333333,3.7598130265987607e-13,1.0,1.0,1.0,1.0,1.0,1.0,1.0,1.0,1.0
396,QFT,SR3,ibm_kingston,singleton,128,1.0,1.0,0.9061383928571428,0.9353810729554753,0.8768229166666667,9.64351868044076e-28,1.0,1.0,1.0,1.0,1.0,1.0,1.0,1.0,1.0
396,QFT,SR3,ibm_kingston,singleton,256,1.0,1.0,0.9056423611111111,0.9452578936885682,0.8825520833333333,2.839502569125091e-55,1.0,1.0,1.0,1.0,1.0,1.0,1.0,1.0,1.0
396,QFT,SR3,ibm_kingston,singleton,512,1.0,1.0,0.9055338541666667,0.9456619384487268,0.881640625,1.1918002059387654e-108,1.0,1.0,1.0,1.0,1.0,1.0,1.0,1.0,1.0
397,QFT,SR3,ibm_kingston,singleton,64,1.0,1.0,0.9017361111111111,0.9124176357698353,0.8552083333333333,7.738150362088709e-12,1.0,1.0,1.0,1.0,1.0,1.0,1.0,1.0,1.0
397,QFT,SR3,ibm_kingston,singleton,128,1.0,1.0,0.900967261904762,0.9265812303089696,0.8697916666666666,6.709755939755239e-25,1.0,1.0,1.0,1.0,1.0,1.0,1.0,1.0,1.0
397,QFT,SR3,ibm_kingston,singleton,256,1.0,1.0,0.9009548611111111,0.9271020647963203,0.8684895833333334,4.420206893313791e-52,1.0,1.0,1.0,1.0,1.0,1.0,1.0,1.0,1.0
397,QFT,SR3,ibm_kingston,singleton,512,1.0,1.0,0.9004557291666667,0.9387035069417458,0.8737630208333333,2.5459290939752683e-111,1.0,1.0,1.0,1.0,1.0,1.0,1.0,1.0,1.0
398,QFT,SR3,ibm_kingston,singleton,64,1.0,1.0,0.9115972222222222,0.9158337416312385,0.8645833333333334,2.80797105041188e-13,1.0,1.0,1.0,1.0,1.0,1.0,1.0,1.0,1.0
398,QFT,SR3,ibm_kingston,singleton,128,1.0,1.0,0.9106770833333333,0.9305083821279863,0.8815104166666666,8.624953622800312e-26,1.0,1.0,1.0,1.0,1.0,1.0,1.0,1.0,1.0
398,QFT,SR3,ibm_kingston,singleton,256,1.0,1.0,0.9114583333333334,0.9400109687061308,0.88203125,2.5814505708335903e-55,1.0,1.0,1.0,1.0,1.0,1.0,1.0,1.0,1.0
398,QFT,SR3,ibm_kingston,singleton,512,1.0,1.0,0.9125,0.9397424783119258,0.8815104166666666,8.831814983721682e-112,1.0,1.0,1.0,1.0,1.0,1.0,1.0,1.0,1.0
399,QFT,SR3,ibm_kingston,singleton,64,1.0,1.0,0.8990277777777779,0.9094638890174147,0.8625,3.668021326489838e-13,1.0,1.0,1.0,1.0,1.0,1.0,1.0,1.0,1.0
399,QFT,SR3,ibm_kingston,singleton,128,1.0,1.0,0.8993303571428571,0.9084390751486955,0.8567708333333334,1.308093151967964e-24,1.0,1.0,1.0,1.0,1.0,1.0,1.0,1.0,1.0
399,QFT,SR3,ibm_kingston,singleton,256,1.0,1.0,0.8987847222222223,0.9203521290765021,0.8639322916666666,1.6271282975112545e-51,1.0,1.0,1.0,1.0,1.0,1.0,1.0,1.0,1.0
399,QFT,SR3,ibm_kingston,singleton,512,1.0,1.0,0.9002604166666667,0.928021974688882,0.8650390625,1.133254637269253e-105,1.0,1.0,1.0,1.0,1.0,1.0,1.0,1.0,1.0
400,QFT,SR4,ibm_fez,singleton,64,1.0,1.0,0.4561458333333333,0.43633894099182197,0.2760416666666667,0.028491461985224002,1.0,1.0,0.9666666666666667,0.23333333333333334,0.0,0.8666666666666667,0.6,0.8666666666666667,1.0
400,QFT,SR4,ibm_fez,singleton,128,1.0,1.0,0.4550223214285714,0.4940642478691284,0.3059895833333333,0.0003603760944433749,1.0,1.0,1.0,0.5,0.0,1.0,1.0,1.0,1.0
400,QFT,SR4,ibm_fez,singleton,256,1.0,1.0,0.4552951388888889,0.48705885433112267,0.300390625,1.4784161382981734e-06,1.0,1.0,1.0,0.43333333333333335,0.0,1.0,1.0,1.0,1.0
400,QFT,SR4,ibm_fez,singleton,512,1.0,1.0,0.45651041666666664,0.47627357830431705,0.2939453125,5.811260520569716e-14,1.0,1.0,1.0,0.3333333333333333,0.0,1.0,1.0,1.0,1.0
401,QFT,SR4,ibm_fez,singleton,64,1.0,1.0,0.7936458333333333,0.872212513174235,0.7588541666666667,1.4563781488656039e-10,1.0,1.0,1.0,1.0,0.9666666666666667,1.0,1.0,1.0,1.0
401,QFT,SR4,ibm_fez,singleton,128,1.0,1.0,0.7958705357142858,0.8717072201099623,0.734375,3.183717617707749e-20,1.0,1.0,1.0,1.0,1.0,1.0,1.0,1.0,1.0
401,QFT,SR4,ibm_fez,singleton,256,1.0,1.0,0.7959201388888889,0.8789539093474805,0.741015625,8.727783833598677e-37,1.0,1.0,1.0,1.0,1.0,1.0,1.0,1.0,1.0
401,QFT,SR4,ibm_fez,singleton,512,1.0,1.0,0.7942057291666667,0.8880296567007432,0.7484375,3.336071696326209e-86,1.0,1.0,1.0,1.0,1.0,1.0,1.0,1.0,1.0
402,QFT,SR4,ibm_fez,singleton,64,1.0,1.0,0.703298611111111,0.7482032284902131,0.6130208333333333,6.753540157415985e-06,1.0,1.0,1.0,1.0,0.26666666666666666,1.0,1.0,1.0,1.0
402,QFT,SR4,ibm_fez,singleton,128,1.0,1.0,0.7040922619047619,0.7616792277727068,0.6091145833333333,1.4842942176650025e-11,1.0,1.0,1.0,1.0,0.23333333333333334,1.0,1.0,1.0,1.0
402,QFT,SR4,ibm_fez,singleton,256,1.0,1.0,0.7060763888888889,0.7665446979588926,0.6059895833333333,1.1313735423161357e-25,1.0,1.0,1.0,1.0,0.16666666666666666,1.0,1.0,1.0,1.0
402,QFT,SR4,ibm_fez,singleton,512,1.0,1.0,0.6979166666666666,0.768658983667953,0.6173828125,3.7448480064118058e-56,1.0,1.0,1.0,1.0,0.03333333333333333,1.0,1.0,1.0,1.0
403,QFT,SR4,ibm_fez,singleton,64,1.0,1.0,0.820138888888889,0.8755631901964147,0.7541666666666667,2.4002486988713063e-10,1.0,1.0,1.0,1.0,0.9666666666666667,1.0,1.0,1.0,1.0
403,QFT,SR4,ibm_fez,singleton,128,1.0,1.0,0.8194196428571429,0.8798653428501626,0.76640625,6.503416722730159e-21,1.0,1.0,1.0,1.0,1.0,1.0,1.0,1.0,1.0
403,QFT,SR4,ibm_fez,singleton,256,1.0,1.0,0.8211371527777778,0.8917562622567031,0.7674479166666667,1.459933438860733e-42,1.0,1.0,1.0,1.0,1.0,1.0,1.0,1.0,1.0
403,QFT,SR4,ibm_fez,singleton,512,1.0,1.0,0.8184895833333333,0.897475064978028,0.7758463541666667,3.7671616785026597e-88,1.0,1.0,1.0,1.0,1.0,1.0,1.0,1.0,1.0
404,QFT,SR4,ibm_fez,singleton,64,0.5333333333333333,0.4,0.14774305555555556,0.1280150303755993,0.0453125,0.7233964264392853,1.0,0.8666666666666667,0.26666666666666666,0.0,0.0,0.0,0.0,0.0,0.3
404,QFT,SR4,ibm_fez,singleton,128,0.6333333333333333,0.43333333333333335,0.15472470238095237,0.12174440177770686,0.038802083333333334,0.5705459279487575,1.0,0.9666666666666667,0.16666666666666666,0.0,0.0,0.0,0.0,0.0,0.23333333333333334
404,QFT,SR4,ibm_fez,singleton,256,0.6666666666666666,0.36666666666666664,0.15572916666666667,0.07419360715337973,0.023697916666666666,0.6036209017306985,1.0,0.9666666666666667,0.0,0.0,0.0,0.0,0.0,0.0,0.03333333333333333
404,QFT,SR4,ibm_fez,singleton,512,0.8,0.3333333333333333,0.15436197916666666,0.05211895379849794,0.016471354166666667,0.6134178149000249,1.0,0.8666666666666667,0.0,0.0,0.0,0.0,0.0,0.0,0.0
405,QFT,SR4,ibm_fez,singleton,64,1.0,1.0,0.6581597222222223,0.7085910853892387,0.546875,1.2322613455687896e-05,1.0,1.0,1.0,1.0,0.06666666666666667,1.0,1.0,1.0,1.0
405,QFT,SR4,ibm_fez,singleton,128,1.0,1.0,0.6583705357142857,0.7443266778911316,0.5606770833333333,4.469185433934527e-10,1.0,1.0,1.0,1.0,0.2,1.0,1.0,1.0,1.0
405,QFT,SR4,ibm_fez,singleton,256,1.0,1.0,0.6563802083333333,0.7355825290113164,0.5627604166666667,5.908476938320403e-22,1.0,1.0,1.0,1.0,0.1,1.0,1.0,1.0,1.0
405,QFT,SR4,ibm_fez,singleton,512,1.0,1.0,0.6600260416666667,0.7422361873966412,0.5592447916666666,1.2066018045782947e-47,1.0,1.0,1.0,1.0,0.0,1.0,1.0,1.0,1.0
406,QFT,SR4,ibm_fez,singleton,64,1.0,1.0,0.859826388888889,0.8876258862436688,0.8020833333333334,1.0136656094945445e-10,1.0,1.0,1.0,1.0,0.9666666666666667,1.0,1.0,1.0,1.0
406,QFT,SR4,ibm_fez,singleton,128,1.0,1.0,0.8589657738095239,0.9181450534602437,0.8255208333333334,2.032227468242927e-24,1.0,1.0,1.0,1.0,1.0,1.0,1.0,1.0,1.0
406,QFT,SR4,ibm_fez,singleton,256,1.0,1.0,0.8592881944444444,0.9257951744066671,0.8265625,4.220759216128814e-46,1.0,1.0,1.0,1.0,1.0,1.0,1.0,1.0,1.0
406,QFT,SR4,ibm_fez,singleton,512,1.0,1.0,0.8602864583333333,0.9221509755050923,0.8236979166666667,1.8371404254528623e-100,1.0,1.0,1.0,1.0,1.0,1.0,1.0,1.0,1.0
407,QFT,SR4,ibm_fez,singleton,64,1.0,1.0,0.8484722222222222,0.8969000663893318,0.8052083333333333,3.0753084107049133e-11,1.0,1.0,1.0,1.0,1.0,1.0,1.0,1.0,1.0
407,QFT,SR4,ibm_fez,singleton,128,1.0,1.0,0.847842261904762,0.9184895397213315,0.81796875,8.763693594237436e-25,1.0,1.0,1.0,1.0,1.0,1.0,1.0,1.0,1.0
407,QFT,SR4,ibm_fez,singleton,256,1.0,1.0,0.847265625,0.921013760852363,0.8177083333333334,1.2427824712167848e-49,1.0,1.0,1.0,1.0,1.0,1.0,1.0,1.0,1.0
407,QFT,SR4,ibm_fez,singleton,512,1.0,1.0,0.8481770833333333,0.9286889853676309,0.8177083333333334,2.645122395085228e-100,1.0,1.0,1.0,1.0,1.0,1.0,1.0,1.0,1.0
408,QFT,SR5,ibm_fez,singleton,64,0.6333333333333333,0.6,0.14354166666666668,0.1485606353583201,0.042708333333333334,0.7040209134419759,1.0,0.9666666666666667,0.3333333333333333,0.0,0.0,0.0,0.0,0.0,0.3333333333333333
408,QFT,SR5,ibm_fez,singleton,128,0.6,0.3,0.14512648809523812,0.16327270743225247,0.04635416666666667,0.5143852679827158,1.0,0.8666666666666667,0.36666666666666664,0.0,0.0,0.06666666666666667,0.06666666666666667,0.06666666666666667,0.4
408,QFT,SR5,ibm_fez,singleton,256,0.4,0.2,0.14184027777777777,0.08527056459040537,0.024869791666666665,0.5895710477388996,1.0,0.9333333333333333,0.06666666666666667,0.0,0.0,0.0,0.0,0.0,0.13333333333333333
408,QFT,SR5,ibm_fez,singleton,512,0.5666666666666667,0.16666666666666666,0.14361979166666666,0.04605044055737046,0.01328125,0.6718075762666429,1.0,0.9666666666666667,0.0,0.0,0.0,0.0,0.0,0.0,0.0
409,QFT,SR5,ibm_fez,singleton,64,1.0,1.0,0.6790972222222222,0.78159809656435,0.5765625,1.0006325907419012e-06,1.0,1.0,1.0,1.0,0.43333333333333335,1.0,1.0,1.0,1.0
409,QFT,SR5,ibm_fez,singleton,128,1.0,1.0,0.6796875,0.7924316534682413,0.5872395833333334,7.261065025727207e-14,1.0,1.0,1.0,1.0,0.43333333333333335,1.0,1.0,1.0,1.0
409,QFT,SR5,ibm_fez,singleton,256,1.0,1.0,0.6749131944444444,0.8092815345502254,0.6139322916666666,4.112439063344982e-29,1.0,1.0,1.0,1.0,0.6,1.0,1.0,1.0,1.0
409,QFT,SR5,ibm_fez,singleton,512,1.0,1.0,0.6798177083333333,0.8131694562894443,0.6060546875,7.493983657116456e-60,1.0,1.0,1.0,1.0,0.7666666666666667,1.0,1.0,1.0,1.0
410,QFT,SR5,ibm_fez,singleton,64,1.0,1.0,0.7441666666666666,0.8130630671493095,0.653125,4.205148011818261e-08,1.0,1.0,1.0,1.0,0.6,1.0,1.0,1.0,1.0
410,QFT,SR5,ibm_fez,singleton,128,1.0,1.0,0.7426711309523809,0.8324603127827959,0.6786458333333333,3.562069218348593e-14,1.0,1.0,1.0,1.0,0.8,1.0,1.0,1.0,1.0
410,QFT,SR5,ibm_fez,singleton,256,1.0,1.0,0.7391927083333333,0.8560330866234114,0.696484375,1.5100444502852151e-35,1.0,1.0,1.0,1.0,0.9666666666666667,1.0,1.0,1.0,1.0
410,QFT,SR5,ibm_fez,singleton,512,1.0,1.0,0.7404947916666667,0.8478496853419409,0.6844401041666667,2.9494698974790227e-71,1.0,1.0,1.0,1.0,1.0,1.0,1.0,1.0,1.0
411,QFT,SR5,ibm_fez,singleton,64,1.0,1.0,0.6744444444444445,0.7823616766810991,0.5973958333333333,6.590599688512573e-07,1.0,1.0,1.0,1.0,0.4666666666666667,1.0,1.0,1.0,1.0
411,QFT,SR5,ibm_fez,singleton,128,1.0,1.0,0.6768601190476191,0.8030054912478827,0.58828125,8.279625482126447e-14,1.0,1.0,1.0,1.0,0.5666666666666667,1.0,1.0,1.0,1.0
411,QFT,SR5,ibm_fez,singleton,256,1.0,1.0,0.67421875,0.8085824143760078,0.6049479166666667,2.139514734482197e-28,1.0,1.0,1.0,1.0,0.5333333333333333,1.0,1.0,1.0,1.0
411,QFT,SR5,ibm_fez,singleton,512,1.0,1.0,0.673828125,0.8137827682274951,0.6063802083333333,2.109533654863253e-60,1.0,1.0,1.0,1.0,0.8666666666666667,1.0,1.0,1.0,1.0
412,QFT,SR5,ibm_fez,singleton,64,0.03333333333333333,0.5333333333333333,0.19864583333333333,0.14440160142473502,0.06302083333333333,0.61648687007837,1.0,0.9,0.3333333333333333,0.0,0.0,0.03333333333333333,0.0,0.03333333333333333,0.5333333333333333
412,QFT,SR5,ibm_fez,singleton,128,0.0,0.7333333333333333,0.20617559523809523,0.10960783579823892,0.045572916666666664,0.5581276427703872,1.0,0.9666666666666667,0.2,0.0,0.0,0.0,0.0,0.0,0.36666666666666664
412,QFT,SR5,ibm_fez,singleton,256,0.0,0.7666666666666667,0.20655381944444443,0.0820935619557355,0.03307291666666667,0.5157892808087436,1.0,0.9666666666666667,0.0,0.0,0.0,0.0,0.0,0.0,0.3
412,QFT,SR5,ibm_fez,singleton,512,0.0,0.8,0.20696614583333334,0.055774306895348916,0.022721354166666666,0.5066942411181944,1.0,1.0,0.0,0.0,0.0,0.0,0.0,0.0,0.03333333333333333
413,QFT,SR5,ibm_fez,singleton,64,1.0,1.0,0.6533333333333334,0.7920989573737119,0.578125,1.8037016655444067e-06,1.0,1.0,1.0,1.0,0.4666666666666667,1.0,1.0,1.0,1.0
413,QFT,SR5,ibm_fez,singleton,128,1.0,1.0,0.6523065476190476,0.8385998237434643,0.6026041666666667,3.923786229765347e-15,1.0,1.0,1.0,1.0,0.8333333333333334,1.0,1.0,1.0,1.0
413,QFT,SR5,ibm_fez,singleton,256,1.0,1.0,0.65390625,0.8454105486617787,0.5971354166666667,1.4098650613461324e-29,1.0,1.0,1.0,1.0,0.9333333333333333,1.0,1.0,1.0,1.0
413,QFT,SR5,ibm_fez,singleton,512,1.0,1.0,0.6569661458333333,0.845222749520921,0.5951822916666667,6.465277064380758e-63,1.0,1.0,1.0,1.0,1.0,1.0,1.0,1.0,1.0
414,QFT,SR5,ibm_fez,singleton,64,1.0,1.0,0.7141666666666667,0.8406556030789596,0.6625,4.342581421309018e-09,1.0,1.0,1.0,1.0,0.8333333333333334,1.0,1.0,1.0,1.0
414,QFT,SR5,ibm_fez,singleton,128,1.0,1.0,0.7141741071428572,0.8298773602973232,0.6528645833333333,6.251598491634196e-16,1.0,1.0,1.0,1.0,0.7333333333333333,1.0,1.0,1.0,1.0
414,QFT,SR5,ibm_fez,singleton,256,1.0,1.0,0.7125434027777777,0.8407361939441477,0.659375,9.618723486590079e-32,1.0,1.0,1.0,1.0,0.8666666666666667,1.0,1.0,1.0,1.0
414,QFT,SR5,ibm_fez,singleton,512,1.0,1.0,0.712890625,0.8482567363235792,0.6579427083333333,1.803118459311997e-69,1.0,1.0,1.0,1.0,1.0,1.0,1.0,1.0,1.0
415,QFT,SR5,ibm_fez,singleton,64,1.0,1.0,0.6181249999999999,0.7483900000244137,0.5171875,7.3795708625349725e-06,1.0,1.0,1.0,1.0,0.2,1.0,1.0,1.0,1.0
415,QFT,SR5,ibm_fez,singleton,128,1.0,1.0,0.6193824404761905,0.7530615802176347,0.5174479166666667,4.135147883429327e-10,1.0,1.0,1.0,1.0,0.3333333333333333,1.0,1.0,1.0,1.0
415,QFT,SR5,ibm_fez,singleton,256,1.0,1.0,0.6188368055555556,0.7891033849625497,0.5401041666666667,6.217277340661931e-25,1.0,1.0,1.0,1.0,0.36666666666666664,1.0,1.0,1.0,1.0
415,QFT,SR5,ibm_fez,singleton,512,1.0,1.0,0.6169270833333333,0.809688966870655,0.5525390625,1.8450126447162221e-53,1.0,1.0,1.0,1.0,0.6333333333333333,1.0,1.0,1.0,1.0
416,QFT,SR5,ibm_fez,singleton,64,1.0,1.0,0.7267708333333334,0.8165797038221104,0.6505208333333333,3.0123120068707246e-08,1.0,1.0,1.0,1.0,0.7,1.0,1.0,1.0,1.0
416,QFT,SR5,ibm_fez,singleton,128,1.0,1.0,0.7257068452380953,0.8276769121860106,0.6635416666666667,4.075407612615553e-16,1.0,1.0,1.0,1.0,0.8,1.0,1.0,1.0,1.0
416,QFT,SR5,ibm_fez,singleton,256,1.0,1.0,0.7249131944444444,0.8298806778152757,0.663671875,3.57560327077177e-29,1.0,1.0,1.0,1.0,0.7333333333333333,1.0,1.0,1.0,1.0
416,QFT,SR5,ibm_fez,singleton,512,1.0,1.0,0.7330078125,0.8183005831845381,0.6481770833333333,3.9437324016445166e-64,1.0,1.0,1.0,1.0,0.7666666666666667,1.0,1.0,1.0,1.0
417,QFT,SR6,ibm_fez,singleton,64,0.3333333333333333,0.16666666666666666,0.06027777777777778,0.09959651459651458,0.01875,0.9027028401692708,1.0,0.7333333333333333,0.2,0.0,0.0,0.0,0.0,0.0,0.06666666666666667
417,QFT,SR6,ibm_fez,singleton,128,0.2,0.23333333333333334,0.06640625,0.1216506517592128,0.020052083333333335,0.7461881081263224,1.0,0.8666666666666667,0.2,0.0,0.0,0.0,0.0,0.0,0.06666666666666667
417,QFT,SR6,ibm_fez,singleton,256,0.5,0.16666666666666666,0.06579861111111111,0.07971689108082577,0.012109375,0.7410996062746694,1.0,0.8666666666666667,0.06666666666666667,0.0,0.0,0.0,0.0,0.0,0.0
417,QFT,SR6,ibm_fez,singleton,512,0.3,0.26666666666666666,0.0685546875,0.06895133441770517,0.010026041666666667,0.6586102999899816,1.0,1.0,0.0,0.0,0.0,0.0,0.0,0.0,0.0
418,QFT,SR6,ibm_fez,singleton,64,1.0,1.0,0.443125,0.6189040199831172,0.34322916666666664,0.009365119049440788,1.0,1.0,1.0,0.7666666666666667,0.03333333333333333,0.9666666666666667,0.8,0.9666666666666667,1.0
418,QFT,SR6,ibm_fez,singleton,128,1.0,1.0,0.44389880952380956,0.6137212945954619,0.3341145833333333,1.945898486118863e-05,1.0,1.0,1.0,0.8666666666666667,0.0,1.0,1.0,1.0,1.0
418,QFT,SR6,ibm_fez,singleton,256,1.0,1.0,0.44309895833333335,0.6001360446748368,0.3333333333333333,5.117204680612734e-11,1.0,1.0,1.0,1.0,0.0,1.0,1.0,1.0,1.0
418,QFT,SR6,ibm_fez,singleton,512,1.0,1.0,0.444140625,0.6046632485598485,0.3336588541666667,2.258057424841568e-19,1.0,1.0,1.0,1.0,0.0,1.0,1.0,1.0,1.0
419,QFT,SR6,ibm_fez,singleton,64,1.0,1.0,0.5297222222222222,0.7042820108048706,0.4453125,0.00014683937840516138,1.0,1.0,1.0,0.9666666666666667,0.1,1.0,1.0,1.0,1.0
419,QFT,SR6,ibm_fez,singleton,128,1.0,1.0,0.530171130952381,0.7598018300044241,0.4591145833333333,7.136694119846502e-08,1.0,1.0,1.0,1.0,0.23333333333333334,1.0,1.0,1.0,1.0
419,QFT,SR6,ibm_fez,singleton,256,1.0,1.0,0.5288194444444445,0.7667003276785891,0.4641927083333333,8.342602152593645e-18,1.0,1.0,1.0,1.0,0.3333333333333333,1.0,1.0,1.0,1.0
419,QFT,SR6,ibm_fez,singleton,512,1.0,1.0,0.527734375,0.7677835295456437,0.46282552083333334,1.0415211399031489e-41,1.0,1.0,1.0,1.0,0.06666666666666667,1.0,1.0,1.0,1.0
420,QFT,SR6,ibm_fez,singleton,64,0.9666666666666667,0.9666666666666667,0.3929513888888889,0.3476995749383084,0.20416666666666666,0.1470560551607714,1.0,1.0,0.8666666666666667,0.16666666666666666,0.0,0.4666666666666667,0.26666666666666666,0.4666666666666667,0.9333333333333333
420,QFT,SR6,ibm_fez,singleton,128,1.0,1.0,0.40137648809523807,0.3532893208506235,0.20546875,0.026899197921227955,1.0,1.0,0.9333333333333333,0.06666666666666667,0.0,0.8333333333333334,0.6333333333333333,0.8333333333333334,1.0
420,QFT,SR6,ibm_fez,singleton,256,1.0,1.0,0.4012152777777778,0.3721426659341958,0.21666666666666667,0.001945167709974305,1.0,1.0,0.9666666666666667,0.1,0.0,0.9666666666666667,0.9666666666666667,0.9666666666666667,1.0
420,QFT,SR6,ibm_fez,singleton,512,1.0,1.0,0.4024739583333333,0.3750936958049883,0.21731770833333333,7.4479432673561e-09,1.0,1.0,1.0,0.0,0.0,1.0,1.0,1.0,1.0
421,QFT,SR6,ibm_fez,singleton,64,0.0,0.06666666666666667,0.041701388888888885,0.10188829688829688,0.016666666666666666,0.9094889322916667,1.0,0.6666666666666666,0.2,0.0,0.0,0.0,0.0,0.0,0.03333333333333333
421,QFT,SR6,ibm_fez,singleton,128,0.0,0.13333333333333333,0.04363839285714286,0.0897813412364496,0.0125,0.8600837707519531,1.0,0.7666666666666667,0.13333333333333333,0.0,0.0,0.0,0.0,0.0,0.0
421,QFT,SR6,ibm_fez,singleton,256,0.0,0.03333333333333333,0.05,0.08038819648460019,0.01015625,0.7863435331455548,1.0,0.9333333333333333,0.06666666666666667,0.0,0.0,0.0,0.0,0.0,0.0
421,QFT,SR6,ibm_fez,singleton,512,0.0,0.1,0.048177083333333336,0.04827227257977277,0.0057942708333333336,0.8018611834881658,1.0,0.8666666666666667,0.0,0.0,0.0,0.0,0.0,0.0,0.0
422,QFT,SR6,ibm_fez,singleton,64,1.0,1.0,0.5043402777777778,0.6793645497404416,0.40260416666666665,0.00030027938872763117,1.0,1.0,1.0,1.0,0.06666666666666667,1.0,1.0,1.0,1.0
422,QFT,SR6,ibm_fez,singleton,128,1.0,1.0,0.5026785714285714,0.7229983831257462,0.43020833333333336,1.4817219326626368e-08,1.0,1.0,1.0,1.0,0.1,1.0,1.0,1.0,1.0
422,QFT,SR6,ibm_fez,singleton,256,1.0,1.0,0.5038194444444445,0.7531762250202831,0.43333333333333335,2.4113786057060057e-18,1.0,1.0,1.0,1.0,0.13333333333333333,1.0,1.0,1.0,1.0
422,QFT,SR6,ibm_fez,singleton,512,1.0,1.0,0.501171875,0.7613993896291855,0.43795572916666664,1.8820013929325047e-39,1.0,1.0,1.0,1.0,0.1,1.0,1.0,1.0,1.0
423,QFT,SR6,ibm_fez,singleton,64,1.0,1.0,0.5337152777777778,0.6505677563982258,0.4265625,0.0007481897504777161,1.0,1.0,1.0,0.9333333333333333,0.06666666666666667,1.0,0.9666666666666667,1.0,1.0
423,QFT,SR6,ibm_fez,singleton,128,1.0,1.0,0.5360863095238095,0.6253766666640999,0.40078125,8.690799435655832e-07,1.0,1.0,1.0,0.9666666666666667,0.0,1.0,1.0,1.0,1.0
423,QFT,SR6,ibm_fez,singleton,256,1.0,1.0,0.5335503472222223,0.6379394753135857,0.41770833333333335,1.7076851551847047e-13,1.0,1.0,1.0,1.0,0.0,1.0,1.0,1.0,1.0
423,QFT,SR6,ibm_fez,singleton,512,1.0,1.0,0.529296875,0.64929570493145,0.4244791666666667,1.1552059072444208e-28,1.0,1.0,1.0,1.0,0.0,1.0,1.0,1.0,1.0
424,QFT,SR6,ibm_fez,singleton,64,1.0,1.0,0.4739583333333333,0.5459219928676117,0.3421875,0.008801457747302758,1.0,1.0,1.0,0.5666666666666667,0.0,0.9333333333333333,0.8666666666666667,0.9333333333333333,1.0
424,QFT,SR6,ibm_fez,singleton,128,1.0,1.0,0.47384672619047624,0.5641795757928494,0.3458333333333333,6.202284633225078e-05,1.0,1.0,1.0,0.7666666666666667,0.03333333333333333,1.0,1.0,1.0,1.0
424,QFT,SR6,ibm_fez,singleton,256,1.0,1.0,0.47556423611111115,0.5448401327948535,0.33294270833333334,5.2952671234544105e-09,1.0,1.0,1.0,0.8666666666666667,0.0,1.0,1.0,1.0,1.0
424,QFT,SR6,ibm_fez,singleton,512,1.0,1.0,0.47903645833333336,0.5433901627506503,0.33111979166666666,1.191471716778209e-16,1.0,1.0,1.0,0.9,0.0,1.0,1.0,1.0,1.0
425,QFT,SR7,ibm_fez,singleton,64,0.36666666666666664,0.36666666666666664,0.030555555555555555,0.11350649350649351,0.015104166666666667,0.9006510416666667,1.0,0.5666666666666667,0.26666666666666666,0.0,0.0,0.0,0.0,0.0,0.03333333333333333
425,QFT,SR7,ibm_fez,singleton,128,0.5,0.5,0.036830357142857144,0.12262058117321276,0.01328125,0.8072713216145834,1.0,0.6666666666666666,0.26666666666666666,0.0,0.0,0.0,0.0,0.0,0.0
425,QFT,SR7,ibm_fez,singleton,256,0.8,0.8,0.04292534722222222,0.13503787634084252,0.012369791666666666,0.6780300696690877,1.0,0.9333333333333333,0.3,0.0,0.0,0.0,0.0,0.0,0.0
425,QFT,SR7,ibm_fez,singleton,512,0.9333333333333333,0.8,0.04583333333333333,0.1584829727769679,0.013932291666666667,0.4406877025827913,1.0,0.9666666666666667,0.3333333333333333,0.0,0.0,0.1,0.0,0.1,0.0
426,QFT,SR7,ibm_fez,singleton,64,0.9,0.9,0.11788194444444446,0.2798068598068598,0.0578125,0.5072458902994792,1.0,0.9666666666666667,0.7666666666666667,0.03333333333333333,0.0,0.0,0.0,0.0,0.6
426,QFT,SR7,ibm_fez,singleton,128,0.9666666666666667,0.9666666666666667,0.12433035714285715,0.3377031372288941,0.06354166666666666,0.22996708715024095,1.0,1.0,0.8,0.03333333333333333,0.0,0.23333333333333334,0.03333333333333333,0.23333333333333334,0.6333333333333333
426,QFT,SR7,ibm_fez,singleton,256,1.0,1.0,0.12547743055555555,0.40049920172264897,0.07578125,0.024354273141051888,1.0,1.0,1.0,0.1,0.0,0.9,0.5333333333333333,0.9,0.9333333333333333
426,QFT,SR7,ibm_fez,singleton,512,1.0,1.0,0.12760416666666666,0.42305137625508443,0.07532552083333334,0.0005275707817572068,1.0,1.0,1.0,0.03333333333333333,0.0,1.0,1.0,1.0,1.0
427,QFT,SR8,ibm_torino,singleton,64,0.5333333333333333,0.5333333333333333,0.04559027777777778,0.1346176046176046,0.016666666666666666,0.9024739583333333,1.0,0.6666666666666666,0.36666666666666664,0.0,0.0,0.0,0.0,0.0,0.03333333333333333
427,QFT,SR8,ibm_torino,singleton,128,0.8666666666666667,0.8666666666666667,0.06354166666666666,0.24051005037847145,0.030208333333333334,0.5259781201680501,1.0,0.8333333333333334,0.6666666666666666,0.03333333333333333,0.0,0.0,0.0,0.0,0.2
427,QFT,SR8,ibm_torino,singleton,256,0.9666666666666667,0.9666666666666667,0.06901041666666667,0.2565508794179366,0.028776041666666665,0.3323182233143598,1.0,1.0,0.6,0.0,0.0,0.1,0.0,0.1,0.06666666666666667
427,QFT,SR8,ibm_torino,singleton,512,1.0,1.0,0.07350260416666667,0.2795693558217312,0.029427083333333333,0.10383362053691123,1.0,1.0,0.8666666666666667,0.0,0.0,0.5666666666666667,0.1,0.5666666666666667,0.0
428,QFT,SR8,ibm_torino,singleton,64,0.43333333333333335,0.43333333333333335,0.1328125,0.13693581004827474,0.033854166666666664,0.755833625793457,1.0,0.7333333333333333,0.3333333333333333,0.0,0.0,0.0,0.0,0.0,0.23333333333333334
428,QFT,SR8,ibm_torino,singleton,128,0.4666666666666667,0.3333333333333333,0.13165922619047618,0.14953392489929093,0.039322916666666666,0.5470988365691635,1.0,0.9,0.3,0.0,0.0,0.0,0.0,0.0,0.3333333333333333
428,QFT,SR8,ibm_torino,singleton,256,0.5666666666666667,0.4,0.13038194444444445,0.0939217938747302,0.025390625,0.5610840808801688,1.0,1.0,0.1,0.0,0.0,0.03333333333333333,0.0,0.03333333333333333,0.1
428,QFT,SR8,ibm_torino,singleton,512,0.7666666666666667,0.5,0.13294270833333333,0.04686095607400991,0.012239583333333333,0.6832166616000888,1.0,0.9333333333333333,0.0,0.0,0.0,0.0,0.0,0.0,0.0
429,QFT,SR8,ibm_torino,singleton,64,0.9333333333333333,0.9333333333333333,0.20097222222222222,0.4264081410854193,0.12552083333333333,0.22173185348510743,1.0,0.9666666666666667,0.9,0.5,0.0,0.4666666666666667,0.1,0.4666666666666667,0.8666666666666667
429,QFT,SR8,ibm_torino,singleton,128,1.0,1.0,0.21361607142857145,0.5620679601584896,0.15,0.004571569506428356,1.0,1.0,1.0,0.8333333333333334,0.0,1.0,0.8666666666666667,1.0,1.0
429,QFT,SR8,ibm_torino,singleton,256,1.0,1.0,0.21241319444444443,0.6332682054604157,0.16640625,2.496737039650554e-06,1.0,1.0,1.0,1.0,0.0,1.0,1.0,1.0,1.0
429,QFT,SR8,ibm_torino,singleton,512,1.0,1.0,0.21373697916666667,0.651538471693005,0.16744791666666667,9.572206555709003e-13,1.0,1.0,1.0,1.0,0.0,1.0,1.0,1.0,1.0
430,QFT,SR8,ibm_torino,singleton,64,1.0,1.0,0.22121527777777777,0.5413516317467051,0.1625,0.08461279074350993,1.0,1.0,1.0,0.7666666666666667,0.0,0.7666666666666667,0.26666666666666666,0.7666666666666667,0.9333333333333333
430,QFT,SR8,ibm_torino,singleton,128,1.0,1.0,0.22020089285714287,0.5935787967105388,0.1734375,0.006865182172653779,1.0,1.0,1.0,0.8333333333333334,0.0,0.9666666666666667,0.9,0.9666666666666667,1.0
430,QFT,SR8,ibm_torino,singleton,256,1.0,1.0,0.22152777777777777,0.6183317356466888,0.17005208333333333,1.6906791229872322e-05,1.0,1.0,1.0,0.9666666666666667,0.0,1.0,1.0,1.0,1.0
430,QFT,SR8,ibm_torino,singleton,512,1.0,1.0,0.22389322916666668,0.64045252207821,0.17135416666666667,1.3267086835625845e-12,1.0,1.0,1.0,1.0,0.0,1.0,1.0,1.0,1.0
431,QFT,SP4-P2,Ankaa-3,multiple,64,0.9666666666666667,0.9666666666666667,0.22468749999999998,0.35635952995363845,0.1265625,0.23811207773784795,1.0,1.0,0.8666666666666667,0.16666666666666666,0.0,0.3,0.06666666666666667,0.3,0.8666666666666667
431,QFT,SP4-P2,Ankaa-3,multiple,128,1.0,1.0,0.23080357142857144,0.39764479668220853,0.13203125,0.06709884423380383,1.0,1.0,0.9666666666666667,0.2,0.0,0.6666666666666666,0.5333333333333333,0.6666666666666666,0.9666666666666667
431,QFT,SP4-P2,Ankaa-3,multiple,256,1.0,1.0,0.23020833333333332,0.46392416410557924,0.14674479166666668,0.00028866984875780576,1.0,1.0,1.0,0.3333333333333333,0.0,1.0,1.0,1.0,1.0
431,QFT,SP4-P2,Ankaa-3,multiple,512,1.0,1.0,0.23138020833333334,0.48373618228679205,0.1498046875,3.825238134348834e-08,1.0,1.0,1.0,0.3333333333333333,0.0,1.0,1.0,1.0,1.0
432,QFT,SP4-P2,Ankaa-3,multiple,64,1.0,1.0,0.30864583333333334,0.49672261374305393,0.2265625,0.030186590862770875,1.0,1.0,1.0,0.4666666666666667,0.0,0.8,0.43333333333333335,0.8,1.0
432,QFT,SP4-P2,Ankaa-3,multiple,128,1.0,1.0,0.310453869047619,0.5050574631873064,0.20963541666666666,0.004326431607082638,1.0,1.0,1.0,0.5666666666666667,0.0,1.0,0.9333333333333333,1.0,1.0
432,QFT,SP4-P2,Ankaa-3,multiple,256,1.0,1.0,0.30950520833333334,0.5264386346384431,0.21653645833333332,9.825550857257657e-07,1.0,1.0,1.0,0.7,0.0,1.0,1.0,1.0,1.0
432,QFT,SP4-P2,Ankaa-3,multiple,512,1.0,1.0,0.3115234375,0.547837840315438,0.21920572916666667,1.3256892886642854e-12,1.0,1.0,1.0,0.9333333333333333,0.0,1.0,1.0,1.0,1.0
433,QFT,SP4-P2,Ankaa-3,multiple,64,1.0,1.0,0.33881944444444445,0.48876630551902095,0.225,0.041240000445395705,1.0,1.0,1.0,0.5,0.0,0.8333333333333334,0.4,0.8333333333333334,1.0
433,QFT,SP4-P2,Ankaa-3,multiple,128,1.0,1.0,0.33954613095238095,0.5362796880263258,0.23359375,0.0004921768356048803,1.0,1.0,1.0,0.6666666666666666,0.0,1.0,1.0,1.0,1.0
433,QFT,SP4-P2,Ankaa-3,multiple,256,1.0,1.0,0.3394097222222222,0.5789148367582855,0.24752604166666667,2.3751308558004846e-07,1.0,1.0,1.0,0.9333333333333333,0.0,1.0,1.0,1.0,1.0
433,QFT,SP4-P2,Ankaa-3,multiple,512,1.0,1.0,0.33541666666666664,0.6126949564963522,0.26022135416666664,5.346959826959627e-18,1.0,1.0,1.0,1.0,0.0,1.0,1.0,1.0,1.0
434,QFT,SP4-P2,Ankaa-3,multiple,64,0.9666666666666667,0.9333333333333333,0.26927083333333335,0.2656991131988351,0.121875,0.3358751642110292,1.0,0.9666666666666667,0.6333333333333333,0.1,0.0,0.23333333333333334,0.06666666666666667,0.23333333333333334,0.8666666666666667
434,QFT,SP4-P2,Ankaa-3,multiple,128,1.0,1.0,0.28206845238095235,0.2126136409970792,0.09244791666666667,0.2516398102986319,1.0,0.9666666666666667,0.6333333333333333,0.0,0.0,0.2,0.1,0.2,0.8333333333333334
434,QFT,SP4-P2,Ankaa-3,multiple,256,1.0,1.0,0.28094618055555554,0.252758646115312,0.111328125,0.049575587554624184,1.0,1.0,0.8,0.0,0.0,0.8333333333333334,0.5,0.8,0.9333333333333333
434,QFT,SP4-P2,Ankaa-3,multiple,512,1.0,1.0,0.278125,0.2875614224789035,0.12532552083333334,0.0002741886804248455,1.0,1.0,0.9666666666666667,0.0,0.0,1.0,1.0,0.9666666666666667,1.0
435,QFT,SP4-P2,Ankaa-3,multiple,64,1.0,1.0,0.3219444444444444,0.4192615159443311,0.19375,0.08683554988820105,1.0,1.0,0.9666666666666667,0.3333333333333333,0.0,0.5666666666666667,0.26666666666666666,0.5666666666666667,0.9666666666666667
435,QFT,SP4-P2,Ankaa-3,multiple,128,1.0,1.0,0.32075892857142857,0.4394138805796997,0.20338541666666668,0.01183783704868171,1.0,1.0,1.0,0.36666666666666664,0.0,0.9333333333333333,0.8,0.9333333333333333,1.0
435,QFT,SP4-P2,Ankaa-3,multiple,256,1.0,1.0,0.3189236111111111,0.4572476943397131,0.20885416666666667,0.00016791771228782062,1.0,1.0,1.0,0.23333333333333334,0.0,1.0,1.0,1.0,1.0
435,QFT,SP4-P2,Ankaa-3,multiple,512,1.0,1.0,0.322265625,0.43712556430581956,0.19609375,4.481787286822601e-09,1.0,1.0,1.0,0.03333333333333333,0.0,1.0,1.0,1.0,1.0
436,QFT,SP4-P2,Ankaa-3,multiple,64,0.3333333333333333,0.5666666666666667,0.17937499999999998,0.12643289826850676,0.04739583333333333,0.7161632026235263,1.0,0.8666666666666667,0.2,0.03333333333333333,0.0,0.03333333333333333,0.0,0.03333333333333333,0.26666666666666666
436,QFT,SP4-P2,Ankaa-3,multiple,128,0.4666666666666667,0.5333333333333333,0.17909226190476193,0.12192231834828045,0.047135416666666666,0.5408477751229976,1.0,1.0,0.2,0.0,0.0,0.03333333333333333,0.0,0.03333333333333333,0.3333333333333333
436,QFT,SP4-P2,Ankaa-3,multiple,256,0.13333333333333333,0.8333333333333334,0.192578125,0.12678394536017568,0.04674479166666667,0.39341264649978863,1.0,0.9666666666666667,0.23333333333333334,0.0,0.0,0.16666666666666666,0.06666666666666667,0.16666666666666666,0.36666666666666664
436,QFT,SP4-P2,Ankaa-3,multiple,512,0.0,0.9333333333333333,0.19817708333333334,0.1065487541025316,0.03893229166666667,0.2608348979255357,1.0,1.0,0.03333333333333333,0.0,0.0,0.26666666666666666,0.06666666666666667,0.03333333333333333,0.3333333333333333
437,QFT,SP4-P2,Ankaa-3,multiple,64,0.16666666666666666,0.7,0.1482291666666667,0.11545309442679023,0.03958333333333333,0.7555419042706489,1.0,0.6666666666666666,0.2,0.0,0.0,0.03333333333333333,0.0,0.03333333333333333,0.2
437,QFT,SP4-P2,Ankaa-3,multiple,128,0.16666666666666666,0.8333333333333334,0.15985863095238095,0.14799434194189237,0.04479166666666667,0.5058104398417015,1.0,0.9666666666666667,0.26666666666666666,0.0,0.0,0.03333333333333333,0.0,0.03333333333333333,0.36666666666666664
437,QFT,SP4-P2,Ankaa-3,multiple,256,0.16666666666666666,0.8333333333333334,0.15538194444444445,0.12848656859691415,0.040755208333333334,0.34039570618262366,1.0,0.9666666666666667,0.1,0.0,0.0,0.03333333333333333,0.0,0.03333333333333333,0.3
437,QFT,SP4-P2,Ankaa-3,multiple,512,0.03333333333333333,0.8666666666666667,0.15983072916666666,0.10710078737022875,0.0330078125,0.2751396418567634,1.0,1.0,0.0,0.0,0.0,0.13333333333333333,0.0,0.0,0.16666666666666666
438,QFT,SP4-P2,Ankaa-3,multiple,64,0.9666666666666667,0.9333333333333333,0.21798611111111113,0.2678261225692355,0.10208333333333333,0.35776578163107237,1.0,0.9666666666666667,0.7,0.0,0.0,0.13333333333333333,0.0,0.13333333333333333,0.7333333333333333
438,QFT,SP4-P2,Ankaa-3,multiple,128,0.9666666666666667,0.9666666666666667,0.22280505952380952,0.264453827968456,0.09453125,0.20537118282095448,1.0,1.0,0.7333333333333333,0.0,0.0,0.4,0.16666666666666666,0.4,0.8
438,QFT,SP4-P2,Ankaa-3,multiple,256,1.0,1.0,0.226171875,0.3005410393146762,0.10559895833333334,0.023547779587586744,1.0,1.0,0.9,0.0,0.0,0.8666666666666667,0.6,0.8666666666666667,1.0
438,QFT,SP4-P2,Ankaa-3,multiple,512,1.0,1.0,0.22434895833333332,0.29834870476688147,0.10514322916666667,0.00035592748289584134,1.0,1.0,1.0,0.0,0.0,1.0,1.0,1.0,1.0
439,QFT,SP4-P2,Ankaa-3,multiple,64,0.9333333333333333,0.9333333333333333,0.23350694444444445,0.3114643977496367,0.11822916666666666,0.2680937581540396,1.0,1.0,0.8333333333333334,0.0,0.0,0.13333333333333333,0.0,0.13333333333333333,0.8
439,QFT,SP4-P2,Ankaa-3,multiple,128,1.0,1.0,0.2447172619047619,0.3668450866523425,0.13020833333333334,0.06392423980989678,1.0,1.0,0.9666666666666667,0.06666666666666667,0.0,0.7,0.4,0.7,1.0
439,QFT,SP4-P2,Ankaa-3,multiple,256,1.0,1.0,0.24418402777777776,0.39338881350094373,0.13841145833333332,0.006240526824474565,1.0,1.0,0.9666666666666667,0.06666666666666667,0.0,0.9666666666666667,0.9,0.9666666666666667,1.0
439,QFT,SP4-P2,Ankaa-3,multiple,512,1.0,1.0,0.2447265625,0.4220768577198499,0.14459635416666666,2.732356535013293e-07,1.0,1.0,1.0,0.03333333333333333,0.0,1.0,1.0,1.0,1.0
440,QFT,SP4-P2,Ankaa-3,multiple,64,0.9,0.9,0.21611111111111111,0.22622738031824047,0.08333333333333333,0.46097656215230626,1.0,0.9333333333333333,0.5666666666666667,0.06666666666666667,0.0,0.1,0.03333333333333333,0.1,0.7
440,QFT,SP4-P2,Ankaa-3,multiple,128,0.9333333333333333,0.9333333333333333,0.22090773809523812,0.2870357500543034,0.1,0.17482318118993842,1.0,0.9666666666666667,0.8,0.0,0.0,0.4666666666666667,0.16666666666666666,0.4666666666666667,0.8666666666666667
440,QFT,SP4-P2,Ankaa-3,multiple,256,1.0,1.0,0.22769097222222223,0.31389632976354076,0.11015625,0.018153451838217115,1.0,1.0,0.9,0.0,0.0,0.9,0.7,0.9,1.0
440,QFT,SP4-P2,Ankaa-3,multiple,512,1.0,1.0,0.23072916666666668,0.29011716121654946,0.10182291666666667,0.0005932263275693127,1.0,1.0,1.0,0.0,0.0,1.0,1.0,1.0,1.0
441,QFT,SP4-P2,Ankaa-3,multiple,64,0.2,0.8,0.19131944444444443,0.21403840388042406,0.08125,0.48069271482527254,1.0,0.9666666666666667,0.5333333333333333,0.0,0.0,0.06666666666666667,0.0,0.06666666666666667,0.6333333333333333
441,QFT,SP4-P2,Ankaa-3,multiple,128,0.26666666666666666,0.7333333333333333,0.18880208333333334,0.12646209876055067,0.04583333333333333,0.5634667046227414,1.0,0.9,0.26666666666666666,0.0,0.0,0.03333333333333333,0.0,0.03333333333333333,0.43333333333333335
441,QFT,SP4-P2,Ankaa-3,multiple,256,0.13333333333333333,0.8666666666666667,0.194140625,0.11288295833394037,0.041276041666666666,0.40797745012046976,1.0,0.9666666666666667,0.06666666666666667,0.0,0.0,0.06666666666666667,0.0,0.06666666666666667,0.43333333333333335
441,QFT,SP4-P2,Ankaa-3,multiple,512,0.0,1.0,0.20143229166666668,0.11365919802681415,0.04147135416666667,0.22658536494694856,1.0,1.0,0.03333333333333333,0.0,0.0,0.3333333333333333,0.03333333333333333,0.03333333333333333,0.36666666666666664
442,QFT,SP4-P2,Ankaa-3,multiple,64,1.0,1.0,0.3832291666666666,0.5394870345587732,0.2765625,0.016439662636791277,1.0,1.0,1.0,0.6666666666666666,0.0,0.9333333333333333,0.7,0.9333333333333333,1.0
442,QFT,SP4-P2,Ankaa-3,multiple,128,1.0,1.0,0.38288690476190473,0.5847363795322522,0.28854166666666664,0.0001462646006529061,1.0,1.0,1.0,0.8666666666666667,0.0,1.0,1.0,1.0,1.0
442,QFT,SP4-P2,Ankaa-3,multiple,256,1.0,1.0,0.3826822916666667,0.5853461716673867,0.28658854166666664,5.566134099590804e-07,1.0,1.0,1.0,0.9,0.0,1.0,1.0,1.0,1.0
442,QFT,SP4-P2,Ankaa-3,multiple,512,1.0,1.0,0.38821614583333336,0.5708686203805416,0.27584635416666664,3.6059893054955095e-16,1.0,1.0,1.0,1.0,0.0,1.0,1.0,1.0,1.0
443,QFT,SP4-P2,Ankaa-3,multiple,64,0.16666666666666666,0.7333333333333333,0.1903125,0.17741281847277302,0.07083333333333333,0.5754887129645795,1.0,0.9666666666666667,0.43333333333333335,0.0,0.0,0.03333333333333333,0.0,0.03333333333333333,0.5333333333333333
443,QFT,SP4-P2,Ankaa-3,multiple,128,0.16666666666666666,0.8333333333333334,0.19791666666666666,0.16780758691757736,0.06380208333333333,0.4025970140317105,1.0,0.9666666666666667,0.3333333333333333,0.0,0.0,0.16666666666666666,0.03333333333333333,0.16666666666666666,0.6666666666666666
443,QFT,SP4-P2,Ankaa-3,multiple,256,0.0,1.0,0.20885416666666667,0.15460590896993331,0.057421875,0.2714013659637383,1.0,1.0,0.36666666666666664,0.0,0.0,0.3,0.03333333333333333,0.3,0.6
443,QFT,SP4-P2,Ankaa-3,multiple,512,0.0,1.0,0.209765625,0.13560796581152937,0.05026041666666667,0.11652935357529066,1.0,1.0,0.03333333333333333,0.0,0.0,0.4,0.1,0.03333333333333333,0.5333333333333333
444,QFT,SP4-P2,Ankaa-3,multiple,64,1.0,1.0,0.4074652777777778,0.5360425176647443,0.271875,0.01227242094585866,1.0,1.0,1.0,0.6666666666666666,0.0,0.9,0.6666666666666666,0.9,1.0
444,QFT,SP4-P2,Ankaa-3,multiple,128,1.0,1.0,0.40651041666666665,0.615191849618457,0.30859375,1.2828843663210635e-05,1.0,1.0,1.0,0.9666666666666667,0.0,1.0,1.0,1.0,1.0
444,QFT,SP4-P2,Ankaa-3,multiple,256,1.0,1.0,0.40716145833333334,0.6346787444864536,0.31354166666666666,1.0802965561239592e-10,1.0,1.0,1.0,1.0,0.0,1.0,1.0,1.0,1.0
444,QFT,SP4-P2,Ankaa-3,multiple,512,1.0,1.0,0.40618489583333334,0.6437590283854568,0.318359375,8.837144625038562e-23,1.0,1.0,1.0,1.0,0.0,1.0,1.0,1.0,1.0
445,QFT,SP4-P2,Ankaa-3,multiple,64,1.0,1.0,0.2807986111111111,0.43428306208826306,0.175,0.09498681548672418,1.0,1.0,0.9666666666666667,0.3,0.0,0.5666666666666667,0.23333333333333334,0.5666666666666667,0.9666666666666667
445,QFT,SP4-P2,Ankaa-3,multiple,128,1.0,1.0,0.27905505952380955,0.4747963036445897,0.19166666666666668,0.010121249348818856,1.0,1.0,1.0,0.4,0.0,0.9333333333333333,0.8333333333333334,0.9333333333333333,1.0
445,QFT,SP4-P2,Ankaa-3,multiple,256,1.0,1.0,0.28033854166666666,0.49360080833156794,0.18815104166666666,0.0001383563879751934,1.0,1.0,1.0,0.5,0.0,1.0,1.0,1.0,1.0
445,QFT,SP4-P2,Ankaa-3,multiple,512,1.0,1.0,0.2853515625,0.500563128225148,0.18502604166666667,6.575886388883588e-10,1.0,1.0,1.0,0.6,0.0,1.0,1.0,1.0,1.0
446,QFT,SP4-P2,Ankaa-3,multiple,64,0.9333333333333333,0.9,0.24958333333333332,0.22744116355544108,0.0984375,0.4237537735917916,1.0,0.9666666666666667,0.6666666666666666,0.06666666666666667,0.0,0.1,0.06666666666666667,0.1,0.6666666666666666
446,QFT,SP4-P2,Ankaa-3,multiple,128,1.0,0.9666666666666667,0.26004464285714285,0.23034201532089219,0.096875,0.21190327700047148,1.0,1.0,0.7333333333333333,0.03333333333333333,0.0,0.26666666666666666,0.06666666666666667,0.26666666666666666,0.8666666666666667
446,QFT,SP4-P2,Ankaa-3,multiple,256,1.0,1.0,0.26267361111111115,0.26939211144924674,0.11393229166666667,0.03792465606063365,1.0,1.0,0.8333333333333334,0.0,0.0,0.8333333333333334,0.5333333333333333,0.8333333333333334,0.9666666666666667
446,QFT,SP4-P2,Ankaa-3,multiple,512,1.0,1.0,0.26803385416666664,0.2628276477702975,0.10807291666666667,0.003356680182180846,1.0,1.0,0.9666666666666667,0.0,0.0,0.9666666666666667,0.9666666666666667,0.9666666666666667,1.0
447,QFT,SR2,Ankaa-3,singleton,64,1.0,1.0,0.8369097222222222,0.7615816043687004,0.7239583333333334,1.9899352624325155e-07,1.0,1.0,1.0,1.0,0.3333333333333333,1.0,1.0,1.0,1.0
447,QFT,SR2,Ankaa-3,singleton,128,1.0,1.0,0.8386904761904762,0.7347600940020397,0.6984375,7.802803323025047e-15,1.0,1.0,1.0,1.0,0.1,1.0,1.0,1.0,1.0
447,QFT,SR2,Ankaa-3,singleton,256,1.0,1.0,0.8371527777777777,0.7617010189603893,0.723046875,1.488865472333304e-32,1.0,1.0,1.0,1.0,0.13333333333333333,1.0,1.0,1.0,1.0
447,QFT,SR2,Ankaa-3,singleton,512,1.0,1.0,0.8368489583333333,0.7650987412270379,0.7255859375,3.4965856691472433e-63,1.0,1.0,1.0,1.0,0.06666666666666667,1.0,1.0,1.0,1.0
448,QFT,SR2,Ankaa-3,singleton,64,1.0,1.0,0.851388888888889,0.7959588577140271,0.7708333333333334,1.4998132462536173e-09,1.0,1.0,1.0,1.0,0.6,1.0,1.0,1.0,1.0
448,QFT,SR2,Ankaa-3,singleton,128,1.0,1.0,0.8513392857142857,0.7899592745436335,0.7598958333333333,8.937550890773634e-19,1.0,1.0,1.0,1.0,0.4,1.0,1.0,1.0,1.0
448,QFT,SR2,Ankaa-3,singleton,256,1.0,1.0,0.8529947916666667,0.7714358063789181,0.7412760416666667,7.318940700243184e-29,1.0,1.0,1.0,1.0,0.2,1.0,1.0,1.0,1.0
448,QFT,SR2,Ankaa-3,singleton,512,1.0,1.0,0.8511067708333333,0.7747304054764578,0.7455729166666667,1.29057116100699e-66,1.0,1.0,1.0,1.0,0.2,1.0,1.0,1.0,1.0
449,QFT,SR2,Ankaa-3,singleton,64,1.0,1.0,0.8465277777777779,0.747022541887517,0.7125,2.399905689303545e-07,1.0,1.0,1.0,1.0,0.2,1.0,1.0,1.0,1.0
449,QFT,SR2,Ankaa-3,singleton,128,1.0,1.0,0.8438988095238095,0.7919940373869848,0.75859375,2.5563250581842292e-14,1.0,1.0,1.0,1.0,0.5666666666666667,1.0,1.0,1.0,1.0
449,QFT,SR2,Ankaa-3,singleton,256,1.0,1.0,0.847482638888889,0.7677015136605057,0.7299479166666667,1.1279192812284647e-29,1.0,1.0,1.0,1.0,0.1,1.0,1.0,1.0,1.0
449,QFT,SR2,Ankaa-3,singleton,512,1.0,1.0,0.8438151041666667,0.7800069417607886,0.7428385416666666,3.553388137500089e-69,1.0,1.0,1.0,1.0,0.16666666666666666,1.0,1.0,1.0,1.0
450,QFT,SR2,Ankaa-3,singleton,64,1.0,1.0,0.8445138888888889,0.7637242217381693,0.734375,1.3328988401824168e-07,1.0,1.0,1.0,1.0,0.3333333333333333,1.0,1.0,1.0,1.0
450,QFT,SR2,Ankaa-3,singleton,128,1.0,1.0,0.8450520833333334,0.7574991424845673,0.7263020833333333,4.041051552800035e-14,1.0,1.0,1.0,1.0,0.3333333333333333,1.0,1.0,1.0,1.0
450,QFT,SR2,Ankaa-3,singleton,256,1.0,1.0,0.8440972222222223,0.7599198921696949,0.7311197916666666,4.761922943823438e-33,1.0,1.0,1.0,1.0,0.1,1.0,1.0,1.0,1.0
450,QFT,SR2,Ankaa-3,singleton,512,1.0,1.0,0.8432942708333333,0.7618378342036286,0.7317708333333334,1.624504147538222e-65,1.0,1.0,1.0,1.0,0.1,1.0,1.0,1.0,1.0
451,QFT,SR2,Ankaa-3,singleton,64,1.0,1.0,0.8209375,0.7454381410606725,0.70625,7.507067177798827e-08,1.0,1.0,1.0,1.0,0.26666666666666666,1.0,1.0,1.0,1.0
451,QFT,SR2,Ankaa-3,singleton,128,1.0,1.0,0.8220238095238095,0.7250254098524784,0.6861979166666666,2.2587264272615012e-13,1.0,1.0,1.0,1.0,0.0,1.0,1.0,1.0,1.0
451,QFT,SR2,Ankaa-3,singleton,256,1.0,1.0,0.8214409722222222,0.7273756136564677,0.6912760416666667,1.5532343442468125e-25,1.0,1.0,1.0,1.0,0.03333333333333333,1.0,1.0,1.0,1.0
451,QFT,SR2,Ankaa-3,singleton,512,1.0,1.0,0.8222005208333333,0.7351025329369579,0.6951171875,3.3607382294772287e-60,1.0,1.0,1.0,1.0,0.0,1.0,1.0,1.0,1.0
452,QFT,SR2,Ankaa-3,singleton,64,1.0,1.0,0.8411805555555555,0.7571816963312252,0.7203125,1.0537968478368527e-06,1.0,1.0,1.0,1.0,0.3333333333333333,1.0,1.0,1.0,1.0
452,QFT,SR2,Ankaa-3,singleton,128,1.0,1.0,0.8404761904761905,0.7740558570247857,0.7359375,4.377519248466606e-15,1.0,1.0,1.0,1.0,0.36666666666666664,1.0,1.0,1.0,1.0
452,QFT,SR2,Ankaa-3,singleton,256,1.0,1.0,0.8404947916666666,0.7700598210336583,0.732421875,6.89021806704859e-29,1.0,1.0,1.0,1.0,0.3,1.0,1.0,1.0,1.0
452,QFT,SR2,Ankaa-3,singleton,512,1.0,1.0,0.8432942708333333,0.763706054150446,0.7260416666666667,1.4181733944453886e-63,1.0,1.0,1.0,1.0,0.1,1.0,1.0,1.0,1.0
453,QFT,SR2,Ankaa-3,singleton,64,1.0,1.0,0.8211111111111111,0.728387153424219,0.6942708333333333,1.030393261698822e-06,1.0,1.0,1.0,1.0,0.26666666666666666,1.0,1.0,1.0,1.0
453,QFT,SR2,Ankaa-3,singleton,128,1.0,1.0,0.8214657738095238,0.7349715685223238,0.6947916666666667,5.3031984693662665e-14,1.0,1.0,1.0,1.0,0.1,1.0,1.0,1.0,1.0
453,QFT,SR2,Ankaa-3,singleton,256,1.0,1.0,0.8207899305555556,0.7376502215164628,0.6985677083333334,1.2604213843319405e-26,1.0,1.0,1.0,1.0,0.1,1.0,1.0,1.0,1.0
453,QFT,SR2,Ankaa-3,singleton,512,1.0,1.0,0.820703125,0.7349307301198132,0.6962890625,1.055649213002442e-60,1.0,1.0,1.0,1.0,0.0,1.0,1.0,1.0,1.0
454,QFT,SR2,Ankaa-3,singleton,64,1.0,1.0,0.8505555555555555,0.7866890274081426,0.7494791666666667,1.7851061827378656e-07,1.0,1.0,1.0,1.0,0.6,1.0,1.0,1.0,1.0
454,QFT,SR2,Ankaa-3,singleton,128,1.0,1.0,0.8504836309523809,0.7802469936661053,0.74609375,1.2587329006952475e-15,1.0,1.0,1.0,1.0,0.36666666666666664,1.0,1.0,1.0,1.0
454,QFT,SR2,Ankaa-3,singleton,256,1.0,1.0,0.8511284722222222,0.777490226078065,0.7427083333333333,8.193120783965712e-31,1.0,1.0,1.0,1.0,0.26666666666666666,1.0,1.0,1.0,1.0
454,QFT,SR2,Ankaa-3,singleton,512,1.0,1.0,0.8520833333333333,0.7787636383059381,0.7434895833333334,3.4336577149491575e-68,1.0,1.0,1.0,1.0,0.06666666666666667,1.0,1.0,1.0,1.0
455,QFT,SR2,Ankaa-3,singleton,64,1.0,1.0,0.8454513888888889,0.7457993400401788,0.7125,6.17166169831541e-08,1.0,1.0,1.0,1.0,0.23333333333333334,1.0,1.0,1.0,1.0
455,QFT,SR2,Ankaa-3,singleton,128,1.0,1.0,0.8462425595238094,0.7492419059413571,0.7145833333333333,3.5298321409768904e-14,1.0,1.0,1.0,1.0,0.16666666666666666,1.0,1.0,1.0,1.0
455,QFT,SR2,Ankaa-3,singleton,256,1.0,1.0,0.8434461805555556,0.7707447149945801,0.738671875,8.116250889559728e-30,1.0,1.0,1.0,1.0,0.2,1.0,1.0,1.0,1.0
455,QFT,SR2,Ankaa-3,singleton,512,1.0,1.0,0.84609375,0.7593321085432302,0.7279947916666667,1.415210387341198e-63,1.0,1.0,1.0,1.0,0.06666666666666667,1.0,1.0,1.0,1.0
456,QFT,SR2,Ankaa-3,singleton,64,1.0,1.0,0.8601388888888889,0.8084325193265877,0.7723958333333333,1.2776811008954227e-08,1.0,1.0,1.0,1.0,0.5666666666666667,1.0,1.0,1.0,1.0
456,QFT,SR2,Ankaa-3,singleton,128,1.0,1.0,0.8611235119047619,0.8115526204982177,0.7661458333333333,3.7536789950926324e-18,1.0,1.0,1.0,1.0,0.6333333333333333,1.0,1.0,1.0,1.0
456,QFT,SR2,Ankaa-3,singleton,256,1.0,1.0,0.8622395833333333,0.8129797588692735,0.7665364583333333,5.394313573785322e-33,1.0,1.0,1.0,1.0,0.6666666666666666,1.0,1.0,1.0,1.0
456,QFT,SR2,Ankaa-3,singleton,512,1.0,1.0,0.8570963541666666,0.817501544458964,0.7768880208333333,6.1135120553420875e-78,1.0,1.0,1.0,1.0,0.9,1.0,1.0,1.0,1.0
457,QFT,SR3,Ankaa-3,singleton,64,1.0,1.0,0.7890277777777778,0.7675770604113012,0.6723958333333333,5.10445064088802e-07,1.0,1.0,1.0,1.0,0.3333333333333333,1.0,1.0,1.0,1.0
457,QFT,SR3,Ankaa-3,singleton,128,1.0,1.0,0.7900297619047619,0.7770261612566337,0.67734375,5.303002760834262e-13,1.0,1.0,1.0,1.0,0.36666666666666664,1.0,1.0,1.0,1.0
457,QFT,SR3,Ankaa-3,singleton,256,1.0,1.0,0.7885850694444444,0.8027482282563019,0.700390625,7.118623416327168e-32,1.0,1.0,1.0,1.0,0.5666666666666667,1.0,1.0,1.0,1.0
457,QFT,SR3,Ankaa-3,singleton,512,1.0,1.0,0.7849609375,0.8017157910745544,0.7041015625,9.004957852610112e-68,1.0,1.0,1.0,1.0,0.5,1.0,1.0,1.0,1.0
458,QFT,SR3,Ankaa-3,singleton,64,1.0,1.0,0.8188888888888889,0.8310449912362892,0.7359375,4.9849845139513875e-09,1.0,1.0,1.0,1.0,0.8666666666666667,1.0,1.0,1.0,1.0
458,QFT,SR3,Ankaa-3,singleton,128,1.0,1.0,0.8190848214285714,0.841066894925553,0.7432291666666667,1.9569201453567614e-17,1.0,1.0,1.0,1.0,0.9,1.0,1.0,1.0,1.0
458,QFT,SR3,Ankaa-3,singleton,256,1.0,1.0,0.8196180555555556,0.8404273200595109,0.7440104166666667,1.2080109627410687e-36,1.0,1.0,1.0,1.0,0.9333333333333333,1.0,1.0,1.0,1.0
458,QFT,SR3,Ankaa-3,singleton,512,1.0,1.0,0.821875,0.8472384638621727,0.7474609375,1.4340314903967635e-79,1.0,1.0,1.0,1.0,1.0,1.0,1.0,1.0,1.0
459,QFT,SR3,Ankaa-3,singleton,64,1.0,1.0,0.8128819444444445,0.7721774068031186,0.7036458333333333,6.999393485231388e-08,1.0,1.0,1.0,1.0,0.3333333333333333,1.0,1.0,1.0,1.0
459,QFT,SR3,Ankaa-3,singleton,128,1.0,1.0,0.8124255952380952,0.8012114315438699,0.7234375,1.0936017761795402e-16,1.0,1.0,1.0,1.0,0.5,1.0,1.0,1.0,1.0
459,QFT,SR3,Ankaa-3,singleton,256,1.0,1.0,0.8123697916666667,0.8088472794924265,0.7270833333333333,9.165017692750622e-35,1.0,1.0,1.0,1.0,0.6333333333333333,1.0,1.0,1.0,1.0
459,QFT,SR3,Ankaa-3,singleton,512,1.0,1.0,0.812890625,0.8109085479096404,0.72734375,2.353236265720041e-70,1.0,1.0,1.0,1.0,0.7666666666666667,1.0,1.0,1.0,1.0
460,QFT,SR3,Ankaa-3,singleton,64,1.0,1.0,0.8179513888888889,0.7824296103705812,0.7239583333333334,4.819316992995456e-08,1.0,1.0,1.0,1.0,0.4,1.0,1.0,1.0,1.0
460,QFT,SR3,Ankaa-3,singleton,128,1.0,1.0,0.8186755952380953,0.775784978357849,0.71328125,1.297877255054043e-13,1.0,1.0,1.0,1.0,0.3,1.0,1.0,1.0,1.0
460,QFT,SR3,Ankaa-3,singleton,256,1.0,1.0,0.8161458333333333,0.7988495048442101,0.7328125,5.620235814429852e-32,1.0,1.0,1.0,1.0,0.5,1.0,1.0,1.0,1.0
460,QFT,SR3,Ankaa-3,singleton,512,1.0,1.0,0.82109375,0.791364688241157,0.7206380208333333,1.6827186967074743e-68,1.0,1.0,1.0,1.0,0.3333333333333333,1.0,1.0,1.0,1.0
461,QFT,SR3,Ankaa-3,singleton,64,1.0,1.0,0.8218402777777778,0.830453318692594,0.7526041666666666,7.035695511837502e-08,1.0,1.0,1.0,1.0,0.6666666666666666,1.0,1.0,1.0,1.0
461,QFT,SR3,Ankaa-3,singleton,128,1.0,1.0,0.8220610119047619,0.8213371415811539,0.74296875,4.964456135159757e-18,1.0,1.0,1.0,1.0,0.7333333333333333,1.0,1.0,1.0,1.0
461,QFT,SR3,Ankaa-3,singleton,256,1.0,1.0,0.8221354166666667,0.830859752794477,0.7467447916666666,1.1630335098691559e-37,1.0,1.0,1.0,1.0,0.9,1.0,1.0,1.0,1.0
461,QFT,SR3,Ankaa-3,singleton,512,1.0,1.0,0.8198567708333333,0.8350046578346998,0.7505208333333333,2.547107708767412e-76,1.0,1.0,1.0,1.0,0.9666666666666667,1.0,1.0,1.0,1.0
462,QFT,SR3,Ankaa-3,singleton,64,1.0,1.0,0.8687152777777778,0.8753594435735829,0.8177083333333334,1.7434047382613656e-09,1.0,1.0,1.0,1.0,0.9333333333333333,1.0,1.0,1.0,1.0
462,QFT,SR3,Ankaa-3,singleton,128,1.0,1.0,0.8684523809523809,0.8873929242895824,0.821875,8.960432081496449e-20,1.0,1.0,1.0,1.0,0.9666666666666667,1.0,1.0,1.0,1.0
462,QFT,SR3,Ankaa-3,singleton,256,1.0,1.0,0.869357638888889,0.8953668337170406,0.8205729166666667,8.371162931616237e-48,1.0,1.0,1.0,1.0,1.0,1.0,1.0,1.0,1.0
462,QFT,SR3,Ankaa-3,singleton,512,1.0,1.0,0.8706380208333333,0.8986557641793633,0.8213541666666667,2.0892183754642698e-96,1.0,1.0,1.0,1.0,1.0,1.0,1.0,1.0,1.0
463,QFT,SR3,Ankaa-3,singleton,64,1.0,1.0,0.8461111111111111,0.8546553533659598,0.7885416666666667,4.115712149054563e-10,1.0,1.0,1.0,1.0,0.8333333333333334,1.0,1.0,1.0,1.0
463,QFT,SR3,Ankaa-3,singleton,128,1.0,1.0,0.8454613095238095,0.8647392589149007,0.7932291666666667,9.011049412447105e-19,1.0,1.0,1.0,1.0,0.9333333333333333,1.0,1.0,1.0,1.0
463,QFT,SR3,Ankaa-3,singleton,256,1.0,1.0,0.8462673611111111,0.8725744820544978,0.790234375,1.124249177206901e-39,1.0,1.0,1.0,1.0,1.0,1.0,1.0,1.0,1.0
463,QFT,SR3,Ankaa-3,singleton,512,1.0,1.0,0.8472005208333333,0.8663167650004845,0.785546875,8.01955771815854e-85,1.0,1.0,1.0,1.0,1.0,1.0,1.0,1.0,1.0
464,QFT,SR3,Ankaa-3,singleton,64,1.0,1.0,0.870625,0.8719115267233407,0.8182291666666667,4.872350942847214e-11,1.0,1.0,1.0,1.0,0.9333333333333333,1.0,1.0,1.0,1.0
464,QFT,SR3,Ankaa-3,singleton,128,1.0,1.0,0.8704613095238095,0.877122782736244,0.8182291666666667,1.110706072678427e-21,1.0,1.0,1.0,1.0,1.0,1.0,1.0,1.0,1.0
464,QFT,SR3,Ankaa-3,singleton,256,1.0,1.0,0.86953125,0.8827147568059869,0.8212239583333333,1.0130292847613438e-45,1.0,1.0,1.0,1.0,1.0,1.0,1.0,1.0,1.0
464,QFT,SR3,Ankaa-3,singleton,512,1.0,1.0,0.8708984375,0.8793849387187315,0.8153645833333333,8.791591794272782e-89,1.0,1.0,1.0,1.0,1.0,1.0,1.0,1.0,1.0
465,QFT,SR3,Ankaa-3,singleton,64,1.0,1.0,0.791076388888889,0.7147493738190812,0.6588541666666666,1.0979583873364741e-06,1.0,1.0,1.0,1.0,0.13333333333333333,1.0,1.0,1.0,1.0
465,QFT,SR3,Ankaa-3,singleton,128,1.0,1.0,0.7919642857142858,0.7182023696681057,0.6557291666666667,5.726745185336427e-12,1.0,1.0,1.0,1.0,0.06666666666666667,1.0,1.0,1.0,1.0
465,QFT,SR3,Ankaa-3,singleton,256,1.0,1.0,0.787890625,0.7379098506859388,0.6796875,4.745690090811681e-28,1.0,1.0,1.0,1.0,0.03333333333333333,1.0,1.0,1.0,1.0
465,QFT,SR3,Ankaa-3,singleton,512,1.0,1.0,0.7912109375,0.7253511336412182,0.6649739583333333,1.887936864506679e-52,1.0,1.0,1.0,1.0,0.0,1.0,1.0,1.0,1.0
466,QFT,SR4,Ankaa-3,singleton,64,0.9333333333333333,0.9333333333333333,0.3544097222222222,0.22670261028977426,0.14010416666666667,0.312761258766659,1.0,0.9666666666666667,0.5333333333333333,0.0,0.0,0.26666666666666666,0.06666666666666667,0.26666666666666666,0.8666666666666667
466,QFT,SR4,Ankaa-3,singleton,128,0.9666666666666667,0.9666666666666667,0.3604910714285714,0.19764963849805758,0.11848958333333333,0.2162910823818798,1.0,0.9666666666666667,0.43333333333333335,0.0,0.0,0.3,0.2,0.3,0.8666666666666667
466,QFT,SR4,Ankaa-3,singleton,256,1.0,1.0,0.36497395833333335,0.20318327986999218,0.12252604166666667,0.07201738924092742,1.0,1.0,0.5333333333333333,0.0,0.0,0.6333333333333333,0.4666666666666667,0.5333333333333333,0.9333333333333333
466,QFT,SR4,Ankaa-3,singleton,512,1.0,1.0,0.36334635416666666,0.2163163788997756,0.1298828125,0.0018562845856406767,1.0,1.0,0.6,0.0,0.0,1.0,0.9333333333333333,0.6,1.0
467,QFT,SR4,Ankaa-3,singleton,64,0.3333333333333333,0.6666666666666666,0.3320138888888889,0.10915812341568235,0.0703125,0.6253869881073494,1.0,0.9333333333333333,0.13333333333333333,0.0,0.0,0.0,0.0,0.0,0.6
467,QFT,SR4,Ankaa-3,singleton,128,0.16666666666666666,0.8333333333333334,0.3379092261904762,0.06742850492409044,0.04401041666666667,0.6536496357617838,1.0,0.9666666666666667,0.06666666666666667,0.0,0.0,0.0,0.0,0.0,0.3333333333333333
467,QFT,SR4,Ankaa-3,singleton,256,0.23333333333333334,0.7666666666666667,0.3333333333333333,0.06442770887711406,0.04205729166666667,0.5259610560120689,1.0,0.8666666666666667,0.0,0.0,0.0,0.03333333333333333,0.0,0.0,0.43333333333333335
467,QFT,SR4,Ankaa-3,singleton,512,0.1,0.7666666666666667,0.3377604166666667,0.053328449373146916,0.034895833333333334,0.4469310169486781,1.0,0.9333333333333333,0.0,0.0,0.0,0.06666666666666667,0.0,0.0,0.3
468,QFT,SR4,Ankaa-3,singleton,64,1.0,1.0,0.44121527777777775,0.5839717785983825,0.340625,0.0034074139848475704,1.0,1.0,1.0,0.8333333333333334,0.06666666666666667,1.0,0.8666666666666667,1.0,1.0
468,QFT,SR4,Ankaa-3,singleton,128,1.0,1.0,0.4425595238095238,0.5776041876944681,0.3234375,5.1858725364059125e-05,1.0,1.0,1.0,0.9,0.0,1.0,1.0,1.0,1.0
468,QFT,SR4,Ankaa-3,singleton,256,1.0,1.0,0.44500868055555554,0.6017662179901316,0.32643229166666665,3.7117808272619044e-11,1.0,1.0,1.0,1.0,0.0,1.0,1.0,1.0,1.0
468,QFT,SR4,Ankaa-3,singleton,512,1.0,1.0,0.44186197916666664,0.6160844982620293,0.33763020833333335,4.817379938539314e-22,1.0,1.0,1.0,1.0,0.0,1.0,1.0,1.0,1.0
469,QFT,SR4,Ankaa-3,singleton,64,1.0,1.0,0.42260416666666667,0.48168769677779305,0.27760416666666665,0.028284159615426088,1.0,1.0,1.0,0.43333333333333335,0.0,0.9,0.7,0.9,1.0
469,QFT,SR4,Ankaa-3,singleton,128,1.0,1.0,0.4222470238095238,0.5467850974112164,0.3026041666666667,0.0001457895814922905,1.0,1.0,1.0,0.7,0.0,1.0,1.0,1.0,1.0
469,QFT,SR4,Ankaa-3,singleton,256,1.0,1.0,0.4245659722222222,0.5377041457572567,0.29205729166666666,1.516069467642529e-08,1.0,1.0,1.0,0.7666666666666667,0.0,1.0,1.0,1.0,1.0
469,QFT,SR4,Ankaa-3,singleton,512,1.0,1.0,0.4202473958333333,0.5514749453636634,0.30247395833333335,6.439958312216785e-17,1.0,1.0,1.0,0.9666666666666667,0.0,1.0,1.0,1.0,1.0
470,QFT,SR4,Ankaa-3,singleton,64,1.0,1.0,0.5447222222222222,0.5856292754540294,0.3953125,0.0028013155406194793,1.0,1.0,1.0,0.8666666666666667,0.0,1.0,0.9,1.0,1.0
470,QFT,SR4,Ankaa-3,singleton,128,1.0,1.0,0.5449032738095239,0.6309480884823876,0.41692708333333334,4.6685032774676894e-06,1.0,1.0,1.0,0.9,0.0,1.0,1.0,1.0,1.0
470,QFT,SR4,Ankaa-3,singleton,256,1.0,1.0,0.541189236111111,0.659377327739234,0.43893229166666664,1.3167521354829601e-14,1.0,1.0,1.0,1.0,0.0,1.0,1.0,1.0,1.0
470,QFT,SR4,Ankaa-3,singleton,512,1.0,1.0,0.5430989583333333,0.6701694216508292,0.43723958333333335,1.5161400202045113e-33,1.0,1.0,1.0,1.0,0.0,1.0,1.0,1.0,1.0
471,QFT,SR4,Ankaa-3,singleton,64,1.0,1.0,0.4506597222222222,0.5337708058594656,0.30885416666666665,0.01825940875217687,1.0,1.0,1.0,0.6666666666666666,0.0,0.9,0.7,0.9,1.0
471,QFT,SR4,Ankaa-3,singleton,128,1.0,1.0,0.45003720238095235,0.5686173945464611,0.32786458333333335,0.0002585697174742925,1.0,1.0,1.0,0.8666666666666667,0.0,1.0,1.0,1.0,1.0
471,QFT,SR4,Ankaa-3,singleton,256,1.0,1.0,0.4490017361111111,0.5893770099169776,0.3365885416666667,1.910476027397441e-07,1.0,1.0,1.0,0.9,0.0,1.0,1.0,1.0,1.0
471,QFT,SR4,Ankaa-3,singleton,512,1.0,1.0,0.4464192708333333,0.5918091670671096,0.3375651041666667,7.970172301087421e-21,1.0,1.0,1.0,1.0,0.0,1.0,1.0,1.0,1.0
472,QFT,SR4,Ankaa-3,singleton,64,0.9666666666666667,0.9666666666666667,0.2785763888888889,0.2507939684444819,0.11822916666666666,0.3541480657586362,1.0,1.0,0.6666666666666666,0.06666666666666667,0.0,0.16666666666666666,0.06666666666666667,0.16666666666666666,0.7666666666666667
472,QFT,SR4,Ankaa-3,singleton,128,1.0,1.0,0.2855282738095238,0.270312521108287,0.12083333333333333,0.11917489034480701,1.0,1.0,0.8,0.0,0.0,0.43333333333333335,0.2,0.43333333333333335,0.9666666666666667
472,QFT,SR4,Ankaa-3,singleton,256,1.0,1.0,0.285546875,0.3190452101930161,0.13763020833333334,0.01507025203995862,1.0,1.0,0.9333333333333333,0.0,0.0,0.9333333333333333,0.7666666666666667,0.9333333333333333,1.0
472,QFT,SR4,Ankaa-3,singleton,512,1.0,1.0,0.28118489583333334,0.34121162926011844,0.14720052083333332,2.893412910772508e-05,1.0,1.0,1.0,0.0,0.0,1.0,1.0,1.0,1.0
473,QFT,SR4,Ankaa-3,singleton,64,1.0,1.0,0.4846875,0.5750717430445415,0.35104166666666664,0.004068431745354436,1.0,1.0,1.0,0.8,0.0,1.0,0.8666666666666667,1.0,1.0
473,QFT,SR4,Ankaa-3,singleton,128,1.0,1.0,0.48444940476190473,0.5731918151410399,0.35260416666666666,4.158122991025607e-05,1.0,1.0,1.0,0.8666666666666667,0.0,1.0,1.0,1.0,1.0
473,QFT,SR4,Ankaa-3,singleton,256,1.0,1.0,0.4849392361111111,0.604580055103771,0.3639322916666667,8.038145807813737e-11,1.0,1.0,1.0,0.9666666666666667,0.0,1.0,1.0,1.0,1.0
473,QFT,SR4,Ankaa-3,singleton,512,1.0,1.0,0.48776041666666664,0.5939655196682757,0.35846354166666666,6.990744123888392e-23,1.0,1.0,1.0,1.0,0.0,1.0,1.0,1.0,1.0
474,QFT,SR4,Ankaa-3,singleton,64,1.0,1.0,0.4417013888888889,0.6049911852775629,0.34270833333333334,0.0065711729384979375,1.0,1.0,1.0,0.9333333333333333,0.0,0.9666666666666667,0.9666666666666667,0.9666666666666667,1.0
474,QFT,SR4,Ankaa-3,singleton,128,1.0,1.0,0.4434151785714286,0.619547393659271,0.33307291666666666,4.895970619604627e-06,1.0,1.0,1.0,1.0,0.0,1.0,1.0,1.0,1.0
474,QFT,SR4,Ankaa-3,singleton,256,1.0,1.0,0.443359375,0.6507315966604981,0.34661458333333334,5.0344084694316355e-12,1.0,1.0,1.0,1.0,0.0,1.0,1.0,1.0,1.0
474,QFT,SR4,Ankaa-3,singleton,512,1.0,1.0,0.4376953125,0.6804906305534072,0.3621744791666667,2.0136555372670916e-27,1.0,1.0,1.0,1.0,0.0,1.0,1.0,1.0,1.0
475,QFT,SR5,Ankaa-3,singleton,64,0.0,0.2,0.10291666666666667,0.11374949182224724,0.03125,0.7833268245061239,1.0,0.7666666666666667,0.2,0.0,0.0,0.0,0.0,0.0,0.23333333333333334
475,QFT,SR5,Ankaa-3,singleton,128,0.0,0.36666666666666664,0.10107886904761905,0.11004832278268449,0.02734375,0.679374563798774,1.0,0.9,0.13333333333333333,0.0,0.0,0.0,0.0,0.0,0.16666666666666666
475,QFT,SR5,Ankaa-3,singleton,256,0.0,0.36666666666666664,0.105859375,0.07061492174492694,0.016927083333333332,0.6887561199240672,1.0,0.9333333333333333,0.0,0.0,0.0,0.0,0.0,0.0,0.0
475,QFT,SR5,Ankaa-3,singleton,512,0.0,0.3333333333333333,0.10416666666666667,0.04241890931330321,0.009635416666666667,0.7291374962261827,1.0,0.9333333333333333,0.0,0.0,0.0,0.0,0.0,0.0,0.0
476,QFT,SR5,Ankaa-3,singleton,64,0.0,0.4,0.09427083333333333,0.13315678588124408,0.0328125,0.7783495585123698,1.0,0.8333333333333334,0.26666666666666666,0.0,0.0,0.0,0.0,0.0,0.23333333333333334
476,QFT,SR5,Ankaa-3,singleton,128,0.0,0.36666666666666664,0.0970610119047619,0.09881445376162819,0.022395833333333334,0.738106497679837,1.0,0.8,0.2,0.0,0.0,0.0,0.0,0.0,0.13333333333333333
476,QFT,SR5,Ankaa-3,singleton,256,0.0,0.5,0.10247395833333334,0.07134271652593288,0.015104166666666667,0.7217639907432101,1.0,1.0,0.0,0.0,0.0,0.0,0.0,0.0,0.0
476,QFT,SR5,Ankaa-3,singleton,512,0.0,0.43333333333333335,0.10091145833333333,0.05776108647723336,0.012109375,0.6463111109402776,1.0,0.9666666666666667,0.0,0.0,0.0,0.0,0.0,0.0,0.0
477,QFT,SR5,Ankaa-3,singleton,64,0.03333333333333333,0.0,0.05125,0.10655992155992156,0.021354166666666667,0.8621856689453125,1.0,0.6666666666666666,0.23333333333333334,0.0,0.0,0.0,0.0,0.0,0.13333333333333333
477,QFT,SR5,Ankaa-3,singleton,128,0.06666666666666667,0.0,0.04959077380952381,0.07843400986125444,0.012239583333333333,0.865548555056254,1.0,0.7333333333333333,0.13333333333333333,0.0,0.0,0.0,0.0,0.0,0.0
477,QFT,SR5,Ankaa-3,singleton,256,0.2,0.03333333333333333,0.05260416666666667,0.0513381806369578,0.007291666666666667,0.861217306333856,1.0,0.7333333333333333,0.03333333333333333,0.0,0.0,0.0,0.0,0.0,0.0
477,QFT,SR5,Ankaa-3,singleton,512,0.13333333333333333,0.0,0.054361979166666664,0.03720160516558794,0.004752604166666666,0.8549395377635455,1.0,0.9,0.0,0.0,0.0,0.0,0.0,0.0,0.0
478,QFT,SR5,Ankaa-3,singleton,64,0.6666666666666666,0.6666666666666666,0.10309027777777778,0.18040359880917156,0.041666666666666664,0.6977839152018229,1.0,0.9666666666666667,0.4666666666666667,0.03333333333333333,0.0,0.0,0.0,0.0,0.36666666666666664
478,QFT,SR5,Ankaa-3,singleton,128,0.6333333333333333,0.6333333333333333,0.10193452380952381,0.1345217759685899,0.03046875,0.6329363212571479,1.0,0.9,0.23333333333333334,0.0,0.0,0.0,0.0,0.0,0.2
478,QFT,SR5,Ankaa-3,singleton,256,0.8333333333333334,0.8333333333333334,0.11328125,0.11455751248826027,0.023046875,0.5340892109621228,1.0,0.9333333333333333,0.13333333333333333,0.0,0.0,0.03333333333333333,0.0,0.03333333333333333,0.03333333333333333
478,QFT,SR5,Ankaa-3,singleton,512,1.0,0.9333333333333333,0.11868489583333333,0.14094746812974884,0.029036458333333334,0.27073141973384285,1.0,1.0,0.2,0.0,0.0,0.16666666666666666,0.06666666666666667,0.16666666666666666,0.1
479,QFT,SR5,Ankaa-3,singleton,64,0.0,0.6666666666666666,0.1192013888888889,0.1495467508640883,0.0421875,0.6972814957300822,1.0,0.8666666666666667,0.4,0.0,0.0,0.0,0.0,0.0,0.3333333333333333
479,QFT,SR5,Ankaa-3,singleton,128,0.0,0.7666666666666667,0.12581845238095238,0.14996027264881784,0.04244791666666667,0.565875817474398,1.0,0.9,0.36666666666666664,0.0,0.0,0.13333333333333333,0.0,0.13333333333333333,0.36666666666666664
479,QFT,SR5,Ankaa-3,singleton,256,0.0,0.9666666666666667,0.13702256944444444,0.18021217370839315,0.0453125,0.3039900753256376,1.0,0.9666666666666667,0.4666666666666667,0.0,0.0,0.26666666666666666,0.06666666666666667,0.26666666666666666,0.43333333333333335
479,QFT,SR5,Ankaa-3,singleton,512,0.0,1.0,0.14088541666666668,0.1741601823675816,0.04153645833333333,0.10640249815003881,1.0,1.0,0.36666666666666664,0.0,0.0,0.4666666666666667,0.1,0.36666666666666664,0.26666666666666666
480,QFT,SR5,Ankaa-3,singleton,64,0.0,0.06666666666666667,0.07072916666666668,0.10067471743942333,0.020833333333333332,0.870086669921875,1.0,0.7,0.2,0.0,0.0,0.0,0.0,0.0,0.06666666666666667
480,QFT,SR5,Ankaa-3,singleton,128,0.0,0.16666666666666666,0.07566964285714285,0.09633272368896492,0.01875,0.7744116429549952,1.0,0.9,0.1,0.0,0.0,0.0,0.0,0.0,0.0
480,QFT,SR5,Ankaa-3,singleton,256,0.0,0.1,0.07703993055555555,0.05406686621615429,0.009244791666666667,0.8320520709825076,1.0,0.8666666666666667,0.0,0.0,0.0,0.0,0.0,0.0,0.0
480,QFT,SR5,Ankaa-3,singleton,512,0.0,0.16666666666666666,0.0779296875,0.030946213407979373,0.005338541666666667,0.8545207244139414,1.0,0.9,0.0,0.0,0.0,0.0,0.0,0.0,0.0
481,QFT,SR5,Ankaa-3,singleton,64,0.03333333333333333,0.3333333333333333,0.06895833333333333,0.13285159285159284,0.029166666666666667,0.8047271728515625,1.0,0.8,0.26666666666666666,0.0,0.0,0.0,0.0,0.0,0.13333333333333333
481,QFT,SR5,Ankaa-3,singleton,128,0.06666666666666667,0.26666666666666666,0.06956845238095238,0.10772560335108008,0.019010416666666665,0.7619997372229894,1.0,0.8666666666666667,0.16666666666666666,0.0,0.0,0.0,0.0,0.0,0.06666666666666667
481,QFT,SR5,Ankaa-3,singleton,256,0.0,0.7666666666666667,0.08684895833333334,0.0813369170713471,0.014453125,0.7050012618732759,1.0,0.8666666666666667,0.06666666666666667,0.0,0.0,0.0,0.0,0.0,0.0
481,QFT,SR5,Ankaa-3,singleton,512,0.0,0.8,0.09069010416666666,0.08105933168269354,0.0140625,0.5692083815451915,1.0,1.0,0.03333333333333333,0.0,0.0,0.03333333333333333,0.0,0.03333333333333333,0.0
482,QFT,SR5,Ankaa-3,singleton,64,0.0,0.43333333333333335,0.08694444444444445,0.1264128409716645,0.028645833333333332,0.8070826212565104,1.0,0.8,0.26666666666666666,0.0,0.0,0.0,0.0,0.0,0.13333333333333333
482,QFT,SR5,Ankaa-3,singleton,128,0.0,0.7666666666666667,0.10308779761904761,0.15682715093260627,0.035416666666666666,0.5817186865024269,1.0,0.9333333333333333,0.3,0.0,0.0,0.03333333333333333,0.0,0.03333333333333333,0.23333333333333334
482,QFT,SR5,Ankaa-3,singleton,256,0.0,0.8333333333333334,0.10750868055555556,0.10642508020221086,0.021484375,0.5637988286110622,1.0,0.8666666666666667,0.1,0.0,0.0,0.0,0.0,0.0,0.0
482,QFT,SR5,Ankaa-3,singleton,512,0.0,1.0,0.11764322916666667,0.11181207626610265,0.022591145833333333,0.37128785405874065,1.0,1.0,0.1,0.0,0.0,0.1,0.0,0.1,0.0
483,QFT,SR5,Ankaa-3,singleton,64,0.0,0.6666666666666666,0.10423611111111111,0.11233361323918599,0.028125,0.8167404492696126,1.0,0.7333333333333333,0.23333333333333334,0.0,0.0,0.0,0.0,0.0,0.16666666666666666
483,QFT,SR5,Ankaa-3,singleton,128,0.0,0.5666666666666667,0.09981398809523809,0.1315651242721218,0.029427083333333333,0.6497163286665455,1.0,0.9,0.23333333333333334,0.0,0.0,0.03333333333333333,0.0,0.03333333333333333,0.2
483,QFT,SR5,Ankaa-3,singleton,256,0.0,0.8666666666666667,0.11436631944444445,0.14955661136668824,0.03203125,0.4369561095223789,1.0,0.9666666666666667,0.36666666666666664,0.0,0.0,0.1,0.03333333333333333,0.1,0.2
483,QFT,SR5,Ankaa-3,singleton,512,0.0,0.9666666666666667,0.11829427083333334,0.1693809160080781,0.03522135416666667,0.16779861420854142,1.0,0.9666666666666667,0.23333333333333334,0.0,0.0,0.3,0.06666666666666667,0.23333333333333334,0.13333333333333333
484,QFT,SR5,Ankaa-3,singleton,64,0.5666666666666667,0.5666666666666667,0.07614583333333333,0.15573001073001075,0.033854166666666664,0.7621040344238281,1.0,0.9,0.4,0.0,0.0,0.0,0.0,0.0,0.23333333333333334
484,QFT,SR5,Ankaa-3,singleton,128,0.5666666666666667,0.5,0.08284970238095239,0.11127006331368545,0.020052083333333335,0.7441403408845265,1.0,0.9,0.13333333333333333,0.0,0.0,0.0,0.0,0.0,0.03333333333333333
484,QFT,SR5,Ankaa-3,singleton,256,0.7,0.4666666666666667,0.08268229166666667,0.11214029154326782,0.019661458333333333,0.5751854602575314,1.0,0.8666666666666667,0.13333333333333333,0.0,0.0,0.0,0.0,0.0,0.0
484,QFT,SR5,Ankaa-3,singleton,512,0.7,0.4666666666666667,0.08424479166666667,0.06556145872238071,0.011328125,0.6322232344315425,1.0,0.9666666666666667,0.0,0.0,0.0,0.0,0.0,0.0,0.0
485,QFT,SR5,Ankaa-3,singleton,64,0.0,0.6333333333333333,0.1557638888888889,0.1500309464369903,0.04791666666666667,0.6726776917775472,1.0,0.9,0.3333333333333333,0.0,0.0,0.0,0.0,0.0,0.3333333333333333
485,QFT,SR5,Ankaa-3,singleton,128,0.0,0.7666666666666667,0.1630580357142857,0.10085235742490163,0.03229166666666667,0.6633957242216959,1.0,0.8666666666666667,0.13333333333333333,0.0,0.0,0.0,0.0,0.0,0.2
485,QFT,SR5,Ankaa-3,singleton,256,0.0,0.9,0.17078993055555555,0.14015411734143163,0.042708333333333334,0.3528543358463848,1.0,1.0,0.2,0.0,0.0,0.1,0.03333333333333333,0.1,0.43333333333333335
485,QFT,SR5,Ankaa-3,singleton,512,0.0,1.0,0.17623697916666667,0.14223961234931737,0.043684895833333334,0.1586645279996976,1.0,1.0,0.2,0.0,0.0,0.4,0.13333333333333333,0.2,0.36666666666666664
486,QFT,SR5,Ankaa-3,singleton,64,0.0,0.9666666666666667,0.2542361111111111,0.37218137887050257,0.13072916666666667,0.21506883843491476,1.0,1.0,0.8666666666666667,0.2,0.0,0.23333333333333334,0.16666666666666666,0.23333333333333334,0.8666666666666667
486,QFT,SR5,Ankaa-3,singleton,128,0.0,1.0,0.2585193452380953,0.4595884312865282,0.16510416666666666,0.01480235750824296,1.0,1.0,1.0,0.36666666666666664,0.0,0.9,0.7666666666666667,0.9,1.0
486,QFT,SR5,Ankaa-3,singleton,256,0.0,1.0,0.25828993055555555,0.4600626280986261,0.1640625,0.0008737151481007587,1.0,1.0,1.0,0.3,0.0,1.0,0.9666666666666667,1.0,1.0
486,QFT,SR5,Ankaa-3,singleton,512,0.0,1.0,0.25729166666666664,0.4887032382656983,0.1708984375,2.605459794007933e-09,1.0,1.0,1.0,0.36666666666666664,0.0,1.0,1.0,1.0,1.0
487,BV,BV10-ALT,ibm_fez,singleton,64,1.0,1.0,0.75625,0.8597128960105638,0.69375,4.032949675140488e-09,1.0,1.0,1.0,1.0,0.9,1.0,1.0,1.0,1.0
487,BV,BV10-ALT,ibm_fez,singleton,128,1.0,1.0,0.7553943452380952,0.8841969053606582,0.7127604166666667,1.1747294039655246e-18,1.0,1.0,1.0,1.0,1.0,1.0,1.0,1.0,1.0
487,BV,BV10-ALT,ibm_fez,singleton,256,1.0,1.0,0.7538628472222223,0.9007898471153766,0.7221354166666667,4.4235211271491824e-41,1.0,1.0,1.0,1.0,1.0,1.0,1.0,1.0,1.0
487,BV,BV10-ALT,ibm_fez,singleton,512,1.0,1.0,0.7546875,0.9018686457344728,0.71796875,6.604758252902168e-81,1.0,1.0,1.0,1.0,1.0,1.0,1.0,1.0,1.0
488,BV,BV10-ALT,ibm_fez,singleton,64,1.0,1.0,0.7660416666666666,0.8792195714597177,0.7255208333333333,5.513397636584353e-10,1.0,1.0,1.0,1.0,0.9333333333333333,1.0,1.0,1.0,1.0
488,BV,BV10-ALT,ibm_fez,singleton,128,1.0,1.0,0.7668154761904762,0.8925264107712396,0.721875,8.921430386323351e-20,1.0,1.0,1.0,1.0,1.0,1.0,1.0,1.0,1.0
488,BV,BV10-ALT,ibm_fez,singleton,256,1.0,1.0,0.7651475694444444,0.9107269454265743,0.7350260416666666,1.4430916791865992e-43,1.0,1.0,1.0,1.0,1.0,1.0,1.0,1.0,1.0
488,BV,BV10-ALT,ibm_fez,singleton,512,1.0,1.0,0.7645833333333333,0.923413262918113,0.7380208333333333,2.0807458574844835e-92,1.0,1.0,1.0,1.0,1.0,1.0,1.0,1.0,1.0
489,BV,BV10-ALT,ibm_fez,singleton,64,1.0,1.0,0.7264930555555555,0.8374343992589881,0.6776041666666667,1.0957853182151182e-07,1.0,1.0,1.0,1.0,0.7666666666666667,1.0,1.0,1.0,1.0
489,BV,BV10-ALT,ibm_fez,singleton,128,1.0,1.0,0.7273065476190476,0.8502476132728151,0.6700520833333333,5.43397083276343e-16,1.0,1.0,1.0,1.0,0.8333333333333334,1.0,1.0,1.0,1.0
489,BV,BV10-ALT,ibm_fez,singleton,256,1.0,1.0,0.7270399305555556,0.84755866797743,0.6688802083333333,1.9729518043644017e-32,1.0,1.0,1.0,1.0,0.9,1.0,1.0,1.0,1.0
489,BV,BV10-ALT,ibm_fez,singleton,512,1.0,1.0,0.7223307291666666,0.8452375013513321,0.6712890625,4.650791132031034e-68,1.0,1.0,1.0,1.0,0.9666666666666667,1.0,1.0,1.0,1.0
490,BV,BV10-ALT,ibm_fez,singleton,64,1.0,1.0,0.7233333333333333,0.8327417763794301,0.6619791666666667,4.4874998092470086e-08,1.0,1.0,1.0,1.0,0.7666666666666667,1.0,1.0,1.0,1.0
490,BV,BV10-ALT,ibm_fez,singleton,128,1.0,1.0,0.7252232142857142,0.8257225303965156,0.64453125,8.896387407500543e-14,1.0,1.0,1.0,1.0,0.6666666666666666,1.0,1.0,1.0,1.0
490,BV,BV10-ALT,ibm_fez,singleton,256,1.0,1.0,0.7207465277777777,0.8472012744511478,0.6716145833333333,9.987940696996469e-36,1.0,1.0,1.0,1.0,1.0,1.0,1.0,1.0,1.0
490,BV,BV10-ALT,ibm_fez,singleton,512,1.0,1.0,0.7236979166666667,0.8449810919184606,0.6627604166666666,7.755847694527202e-69,1.0,1.0,1.0,1.0,1.0,1.0,1.0,1.0,1.0
491,BV,BV10-ALT,ibm_fez,singleton,64,1.0,1.0,0.7695138888888889,0.8690941336632233,0.7015625,1.2216298297026047e-09,1.0,1.0,1.0,1.0,0.9333333333333333,1.0,1.0,1.0,1.0
491,BV,BV10-ALT,ibm_fez,singleton,128,1.0,1.0,0.7677827380952381,0.8902664800139559,0.7291666666666666,1.1384499508339624e-17,1.0,1.0,1.0,1.0,0.9666666666666667,1.0,1.0,1.0,1.0
491,BV,BV10-ALT,ibm_fez,singleton,256,1.0,1.0,0.767404513888889,0.8941439866626013,0.7287760416666667,2.0918422426477544e-40,1.0,1.0,1.0,1.0,1.0,1.0,1.0,1.0,1.0
491,BV,BV10-ALT,ibm_fez,singleton,512,1.0,1.0,0.7703776041666667,0.890746594073418,0.7224609375,5.69950422791971e-81,1.0,1.0,1.0,1.0,1.0,1.0,1.0,1.0,1.0
492,BV,BV10-ALT,ibm_fez,singleton,64,1.0,1.0,0.7568055555555555,0.8565237573153469,0.7135416666666666,4.218028854437635e-08,1.0,1.0,1.0,1.0,0.8666666666666667,1.0,1.0,1.0,1.0
492,BV,BV10-ALT,ibm_fez,singleton,128,1.0,1.0,0.7574404761904762,0.8651452593845297,0.7052083333333333,6.836752820637158e-19,1.0,1.0,1.0,1.0,0.9333333333333333,1.0,1.0,1.0,1.0
492,BV,BV10-ALT,ibm_fez,singleton,256,1.0,1.0,0.7577690972222223,0.8613812371605795,0.7014322916666667,4.130919579323124e-37,1.0,1.0,1.0,1.0,1.0,1.0,1.0,1.0,1.0
492,BV,BV10-ALT,ibm_fez,singleton,512,1.0,1.0,0.7603515625,0.8654658407546048,0.70078125,4.832600442446541e-75,1.0,1.0,1.0,1.0,1.0,1.0,1.0,1.0,1.0
493,BV,BV10-ALT,ibm_fez,singleton,64,1.0,1.0,0.7183333333333334,0.8096115485960983,0.634375,5.567236689346666e-07,1.0,1.0,1.0,1.0,0.6666666666666666,1.0,1.0,1.0,1.0
493,BV,BV10-ALT,ibm_fez,singleton,128,1.0,1.0,0.7167782738095239,0.8132126657225278,0.6497395833333334,8.582219995585173e-16,1.0,1.0,1.0,1.0,0.5333333333333333,1.0,1.0,1.0,1.0
493,BV,BV10-ALT,ibm_fez,singleton,256,1.0,1.0,0.7171006944444444,0.8085962010618432,0.6436197916666667,2.018509229193895e-28,1.0,1.0,1.0,1.0,0.6666666666666666,1.0,1.0,1.0,1.0
493,BV,BV10-ALT,ibm_fez,singleton,512,1.0,1.0,0.7169921875,0.8130385032610457,0.6444661458333333,5.733606191093643e-60,1.0,1.0,1.0,1.0,0.6666666666666666,1.0,1.0,1.0,1.0
494,BV,BV10-ALT,ibm_fez,singleton,64,1.0,1.0,0.7534375,0.8646494606404289,0.6911458333333333,1.3537903548188623e-09,1.0,1.0,1.0,1.0,0.9,1.0,1.0,1.0,1.0
494,BV,BV10-ALT,ibm_fez,singleton,128,1.0,1.0,0.753720238095238,0.8660154376237921,0.6940104166666666,9.967217726412467e-15,1.0,1.0,1.0,1.0,0.9666666666666667,1.0,1.0,1.0,1.0
494,BV,BV10-ALT,ibm_fez,singleton,256,1.0,1.0,0.7506944444444444,0.8786044126971212,0.710546875,2.2950515035213676e-38,1.0,1.0,1.0,1.0,1.0,1.0,1.0,1.0,1.0
494,BV,BV10-ALT,ibm_fez,singleton,512,1.0,1.0,0.757421875,0.8750689007120477,0.6985677083333334,1.5088013254295374e-73,1.0,1.0,1.0,1.0,1.0,1.0,1.0,1.0,1.0
495,BV,BV10-ALT,ibm_fez,singleton,64,1.0,1.0,0.7444791666666667,0.8446044515334395,0.6770833333333334,3.412108382135533e-08,1.0,1.0,1.0,1.0,0.8,1.0,1.0,1.0,1.0
495,BV,BV10-ALT,ibm_fez,singleton,128,1.0,1.0,0.7449404761904762,0.8563746111631626,0.6815104166666667,8.437103364864562e-17,1.0,1.0,1.0,1.0,0.9,1.0,1.0,1.0,1.0
495,BV,BV10-ALT,ibm_fez,singleton,256,1.0,1.0,0.746267361111111,0.8577489918871729,0.68125,5.3188391988613404e-33,1.0,1.0,1.0,1.0,0.9666666666666667,1.0,1.0,1.0,1.0
495,BV,BV10-ALT,ibm_fez,singleton,512,1.0,1.0,0.7462890625,0.8628483733244601,0.6873697916666667,8.293216413235575e-76,1.0,1.0,1.0,1.0,1.0,1.0,1.0,1.0,1.0
496,BV,BV10-ALT,ibm_marrakesh,singleton,64,1.0,1.0,0.6521180555555556,0.7867544660925246,0.578125,2.1963828684542125e-06,1.0,1.0,1.0,1.0,0.5,1.0,1.0,1.0,1.0
496,BV,BV10-ALT,ibm_marrakesh,singleton,128,1.0,1.0,0.6526785714285714,0.80238248569771,0.57890625,4.271916508973422e-12,1.0,1.0,1.0,1.0,0.5666666666666667,1.0,1.0,1.0,1.0
496,BV,BV10-ALT,ibm_marrakesh,singleton,256,1.0,1.0,0.6523003472222223,0.8106844678775421,0.5842447916666667,2.34119443557476e-28,1.0,1.0,1.0,1.0,0.5666666666666667,1.0,1.0,1.0,1.0
496,BV,BV10-ALT,ibm_marrakesh,singleton,512,1.0,1.0,0.652734375,0.8101424059329972,0.58359375,9.76520084990721e-58,1.0,1.0,1.0,1.0,0.7,1.0,1.0,1.0,1.0
497,BV,BV11-ALT,ibm_fez,singleton,64,1.0,1.0,0.4795833333333333,0.5521801765696368,0.340625,0.00951042833581255,1.0,1.0,1.0,0.5333333333333333,0.0,0.9333333333333333,0.8,0.9333333333333333,1.0
497,BV,BV11-ALT,ibm_fez,singleton,128,1.0,1.0,0.4796875,0.5629025218102499,0.34453125,0.0005240177028283784,1.0,1.0,1.0,0.7333333333333333,0.03333333333333333,1.0,1.0,1.0,1.0
497,BV,BV11-ALT,ibm_fez,singleton,256,1.0,1.0,0.47994791666666664,0.5612595330039386,0.3436197916666667,4.5118830607405997e-10,1.0,1.0,1.0,0.8666666666666667,0.0,1.0,1.0,1.0,1.0
497,BV,BV11-ALT,ibm_fez,singleton,512,1.0,1.0,0.47662760416666666,0.5678351912819305,0.3494140625,2.8803670218291006e-20,1.0,1.0,1.0,1.0,0.0,1.0,1.0,1.0,1.0
498,BV,BV11-ALT,ibm_fez,singleton,64,1.0,1.0,0.5248958333333333,0.67885651959184,0.41875,0.0009345584926895374,1.0,1.0,1.0,0.9666666666666667,0.1,1.0,0.9666666666666667,1.0,1.0
498,BV,BV11-ALT,ibm_fez,singleton,128,1.0,1.0,0.5245535714285714,0.7068173060566048,0.43411458333333336,3.1841762950364896e-07,1.0,1.0,1.0,1.0,0.06666666666666667,1.0,1.0,1.0,1.0
498,BV,BV11-ALT,ibm_fez,singleton,256,1.0,1.0,0.5268229166666667,0.7114901505702527,0.42994791666666665,6.877056336496798e-17,1.0,1.0,1.0,1.0,0.0,1.0,1.0,1.0,1.0
498,BV,BV11-ALT,ibm_fez,singleton,512,1.0,1.0,0.5300130208333333,0.71287445242086,0.4318359375,4.3899417181183855e-34,1.0,1.0,1.0,1.0,0.0,1.0,1.0,1.0,1.0
499,BV,BV11-ALT,ibm_fez,singleton,64,1.0,1.0,0.5657986111111111,0.7447783712026358,0.4791666666666667,2.5873694935540924e-05,1.0,1.0,1.0,1.0,0.2,1.0,1.0,1.0,1.0
499,BV,BV11-ALT,ibm_fez,singleton,128,1.0,1.0,0.5665550595238095,0.7606477601477611,0.4822916666666667,3.7793289569827015e-09,1.0,1.0,1.0,1.0,0.3,1.0,1.0,1.0,1.0
499,BV,BV11-ALT,ibm_fez,singleton,256,1.0,1.0,0.5641493055555556,0.7678852249414945,0.49453125,3.3638906003927817e-21,1.0,1.0,1.0,1.0,0.13333333333333333,1.0,1.0,1.0,1.0
499,BV,BV11-ALT,ibm_fez,singleton,512,1.0,1.0,0.5606770833333333,0.7786206979116965,0.49921875,4.5989374545376954e-42,1.0,1.0,1.0,1.0,0.13333333333333333,1.0,1.0,1.0,1.0
500,BV,BV11-ALT,ibm_fez,singleton,64,1.0,1.0,0.5006597222222222,0.6486261682610697,0.3854166666666667,0.0005145463210046349,1.0,1.0,1.0,1.0,0.03333333333333333,1.0,1.0,1.0,1.0
500,BV,BV11-ALT,ibm_fez,singleton,128,1.0,1.0,0.5024553571428572,0.6394456910520186,0.3768229166666667,3.845758867923085e-05,1.0,1.0,1.0,0.9,0.0,1.0,1.0,1.0,1.0
500,BV,BV11-ALT,ibm_fez,singleton,256,1.0,1.0,0.5016059027777778,0.663608077691236,0.39505208333333336,2.1228482099058886e-14,1.0,1.0,1.0,1.0,0.0,1.0,1.0,1.0,1.0
500,BV,BV11-ALT,ibm_fez,singleton,512,1.0,1.0,0.5021484375,0.6629042458378315,0.39694010416666664,1.5036572260030634e-27,1.0,1.0,1.0,1.0,0.0,1.0,1.0,1.0,1.0
501,BV,BV11-ALT,ibm_fez,singleton,64,1.0,1.0,0.5138541666666667,0.6643490204523265,0.3963541666666667,0.0008376213838057349,1.0,1.0,1.0,0.9666666666666667,0.0,1.0,1.0,1.0,1.0
501,BV,BV11-ALT,ibm_fez,singleton,128,1.0,1.0,0.5107886904761905,0.7163415744236177,0.4390625,4.598801351676354e-09,1.0,1.0,1.0,1.0,0.03333333333333333,1.0,1.0,1.0,1.0
501,BV,BV11-ALT,ibm_fez,singleton,256,1.0,1.0,0.5124131944444444,0.7254561453774353,0.431640625,4.4736211195824445e-19,1.0,1.0,1.0,1.0,0.03333333333333333,1.0,1.0,1.0,1.0
501,BV,BV11-ALT,ibm_fez,singleton,512,1.0,1.0,0.5098307291666667,0.7326554990126636,0.43606770833333336,5.217645616107176e-33,1.0,1.0,1.0,1.0,0.0,1.0,1.0,1.0,1.0
502,BV,BV11-ALT,ibm_fez,singleton,64,1.0,1.0,0.4972222222222222,0.5937624600998647,0.3578125,0.003556607653958111,1.0,1.0,1.0,0.8,0.06666666666666667,1.0,0.9333333333333333,1.0,1.0
502,BV,BV11-ALT,ibm_fez,singleton,128,1.0,1.0,0.49508928571428573,0.6663593663266414,0.40286458333333336,2.594197201168494e-06,1.0,1.0,1.0,0.9666666666666667,0.0,1.0,1.0,1.0,1.0
502,BV,BV11-ALT,ibm_fez,singleton,256,1.0,1.0,0.49778645833333335,0.660251911358245,0.3904947916666667,2.6910176958414354e-12,1.0,1.0,1.0,1.0,0.0,1.0,1.0,1.0,1.0
502,BV,BV11-ALT,ibm_fez,singleton,512,1.0,1.0,0.49388020833333335,0.666246281677706,0.39850260416666666,1.3393588293051744e-27,1.0,1.0,1.0,1.0,0.0,1.0,1.0,1.0,1.0
503,BV,BV11-ALT,ibm_fez,singleton,64,1.0,1.0,0.5398263888888889,0.7378862158103218,0.46145833333333336,2.5506955768150875e-05,1.0,1.0,1.0,1.0,0.26666666666666666,1.0,1.0,1.0,1.0
503,BV,BV11-ALT,ibm_fez,singleton,128,1.0,1.0,0.5389136904761905,0.7400182453102114,0.4661458333333333,9.448708079474795e-10,1.0,1.0,1.0,1.0,0.06666666666666667,1.0,1.0,1.0,1.0
503,BV,BV11-ALT,ibm_fez,singleton,256,1.0,1.0,0.53671875,0.7392253304723538,0.46770833333333334,2.4194622080812196e-18,1.0,1.0,1.0,1.0,0.06666666666666667,1.0,1.0,1.0,1.0
503,BV,BV11-ALT,ibm_fez,singleton,512,1.0,1.0,0.5376953125,0.7536327742550272,0.4661458333333333,7.072915696032046e-42,1.0,1.0,1.0,1.0,0.03333333333333333,1.0,1.0,1.0,1.0
504,BV,BV11-ALT,ibm_fez,singleton,64,1.0,1.0,0.5879513888888889,0.7973371775584728,0.5213541666666667,1.7868166657327342e-05,1.0,1.0,1.0,1.0,0.6333333333333333,1.0,1.0,1.0,1.0
504,BV,BV11-ALT,ibm_fez,singleton,128,1.0,1.0,0.5887276785714286,0.8090285783987003,0.5208333333333334,1.5992626279957236e-10,1.0,1.0,1.0,1.0,0.6666666666666666,1.0,1.0,1.0,1.0
504,BV,BV11-ALT,ibm_fez,singleton,256,1.0,1.0,0.590017361111111,0.8390362751391599,0.5307291666666667,2.912428874819766e-26,1.0,1.0,1.0,1.0,0.9,1.0,1.0,1.0,1.0
504,BV,BV11-ALT,ibm_fez,singleton,512,1.0,1.0,0.5826822916666666,0.8558579414242966,0.5470703125,3.1968835127063844e-57,1.0,1.0,1.0,1.0,1.0,1.0,1.0,1.0,1.0
505,BV,BV11-ALT,ibm_fez,singleton,64,1.0,1.0,0.5355555555555556,0.7099749975303478,0.45208333333333334,0.0001000829528543079,1.0,1.0,1.0,1.0,0.16666666666666666,1.0,1.0,1.0,1.0
505,BV,BV11-ALT,ibm_fez,singleton,128,1.0,1.0,0.5359375,0.727029625511469,0.45234375,7.763271334059001e-09,1.0,1.0,1.0,1.0,0.13333333333333333,1.0,1.0,1.0,1.0
505,BV,BV11-ALT,ibm_fez,singleton,256,1.0,1.0,0.5381510416666667,0.7314147851101004,0.44778645833333336,4.538887361876427e-17,1.0,1.0,1.0,1.0,0.03333333333333333,1.0,1.0,1.0,1.0
505,BV,BV11-ALT,ibm_fez,singleton,512,1.0,1.0,0.5352864583333333,0.7370104265825107,0.4556640625,2.208454463474655e-38,1.0,1.0,1.0,1.0,0.0,1.0,1.0,1.0,1.0
506,BV,BV11-ALT,ibm_marrakesh,singleton,64,1.0,1.0,0.5802777777777778,0.7893900675360856,0.5098958333333333,4.274214049123278e-06,1.0,1.0,1.0,1.0,0.5,1.0,1.0,1.0,1.0
506,BV,BV11-ALT,ibm_marrakesh,singleton,128,1.0,1.0,0.582217261904762,0.8219751385363201,0.51015625,1.9264620559424754e-12,1.0,1.0,1.0,1.0,0.7666666666666667,1.0,1.0,1.0,1.0
506,BV,BV11-ALT,ibm_marrakesh,singleton,256,1.0,1.0,0.5801649305555556,0.8437583224457227,0.530859375,2.9394340191378182e-27,1.0,1.0,1.0,1.0,0.9666666666666667,1.0,1.0,1.0,1.0
506,BV,BV11-ALT,ibm_marrakesh,singleton,512,1.0,1.0,0.576171875,0.8560999424084187,0.5387369791666666,2.1328796433080535e-56,1.0,1.0,1.0,1.0,1.0,1.0,1.0,1.0,1.0
507,BV,BV12-ALT,ibm_fez,singleton,64,1.0,1.0,0.4695138888888889,0.4477018903242575,0.3,0.041063234844192685,1.0,1.0,0.9666666666666667,0.36666666666666664,0.0,0.8333333333333334,0.6666666666666666,0.8333333333333334,0.9666666666666667
507,BV,BV12-ALT,ibm_fez,singleton,128,1.0,1.0,0.4719494047619047,0.40152449623467423,0.26536458333333335,0.005297810842262966,1.0,1.0,1.0,0.06666666666666667,0.0,1.0,0.8,1.0,1.0
507,BV,BV12-ALT,ibm_fez,singleton,256,1.0,1.0,0.47317708333333336,0.3972132869467319,0.26315104166666664,2.416216811599992e-05,1.0,1.0,1.0,0.1,0.0,1.0,1.0,1.0,1.0
507,BV,BV12-ALT,ibm_fez,singleton,512,1.0,1.0,0.46731770833333336,0.4044064625878999,0.2731119791666667,5.733708008697521e-12,1.0,1.0,1.0,0.0,0.0,1.0,1.0,1.0,1.0
508,BV,BV12-ALT,ibm_fez,singleton,64,1.0,1.0,0.5431597222222222,0.6193976057429371,0.4005208333333333,0.0025369016055056667,1.0,1.0,1.0,0.8333333333333334,0.06666666666666667,1.0,0.9333333333333333,1.0,1.0
508,BV,BV12-ALT,ibm_fez,singleton,128,1.0,1.0,0.5415178571428572,0.6349862367307632,0.4236979166666667,5.106098194282468e-07,1.0,1.0,1.0,0.9666666666666667,0.03333333333333333,1.0,1.0,1.0,1.0
508,BV,BV12-ALT,ibm_fez,singleton,256,1.0,1.0,0.541232638888889,0.6350084907058146,0.42291666666666666,1.156885788597389e-13,1.0,1.0,1.0,1.0,0.0,1.0,1.0,1.0,1.0
508,BV,BV12-ALT,ibm_fez,singleton,512,1.0,1.0,0.5444010416666667,0.6277512002957604,0.4161458333333333,1.4020913686695192e-28,1.0,1.0,1.0,1.0,0.0,1.0,1.0,1.0,1.0
509,BV,BV12-ALT,ibm_fez,singleton,64,1.0,1.0,0.6122569444444445,0.7284846335158994,0.5171875,2.543177562118378e-05,1.0,1.0,1.0,1.0,0.26666666666666666,1.0,1.0,1.0,1.0
509,BV,BV12-ALT,ibm_fez,singleton,128,1.0,1.0,0.6115699404761905,0.7412763918911084,0.5260416666666666,1.0823754832517147e-09,1.0,1.0,1.0,1.0,0.2,1.0,1.0,1.0,1.0
509,BV,BV12-ALT,ibm_fez,singleton,256,1.0,1.0,0.61171875,0.7269737114491857,0.5169270833333334,9.32344515020221e-21,1.0,1.0,1.0,1.0,0.0,1.0,1.0,1.0,1.0
509,BV,BV12-ALT,ibm_fez,singleton,512,1.0,1.0,0.611328125,0.7411727951220198,0.5221354166666666,3.0367255616830773e-44,1.0,1.0,1.0,1.0,0.03333333333333333,1.0,1.0,1.0,1.0
510,BV,BV12-ALT,ibm_fez,singleton,64,1.0,1.0,0.6052430555555556,0.747105163819891,0.5348958333333333,1.984785570163609e-05,1.0,1.0,1.0,1.0,0.36666666666666664,1.0,1.0,1.0,1.0
510,BV,BV12-ALT,ibm_fez,singleton,128,1.0,1.0,0.6065848214285714,0.7309898699075654,0.5111979166666667,1.9440846586204863e-09,1.0,1.0,1.0,1.0,0.16666666666666666,1.0,1.0,1.0,1.0
510,BV,BV12-ALT,ibm_fez,singleton,256,1.0,1.0,0.6059027777777778,0.7391163326013641,0.5166666666666667,7.814592509425722e-22,1.0,1.0,1.0,1.0,0.03333333333333333,1.0,1.0,1.0,1.0
510,BV,BV12-ALT,ibm_fez,singleton,512,1.0,1.0,0.6053385416666667,0.7482428177005469,0.5200520833333333,8.433527038177526e-45,1.0,1.0,1.0,1.0,0.0,1.0,1.0,1.0,1.0
511,BV,BV12-ALT,ibm_fez,singleton,64,1.0,1.0,0.6028472222222222,0.7699341637131277,0.5213541666666667,2.2356073930751563e-05,1.0,1.0,1.0,1.0,0.4666666666666667,1.0,1.0,1.0,1.0
511,BV,BV12-ALT,ibm_fez,singleton,128,1.0,1.0,0.6023065476190476,0.7935531820324165,0.5348958333333333,1.4506135894115761e-11,1.0,1.0,1.0,1.0,0.4666666666666667,1.0,1.0,1.0,1.0
511,BV,BV12-ALT,ibm_fez,singleton,256,1.0,1.0,0.6016927083333333,0.7876677486866189,0.533203125,7.366205590030737e-25,1.0,1.0,1.0,1.0,0.43333333333333335,1.0,1.0,1.0,1.0
511,BV,BV12-ALT,ibm_fez,singleton,512,1.0,1.0,0.5989583333333334,0.7972139681529021,0.5376953125,8.497129631646427e-51,1.0,1.0,1.0,1.0,0.36666666666666664,1.0,1.0,1.0,1.0
512,BV,BV12-ALT,ibm_fez,singleton,64,1.0,1.0,0.6186458333333333,0.7506181496065135,0.5239583333333333,1.0847642257871826e-05,1.0,1.0,1.0,1.0,0.3,1.0,1.0,1.0,1.0
512,BV,BV12-ALT,ibm_fez,singleton,128,1.0,1.0,0.6180059523809525,0.7694202850231324,0.5385416666666667,1.1643223220961612e-10,1.0,1.0,1.0,1.0,0.4,1.0,1.0,1.0,1.0
512,BV,BV12-ALT,ibm_fez,singleton,256,1.0,1.0,0.617578125,0.783788352927683,0.544921875,3.384998695249749e-22,1.0,1.0,1.0,1.0,0.43333333333333335,1.0,1.0,1.0,1.0
512,BV,BV12-ALT,ibm_fez,singleton,512,1.0,1.0,0.6171223958333333,0.7821448224190767,0.5435546875,1.3550154211568895e-46,1.0,1.0,1.0,1.0,0.3,1.0,1.0,1.0,1.0
513,BV,BV12-ALT,ibm_fez,singleton,64,1.0,1.0,0.568576388888889,0.6703367766104606,0.4791666666666667,0.0005367178113663347,1.0,1.0,1.0,0.9333333333333333,0.16666666666666666,1.0,0.9666666666666667,1.0,1.0
513,BV,BV12-ALT,ibm_fez,singleton,128,1.0,1.0,0.56953125,0.6478524002770956,0.45286458333333335,1.427087429938558e-07,1.0,1.0,1.0,1.0,0.0,1.0,1.0,1.0,1.0
513,BV,BV12-ALT,ibm_fez,singleton,256,1.0,1.0,0.5680989583333333,0.6537475955399535,0.45625,5.122619924057606e-13,1.0,1.0,1.0,1.0,0.0,1.0,1.0,1.0,1.0
513,BV,BV12-ALT,ibm_fez,singleton,512,1.0,1.0,0.5701822916666667,0.6380549117739884,0.4444661458333333,5.266751303261931e-31,1.0,1.0,1.0,1.0,0.0,1.0,1.0,1.0,1.0
514,BV,BV12-ALT,ibm_fez,singleton,64,1.0,1.0,0.5748611111111112,0.7027722223075773,0.4786458333333333,0.0003160572498219475,1.0,1.0,1.0,0.9333333333333333,0.2,1.0,1.0,1.0,1.0
514,BV,BV12-ALT,ibm_fez,singleton,128,1.0,1.0,0.5749255952380953,0.7180325571526195,0.4822916666666667,3.8878156218866115e-09,1.0,1.0,1.0,1.0,0.13333333333333333,1.0,1.0,1.0,1.0
514,BV,BV12-ALT,ibm_fez,singleton,256,1.0,1.0,0.5727430555555556,0.714023231589652,0.48528645833333334,1.3878942440758894e-17,1.0,1.0,1.0,1.0,0.06666666666666667,1.0,1.0,1.0,1.0
514,BV,BV12-ALT,ibm_fez,singleton,512,1.0,1.0,0.5749348958333333,0.7186718195134136,0.48125,1.414304434206178e-38,1.0,1.0,1.0,1.0,0.0,1.0,1.0,1.0,1.0
515,BV,BV12-ALT,ibm_fez,singleton,64,1.0,1.0,0.5952083333333333,0.6890632183398674,0.4921875,0.00041787389418441735,1.0,1.0,1.0,0.9666666666666667,0.1,1.0,0.9666666666666667,1.0,1.0
515,BV,BV12-ALT,ibm_fez,singleton,128,1.0,1.0,0.5951636904761906,0.6923307155313015,0.4908854166666667,9.900780851472233e-08,1.0,1.0,1.0,1.0,0.06666666666666667,1.0,1.0,1.0,1.0
515,BV,BV12-ALT,ibm_fez,singleton,256,1.0,1.0,0.5952690972222222,0.702747626278662,0.49270833333333336,5.8728739374511096e-18,1.0,1.0,1.0,1.0,0.0,1.0,1.0,1.0,1.0
515,BV,BV12-ALT,ibm_fez,singleton,512,1.0,1.0,0.6006510416666667,0.6907278388113166,0.48268229166666665,3.5937339790258633e-36,1.0,1.0,1.0,1.0,0.0,1.0,1.0,1.0,1.0
516,BV,BV12-ALT,ibm_marrakesh,singleton,64,0.9666666666666667,0.9666666666666667,0.30388888888888893,0.3090970112101007,0.146875,0.22531627210749625,1.0,1.0,0.7666666666666667,0.06666666666666667,0.0,0.3333333333333333,0.06666666666666667,0.3333333333333333,0.9333333333333333
516,BV,BV12-ALT,ibm_marrakesh,singleton,128,1.0,1.0,0.30944940476190474,0.33760414701376706,0.15651041666666668,0.06595005451320048,1.0,1.0,0.8,0.13333333333333333,0.0,0.6666666666666666,0.5,0.6666666666666666,1.0
516,BV,BV12-ALT,ibm_marrakesh,singleton,256,1.0,1.0,0.31154513888888885,0.3162150942762694,0.14583333333333334,0.004589478278430769,1.0,1.0,0.9666666666666667,0.0,0.0,1.0,0.8666666666666667,0.9666666666666667,1.0
516,BV,BV12-ALT,ibm_marrakesh,singleton,512,1.0,1.0,0.3109375,0.3384822036946376,0.15592447916666666,7.0897075782534325e-06,1.0,1.0,1.0,0.0,0.0,1.0,1.0,1.0,1.0
517,BV,BV13-ALT,ibm_fez,singleton,64,1.0,1.0,0.45843749999999994,0.6973703971783105,0.37135416666666665,0.0011310951616299765,1.0,1.0,1.0,0.9666666666666667,0.1,1.0,0.9333333333333333,1.0,1.0
517,BV,BV13-ALT,ibm_fez,singleton,128,1.0,1.0,0.458891369047619,0.712795375950088,0.3765625,1.3613857002999816e-06,1.0,1.0,1.0,0.9666666666666667,0.13333333333333333,1.0,1.0,1.0,1.0
517,BV,BV13-ALT,ibm_fez,singleton,256,1.0,1.0,0.45881076388888886,0.7363687598254239,0.3865885416666667,5.321616344126859e-15,1.0,1.0,1.0,1.0,0.03333333333333333,1.0,1.0,1.0,1.0
517,BV,BV13-ALT,ibm_fez,singleton,512,1.0,1.0,0.45709635416666666,0.7434123481062144,0.39140625,9.40209034541863e-34,1.0,1.0,1.0,1.0,0.03333333333333333,1.0,1.0,1.0,1.0
518,BV,BV13-ALT,ibm_fez,singleton,64,1.0,1.0,0.4857986111111111,0.7082221900933383,0.39895833333333336,0.0012532684493028986,1.0,1.0,1.0,0.9666666666666667,0.23333333333333334,1.0,0.9666666666666667,1.0,1.0
518,BV,BV13-ALT,ibm_fez,singleton,128,1.0,1.0,0.4861979166666667,0.7436278534813471,0.4088541666666667,1.4362797056027187e-08,1.0,1.0,1.0,1.0,0.13333333333333333,1.0,1.0,1.0,1.0
518,BV,BV13-ALT,ibm_fez,singleton,256,1.0,1.0,0.4871527777777778,0.754934017442275,0.41302083333333334,9.607896442323984e-17,1.0,1.0,1.0,1.0,0.2,1.0,1.0,1.0,1.0
518,BV,BV13-ALT,ibm_fez,singleton,512,1.0,1.0,0.4837239583333333,0.7703622117964264,0.42376302083333334,1.4058667496093213e-38,1.0,1.0,1.0,1.0,0.1,1.0,1.0,1.0,1.0
519,BV,BV13-ALT,ibm_fez,singleton,64,1.0,1.0,0.4284375,0.6076342572922766,0.31614583333333335,0.007244882312807022,1.0,1.0,1.0,0.9333333333333333,0.03333333333333333,0.9666666666666667,0.9333333333333333,0.9666666666666667,1.0
519,BV,BV13-ALT,ibm_fez,singleton,128,1.0,1.0,0.4263392857142857,0.6491209264618144,0.3450520833333333,6.701523797940313e-06,1.0,1.0,1.0,1.0,0.0,1.0,1.0,1.0,1.0
519,BV,BV13-ALT,ibm_fez,singleton,256,1.0,1.0,0.4302517361111111,0.6491986898889589,0.3307291666666667,1.7128472363341433e-11,1.0,1.0,1.0,1.0,0.0,1.0,1.0,1.0,1.0
519,BV,BV13-ALT,ibm_fez,singleton,512,1.0,1.0,0.4274088541666667,0.6678721967367874,0.3427734375,4.2860899253376857e-26,1.0,1.0,1.0,1.0,0.0,1.0,1.0,1.0,1.0
520,BV,BV13-ALT,ibm_fez,singleton,64,1.0,1.0,0.4552777777777778,0.6851440852997288,0.36822916666666666,0.0005543905300479916,1.0,1.0,1.0,1.0,0.13333333333333333,1.0,1.0,1.0,1.0
520,BV,BV13-ALT,ibm_fez,singleton,128,1.0,1.0,0.4561011904761905,0.7143245509233795,0.3736979166666667,1.9536558894820507e-07,1.0,1.0,1.0,1.0,0.06666666666666667,1.0,1.0,1.0,1.0
520,BV,BV13-ALT,ibm_fez,singleton,256,1.0,1.0,0.45403645833333334,0.7347027112681158,0.38815104166666664,9.197505749089143e-17,1.0,1.0,1.0,1.0,0.03333333333333333,1.0,1.0,1.0,1.0
520,BV,BV13-ALT,ibm_fez,singleton,512,1.0,1.0,0.4547526041666667,0.7461503583807718,0.38919270833333336,6.377604682105537e-35,1.0,1.0,1.0,1.0,0.0,1.0,1.0,1.0,1.0
521,BV,BV13-ALT,ibm_fez,singleton,64,1.0,1.0,0.4623958333333333,0.7246611487856792,0.3963541666666667,0.0004771511140158206,1.0,1.0,1.0,1.0,0.2,1.0,1.0,1.0,1.0
521,BV,BV13-ALT,ibm_fez,singleton,128,1.0,1.0,0.46443452380952377,0.699084649917939,0.3723958333333333,3.845495983893941e-07,1.0,1.0,1.0,1.0,0.03333333333333333,1.0,1.0,1.0,1.0
521,BV,BV13-ALT,ibm_fez,singleton,256,1.0,1.0,0.46315104166666665,0.7364430569079119,0.3919270833333333,3.7775376717763277e-16,1.0,1.0,1.0,1.0,0.06666666666666667,1.0,1.0,1.0,1.0
521,BV,BV13-ALT,ibm_fez,singleton,512,1.0,1.0,0.4622395833333333,0.7500727315162816,0.3974609375,1.7284164415133665e-32,1.0,1.0,1.0,1.0,0.0,1.0,1.0,1.0,1.0
522,BV,BV13-ALT,ibm_fez,singleton,64,1.0,1.0,0.4176736111111111,0.49041820291471616,0.26875,0.03861652933856021,1.0,1.0,1.0,0.5333333333333333,0.0,0.8,0.6333333333333333,0.8,1.0
522,BV,BV13-ALT,ibm_fez,singleton,128,1.0,1.0,0.4165178571428571,0.5431779796980849,0.29609375,0.0005140095054970023,1.0,1.0,1.0,0.6333333333333333,0.0,1.0,1.0,1.0,1.0
522,BV,BV13-ALT,ibm_fez,singleton,256,1.0,1.0,0.41922743055555556,0.5274532074313555,0.28346354166666665,3.8774097691111885e-08,1.0,1.0,1.0,0.6333333333333333,0.0,1.0,1.0,1.0,1.0
522,BV,BV13-ALT,ibm_fez,singleton,512,1.0,1.0,0.4140625,0.5388861657523704,0.2940755208333333,8.496311394451704e-16,1.0,1.0,1.0,0.8333333333333334,0.0,1.0,1.0,1.0,1.0
523,BV,BV13-ALT,ibm_fez,singleton,64,1.0,1.0,0.42930555555555555,0.5979118042184409,0.3140625,0.014408480413688569,1.0,1.0,1.0,0.7666666666666667,0.0,0.9,0.8,0.9,1.0
523,BV,BV13-ALT,ibm_fez,singleton,128,1.0,1.0,0.42686011904761906,0.6489411245268547,0.3484375,0.0001300935719526946,1.0,1.0,1.0,0.9333333333333333,0.1,1.0,1.0,1.0,1.0
523,BV,BV13-ALT,ibm_fez,singleton,256,1.0,1.0,0.4261284722222222,0.6358322357633004,0.33932291666666664,1.0166795627446783e-10,1.0,1.0,1.0,1.0,0.0,1.0,1.0,1.0,1.0
523,BV,BV13-ALT,ibm_fez,singleton,512,1.0,1.0,0.4251953125,0.6399462628298708,0.3373046875,5.639032545225888e-23,1.0,1.0,1.0,1.0,0.0,1.0,1.0,1.0,1.0
524,BV,BV13-ALT,ibm_fez,singleton,64,1.0,1.0,0.3791319444444444,0.46167684788240565,0.2375,0.06008052309747049,1.0,1.0,0.9666666666666667,0.4666666666666667,0.0,0.7,0.5,0.7,1.0
524,BV,BV13-ALT,ibm_fez,singleton,128,1.0,1.0,0.3808035714285714,0.4329940469496097,0.22083333333333333,0.00854154807535716,1.0,1.0,1.0,0.3333333333333333,0.0,0.9333333333333333,0.8,0.9333333333333333,1.0
524,BV,BV13-ALT,ibm_fez,singleton,256,1.0,1.0,0.3809461805555555,0.4308096458205738,0.22395833333333334,0.00039418296811923335,1.0,1.0,1.0,0.13333333333333333,0.0,1.0,0.9666666666666667,1.0,1.0
524,BV,BV13-ALT,ibm_fez,singleton,512,1.0,1.0,0.37766927083333335,0.4574872836153823,0.23860677083333334,4.1443791523011644e-11,1.0,1.0,1.0,0.06666666666666667,0.0,1.0,1.0,1.0,1.0
525,BV,BV13-ALT,ibm_fez,singleton,64,1.0,1.0,0.4730902777777778,0.6915366797017375,0.3697916666666667,0.0011474133095665216,1.0,1.0,1.0,0.9666666666666667,0.06666666666666667,1.0,0.9666666666666667,1.0,1.0
525,BV,BV13-ALT,ibm_fez,singleton,128,1.0,1.0,0.47090773809523806,0.7228406880311358,0.4005208333333333,4.56122392317257e-08,1.0,1.0,1.0,1.0,0.1,1.0,1.0,1.0,1.0
525,BV,BV13-ALT,ibm_fez,singleton,256,1.0,1.0,0.4695746527777778,0.7306549816098433,0.4036458333333333,2.9182871935221453e-15,1.0,1.0,1.0,1.0,0.03333333333333333,1.0,1.0,1.0,1.0
525,BV,BV13-ALT,ibm_fez,singleton,512,1.0,1.0,0.46705729166666665,0.7371570024590631,0.40423177083333334,8.744936456867303e-34,1.0,1.0,1.0,1.0,0.0,1.0,1.0,1.0,1.0
526,BV,BV13-ALT,ibm_marrakesh,singleton,64,1.0,1.0,0.525625,0.791834766323386,0.4895833333333333,7.864819391064278e-06,1.0,1.0,1.0,1.0,0.5333333333333333,1.0,1.0,1.0,1.0
526,BV,BV13-ALT,ibm_marrakesh,singleton,128,1.0,1.0,0.5261904761904762,0.7974821682434159,0.47552083333333334,2.4116584938781988e-11,1.0,1.0,1.0,1.0,0.5,1.0,1.0,1.0,1.0
526,BV,BV13-ALT,ibm_marrakesh,singleton,256,1.0,1.0,0.5292100694444445,0.8068466463343322,0.46627604166666664,6.322855020072923e-20,1.0,1.0,1.0,1.0,0.6,1.0,1.0,1.0,1.0
526,BV,BV13-ALT,ibm_marrakesh,singleton,512,1.0,1.0,0.523046875,0.8112731615498621,0.4762369791666667,6.538720596007602e-42,1.0,1.0,1.0,1.0,0.6333333333333333,1.0,1.0,1.0,1.0
527,BV,BV14-ALT,ibm_fez,singleton,64,1.0,1.0,0.5787152777777779,0.7326670114544608,0.4953125,9.608835222726005e-06,1.0,1.0,1.0,1.0,0.2,1.0,1.0,1.0,1.0
527,BV,BV14-ALT,ibm_fez,singleton,128,1.0,1.0,0.5800223214285715,0.7257917709973323,0.48151041666666666,3.295609214677159e-10,1.0,1.0,1.0,1.0,0.2,1.0,1.0,1.0,1.0
527,BV,BV14-ALT,ibm_fez,singleton,256,1.0,1.0,0.578298611111111,0.7360098318627538,0.49309895833333334,6.304320484557551e-18,1.0,1.0,1.0,1.0,0.13333333333333333,1.0,1.0,1.0,1.0
527,BV,BV14-ALT,ibm_fez,singleton,512,1.0,1.0,0.5844401041666667,0.7321535259497215,0.4850260416666667,1.5698917385176848e-40,1.0,1.0,1.0,1.0,0.0,1.0,1.0,1.0,1.0
528,BV,BV14-ALT,ibm_fez,singleton,64,1.0,1.0,0.5916319444444444,0.7749985108806127,0.5463541666666667,1.2935670895567834e-05,1.0,1.0,1.0,1.0,0.4,1.0,1.0,1.0,1.0
528,BV,BV14-ALT,ibm_fez,singleton,128,1.0,1.0,0.5946056547619047,0.7322239126141122,0.49713541666666666,1.6771707736549995e-09,1.0,1.0,1.0,1.0,0.13333333333333333,1.0,1.0,1.0,1.0
528,BV,BV14-ALT,ibm_fez,singleton,256,1.0,1.0,0.5940972222222223,0.7649497225898567,0.5139322916666667,8.236608571115667e-19,1.0,1.0,1.0,1.0,0.2,1.0,1.0,1.0,1.0
528,BV,BV14-ALT,ibm_fez,singleton,512,1.0,1.0,0.5928385416666667,0.766053140506202,0.5158854166666667,1.6167026675280988e-46,1.0,1.0,1.0,1.0,0.1,1.0,1.0,1.0,1.0
529,BV,BV14-ALT,ibm_fez,singleton,64,1.0,1.0,0.5663194444444444,0.7140667514589285,0.46145833333333336,0.0008393841832528892,1.0,1.0,1.0,0.9666666666666667,0.16666666666666666,1.0,0.9666666666666667,1.0,1.0
529,BV,BV14-ALT,ibm_fez,singleton,128,1.0,1.0,0.5665178571428572,0.7251792109773217,0.46875,4.513985485043177e-09,1.0,1.0,1.0,1.0,0.23333333333333334,1.0,1.0,1.0,1.0
529,BV,BV14-ALT,ibm_fez,singleton,256,1.0,1.0,0.5654947916666667,0.7506842965774682,0.484765625,2.792702268113006e-19,1.0,1.0,1.0,1.0,0.16666666666666666,1.0,1.0,1.0,1.0
529,BV,BV14-ALT,ibm_fez,singleton,512,1.0,1.0,0.5626953125,0.7476170489443283,0.48606770833333335,1.668896238127573e-42,1.0,1.0,1.0,1.0,0.03333333333333333,1.0,1.0,1.0,1.0
530,BV,BV14-ALT,ibm_fez,singleton,64,1.0,1.0,0.5980208333333333,0.7053208008614125,0.4901041666666667,0.0001340824470841199,1.0,1.0,1.0,0.9666666666666667,0.16666666666666666,1.0,1.0,1.0,1.0
530,BV,BV14-ALT,ibm_fez,singleton,128,1.0,1.0,0.59765625,0.7604197330677792,0.5166666666666667,1.112439233163601e-10,1.0,1.0,1.0,1.0,0.36666666666666664,1.0,1.0,1.0,1.0
530,BV,BV14-ALT,ibm_fez,singleton,256,1.0,1.0,0.5994791666666667,0.748334719795393,0.5069010416666667,6.37957234975926e-22,1.0,1.0,1.0,1.0,0.06666666666666667,1.0,1.0,1.0,1.0
530,BV,BV14-ALT,ibm_fez,singleton,512,1.0,1.0,0.5940755208333334,0.7598795682030381,0.5192057291666666,1.013231422623372e-44,1.0,1.0,1.0,1.0,0.06666666666666667,1.0,1.0,1.0,1.0
531,BV,BV14-ALT,ibm_fez,singleton,64,1.0,1.0,0.5271527777777778,0.674496909604406,0.4276041666666667,0.0005983323884251491,1.0,1.0,1.0,0.9666666666666667,0.1,1.0,1.0,1.0,1.0
531,BV,BV14-ALT,ibm_fez,singleton,128,1.0,1.0,0.5288318452380952,0.634709181161811,0.40130208333333334,9.515927798004469e-07,1.0,1.0,1.0,0.9333333333333333,0.0,1.0,1.0,1.0,1.0
531,BV,BV14-ALT,ibm_fez,singleton,256,1.0,1.0,0.52890625,0.6375929843821762,0.40677083333333336,6.003763580329749e-12,1.0,1.0,1.0,0.9666666666666667,0.0,1.0,1.0,1.0,1.0
531,BV,BV14-ALT,ibm_fez,singleton,512,1.0,1.0,0.5267578125,0.6510868476296264,0.41640625,8.709130872789626e-30,1.0,1.0,1.0,1.0,0.0,1.0,1.0,1.0,1.0
532,BV,BV14-ALT,ibm_fez,singleton,64,1.0,1.0,0.6116666666666667,0.7525067222798986,0.5078125,2.7144148054247806e-05,1.0,1.0,1.0,1.0,0.3333333333333333,1.0,1.0,1.0,1.0
532,BV,BV14-ALT,ibm_fez,singleton,128,1.0,1.0,0.6097470238095238,0.7742325221380373,0.53671875,1.3450846697595578e-10,1.0,1.0,1.0,1.0,0.3,1.0,1.0,1.0,1.0
532,BV,BV14-ALT,ibm_fez,singleton,256,1.0,1.0,0.6104600694444444,0.7556325176079857,0.525,6.644637419494097e-23,1.0,1.0,1.0,1.0,0.1,1.0,1.0,1.0,1.0
532,BV,BV14-ALT,ibm_fez,singleton,512,1.0,1.0,0.6065755208333333,0.7693643690625901,0.5340494791666667,9.644058275195397e-48,1.0,1.0,1.0,1.0,0.16666666666666666,1.0,1.0,1.0,1.0
533,BV,BV14-ALT,ibm_fez,singleton,64,1.0,1.0,0.6145138888888889,0.765872004689275,0.5427083333333333,9.09176419134165e-06,1.0,1.0,1.0,1.0,0.4666666666666667,1.0,1.0,1.0,1.0
533,BV,BV14-ALT,ibm_fez,singleton,128,1.0,1.0,0.6164434523809524,0.7572585977369749,0.52265625,6.882963116741441e-11,1.0,1.0,1.0,1.0,0.3,1.0,1.0,1.0,1.0
533,BV,BV14-ALT,ibm_fez,singleton,256,1.0,1.0,0.615017361111111,0.7594095581469957,0.5319010416666666,4.266388064389522e-20,1.0,1.0,1.0,1.0,0.16666666666666666,1.0,1.0,1.0,1.0
533,BV,BV14-ALT,ibm_fez,singleton,512,1.0,1.0,0.6194661458333334,0.7636017010241575,0.5291015625,2.3979617740895793e-48,1.0,1.0,1.0,1.0,0.03333333333333333,1.0,1.0,1.0,1.0
534,BV,BV14-ALT,ibm_fez,singleton,64,1.0,1.0,0.5938541666666667,0.7716321491335535,0.5291666666666667,2.387210833632025e-06,1.0,1.0,1.0,1.0,0.36666666666666664,1.0,1.0,1.0,1.0
534,BV,BV14-ALT,ibm_fez,singleton,128,1.0,1.0,0.595796130952381,0.7672410109411547,0.5098958333333333,8.450928308569147e-11,1.0,1.0,1.0,1.0,0.3,1.0,1.0,1.0,1.0
534,BV,BV14-ALT,ibm_fez,singleton,256,1.0,1.0,0.5961371527777778,0.784243151678976,0.519140625,2.422845884280357e-19,1.0,1.0,1.0,1.0,0.36666666666666664,1.0,1.0,1.0,1.0
534,BV,BV14-ALT,ibm_fez,singleton,512,1.0,1.0,0.5928385416666667,0.7976363937238645,0.5294270833333333,1.6078259150798451e-47,1.0,1.0,1.0,1.0,0.43333333333333335,1.0,1.0,1.0,1.0
535,BV,BV14-ALT,ibm_fez,singleton,64,1.0,1.0,0.6214583333333333,0.7386830737534102,0.5234375,1.3001302298043527e-05,1.0,1.0,1.0,1.0,0.3,1.0,1.0,1.0,1.0
535,BV,BV14-ALT,ibm_fez,singleton,128,1.0,1.0,0.6200520833333333,0.748777594276621,0.53828125,9.421062024805553e-11,1.0,1.0,1.0,1.0,0.3,1.0,1.0,1.0,1.0
535,BV,BV14-ALT,ibm_fez,singleton,256,1.0,1.0,0.6184895833333334,0.7558195760697574,0.5415364583333333,2.5051777926562045e-22,1.0,1.0,1.0,1.0,0.2,1.0,1.0,1.0,1.0
535,BV,BV14-ALT,ibm_fez,singleton,512,1.0,1.0,0.6202473958333333,0.7434706554701501,0.53046875,2.394024288755033e-40,1.0,1.0,1.0,1.0,0.0,1.0,1.0,1.0,1.0
536,BV,BV14-ALT,ibm_marrakesh,singleton,64,1.0,1.0,0.37930555555555556,0.5774295869656989,0.284375,0.007412633069179719,1.0,1.0,1.0,0.7666666666666667,0.0,0.9666666666666667,0.8,0.9666666666666667,1.0
536,BV,BV14-ALT,ibm_marrakesh,singleton,128,1.0,1.0,0.38180803571428573,0.5378733167796942,0.2559895833333333,0.001746286115068889,1.0,1.0,1.0,0.6666666666666666,0.0,1.0,0.9666666666666667,1.0,1.0
536,BV,BV14-ALT,ibm_marrakesh,singleton,256,1.0,1.0,0.3802083333333333,0.5495724901360716,0.268359375,6.636902110553478e-07,1.0,1.0,1.0,0.7666666666666667,0.0,1.0,1.0,1.0,1.0
536,BV,BV14-ALT,ibm_marrakesh,singleton,512,1.0,1.0,0.37747395833333336,0.5501006477182845,0.27122395833333335,2.8259412045890165e-14,1.0,1.0,1.0,0.8666666666666667,0.0,1.0,1.0,1.0,1.0
537,BV,BV2-ALT,ibm_marrakesh,singleton,64,1.0,1.0,0.9781597222222221,0.9707506613756614,0.9692708333333333,3.573349660150142e-16,1.0,1.0,1.0,1.0,1.0,1.0,1.0,1.0,1.0
537,BV,BV2-ALT,ibm_marrakesh,singleton,128,1.0,1.0,0.9780877976190475,0.96659265248094,0.96484375,1.1216393792414126e-30,1.0,1.0,1.0,1.0,1.0,1.0,1.0,1.0,1.0
537,BV,BV2-ALT,ibm_marrakesh,singleton,256,1.0,1.0,0.9784722222222223,0.9618931893623591,0.9596354166666666,3.0528192915333494e-64,1.0,1.0,1.0,1.0,1.0,1.0,1.0,1.0,1.0
537,BV,BV2-ALT,ibm_marrakesh,singleton,512,1.0,1.0,0.9781901041666666,0.9631781364454125,0.9604817708333333,4.970308105571125e-130,1.0,1.0,1.0,1.0,1.0,1.0,1.0,1.0,1.0
538,BV,BV2-ALT,ibm_marrakesh,singleton,64,1.0,1.0,0.9796180555555555,0.9643683862433863,0.9598958333333333,5.31147030293407e-16,1.0,1.0,1.0,1.0,1.0,1.0,1.0,1.0,1.0
538,BV,BV2-ALT,ibm_marrakesh,singleton,128,1.0,1.0,0.9794642857142858,0.9644596508769737,0.9619791666666667,4.0742979054278184e-30,1.0,1.0,1.0,1.0,1.0,1.0,1.0,1.0,1.0
538,BV,BV2-ALT,ibm_marrakesh,singleton,256,1.0,1.0,0.9797743055555556,0.9665015048370712,0.9619791666666667,1.0211937116323355e-63,1.0,1.0,1.0,1.0,1.0,1.0,1.0,1.0,1.0
538,BV,BV2-ALT,ibm_marrakesh,singleton,512,1.0,1.0,0.980078125,0.9687064742947036,0.9633463541666667,2.1310761017952197e-129,1.0,1.0,1.0,1.0,1.0,1.0,1.0,1.0,1.0
539,BV,BV2-ALT,ibm_marrakesh,singleton,64,1.0,1.0,0.9765277777777778,0.9622509173920464,0.9583333333333334,2.85568010210957e-16,1.0,1.0,1.0,1.0,1.0,1.0,1.0,1.0,1.0
539,BV,BV2-ALT,ibm_marrakesh,singleton,128,1.0,1.0,0.9767857142857143,0.9637696980585759,0.95703125,2.094850316371586e-31,1.0,1.0,1.0,1.0,1.0,1.0,1.0,1.0,1.0
539,BV,BV2-ALT,ibm_marrakesh,singleton,256,1.0,1.0,0.9761284722222222,0.9687823539874957,0.9623697916666667,1.8315741005692684e-63,1.0,1.0,1.0,1.0,1.0,1.0,1.0,1.0,1.0
539,BV,BV2-ALT,ibm_marrakesh,singleton,512,1.0,1.0,0.9753255208333333,0.9684102164191357,0.962109375,4.5093568711877104e-132,1.0,1.0,1.0,1.0,1.0,1.0,1.0,1.0,1.0
540,BV,BV2-ALT,ibm_marrakesh,singleton,64,1.0,1.0,0.9745138888888889,0.9561507936507937,0.9541666666666667,5.568325025610369e-15,1.0,1.0,1.0,1.0,1.0,1.0,1.0,1.0,1.0
540,BV,BV2-ALT,ibm_marrakesh,singleton,128,1.0,1.0,0.9748511904761905,0.9514351070699496,0.9486979166666667,1.352320130770249e-30,1.0,1.0,1.0,1.0,1.0,1.0,1.0,1.0,1.0
540,BV,BV2-ALT,ibm_marrakesh,singleton,256,1.0,1.0,0.974435763888889,0.958156028407727,0.954296875,1.513168113800393e-62,1.0,1.0,1.0,1.0,1.0,1.0,1.0,1.0,1.0
540,BV,BV2-ALT,ibm_marrakesh,singleton,512,1.0,1.0,0.9756510416666667,0.9552785789971628,0.9513020833333333,4.7298920794545805e-124,1.0,1.0,1.0,1.0,1.0,1.0,1.0,1.0,1.0
541,BV,BV2-ALT,ibm_marrakesh,singleton,64,1.0,1.0,0.9853124999999999,0.9739252645502645,0.9729166666666667,3.4230430989712344e-16,1.0,1.0,1.0,1.0,1.0,1.0,1.0,1.0,1.0
541,BV,BV2-ALT,ibm_marrakesh,singleton,128,1.0,1.0,0.9855282738095238,0.9708005249343832,0.96953125,1.121300123147389e-30,1.0,1.0,1.0,1.0,1.0,1.0,1.0,1.0,1.0
541,BV,BV2-ALT,ibm_marrakesh,singleton,256,1.0,1.0,0.9850694444444444,0.9739328022875817,0.9731770833333333,4.8735031804307354e-64,1.0,1.0,1.0,1.0,1.0,1.0,1.0,1.0,1.0
541,BV,BV2-ALT,ibm_marrakesh,singleton,512,1.0,1.0,0.9850911458333333,0.9731513474396608,0.9722005208333333,1.4513386621648951e-133,1.0,1.0,1.0,1.0,1.0,1.0,1.0,1.0,1.0
542,BV,BV2-ALT,ibm_marrakesh,singleton,64,1.0,1.0,0.9803125,0.9696924603174604,0.9677083333333333,2.674531603130692e-15,1.0,1.0,1.0,1.0,1.0,1.0,1.0,1.0,1.0
542,BV,BV2-ALT,ibm_marrakesh,singleton,128,1.0,1.0,0.9804315476190477,0.9732523668916386,0.9674479166666666,4.7539575675667865e-33,1.0,1.0,1.0,1.0,1.0,1.0,1.0,1.0,1.0
542,BV,BV2-ALT,ibm_marrakesh,singleton,256,1.0,1.0,0.9798177083333334,0.9756408003410975,0.9703125,8.943798883550311e-67,1.0,1.0,1.0,1.0,1.0,1.0,1.0,1.0,1.0
542,BV,BV2-ALT,ibm_marrakesh,singleton,512,1.0,1.0,0.9796223958333333,0.973677844936985,0.9682291666666667,1.2456457506030823e-134,1.0,1.0,1.0,1.0,1.0,1.0,1.0,1.0,1.0
543,BV,BV2-ALT,ibm_marrakesh,singleton,64,1.0,1.0,0.9851388888888889,0.9801587301587301,0.9786458333333333,2.6349726798639376e-17,1.0,1.0,1.0,1.0,1.0,1.0,1.0,1.0,1.0
543,BV,BV2-ALT,ibm_marrakesh,singleton,128,1.0,1.0,0.9854538690476191,0.9764300233304171,0.9729166666666667,1.8145722102906658e-32,1.0,1.0,1.0,1.0,1.0,1.0,1.0,1.0,1.0
543,BV,BV2-ALT,ibm_marrakesh,singleton,256,1.0,1.0,0.9848090277777778,0.9814356646951623,0.977734375,8.451538930214075e-70,1.0,1.0,1.0,1.0,1.0,1.0,1.0,1.0,1.0
543,BV,BV2-ALT,ibm_marrakesh,singleton,512,1.0,1.0,0.9852213541666667,0.9795975060495679,0.9753255208333333,6.617167413543834e-138,1.0,1.0,1.0,1.0,1.0,1.0,1.0,1.0,1.0
544,BV,BV2-ALT,ibm_marrakesh,singleton,64,1.0,1.0,0.9786111111111111,0.9612929894179895,0.9578125,2.6909500380293644e-15,1.0,1.0,1.0,1.0,1.0,1.0,1.0,1.0,1.0
544,BV,BV2-ALT,ibm_marrakesh,singleton,128,1.0,1.0,0.9783854166666667,0.9639511857892764,0.9614583333333333,1.7514978772667626e-31,1.0,1.0,1.0,1.0,1.0,1.0,1.0,1.0,1.0
544,BV,BV2-ALT,ibm_marrakesh,singleton,256,1.0,1.0,0.9786024305555556,0.967777838187983,0.9622395833333334,2.571353166889652e-62,1.0,1.0,1.0,1.0,1.0,1.0,1.0,1.0,1.0
544,BV,BV2-ALT,ibm_marrakesh,singleton,512,1.0,1.0,0.9772786458333333,0.9679598653083341,0.9638020833333333,1.3213906335484446e-131,1.0,1.0,1.0,1.0,1.0,1.0,1.0,1.0,1.0
545,BV,BV2-ALT,ibm_marrakesh,singleton,64,1.0,1.0,0.9851388888888889,0.9780919312169313,0.9776041666666667,3.3187428499781293e-17,1.0,1.0,1.0,1.0,1.0,1.0,1.0,1.0,1.0
545,BV,BV2-ALT,ibm_marrakesh,singleton,128,1.0,1.0,0.9854910714285714,0.9733636811023623,0.97109375,4.676077932173208e-33,1.0,1.0,1.0,1.0,1.0,1.0,1.0,1.0,1.0
545,BV,BV2-ALT,ibm_marrakesh,singleton,256,1.0,1.0,0.9852430555555556,0.978044112536241,0.9747395833333333,8.555411753696423e-67,1.0,1.0,1.0,1.0,1.0,1.0,1.0,1.0,1.0
545,BV,BV2-ALT,ibm_marrakesh,singleton,512,1.0,1.0,0.9861328125,0.9746714388177313,0.9719401041666667,1.9265912984130078e-135,1.0,1.0,1.0,1.0,1.0,1.0,1.0,1.0,1.0
546,BV,BV2-ALT,ibm_marrakesh,singleton,64,1.0,1.0,0.9771527777777779,0.9707175925925926,0.96875,5.0062673913794e-16,1.0,1.0,1.0,1.0,1.0,1.0,1.0,1.0,1.0
546,BV,BV2-ALT,ibm_marrakesh,singleton,128,1.0,1.0,0.9774925595238095,0.9628688992001,0.959375,1.6744143689321653e-31,1.0,1.0,1.0,1.0,1.0,1.0,1.0,1.0,1.0
546,BV,BV2-ALT,ibm_marrakesh,singleton,256,1.0,1.0,0.9778211805555556,0.9654035578640179,0.9595052083333333,7.193250421367513e-60,1.0,1.0,1.0,1.0,1.0,1.0,1.0,1.0,1.0
546,BV,BV2-ALT,ibm_marrakesh,singleton,512,1.0,1.0,0.9771484375,0.9671282126117934,0.9615885416666666,2.3771999470865744e-131,1.0,1.0,1.0,1.0,1.0,1.0,1.0,1.0,1.0
547,BV,BV2-ONES,ibm_fez,singleton,64,1.0,1.0,0.9094097222222222,0.8514982025145803,0.81875,7.89690492941497e-10,1.0,1.0,1.0,1.0,0.9,1.0,1.0,1.0,1.0
547,BV,BV2-ONES,ibm_fez,singleton,128,1.0,1.0,0.908779761904762,0.8751780150596774,0.8440104166666667,2.05652151921167e-22,1.0,1.0,1.0,1.0,1.0,1.0,1.0,1.0,1.0
547,BV,BV2-ONES,ibm_fez,singleton,256,1.0,1.0,0.9082899305555556,0.8787530293140802,0.8493489583333333,2.4343564919210192e-45,1.0,1.0,1.0,1.0,1.0,1.0,1.0,1.0,1.0
547,BV,BV2-ONES,ibm_fez,singleton,512,1.0,1.0,0.9089192708333333,0.8786860172414718,0.8488932291666667,6.262704543004576e-92,1.0,1.0,1.0,1.0,1.0,1.0,1.0,1.0,1.0
548,BV,BV2-ONES,ibm_fez,singleton,64,1.0,1.0,0.9380555555555555,0.925697754820243,0.9083333333333333,8.365779857050226e-15,1.0,1.0,1.0,1.0,1.0,1.0,1.0,1.0,1.0
548,BV,BV2-ONES,ibm_fez,singleton,128,1.0,1.0,0.9378720238095238,0.9378665515482117,0.9125,1.9220037228629692e-29,1.0,1.0,1.0,1.0,1.0,1.0,1.0,1.0,1.0
548,BV,BV2-ONES,ibm_fez,singleton,256,1.0,1.0,0.9381944444444444,0.9389122120099594,0.909765625,6.802889478709597e-56,1.0,1.0,1.0,1.0,1.0,1.0,1.0,1.0,1.0
548,BV,BV2-ONES,ibm_fez,singleton,512,1.0,1.0,0.939453125,0.9379555026246701,0.9074869791666667,1.8441319253728632e-111,1.0,1.0,1.0,1.0,1.0,1.0,1.0,1.0,1.0
549,BV,BV29-ALT,ibm_fez,singleton,64,0.9,0.9,0.09152777777777778,0.3140816590816591,0.04739583333333333,0.5788818359375,1.0,0.8666666666666667,0.7333333333333333,0.23333333333333334,0.0,0.03333333333333333,0.0,0.03333333333333333,0.4
549,BV,BV29-ALT,ibm_fez,singleton,128,1.0,1.0,0.10048363095238094,0.4722008463958928,0.06067708333333333,0.16439750989278157,1.0,1.0,1.0,0.4666666666666667,0.0,0.3333333333333333,0.1,0.3333333333333333,0.6333333333333333
549,BV,BV29-ALT,ibm_fez,singleton,256,1.0,1.0,0.09991319444444445,0.5453371143638815,0.069921875,0.01330003556151193,1.0,1.0,1.0,0.7333333333333333,0.0,0.9333333333333333,0.7666666666666667,0.9333333333333333,0.9333333333333333
549,BV,BV29-ALT,ibm_fez,singleton,512,1.0,1.0,0.09915364583333333,0.5635012076813433,0.07213541666666666,0.00010496585710539382,1.0,1.0,1.0,0.8,0.0,1.0,1.0,1.0,1.0
550,BV,BV29-ALT,ibm_fez,singleton,64,1.0,1.0,0.11055555555555556,0.4891227617698206,0.08177083333333333,0.2652079264322917,1.0,0.9666666666666667,0.9666666666666667,0.6333333333333333,0.0,0.13333333333333333,0.0,0.13333333333333333,0.8
550,BV,BV29-ALT,ibm_fez,singleton,128,1.0,1.0,0.11168154761904761,0.5458427026003415,0.07682291666666667,0.06662246783574423,1.0,1.0,1.0,0.8,0.0,0.7333333333333333,0.16666666666666666,0.7333333333333333,0.9
550,BV,BV29-ALT,ibm_fez,singleton,256,1.0,1.0,0.11076388888888888,0.5860521082072286,0.08372395833333333,0.0034306008054798554,1.0,1.0,1.0,0.7666666666666667,0.0,1.0,0.9,1.0,1.0
550,BV,BV29-ALT,ibm_fez,singleton,512,1.0,1.0,0.11015625,0.6176622597476666,0.08600260416666666,9.202896453768293e-06,1.0,1.0,1.0,0.9333333333333333,0.0,1.0,1.0,1.0,1.0
551,BV,BV29-ALT,ibm_fez,singleton,64,0.9333333333333333,0.9333333333333333,0.10010416666666666,0.3848318348318348,0.058333333333333334,0.47235514322916666,1.0,1.0,0.8333333333333334,0.36666666666666664,0.0,0.0,0.0,0.0,0.5333333333333333
551,BV,BV29-ALT,ibm_fez,singleton,128,1.0,1.0,0.10472470238095237,0.5249876767157469,0.07760416666666667,0.10569903453191122,1.0,1.0,0.9666666666666667,0.7,0.0,0.6,0.23333333333333334,0.6,0.7666666666666667
551,BV,BV29-ALT,ibm_fez,singleton,256,1.0,1.0,0.105859375,0.5571285900576289,0.07486979166666667,0.005971925274551874,1.0,1.0,1.0,0.8,0.0,0.9666666666666667,0.8666666666666667,0.9666666666666667,0.9666666666666667
551,BV,BV29-ALT,ibm_fez,singleton,512,1.0,1.0,0.10403645833333333,0.6042104074675466,0.08046875,5.911101976744598e-05,1.0,1.0,1.0,0.9,0.0,1.0,1.0,1.0,1.0
552,BV,BV29-ALT,ibm_fez,singleton,64,0.8666666666666667,0.8666666666666667,0.07791666666666666,0.29884559884559886,0.03802083333333333,0.6251953125,1.0,0.8333333333333334,0.7333333333333333,0.16666666666666666,0.0,0.0,0.0,0.0,0.23333333333333334
552,BV,BV29-ALT,ibm_fez,singleton,128,1.0,1.0,0.08720238095238095,0.5100450587137894,0.06354166666666666,0.13753449122111003,1.0,1.0,1.0,0.5666666666666667,0.0,0.3333333333333333,0.13333333333333333,0.3333333333333333,0.7333333333333333
552,BV,BV29-ALT,ibm_fez,singleton,256,1.0,1.0,0.08563368055555555,0.5873632513831483,0.07044270833333334,0.010370883741416037,1.0,1.0,1.0,0.7333333333333333,0.0,0.9666666666666667,0.7,0.9666666666666667,0.9
552,BV,BV29-ALT,ibm_fez,singleton,512,1.0,1.0,0.08678385416666666,0.6073185373659205,0.0673828125,5.607087350023856e-05,1.0,1.0,1.0,0.9333333333333333,0.0,1.0,1.0,1.0,1.0
553,BV,BV29-ALT,ibm_fez,singleton,64,1.0,1.0,0.12871527777777778,0.510504218004218,0.090625,0.218414306640625,1.0,1.0,1.0,0.7333333333333333,0.0,0.13333333333333333,0.0,0.13333333333333333,0.8333333333333334
553,BV,BV29-ALT,ibm_fez,singleton,128,1.0,1.0,0.12875744047619048,0.6061299721053389,0.09869791666666666,0.028045105934143066,1.0,1.0,1.0,0.9,0.0,0.9,0.5333333333333333,0.9,0.9666666666666667
553,BV,BV29-ALT,ibm_fez,singleton,256,1.0,1.0,0.1290798611111111,0.6803602200392044,0.10403645833333333,0.0002992438052189072,1.0,1.0,1.0,0.9666666666666667,0.03333333333333333,1.0,1.0,1.0,1.0
553,BV,BV29-ALT,ibm_fez,singleton,512,1.0,1.0,0.1298828125,0.7259922278847861,0.10768229166666667,2.14384503765341e-08,1.0,1.0,1.0,1.0,0.0,1.0,1.0,1.0,1.0
554,BV,BV29-ALT,ibm_fez,singleton,64,1.0,1.0,0.12513888888888888,0.4848038998038998,0.08229166666666667,0.26846516927083336,1.0,1.0,0.9666666666666667,0.5333333333333333,0.0,0.16666666666666666,0.0,0.16666666666666666,0.7333333333333333
554,BV,BV29-ALT,ibm_fez,singleton,128,1.0,1.0,0.125,0.5861372973531407,0.09348958333333333,0.037044310274844366,1.0,1.0,1.0,0.8666666666666667,0.0,0.8333333333333334,0.4,0.8333333333333334,0.9333333333333333
554,BV,BV29-ALT,ibm_fez,singleton,256,1.0,1.0,0.12447916666666667,0.6356704647492236,0.09869791666666666,0.0007660852934866587,1.0,1.0,1.0,0.9666666666666667,0.0,1.0,0.9666666666666667,1.0,1.0
554,BV,BV29-ALT,ibm_fez,singleton,512,1.0,1.0,0.12526041666666668,0.6895468135725104,0.10188802083333333,2.797044472112885e-08,1.0,1.0,1.0,1.0,0.0,1.0,1.0,1.0,1.0
555,BV,BV29-ALT,ibm_fez,singleton,64,0.9666666666666667,0.9666666666666667,0.1401388888888889,0.5148775298775299,0.09947916666666666,0.22916463216145833,1.0,1.0,0.9666666666666667,0.6333333333333333,0.0,0.26666666666666666,0.13333333333333333,0.26666666666666666,0.8
555,BV,BV29-ALT,ibm_fez,singleton,128,1.0,1.0,0.14419642857142856,0.6298300094124086,0.11458333333333333,0.023687964801987014,1.0,1.0,1.0,0.9333333333333333,0.0,0.9333333333333333,0.7,0.9333333333333333,0.9666666666666667
555,BV,BV29-ALT,ibm_fez,singleton,256,1.0,1.0,0.14518229166666666,0.6856843881530662,0.11614583333333334,4.677958457281287e-05,1.0,1.0,1.0,1.0,0.0,1.0,1.0,1.0,1.0
555,BV,BV29-ALT,ibm_fez,singleton,512,1.0,1.0,0.148046875,0.7203470106841761,0.1181640625,4.2811941374536134e-09,1.0,1.0,1.0,1.0,0.0,1.0,1.0,1.0,1.0
556,BV,BV29-ALT,ibm_fez,singleton,64,0.9333333333333333,0.9333333333333333,0.10229166666666667,0.4271036371036371,0.06822916666666666,0.3715738932291667,1.0,0.9666666666666667,0.9333333333333333,0.43333333333333335,0.0,0.06666666666666667,0.0,0.06666666666666667,0.6666666666666666
556,BV,BV29-ALT,ibm_fez,singleton,128,1.0,1.0,0.10844494047619048,0.5352354502633813,0.07630208333333334,0.07420034011205037,1.0,1.0,1.0,0.7,0.0,0.6,0.16666666666666666,0.6,0.8666666666666667
556,BV,BV29-ALT,ibm_fez,singleton,256,1.0,1.0,0.10772569444444445,0.5885327213256689,0.08216145833333334,0.004883431836264881,1.0,1.0,1.0,0.8666666666666667,0.0,1.0,0.9,1.0,0.9333333333333333
556,BV,BV29-ALT,ibm_fez,singleton,512,1.0,1.0,0.1095703125,0.6260863694415247,0.0826171875,6.402423529105122e-06,1.0,1.0,1.0,0.9666666666666667,0.0,1.0,1.0,1.0,1.0
557,BV,BV29-ALT,ibm_fez,singleton,64,0.9666666666666667,0.9666666666666667,0.1142013888888889,0.5072875272875274,0.08385416666666666,0.2865824381510417,1.0,1.0,0.9666666666666667,0.7,0.0,0.2,0.06666666666666667,0.2,0.7333333333333333
557,BV,BV29-ALT,ibm_fez,singleton,128,1.0,1.0,0.11889880952380952,0.5495175733192289,0.08046875,0.07676351070404053,1.0,1.0,0.9666666666666667,0.7666666666666667,0.0,0.6666666666666666,0.3333333333333333,0.6666666666666666,0.9
557,BV,BV29-ALT,ibm_fez,singleton,256,1.0,1.0,0.11783854166666667,0.6117874724432095,0.091015625,0.0036616229209608755,1.0,1.0,1.0,0.8666666666666667,0.0,0.9666666666666667,0.9333333333333333,0.9666666666666667,0.9666666666666667
557,BV,BV29-ALT,ibm_fez,singleton,512,1.0,1.0,0.11725260416666666,0.6809274036527623,0.096484375,7.813968648559751e-08,1.0,1.0,1.0,1.0,0.0,1.0,1.0,1.0,1.0
559,BV,BV29-ALT,ibm_marrakesh,singleton,64,0.6666666666666666,0.6666666666666666,0.03204861111111111,0.21071428571428572,0.018229166666666668,0.8578125,1.0,0.7,0.5666666666666667,0.1,0.0,0.0,0.0,0.0,0.0
559,BV,BV29-ALT,ibm_marrakesh,singleton,128,0.6,0.6,0.029873511904761906,0.19676897176897176,0.015104166666666667,0.7582682291666667,1.0,0.7333333333333333,0.4666666666666667,0.1,0.0,0.0,0.0,0.0,0.03333333333333333
559,BV,BV29-ALT,ibm_marrakesh,singleton,256,0.9666666666666667,0.9666666666666667,0.04136284722222223,0.2908780578689045,0.020442708333333334,0.4102598230044047,1.0,0.9666666666666667,0.7,0.06666666666666667,0.0,0.1,0.0,0.1,0.0
559,BV,BV29-ALT,ibm_marrakesh,singleton,512,1.0,1.0,0.04114583333333333,0.3308969798285923,0.02265625,0.17606022976888197,1.0,1.0,0.8333333333333334,0.06666666666666667,0.0,0.4,0.36666666666666664,0.4,0.0
562,BV,BV3-ALT,ibm_fez,singleton,64,1.0,1.0,0.8962847222222223,0.8786074235325274,0.8416666666666667,5.943679169716568e-11,1.0,1.0,1.0,1.0,0.9,1.0,1.0,1.0,1.0
562,BV,BV3-ALT,ibm_fez,singleton,128,1.0,1.0,0.8960565476190475,0.8914625097758736,0.8479166666666667,1.6152461305600372e-20,1.0,1.0,1.0,1.0,0.9333333333333333,1.0,1.0,1.0,1.0
562,BV,BV3-ALT,ibm_fez,singleton,256,1.0,1.0,0.8969184027777778,0.8921217545543524,0.844140625,2.384510048872348e-46,1.0,1.0,1.0,1.0,1.0,1.0,1.0,1.0,1.0
562,BV,BV3-ALT,ibm_fez,singleton,512,1.0,1.0,0.89765625,0.8967833533006629,0.8466145833333333,5.892980351370017e-99,1.0,1.0,1.0,1.0,1.0,1.0,1.0,1.0,1.0
563,BV,BV3-ALT,ibm_fez,singleton,64,1.0,1.0,0.9048958333333333,0.8953208139376676,0.8609375,4.950067102454473e-11,1.0,1.0,1.0,1.0,0.9666666666666667,1.0,1.0,1.0,1.0
563,BV,BV3-ALT,ibm_fez,singleton,128,1.0,1.0,0.9053571428571429,0.8914707796062834,0.8528645833333334,1.406797690221465e-22,1.0,1.0,1.0,1.0,1.0,1.0,1.0,1.0,1.0
563,BV,BV3-ALT,ibm_fez,singleton,256,1.0,1.0,0.9069444444444444,0.8972730769961254,0.8515625,3.2018588785254496e-49,1.0,1.0,1.0,1.0,1.0,1.0,1.0,1.0,1.0
563,BV,BV3-ALT,ibm_fez,singleton,512,1.0,1.0,0.9055338541666667,0.8994411017147516,0.8570963541666666,1.4627105408800452e-98,1.0,1.0,1.0,1.0,1.0,1.0,1.0,1.0,1.0
564,BV,BV3-ALT,ibm_fez,singleton,64,1.0,1.0,0.9044097222222223,0.9034959955321737,0.871875,6.956033972929885e-12,1.0,1.0,1.0,1.0,0.9666666666666667,1.0,1.0,1.0,1.0
564,BV,BV3-ALT,ibm_fez,singleton,128,1.0,1.0,0.9043526785714285,0.8978530438423025,0.8627604166666667,1.2021091905877808e-24,1.0,1.0,1.0,1.0,1.0,1.0,1.0,1.0,1.0
564,BV,BV3-ALT,ibm_fez,singleton,256,1.0,1.0,0.9049479166666666,0.9013050718916149,0.8592447916666667,5.762401829628414e-50,1.0,1.0,1.0,1.0,1.0,1.0,1.0,1.0,1.0
564,BV,BV3-ALT,ibm_fez,singleton,512,1.0,1.0,0.9057291666666667,0.9069143404687214,0.8606770833333334,7.55418652486511e-100,1.0,1.0,1.0,1.0,1.0,1.0,1.0,1.0,1.0
565,BV,BV3-ALT,ibm_fez,singleton,64,1.0,1.0,0.9123611111111111,0.8775443866658833,0.8489583333333334,5.919449439804302e-11,1.0,1.0,1.0,1.0,0.9666666666666667,1.0,1.0,1.0,1.0
565,BV,BV3-ALT,ibm_fez,singleton,128,1.0,1.0,0.9123511904761905,0.8938022985265341,0.859375,6.419071847517384e-23,1.0,1.0,1.0,1.0,1.0,1.0,1.0,1.0,1.0
565,BV,BV3-ALT,ibm_fez,singleton,256,1.0,1.0,0.9104166666666667,0.8943005031787562,0.866015625,1.2833150670222506e-47,1.0,1.0,1.0,1.0,1.0,1.0,1.0,1.0,1.0
565,BV,BV3-ALT,ibm_fez,singleton,512,1.0,1.0,0.913671875,0.8891165372057728,0.8570963541666666,4.242659286559532e-99,1.0,1.0,1.0,1.0,1.0,1.0,1.0,1.0,1.0
566,BV,BV3-ALT,ibm_fez,singleton,64,1.0,1.0,0.9116666666666667,0.8975691305297535,0.8692708333333333,1.7367634445398032e-10,1.0,1.0,1.0,1.0,0.9666666666666667,1.0,1.0,1.0,1.0
566,BV,BV3-ALT,ibm_fez,singleton,128,1.0,1.0,0.9123139880952381,0.8947560556369923,0.86015625,5.974274568031667e-22,1.0,1.0,1.0,1.0,1.0,1.0,1.0,1.0,1.0
566,BV,BV3-ALT,ibm_fez,singleton,256,1.0,1.0,0.9129774305555556,0.8936888249082968,0.8584635416666667,2.6759819098189142e-46,1.0,1.0,1.0,1.0,1.0,1.0,1.0,1.0,1.0
566,BV,BV3-ALT,ibm_fez,singleton,512,1.0,1.0,0.9130208333333333,0.8971327052531408,0.8617838541666667,2.7795046112104297e-98,1.0,1.0,1.0,1.0,1.0,1.0,1.0,1.0,1.0
567,BV,BV3-ALT,ibm_fez,singleton,64,1.0,1.0,0.8955208333333334,0.8892921542013205,0.8432291666666667,9.343859667624899e-10,1.0,1.0,1.0,1.0,0.9333333333333333,1.0,1.0,1.0,1.0
567,BV,BV3-ALT,ibm_fez,singleton,128,1.0,1.0,0.8966889880952381,0.8759644540743217,0.8286458333333333,1.261580167842163e-22,1.0,1.0,1.0,1.0,1.0,1.0,1.0,1.0,1.0
567,BV,BV3-ALT,ibm_fez,singleton,256,1.0,1.0,0.8952690972222223,0.8949464643619023,0.8466145833333333,2.7455679947155765e-46,1.0,1.0,1.0,1.0,1.0,1.0,1.0,1.0,1.0
567,BV,BV3-ALT,ibm_fez,singleton,512,1.0,1.0,0.8957682291666667,0.900189335927138,0.8482421875,9.151535468442042e-98,1.0,1.0,1.0,1.0,1.0,1.0,1.0,1.0,1.0
568,BV,BV3-ALT,ibm_fez,singleton,64,1.0,1.0,0.8886458333333334,0.8744896063780929,0.8296875,7.772618276722283e-12,1.0,1.0,1.0,1.0,1.0,1.0,1.0,1.0,1.0
568,BV,BV3-ALT,ibm_fez,singleton,128,1.0,1.0,0.8879836309523809,0.8788454367249192,0.8359375,3.9352597537000535e-22,1.0,1.0,1.0,1.0,1.0,1.0,1.0,1.0,1.0
568,BV,BV3-ALT,ibm_fez,singleton,256,1.0,1.0,0.88828125,0.8883810841802939,0.8372395833333334,9.306817608377222e-43,1.0,1.0,1.0,1.0,1.0,1.0,1.0,1.0,1.0
568,BV,BV3-ALT,ibm_fez,singleton,512,1.0,1.0,0.889453125,0.8870616443719997,0.834765625,6.113032140588926e-91,1.0,1.0,1.0,1.0,1.0,1.0,1.0,1.0,1.0
569,BV,BV3-ALT,ibm_fez,singleton,64,1.0,1.0,0.8952083333333333,0.862669751088596,0.8192708333333333,7.694661071433346e-10,1.0,1.0,1.0,1.0,0.8666666666666667,1.0,1.0,1.0,1.0
569,BV,BV3-ALT,ibm_fez,singleton,128,1.0,1.0,0.8949776785714286,0.8777071066335804,0.8333333333333334,2.209216502740217e-23,1.0,1.0,1.0,1.0,1.0,1.0,1.0,1.0,1.0
569,BV,BV3-ALT,ibm_fez,singleton,256,1.0,1.0,0.8963541666666667,0.8825563763204507,0.83359375,3.745090831558107e-45,1.0,1.0,1.0,1.0,1.0,1.0,1.0,1.0,1.0
569,BV,BV3-ALT,ibm_fez,singleton,512,1.0,1.0,0.8981119791666666,0.8844574455051617,0.836328125,1.65684701852333e-92,1.0,1.0,1.0,1.0,1.0,1.0,1.0,1.0,1.0
570,BV,BV3-ALT,ibm_fez,singleton,64,1.0,1.0,0.8818750000000001,0.8460012233837231,0.79375,1.4604540018020122e-09,1.0,1.0,1.0,1.0,0.8333333333333334,1.0,1.0,1.0,1.0
570,BV,BV3-ALT,ibm_fez,singleton,128,1.0,1.0,0.8796502976190476,0.870328163294942,0.8276041666666667,1.0045781098569421e-21,1.0,1.0,1.0,1.0,0.9666666666666667,1.0,1.0,1.0,1.0
570,BV,BV3-ALT,ibm_fez,singleton,256,1.0,1.0,0.8812065972222223,0.8550465496193301,0.8110677083333333,6.415888774271996e-43,1.0,1.0,1.0,1.0,1.0,1.0,1.0,1.0,1.0
570,BV,BV3-ALT,ibm_fez,singleton,512,1.0,1.0,0.8793619791666667,0.8601256737474903,0.816015625,6.405312451946334e-89,1.0,1.0,1.0,1.0,1.0,1.0,1.0,1.0,1.0
571,BV,BV3-ALT,ibm_marrakesh,singleton,64,1.0,1.0,0.9429166666666667,0.9258487673191634,0.8984375,1.170638781224087e-13,1.0,1.0,1.0,1.0,1.0,1.0,1.0,1.0,1.0
571,BV,BV3-ALT,ibm_marrakesh,singleton,128,1.0,1.0,0.941703869047619,0.944270344330333,0.9200520833333333,1.7896643077134829e-28,1.0,1.0,1.0,1.0,1.0,1.0,1.0,1.0,1.0
571,BV,BV3-ALT,ibm_marrakesh,singleton,256,1.0,1.0,0.943142361111111,0.9418871356305054,0.9119791666666667,4.5312324716085024e-58,1.0,1.0,1.0,1.0,1.0,1.0,1.0,1.0,1.0
571,BV,BV3-ALT,ibm_marrakesh,singleton,512,1.0,1.0,0.9447916666666667,0.9448773389410786,0.9133463541666667,4.220367807238748e-118,1.0,1.0,1.0,1.0,1.0,1.0,1.0,1.0,1.0
572,BV,BV30-ALT,ibm_kingston,singleton,64,0.43333333333333335,0.5,0.05465277777777778,0.19080808080808082,0.021875,0.8272135416666667,1.0,0.7,0.4666666666666667,0.13333333333333333,0.0,0.0,0.0,0.0,0.1
572,BV,BV30-ALT,ibm_kingston,singleton,128,0.36666666666666664,0.3333333333333333,0.05316220238095238,0.2146041485747368,0.0234375,0.6124043146769206,1.0,0.8,0.6,0.0,0.0,0.0,0.0,0.0,0.1
572,BV,BV30-ALT,ibm_kingston,singleton,256,0.4,0.43333333333333335,0.053515625,0.11605878061779491,0.012630208333333334,0.6878282762527912,1.0,0.8666666666666667,0.16666666666666666,0.0,0.0,0.0,0.0,0.0,0.0
572,BV,BV30-ALT,ibm_kingston,singleton,512,0.36666666666666664,0.26666666666666666,0.05169270833333333,0.07788879147169586,0.008528645833333333,0.6685574301766256,1.0,0.8666666666666667,0.0,0.0,0.0,0.0,0.0,0.0,0.0
573,BV,BV30-ALT,ibm_kingston,singleton,64,0.13333333333333333,0.6333333333333333,0.044305555555555556,0.2053030303030303,0.0234375,0.8168294270833333,1.0,0.7333333333333333,0.5666666666666667,0.06666666666666667,0.0,0.0,0.0,0.0,0.06666666666666667
573,BV,BV30-ALT,ibm_kingston,singleton,128,0.1,0.8333333333333334,0.05066964285714286,0.2043653786300845,0.0203125,0.6665852864583334,1.0,0.8666666666666667,0.5666666666666667,0.03333333333333333,0.0,0.0,0.0,0.0,0.03333333333333333
573,BV,BV30-ALT,ibm_kingston,singleton,256,0.1,0.8666666666666667,0.05095486111111111,0.2115620641240718,0.020572916666666666,0.4892712249110142,1.0,0.9666666666666667,0.5666666666666667,0.03333333333333333,0.0,0.06666666666666667,0.03333333333333333,0.06666666666666667,0.06666666666666667
573,BV,BV30-ALT,ibm_kingston,singleton,512,0.0,0.9666666666666667,0.05559895833333333,0.20190849934768745,0.018815104166666666,0.287887659329558,1.0,1.0,0.5666666666666667,0.0,0.0,0.06666666666666667,0.03333333333333333,0.06666666666666667,0.0
574,BV,BV30-ALT,ibm_kingston,singleton,64,0.1,0.7666666666666667,0.05590277777777777,0.23470177970177972,0.030729166666666665,0.7416015625,1.0,0.8,0.5666666666666667,0.1,0.0,0.0,0.0,0.0,0.2
574,BV,BV30-ALT,ibm_kingston,singleton,128,0.1,0.8333333333333334,0.05907738095238095,0.26263674399863657,0.030208333333333334,0.5227548440297445,1.0,0.9333333333333333,0.6333333333333333,0.06666666666666667,0.0,0.03333333333333333,0.03333333333333333,0.03333333333333333,0.06666666666666667
574,BV,BV30-ALT,ibm_kingston,singleton,256,0.06666666666666667,0.8666666666666667,0.060807291666666666,0.21757993336477097,0.023046875,0.4873512412351071,1.0,0.9666666666666667,0.5,0.1,0.0,0.13333333333333333,0.03333333333333333,0.13333333333333333,0.1
574,BV,BV30-ALT,ibm_kingston,singleton,512,0.0,1.0,0.06588541666666667,0.24462716409431765,0.025651041666666666,0.17335226152617653,1.0,1.0,0.7333333333333333,0.0,0.0,0.3,0.16666666666666666,0.3,0.0
575,BV,BV30-ALT,ibm_kingston,singleton,64,0.23333333333333334,0.6666666666666666,0.06447916666666667,0.21747271247271246,0.0265625,0.8131510416666666,1.0,0.8666666666666667,0.5666666666666667,0.1,0.0,0.0,0.0,0.0,0.13333333333333333
575,BV,BV30-ALT,ibm_kingston,singleton,128,0.16666666666666666,0.8333333333333334,0.07120535714285715,0.2274613163841189,0.028645833333333332,0.55727752049764,1.0,0.9333333333333333,0.6,0.03333333333333333,0.0,0.03333333333333333,0.0,0.03333333333333333,0.1
575,BV,BV30-ALT,ibm_kingston,singleton,256,0.0,1.0,0.07738715277777779,0.2800860533089541,0.035416666666666666,0.22106654462504594,1.0,1.0,0.8333333333333334,0.03333333333333333,0.0,0.13333333333333333,0.03333333333333333,0.13333333333333333,0.06666666666666667
575,BV,BV30-ALT,ibm_kingston,singleton,512,0.0,1.0,0.08053385416666667,0.2752416493427125,0.0326171875,0.09124233329340796,1.0,1.0,0.8333333333333334,0.0,0.0,0.5666666666666667,0.2,0.5666666666666667,0.03333333333333333
576,BV,BV30-ALT,ibm_kingston,singleton,64,0.13333333333333333,0.7,0.050034722222222223,0.16802068302068301,0.022916666666666665,0.837646484375,1.0,0.6666666666666666,0.4,0.1,0.0,0.0,0.0,0.0,0.16666666666666666
576,BV,BV30-ALT,ibm_kingston,singleton,128,0.23333333333333334,0.7333333333333333,0.05275297619047619,0.21577549013307526,0.0234375,0.6381327311197916,1.0,0.9,0.5,0.03333333333333333,0.0,0.0,0.0,0.0,0.06666666666666667
576,BV,BV30-ALT,ibm_kingston,singleton,256,0.03333333333333333,0.9666666666666667,0.05946180555555556,0.23934204598446832,0.025260416666666667,0.3792426583279545,1.0,0.9666666666666667,0.6,0.0,0.0,0.1,0.0,0.1,0.03333333333333333
576,BV,BV30-ALT,ibm_kingston,singleton,512,0.0,1.0,0.06236979166666667,0.2575008203917159,0.0248046875,0.16215183765133367,1.0,1.0,0.7666666666666667,0.0,0.0,0.36666666666666664,0.03333333333333333,0.36666666666666664,0.0
577,BV,BV30-ALT,ibm_kingston,singleton,64,0.23333333333333334,0.5333333333333333,0.04802083333333333,0.21258093758093757,0.0265625,0.7582682291666667,1.0,0.7,0.5333333333333333,0.1,0.0,0.0,0.0,0.0,0.13333333333333333
577,BV,BV30-ALT,ibm_kingston,singleton,128,0.16666666666666666,0.8,0.05874255952380953,0.18485210695737012,0.018489583333333334,0.6971913655598958,1.0,0.7666666666666667,0.5,0.03333333333333333,0.0,0.0,0.0,0.0,0.03333333333333333
577,BV,BV30-ALT,ibm_kingston,singleton,256,0.06666666666666667,0.9333333333333333,0.061371527777777775,0.20003264508347263,0.021614583333333333,0.4604613759322092,1.0,1.0,0.5,0.03333333333333333,0.0,0.03333333333333333,0.03333333333333333,0.03333333333333333,0.03333333333333333
577,BV,BV30-ALT,ibm_kingston,singleton,512,0.0,1.0,0.06438802083333334,0.21295434181110737,0.021940104166666665,0.22710139376714542,1.0,1.0,0.5333333333333333,0.0,0.0,0.2,0.03333333333333333,0.2,0.0
578,BV,BV30-ALT,ibm_kingston,singleton,64,0.2,0.7333333333333333,0.05416666666666667,0.3091656491656492,0.036458333333333336,0.6690104166666667,1.0,0.8666666666666667,0.7333333333333333,0.26666666666666666,0.0,0.0,0.0,0.0,0.23333333333333334
578,BV,BV30-ALT,ibm_kingston,singleton,128,0.1,0.9,0.06276041666666667,0.2637797923324239,0.02734375,0.5603057861328125,1.0,0.9333333333333333,0.6666666666666666,0.1,0.0,0.06666666666666667,0.0,0.06666666666666667,0.1
578,BV,BV30-ALT,ibm_kingston,singleton,256,0.03333333333333333,0.9666666666666667,0.066015625,0.35987323989241027,0.033463541666666666,0.180386651509131,1.0,1.0,0.9333333333333333,0.13333333333333333,0.0,0.23333333333333334,0.03333333333333333,0.23333333333333334,0.1
578,BV,BV30-ALT,ibm_kingston,singleton,512,0.0,1.0,0.06790364583333333,0.3530955484091087,0.033919270833333334,0.06545383281157029,1.0,1.0,0.9,0.03333333333333333,0.0,0.7333333333333333,0.4,0.7333333333333333,0.06666666666666667
579,BV,BV30-ALT,ibm_kingston,singleton,64,0.0,0.7666666666666667,0.06850694444444444,0.30344877344877347,0.0375,0.6240234375,1.0,0.8666666666666667,0.7333333333333333,0.2,0.0,0.0,0.0,0.0,0.26666666666666666
579,BV,BV30-ALT,ibm_kingston,singleton,128,0.0,0.9,0.07299107142857143,0.29906191274612326,0.0359375,0.4359661005437374,1.0,0.9666666666666667,0.7,0.16666666666666666,0.0,0.06666666666666667,0.0,0.06666666666666667,0.23333333333333334
579,BV,BV30-ALT,ibm_kingston,singleton,256,0.0,0.9666666666666667,0.074609375,0.27537554841436424,0.03515625,0.2628253647533711,1.0,1.0,0.7666666666666667,0.06666666666666667,0.0,0.2,0.1,0.2,0.23333333333333334
579,BV,BV30-ALT,ibm_kingston,singleton,512,0.0,1.0,0.07643229166666667,0.30999713729959505,0.036848958333333334,0.05545360989557089,1.0,1.0,0.9,0.0,0.0,0.7,0.4,0.7,0.03333333333333333
580,BV,BV30-ALT,ibm_kingston,singleton,64,0.1,0.6333333333333333,0.05149305555555555,0.20525844525844528,0.028125,0.7759114583333333,1.0,0.8,0.5333333333333333,0.06666666666666667,0.0,0.0,0.0,0.0,0.1
580,BV,BV30-ALT,ibm_kingston,singleton,128,0.03333333333333333,0.7333333333333333,0.05691964285714286,0.205908590893111,0.023697916666666666,0.6375273704528809,1.0,0.9333333333333333,0.4666666666666667,0.03333333333333333,0.0,0.0,0.0,0.0,0.06666666666666667
580,BV,BV30-ALT,ibm_kingston,singleton,256,0.0,0.8333333333333334,0.05881076388888889,0.18619387312881716,0.020442708333333334,0.49269034471362827,1.0,0.9333333333333333,0.5,0.03333333333333333,0.0,0.03333333333333333,0.03333333333333333,0.03333333333333333,0.03333333333333333
580,BV,BV30-ALT,ibm_kingston,singleton,512,0.0,0.7666666666666667,0.060221354166666664,0.15210001603139497,0.016796875,0.4224504716424766,1.0,0.9666666666666667,0.3,0.0,0.0,0.13333333333333333,0.03333333333333333,0.13333333333333333,0.0
581,BV,BV30-ALT,ibm_marrakesh,singleton,64,0.6,0.6,0.030347222222222223,0.2177248677248677,0.019270833333333334,0.8197916666666667,1.0,0.6,0.5666666666666667,0.2,0.0,0.0,0.0,0.0,0.06666666666666667
581,BV,BV30-ALT,ibm_marrakesh,singleton,128,0.6666666666666666,0.6666666666666666,0.033816964285714284,0.2087852887852888,0.016927083333333332,0.7234456380208333,1.0,0.8333333333333334,0.43333333333333335,0.06666666666666667,0.0,0.0,0.0,0.0,0.0
581,BV,BV30-ALT,ibm_marrakesh,singleton,256,0.9333333333333333,0.9333333333333333,0.042534722222222224,0.2890050589195831,0.020703125,0.42034258842468264,1.0,0.9666666666666667,0.7333333333333333,0.16666666666666666,0.0,0.1,0.03333333333333333,0.1,0.03333333333333333
581,BV,BV30-ALT,ibm_marrakesh,singleton,512,1.0,1.0,0.046549479166666664,0.3396857257396746,0.022200520833333334,0.13876077428479525,1.0,1.0,0.9333333333333333,0.03333333333333333,0.0,0.4666666666666667,0.1,0.4666666666666667,0.0
582,BV,BV31-ALT,ibm_kingston,singleton,64,0.0,0.4666666666666667,0.057256944444444444,0.22988215488215488,0.030729166666666665,0.7547688802083333,1.0,0.8666666666666667,0.5333333333333333,0.1,0.0,0.0,0.0,0.0,0.1
582,BV,BV31-ALT,ibm_kingston,singleton,128,0.0,0.7333333333333333,0.06476934523809524,0.19267814200476738,0.023958333333333335,0.643780008951823,1.0,0.8333333333333334,0.4666666666666667,0.0,0.0,0.0,0.0,0.0,0.16666666666666666
582,BV,BV31-ALT,ibm_kingston,singleton,256,0.0,0.8,0.06514756944444444,0.16610106181596984,0.021223958333333334,0.5198170858423207,1.0,0.9333333333333333,0.43333333333333335,0.0,0.0,0.1,0.0,0.1,0.1
582,BV,BV31-ALT,ibm_kingston,singleton,512,0.0,0.8,0.068359375,0.16956993968021508,0.020638020833333333,0.32515197387855455,1.0,1.0,0.3333333333333333,0.0,0.0,0.2,0.06666666666666667,0.2,0.0
583,BV,BV31-ALT,ibm_kingston,singleton,64,0.0,0.03333333333333333,0.0309375,0.2225036075036075,0.024479166666666666,0.7981119791666667,1.0,0.8,0.7,0.0,0.0,0.0,0.0,0.0,0.06666666666666667
583,BV,BV31-ALT,ibm_kingston,singleton,128,0.03333333333333333,0.23333333333333334,0.033891369047619045,0.12113886113886113,0.010677083333333334,0.85560302734375,1.0,0.7,0.3333333333333333,0.0,0.0,0.0,0.0,0.0,0.0
583,BV,BV31-ALT,ibm_kingston,singleton,256,0.0,0.06666666666666667,0.03658854166666667,0.17830353524104792,0.014322916666666666,0.59717419706285,1.0,0.9666666666666667,0.36666666666666664,0.0,0.0,0.0,0.0,0.0,0.0
583,BV,BV31-ALT,ibm_kingston,singleton,512,0.0,0.06666666666666667,0.0361328125,0.09764029492296293,0.007682291666666666,0.6722099450621163,1.0,0.9333333333333333,0.06666666666666667,0.0,0.0,0.0,0.0,0.0,0.0
584,BV,BV31-ALT,ibm_kingston,singleton,64,0.03333333333333333,0.6,0.043263888888888886,0.2061303511303511,0.022916666666666665,0.80703125,1.0,0.6666666666666666,0.5666666666666667,0.1,0.0,0.0,0.0,0.0,0.1
584,BV,BV31-ALT,ibm_kingston,singleton,128,0.0,0.9,0.058854166666666666,0.30069392481157187,0.030208333333333334,0.5057952880859375,1.0,0.8666666666666667,0.7,0.2,0.0,0.06666666666666667,0.0,0.06666666666666667,0.2
584,BV,BV31-ALT,ibm_kingston,singleton,256,0.0,0.9,0.059244791666666664,0.3309574907150067,0.03138020833333333,0.2904548558096091,1.0,0.9333333333333333,0.7333333333333333,0.23333333333333334,0.0,0.3,0.1,0.3,0.2
584,BV,BV31-ALT,ibm_kingston,singleton,512,0.0,1.0,0.0650390625,0.33802391320888475,0.03125,0.05086696341421719,1.0,1.0,1.0,0.03333333333333333,0.0,0.6333333333333333,0.23333333333333334,0.6333333333333333,0.0
585,BV,BV31-ALT,ibm_kingston,singleton,64,0.0,0.06666666666666667,0.05628472222222222,0.2356071706071706,0.030729166666666665,0.7449544270833334,1.0,0.9,0.6,0.1,0.0,0.0,0.0,0.0,0.13333333333333333
585,BV,BV31-ALT,ibm_kingston,singleton,128,0.0,0.06666666666666667,0.05944940476190476,0.2305419640060911,0.025520833333333333,0.5957382281621297,1.0,0.9,0.5,0.06666666666666667,0.0,0.0,0.0,0.0,0.13333333333333333
585,BV,BV31-ALT,ibm_kingston,singleton,256,0.0,0.0,0.058506944444444445,0.13367395082430308,0.015625,0.6325735600762225,1.0,0.9333333333333333,0.26666666666666666,0.0,0.0,0.03333333333333333,0.0,0.03333333333333333,0.0
585,BV,BV31-ALT,ibm_kingston,singleton,512,0.0,0.0,0.05651041666666667,0.07361916826755031,0.008984375,0.6692333753038857,1.0,1.0,0.03333333333333333,0.0,0.0,0.0,0.0,0.0,0.0
586,BV,BV31-ALT,ibm_kingston,singleton,64,0.16666666666666666,0.7333333333333333,0.05642361111111111,0.20105339105339104,0.028645833333333332,0.7706380208333333,1.0,0.8333333333333334,0.43333333333333335,0.1,0.0,0.0,0.0,0.0,0.2
586,BV,BV31-ALT,ibm_kingston,singleton,128,0.06666666666666667,0.9,0.06235119047619047,0.21814907598795066,0.026302083333333334,0.5859621206919352,1.0,0.9666666666666667,0.6333333333333333,0.0,0.0,0.0,0.0,0.0,0.06666666666666667
586,BV,BV31-ALT,ibm_kingston,singleton,256,0.1,0.8666666666666667,0.06236979166666667,0.178250689777581,0.019791666666666666,0.5082914117688233,1.0,0.9666666666666667,0.5,0.0,0.0,0.0,0.0,0.0,0.0
586,BV,BV31-ALT,ibm_kingston,singleton,512,0.0,1.0,0.06640625,0.2081627518682965,0.0228515625,0.22009002252669735,1.0,1.0,0.5666666666666667,0.0,0.0,0.2,0.03333333333333333,0.2,0.0
587,BV,BV31-ALT,ibm_kingston,singleton,64,0.1,0.3333333333333333,0.028159722222222225,0.1742857142857143,0.017708333333333333,0.8824544270833333,1.0,0.7,0.5333333333333333,0.03333333333333333,0.0,0.0,0.0,0.0,0.03333333333333333
587,BV,BV31-ALT,ibm_kingston,singleton,128,0.1,0.5,0.03333333333333333,0.172811806929454,0.014322916666666666,0.7893239339192708,1.0,0.8333333333333334,0.4,0.0,0.0,0.0,0.0,0.0,0.0
587,BV,BV31-ALT,ibm_kingston,singleton,256,0.06666666666666667,0.6,0.03602430555555556,0.1292683076957542,0.009375,0.7508818000555039,1.0,0.8666666666666667,0.26666666666666666,0.0,0.0,0.0,0.0,0.0,0.0
587,BV,BV31-ALT,ibm_kingston,singleton,512,0.0,0.5666666666666667,0.03528645833333333,0.14260410842037097,0.011328125,0.520668863840634,1.0,0.9666666666666667,0.26666666666666666,0.0,0.0,0.03333333333333333,0.0,0.03333333333333333,0.0
588,BV,BV31-ALT,ibm_kingston,singleton,64,0.0,0.6,0.05486111111111111,0.22964405964405962,0.029166666666666667,0.7673665364583333,1.0,0.8666666666666667,0.5666666666666667,0.1,0.0,0.0,0.0,0.0,0.1
588,BV,BV31-ALT,ibm_kingston,singleton,128,0.0,0.7333333333333333,0.058816964285714285,0.21199819788055083,0.02421875,0.6249790191650391,1.0,0.8333333333333334,0.5,0.06666666666666667,0.0,0.03333333333333333,0.0,0.03333333333333333,0.1
588,BV,BV31-ALT,ibm_kingston,singleton,256,0.0,0.7333333333333333,0.058680555555555555,0.17131335371318374,0.019661458333333333,0.5269136989173906,1.0,0.9333333333333333,0.4,0.0,0.0,0.0,0.0,0.0,0.0
588,BV,BV31-ALT,ibm_kingston,singleton,512,0.0,0.7,0.05872395833333333,0.11345753240093628,0.013346354166666666,0.5407144735071042,1.0,0.9333333333333333,0.16666666666666666,0.0,0.0,0.03333333333333333,0.03333333333333333,0.03333333333333333,0.0
589,BV,BV31-ALT,ibm_kingston,singleton,64,0.06666666666666667,0.6333333333333333,0.0475,0.20583694083694085,0.025,0.783447265625,1.0,0.7,0.5333333333333333,0.06666666666666667,0.0,0.0,0.0,0.0,0.06666666666666667
589,BV,BV31-ALT,ibm_kingston,singleton,128,0.1,0.7333333333333333,0.050595238095238096,0.16010559157617982,0.017447916666666667,0.7492151896158854,1.0,0.7666666666666667,0.36666666666666664,0.03333333333333333,0.0,0.03333333333333333,0.0,0.03333333333333333,0.06666666666666667
589,BV,BV31-ALT,ibm_kingston,singleton,256,0.0,0.6666666666666666,0.051171875,0.19238181457714426,0.019921875,0.500349612844487,1.0,1.0,0.43333333333333335,0.0,0.0,0.0,0.0,0.0,0.0
589,BV,BV31-ALT,ibm_kingston,singleton,512,0.0,0.7,0.054947916666666666,0.14308039903065625,0.0142578125,0.4334605956559576,1.0,0.9666666666666667,0.26666666666666666,0.0,0.0,0.0,0.0,0.0,0.0
590,BV,BV31-ALT,ibm_kingston,singleton,64,0.0,0.4,0.06385416666666667,0.22335053835053834,0.0296875,0.7323567708333333,1.0,0.8,0.5333333333333333,0.06666666666666667,0.0,0.0,0.0,0.0,0.13333333333333333
590,BV,BV31-ALT,ibm_kingston,singleton,128,0.0,0.2,0.06387648809523809,0.1559579478542327,0.019270833333333334,0.7102253437042236,1.0,0.7666666666666667,0.36666666666666664,0.03333333333333333,0.0,0.0,0.0,0.0,0.06666666666666667
590,BV,BV31-ALT,ibm_kingston,singleton,256,0.0,0.26666666666666666,0.0627170138888889,0.09615192402916638,0.0125,0.714393616620661,1.0,0.7666666666666667,0.16666666666666666,0.0,0.0,0.0,0.0,0.0,0.0
590,BV,BV31-ALT,ibm_kingston,singleton,512,0.0,0.2,0.06243489583333333,0.08359402931848017,0.010546875,0.6202042591332491,1.0,0.9333333333333333,0.03333333333333333,0.0,0.0,0.0,0.0,0.0,0.0
591,BV,BV31-ALT,ibm_marrakesh,singleton,64,0.5666666666666667,0.5666666666666667,0.033125,0.2257936507936508,0.021354166666666667,0.8088541666666667,1.0,0.7,0.6666666666666666,0.1,0.0,0.0,0.0,0.0,0.03333333333333333
591,BV,BV31-ALT,ibm_marrakesh,singleton,128,0.8333333333333334,0.8333333333333334,0.041852678571428575,0.2147775372775373,0.01875,0.716717529296875,1.0,0.8666666666666667,0.4666666666666667,0.06666666666666667,0.0,0.03333333333333333,0.0,0.03333333333333333,0.06666666666666667
591,BV,BV31-ALT,ibm_marrakesh,singleton,256,0.9,0.9,0.04470486111111111,0.24356883252999822,0.017708333333333333,0.506632121404012,1.0,0.9666666666666667,0.6,0.06666666666666667,0.0,0.06666666666666667,0.0,0.06666666666666667,0.0
591,BV,BV31-ALT,ibm_marrakesh,singleton,512,1.0,0.9666666666666667,0.046158854166666666,0.3160275947120085,0.023046875,0.1323208811062614,1.0,1.0,0.9,0.03333333333333333,0.0,0.3333333333333333,0.16666666666666666,0.3333333333333333,0.0
592,BV,BV4-ALT,ibm_fez,singleton,64,1.0,1.0,0.8840277777777777,0.8818018030750975,0.825,1.4909785786641068e-11,1.0,1.0,1.0,1.0,0.9666666666666667,1.0,1.0,1.0,1.0
592,BV,BV4-ALT,ibm_fez,singleton,128,1.0,1.0,0.8840401785714286,0.8998901314901395,0.8356770833333333,1.3595445986098456e-21,1.0,1.0,1.0,1.0,1.0,1.0,1.0,1.0,1.0
592,BV,BV4-ALT,ibm_fez,singleton,256,1.0,1.0,0.8828559027777777,0.9122976933671778,0.8459635416666667,3.893800388557478e-49,1.0,1.0,1.0,1.0,1.0,1.0,1.0,1.0,1.0
592,BV,BV4-ALT,ibm_fez,singleton,512,1.0,1.0,0.8807291666666667,0.9186885551808579,0.8492838541666666,3.330189018028956e-98,1.0,1.0,1.0,1.0,1.0,1.0,1.0,1.0,1.0
593,BV,BV4-ALT,ibm_fez,singleton,64,1.0,1.0,0.9002083333333334,0.8878065793246982,0.8494791666666667,3.202502885275849e-11,1.0,1.0,1.0,1.0,0.9666666666666667,1.0,1.0,1.0,1.0
593,BV,BV4-ALT,ibm_fez,singleton,128,1.0,1.0,0.90078125,0.9089461252626805,0.8549479166666667,1.83325598295025e-25,1.0,1.0,1.0,1.0,1.0,1.0,1.0,1.0,1.0
593,BV,BV4-ALT,ibm_fez,singleton,256,1.0,1.0,0.9016493055555556,0.903736295007624,0.8513020833333333,3.540904558412e-48,1.0,1.0,1.0,1.0,1.0,1.0,1.0,1.0,1.0
593,BV,BV4-ALT,ibm_fez,singleton,512,1.0,1.0,0.900390625,0.9124741729536413,0.8591796875,6.207256389503934e-100,1.0,1.0,1.0,1.0,1.0,1.0,1.0,1.0,1.0
594,BV,BV4-ALT,ibm_fez,singleton,64,1.0,1.0,0.8852083333333333,0.874079807651085,0.8192708333333333,1.0755257749944097e-10,1.0,1.0,1.0,1.0,0.9666666666666667,1.0,1.0,1.0,1.0
594,BV,BV4-ALT,ibm_fez,singleton,128,1.0,1.0,0.8850074404761905,0.8816540489397,0.8276041666666667,7.573211758245204e-22,1.0,1.0,1.0,1.0,1.0,1.0,1.0,1.0,1.0
594,BV,BV4-ALT,ibm_fez,singleton,256,1.0,1.0,0.8848958333333333,0.8847485048756487,0.8302083333333333,1.588138623435522e-41,1.0,1.0,1.0,1.0,1.0,1.0,1.0,1.0,1.0
594,BV,BV4-ALT,ibm_fez,singleton,512,1.0,1.0,0.8848958333333333,0.8819933134192828,0.8291666666666667,2.842417819782299e-94,1.0,1.0,1.0,1.0,1.0,1.0,1.0,1.0,1.0
595,BV,BV4-ALT,ibm_fez,singleton,64,1.0,1.0,0.8870833333333333,0.8740072221136803,0.8223958333333333,2.3911177622539665e-09,1.0,1.0,1.0,1.0,0.9,1.0,1.0,1.0,1.0
595,BV,BV4-ALT,ibm_fez,singleton,128,1.0,1.0,0.88671875,0.8914326747967536,0.8359375,3.601572889979117e-22,1.0,1.0,1.0,1.0,1.0,1.0,1.0,1.0,1.0
595,BV,BV4-ALT,ibm_fez,singleton,256,1.0,1.0,0.8848958333333333,0.9036188364198847,0.8470052083333334,6.177630702489299e-45,1.0,1.0,1.0,1.0,1.0,1.0,1.0,1.0,1.0
595,BV,BV4-ALT,ibm_fez,singleton,512,1.0,1.0,0.8885416666666667,0.8870127896439629,0.8319010416666667,8.236980059578318e-96,1.0,1.0,1.0,1.0,1.0,1.0,1.0,1.0,1.0
596,BV,BV4-ALT,ibm_fez,singleton,64,1.0,1.0,0.8890972222222222,0.873834030796526,0.8229166666666666,1.2110920964731922e-10,1.0,1.0,1.0,1.0,0.9333333333333333,1.0,1.0,1.0,1.0
596,BV,BV4-ALT,ibm_fez,singleton,128,1.0,1.0,0.8886532738095239,0.8891517035736655,0.83671875,9.239001976710416e-22,1.0,1.0,1.0,1.0,0.9666666666666667,1.0,1.0,1.0,1.0
596,BV,BV4-ALT,ibm_fez,singleton,256,1.0,1.0,0.8909288194444444,0.8913617603296391,0.83125,7.423124286614332e-46,1.0,1.0,1.0,1.0,1.0,1.0,1.0,1.0,1.0
596,BV,BV4-ALT,ibm_fez,singleton,512,1.0,1.0,0.889453125,0.8982605503225484,0.8402994791666667,5.039512223335059e-96,1.0,1.0,1.0,1.0,1.0,1.0,1.0,1.0,1.0
597,BV,BV4-ALT,ibm_fez,singleton,64,1.0,1.0,0.8729513888888889,0.8692470576437287,0.8135416666666667,6.741557943400895e-11,1.0,1.0,1.0,1.0,0.9,1.0,1.0,1.0,1.0
597,BV,BV4-ALT,ibm_fez,singleton,128,1.0,1.0,0.8728422619047619,0.8885784952043749,0.8229166666666666,8.34381784607882e-23,1.0,1.0,1.0,1.0,1.0,1.0,1.0,1.0,1.0
597,BV,BV4-ALT,ibm_fez,singleton,256,1.0,1.0,0.8721788194444444,0.8863723181018627,0.8229166666666666,1.351081083958462e-41,1.0,1.0,1.0,1.0,1.0,1.0,1.0,1.0,1.0
597,BV,BV4-ALT,ibm_fez,singleton,512,1.0,1.0,0.8735026041666667,0.8815007154374264,0.8176432291666667,2.8424163920648134e-90,1.0,1.0,1.0,1.0,1.0,1.0,1.0,1.0,1.0
598,BV,BV4-ALT,ibm_fez,singleton,64,1.0,1.0,0.8933680555555555,0.8808381119422051,0.8395833333333333,1.339283030433377e-10,1.0,1.0,1.0,1.0,0.9,1.0,1.0,1.0,1.0
598,BV,BV4-ALT,ibm_fez,singleton,128,1.0,1.0,0.8925595238095239,0.8950879820598224,0.85078125,4.460830600107359e-23,1.0,1.0,1.0,1.0,1.0,1.0,1.0,1.0,1.0
598,BV,BV4-ALT,ibm_fez,singleton,256,1.0,1.0,0.894357638888889,0.8868988504610461,0.8377604166666667,3.295070637806342e-44,1.0,1.0,1.0,1.0,1.0,1.0,1.0,1.0,1.0
598,BV,BV4-ALT,ibm_fez,singleton,512,1.0,1.0,0.8970703125,0.886949804681004,0.83671875,2.7983864662075297e-92,1.0,1.0,1.0,1.0,1.0,1.0,1.0,1.0,1.0
599,BV,BV4-ALT,ibm_fez,singleton,64,1.0,1.0,0.9046875,0.8807192367682991,0.8416666666666667,1.7952874831281966e-11,1.0,1.0,1.0,1.0,0.9666666666666667,1.0,1.0,1.0,1.0
599,BV,BV4-ALT,ibm_fez,singleton,128,1.0,1.0,0.9041666666666667,0.8916511786343266,0.8533854166666667,1.0034466859690125e-22,1.0,1.0,1.0,1.0,1.0,1.0,1.0,1.0,1.0
599,BV,BV4-ALT,ibm_fez,singleton,256,1.0,1.0,0.9036892361111111,0.8910351470117105,0.85390625,3.1355744859519805e-49,1.0,1.0,1.0,1.0,1.0,1.0,1.0,1.0,1.0
599,BV,BV4-ALT,ibm_fez,singleton,512,1.0,1.0,0.9029947916666666,0.8961289079468971,0.8559895833333333,3.778125233313679e-97,1.0,1.0,1.0,1.0,1.0,1.0,1.0,1.0,1.0
600,BV,BV4-ALT,ibm_fez,singleton,64,1.0,1.0,0.89375,0.8892464264781257,0.8385416666666666,1.767306573655092e-10,1.0,1.0,1.0,1.0,0.9666666666666667,1.0,1.0,1.0,1.0
600,BV,BV4-ALT,ibm_fez,singleton,128,1.0,1.0,0.8930431547619048,0.9063360171998213,0.853125,8.550480817073407e-25,1.0,1.0,1.0,1.0,1.0,1.0,1.0,1.0,1.0
600,BV,BV4-ALT,ibm_fez,singleton,256,1.0,1.0,0.8934027777777778,0.9047585782821411,0.8493489583333333,2.3983753973166275e-47,1.0,1.0,1.0,1.0,1.0,1.0,1.0,1.0,1.0
600,BV,BV4-ALT,ibm_fez,singleton,512,1.0,1.0,0.8934895833333333,0.9086336983386765,0.8508463541666667,3.4979625506244728e-102,1.0,1.0,1.0,1.0,1.0,1.0,1.0,1.0,1.0
601,BV,BV4-ALT,ibm_marrakesh,singleton,64,1.0,1.0,0.9370486111111112,0.9326198800220482,0.9114583333333334,2.2760010745294843e-13,1.0,1.0,1.0,1.0,1.0,1.0,1.0,1.0,1.0
601,BV,BV4-ALT,ibm_marrakesh,singleton,128,1.0,1.0,0.9375,0.9306563975720112,0.90390625,1.049181359623854e-26,1.0,1.0,1.0,1.0,1.0,1.0,1.0,1.0,1.0
601,BV,BV4-ALT,ibm_marrakesh,singleton,256,1.0,1.0,0.9377604166666667,0.9354216266153531,0.90546875,1.7720930481032655e-55,1.0,1.0,1.0,1.0,1.0,1.0,1.0,1.0,1.0
601,BV,BV4-ALT,ibm_marrakesh,singleton,512,1.0,1.0,0.9357421875,0.9376724039427367,0.9090494791666667,1.2371384021490738e-113,1.0,1.0,1.0,1.0,1.0,1.0,1.0,1.0,1.0
602,BV,BV5-ALT,ibm_fez,singleton,64,1.0,1.0,0.9023611111111111,0.9166484140654589,0.8630208333333333,8.35590422086178e-13,1.0,1.0,1.0,1.0,1.0,1.0,1.0,1.0,1.0
602,BV,BV5-ALT,ibm_fez,singleton,128,1.0,1.0,0.9021205357142857,0.924995195448906,0.86875,8.412190520004663e-27,1.0,1.0,1.0,1.0,1.0,1.0,1.0,1.0,1.0
602,BV,BV5-ALT,ibm_fez,singleton,256,1.0,1.0,0.9028645833333333,0.933360028393698,0.8697916666666666,2.803353422723719e-51,1.0,1.0,1.0,1.0,1.0,1.0,1.0,1.0,1.0
602,BV,BV5-ALT,ibm_fez,singleton,512,1.0,1.0,0.902734375,0.9407113862360862,0.8744140625,9.624984908511346e-113,1.0,1.0,1.0,1.0,1.0,1.0,1.0,1.0,1.0
603,BV,BV5-ALT,ibm_fez,singleton,64,1.0,1.0,0.918298611111111,0.9270994832675498,0.8786458333333333,1.0451286826714442e-13,1.0,1.0,1.0,1.0,1.0,1.0,1.0,1.0,1.0
603,BV,BV5-ALT,ibm_fez,singleton,128,1.0,1.0,0.9173363095238095,0.9443332344884687,0.89609375,9.179822833175206e-27,1.0,1.0,1.0,1.0,1.0,1.0,1.0,1.0,1.0
603,BV,BV5-ALT,ibm_fez,singleton,256,1.0,1.0,0.9178385416666667,0.9493813339080074,0.89453125,1.7064254841870323e-58,1.0,1.0,1.0,1.0,1.0,1.0,1.0,1.0,1.0
603,BV,BV5-ALT,ibm_fez,singleton,512,1.0,1.0,0.9194010416666667,0.9540528082641678,0.8949869791666667,5.14018816468231e-119,1.0,1.0,1.0,1.0,1.0,1.0,1.0,1.0,1.0
604,BV,BV5-ALT,ibm_fez,singleton,64,1.0,1.0,0.9051736111111112,0.9221418644936006,0.8703125,3.5095355079816276e-13,1.0,1.0,1.0,1.0,1.0,1.0,1.0,1.0,1.0
604,BV,BV5-ALT,ibm_fez,singleton,128,1.0,1.0,0.904873511904762,0.9318589779054725,0.8760416666666667,1.361030810026717e-26,1.0,1.0,1.0,1.0,1.0,1.0,1.0,1.0,1.0
604,BV,BV5-ALT,ibm_fez,singleton,256,1.0,1.0,0.904123263888889,0.9377147559723125,0.8795572916666666,8.39771051205004e-56,1.0,1.0,1.0,1.0,1.0,1.0,1.0,1.0,1.0
604,BV,BV5-ALT,ibm_fez,singleton,512,1.0,1.0,0.9043619791666667,0.9366886059763896,0.8765625,3.872070059265434e-111,1.0,1.0,1.0,1.0,1.0,1.0,1.0,1.0,1.0
605,BV,BV5-ALT,ibm_fez,singleton,64,1.0,1.0,0.9114236111111111,0.9321290674250418,0.8901041666666667,2.95644729762327e-14,1.0,1.0,1.0,1.0,1.0,1.0,1.0,1.0,1.0
605,BV,BV5-ALT,ibm_fez,singleton,128,1.0,1.0,0.9117931547619047,0.9385462646511972,0.8854166666666666,4.032585653247114e-26,1.0,1.0,1.0,1.0,1.0,1.0,1.0,1.0,1.0
605,BV,BV5-ALT,ibm_fez,singleton,256,1.0,1.0,0.9112413194444444,0.9472883650685652,0.8899739583333334,6.167293597152785e-57,1.0,1.0,1.0,1.0,1.0,1.0,1.0,1.0,1.0
605,BV,BV5-ALT,ibm_fez,singleton,512,1.0,1.0,0.9126953125,0.9488930585192744,0.8876302083333333,5.392825440974284e-116,1.0,1.0,1.0,1.0,1.0,1.0,1.0,1.0,1.0
606,BV,BV5-ALT,ibm_fez,singleton,64,1.0,1.0,0.8898958333333333,0.898980007947278,0.8390625,6.6162917303445404e-12,1.0,1.0,1.0,1.0,0.9666666666666667,1.0,1.0,1.0,1.0
606,BV,BV5-ALT,ibm_fez,singleton,128,1.0,1.0,0.8893601190476191,0.9164400357100889,0.8528645833333334,2.779265701542523e-24,1.0,1.0,1.0,1.0,1.0,1.0,1.0,1.0,1.0
606,BV,BV5-ALT,ibm_fez,singleton,256,1.0,1.0,0.889453125,0.9244811919333039,0.8553385416666667,7.049341120173208e-49,1.0,1.0,1.0,1.0,1.0,1.0,1.0,1.0,1.0
606,BV,BV5-ALT,ibm_fez,singleton,512,1.0,1.0,0.8908854166666667,0.917921522225643,0.850390625,3.0682034855064695e-104,1.0,1.0,1.0,1.0,1.0,1.0,1.0,1.0,1.0
607,BV,BV5-ALT,ibm_fez,singleton,64,1.0,1.0,0.8875694444444445,0.9108007885052898,0.8484375,1.98722480889794e-12,1.0,1.0,1.0,1.0,1.0,1.0,1.0,1.0,1.0
607,BV,BV5-ALT,ibm_fez,singleton,128,1.0,1.0,0.8876116071428571,0.9209501376079885,0.8518229166666667,1.3468313558884361e-24,1.0,1.0,1.0,1.0,1.0,1.0,1.0,1.0,1.0
607,BV,BV5-ALT,ibm_fez,singleton,256,1.0,1.0,0.8887586805555556,0.9242837838296133,0.8497395833333333,1.526565688988421e-50,1.0,1.0,1.0,1.0,1.0,1.0,1.0,1.0,1.0
607,BV,BV5-ALT,ibm_fez,singleton,512,1.0,1.0,0.8864583333333333,0.9313932740611396,0.8573567708333333,1.3545600783785506e-106,1.0,1.0,1.0,1.0,1.0,1.0,1.0,1.0,1.0
608,BV,BV5-ALT,ibm_fez,singleton,64,1.0,1.0,0.9010069444444445,0.9100998043857642,0.8494791666666667,7.590054655383833e-12,1.0,1.0,1.0,1.0,1.0,1.0,1.0,1.0,1.0
608,BV,BV5-ALT,ibm_fez,singleton,128,1.0,1.0,0.9009300595238094,0.9226861340794609,0.8606770833333334,1.0567146594378553e-24,1.0,1.0,1.0,1.0,1.0,1.0,1.0,1.0,1.0
608,BV,BV5-ALT,ibm_fez,singleton,256,1.0,1.0,0.900564236111111,0.9304206833032346,0.8674479166666667,5.543888904652727e-50,1.0,1.0,1.0,1.0,1.0,1.0,1.0,1.0,1.0
608,BV,BV5-ALT,ibm_fez,singleton,512,1.0,1.0,0.89921875,0.9317715356414251,0.8697265625,6.39376493744639e-109,1.0,1.0,1.0,1.0,1.0,1.0,1.0,1.0,1.0
609,BV,BV5-ALT,ibm_fez,singleton,64,1.0,1.0,0.8927083333333333,0.9111968152568898,0.8494791666666667,2.8307167084888154e-12,1.0,1.0,1.0,1.0,1.0,1.0,1.0,1.0,1.0
609,BV,BV5-ALT,ibm_fez,singleton,128,1.0,1.0,0.8937872023809524,0.9179245598160948,0.8463541666666666,2.9957686638763914e-23,1.0,1.0,1.0,1.0,1.0,1.0,1.0,1.0,1.0
609,BV,BV5-ALT,ibm_fez,singleton,256,1.0,1.0,0.8926215277777777,0.9270230228035147,0.8587239583333334,1.799521483237229e-50,1.0,1.0,1.0,1.0,1.0,1.0,1.0,1.0,1.0
609,BV,BV5-ALT,ibm_fez,singleton,512,1.0,1.0,0.893359375,0.9316128948183061,0.8602213541666667,1.2200607810897394e-107,1.0,1.0,1.0,1.0,1.0,1.0,1.0,1.0,1.0
610,BV,BV5-ALT,ibm_fez,singleton,64,1.0,1.0,0.9082986111111111,0.922010329408396,0.8703125,3.722491788195799e-13,1.0,1.0,1.0,1.0,1.0,1.0,1.0,1.0,1.0
610,BV,BV5-ALT,ibm_fez,singleton,128,1.0,1.0,0.9088169642857142,0.9292449281751903,0.8708333333333333,1.0303012853773689e-24,1.0,1.0,1.0,1.0,1.0,1.0,1.0,1.0,1.0
610,BV,BV5-ALT,ibm_fez,singleton,256,1.0,1.0,0.908420138888889,0.9400622977464381,0.8795572916666666,7.151367688795081e-56,1.0,1.0,1.0,1.0,1.0,1.0,1.0,1.0,1.0
610,BV,BV5-ALT,ibm_fez,singleton,512,1.0,1.0,0.9084635416666667,0.9438063386119104,0.8817057291666667,1.0378553915209423e-110,1.0,1.0,1.0,1.0,1.0,1.0,1.0,1.0,1.0
611,BV,BV5-ALT,ibm_marrakesh,singleton,64,1.0,1.0,0.8147222222222222,0.8435421326292566,0.7421875,4.240266165041658e-09,1.0,1.0,1.0,1.0,0.7666666666666667,1.0,1.0,1.0,1.0
611,BV,BV5-ALT,ibm_marrakesh,singleton,128,1.0,1.0,0.8149181547619048,0.8510513020172763,0.74609375,1.5282630445149074e-18,1.0,1.0,1.0,1.0,0.8666666666666667,1.0,1.0,1.0,1.0
611,BV,BV5-ALT,ibm_marrakesh,singleton,256,1.0,1.0,0.8153645833333333,0.8637257326469395,0.7524739583333333,6.658571070691327e-37,1.0,1.0,1.0,1.0,1.0,1.0,1.0,1.0,1.0
611,BV,BV5-ALT,ibm_marrakesh,singleton,512,1.0,1.0,0.8169921875,0.86133929366682,0.7514322916666667,7.147072690051315e-81,1.0,1.0,1.0,1.0,1.0,1.0,1.0,1.0,1.0
612,BV,BV6-ALT,ibm_fez,singleton,64,1.0,1.0,0.8881597222222222,0.9004495721588683,0.8348958333333333,2.0916057948128233e-12,1.0,1.0,1.0,1.0,1.0,1.0,1.0,1.0,1.0
612,BV,BV6-ALT,ibm_fez,singleton,128,1.0,1.0,0.8881696428571428,0.9242811427691886,0.8497395833333333,8.116599178232589e-24,1.0,1.0,1.0,1.0,1.0,1.0,1.0,1.0,1.0
612,BV,BV6-ALT,ibm_fez,singleton,256,1.0,1.0,0.8864583333333333,0.9305914524236021,0.859375,7.708737525542242e-52,1.0,1.0,1.0,1.0,1.0,1.0,1.0,1.0,1.0
612,BV,BV6-ALT,ibm_fez,singleton,512,1.0,1.0,0.8868489583333333,0.9344950683333012,0.8584635416666667,4.284348256138187e-108,1.0,1.0,1.0,1.0,1.0,1.0,1.0,1.0,1.0
613,BV,BV6-ALT,ibm_fez,singleton,64,1.0,1.0,0.8832291666666666,0.8993914118755086,0.8302083333333333,1.2426087820741986e-11,1.0,1.0,1.0,1.0,0.9333333333333333,1.0,1.0,1.0,1.0
613,BV,BV6-ALT,ibm_fez,singleton,128,1.0,1.0,0.882626488095238,0.9193533664162257,0.8471354166666667,4.0057126845052703e-23,1.0,1.0,1.0,1.0,1.0,1.0,1.0,1.0,1.0
613,BV,BV6-ALT,ibm_fez,singleton,256,1.0,1.0,0.8821614583333334,0.9242559828274318,0.85,5.680940697781686e-51,1.0,1.0,1.0,1.0,1.0,1.0,1.0,1.0,1.0
613,BV,BV6-ALT,ibm_fez,singleton,512,1.0,1.0,0.8854817708333333,0.9286690151523861,0.8475911458333333,4.107245838416469e-105,1.0,1.0,1.0,1.0,1.0,1.0,1.0,1.0,1.0
614,BV,BV6-ALT,ibm_fez,singleton,64,1.0,1.0,0.8918402777777777,0.9210807196057363,0.8666666666666667,2.4023434428097994e-13,1.0,1.0,1.0,1.0,1.0,1.0,1.0,1.0,1.0
614,BV,BV6-ALT,ibm_fez,singleton,128,1.0,1.0,0.8927083333333333,0.9130969451926743,0.8513020833333333,1.1817813089012136e-22,1.0,1.0,1.0,1.0,1.0,1.0,1.0,1.0,1.0
614,BV,BV6-ALT,ibm_fez,singleton,256,1.0,1.0,0.8930989583333333,0.9264908547724132,0.85703125,3.606334199664126e-51,1.0,1.0,1.0,1.0,1.0,1.0,1.0,1.0,1.0
614,BV,BV6-ALT,ibm_fez,singleton,512,1.0,1.0,0.8907552083333333,0.9320786787732495,0.8629557291666666,2.2122949227866687e-108,1.0,1.0,1.0,1.0,1.0,1.0,1.0,1.0,1.0
615,BV,BV6-ALT,ibm_fez,singleton,64,1.0,1.0,0.8987499999999999,0.9214043548186872,0.8723958333333334,5.448029180565861e-13,1.0,1.0,1.0,1.0,1.0,1.0,1.0,1.0,1.0
615,BV,BV6-ALT,ibm_fez,singleton,128,1.0,1.0,0.900967261904762,0.9168809836084074,0.85,1.0823890701987345e-24,1.0,1.0,1.0,1.0,1.0,1.0,1.0,1.0,1.0
615,BV,BV6-ALT,ibm_fez,singleton,256,1.0,1.0,0.8990017361111111,0.9342516195529613,0.8700520833333333,5.631380194342207e-53,1.0,1.0,1.0,1.0,1.0,1.0,1.0,1.0,1.0
615,BV,BV6-ALT,ibm_fez,singleton,512,1.0,1.0,0.9005859375,0.9381762966589028,0.8695963541666667,4.752341256701897e-109,1.0,1.0,1.0,1.0,1.0,1.0,1.0,1.0,1.0
616,BV,BV6-ALT,ibm_fez,singleton,64,1.0,1.0,0.8915624999999999,0.9185134782325842,0.8546875,1.0945262491485198e-12,1.0,1.0,1.0,1.0,1.0,1.0,1.0,1.0,1.0
616,BV,BV6-ALT,ibm_fez,singleton,128,1.0,1.0,0.8922991071428572,0.9171967782769705,0.8484375,1.4488934075562716e-25,1.0,1.0,1.0,1.0,1.0,1.0,1.0,1.0,1.0
616,BV,BV6-ALT,ibm_fez,singleton,256,1.0,1.0,0.8928385416666667,0.9270623509904911,0.854296875,1.744455376412469e-51,1.0,1.0,1.0,1.0,1.0,1.0,1.0,1.0,1.0
616,BV,BV6-ALT,ibm_fez,singleton,512,1.0,1.0,0.8905598958333333,0.9380962019131672,0.8641276041666667,5.478988800234547e-109,1.0,1.0,1.0,1.0,1.0,1.0,1.0,1.0,1.0
617,BV,BV6-ALT,ibm_fez,singleton,64,1.0,1.0,0.9070833333333332,0.92372030702231,0.8734375,5.03753469783171e-14,1.0,1.0,1.0,1.0,1.0,1.0,1.0,1.0,1.0
617,BV,BV6-ALT,ibm_fez,singleton,128,1.0,1.0,0.9069196428571428,0.9287144691603131,0.87578125,2.586313646187759e-26,1.0,1.0,1.0,1.0,1.0,1.0,1.0,1.0,1.0
617,BV,BV6-ALT,ibm_fez,singleton,256,1.0,1.0,0.9078993055555556,0.9393807121949078,0.876953125,2.9912453681827015e-53,1.0,1.0,1.0,1.0,1.0,1.0,1.0,1.0,1.0
617,BV,BV6-ALT,ibm_fez,singleton,512,1.0,1.0,0.9052083333333333,0.943364269301359,0.8827473958333333,9.512349761168039e-111,1.0,1.0,1.0,1.0,1.0,1.0,1.0,1.0,1.0
618,BV,BV6-ALT,ibm_fez,singleton,64,1.0,1.0,0.8882986111111111,0.9112695034311847,0.853125,2.816867297865862e-12,1.0,1.0,1.0,1.0,1.0,1.0,1.0,1.0,1.0
618,BV,BV6-ALT,ibm_fez,singleton,128,1.0,1.0,0.8894717261904762,0.9172299646348272,0.8450520833333334,1.5072666249157948e-24,1.0,1.0,1.0,1.0,1.0,1.0,1.0,1.0,1.0
618,BV,BV6-ALT,ibm_fez,singleton,256,1.0,1.0,0.8890625,0.9343466152150502,0.857421875,1.9006685421787397e-50,1.0,1.0,1.0,1.0,1.0,1.0,1.0,1.0,1.0
618,BV,BV6-ALT,ibm_fez,singleton,512,1.0,1.0,0.8885416666666667,0.9346315997063055,0.8587890625,1.1469468206358422e-105,1.0,1.0,1.0,1.0,1.0,1.0,1.0,1.0,1.0
619,BV,BV6-ALT,ibm_fez,singleton,64,1.0,1.0,0.8851388888888889,0.8994752742877549,0.8328125,5.3641711443101295e-12,1.0,1.0,1.0,1.0,1.0,1.0,1.0,1.0,1.0
619,BV,BV6-ALT,ibm_fez,singleton,128,1.0,1.0,0.8839285714285714,0.9248799523577911,0.8559895833333333,3.661778393424703e-24,1.0,1.0,1.0,1.0,1.0,1.0,1.0,1.0,1.0
619,BV,BV6-ALT,ibm_fez,singleton,256,1.0,1.0,0.8842881944444444,0.9227850289089179,0.8506510416666667,3.8907429649084073e-50,1.0,1.0,1.0,1.0,1.0,1.0,1.0,1.0,1.0
619,BV,BV6-ALT,ibm_fez,singleton,512,1.0,1.0,0.8853515625,0.9249130322629748,0.8496744791666667,2.9291499916003716e-103,1.0,1.0,1.0,1.0,1.0,1.0,1.0,1.0,1.0
620,BV,BV6-ALT,ibm_fez,singleton,64,1.0,1.0,0.8982291666666666,0.9200786995681127,0.8640625,8.771197021010627e-14,1.0,1.0,1.0,1.0,1.0,1.0,1.0,1.0,1.0
620,BV,BV6-ALT,ibm_fez,singleton,128,1.0,1.0,0.8997395833333334,0.925783605019849,0.8552083333333333,1.2311742520587349e-23,1.0,1.0,1.0,1.0,1.0,1.0,1.0,1.0,1.0
620,BV,BV6-ALT,ibm_fez,singleton,256,1.0,1.0,0.8991319444444444,0.9290554130199539,0.8634114583333333,6.686011266923917e-52,1.0,1.0,1.0,1.0,1.0,1.0,1.0,1.0,1.0
620,BV,BV6-ALT,ibm_fez,singleton,512,1.0,1.0,0.8977864583333334,0.9387762257318806,0.870703125,4.940547106122742e-109,1.0,1.0,1.0,1.0,1.0,1.0,1.0,1.0,1.0
621,BV,BV6-ALT,ibm_marrakesh,singleton,64,1.0,1.0,0.8017361111111111,0.8427105912127717,0.7338541666666667,1.0267664789231912e-08,1.0,1.0,1.0,1.0,0.8333333333333334,1.0,1.0,1.0,1.0
621,BV,BV6-ALT,ibm_marrakesh,singleton,128,1.0,1.0,0.8017485119047619,0.8698246073277088,0.74609375,1.1055048996741404e-19,1.0,1.0,1.0,1.0,1.0,1.0,1.0,1.0,1.0
621,BV,BV6-ALT,ibm_marrakesh,singleton,256,1.0,1.0,0.803515625,0.868365212612579,0.7403645833333333,4.944634406299221e-38,1.0,1.0,1.0,1.0,1.0,1.0,1.0,1.0,1.0
621,BV,BV6-ALT,ibm_marrakesh,singleton,512,1.0,1.0,0.8024088541666666,0.8771324600594158,0.7486979166666666,4.22352494954119e-81,1.0,1.0,1.0,1.0,1.0,1.0,1.0,1.0,1.0
622,BV,BV7-ALT,ibm_kingston,singleton,64,1.0,1.0,0.7838194444444445,0.8100659572941334,0.7072916666666667,1.9805796885920727e-07,1.0,1.0,1.0,1.0,0.5666666666666667,1.0,1.0,1.0,1.0
622,BV,BV7-ALT,ibm_kingston,singleton,128,1.0,1.0,0.7848958333333333,0.8004650224625092,0.69296875,3.141868160349656e-16,1.0,1.0,1.0,1.0,0.5666666666666667,1.0,1.0,1.0,1.0
622,BV,BV7-ALT,ibm_kingston,singleton,256,1.0,1.0,0.7857638888888889,0.7950629708656941,0.6903645833333333,1.0603238218350149e-30,1.0,1.0,1.0,1.0,0.43333333333333335,1.0,1.0,1.0,1.0
622,BV,BV7-ALT,ibm_kingston,singleton,512,1.0,1.0,0.7858072916666666,0.79795859932043,0.6945963541666667,9.793790752248258e-65,1.0,1.0,1.0,1.0,0.5,1.0,1.0,1.0,1.0
623,BV,BV7-ALT,ibm_kingston,singleton,64,1.0,1.0,0.7826736111111111,0.8277786108593781,0.7166666666666667,1.8340144984872278e-09,1.0,1.0,1.0,1.0,0.7,1.0,1.0,1.0,1.0
623,BV,BV7-ALT,ibm_kingston,singleton,128,1.0,1.0,0.781436011904762,0.8260819192603588,0.7197916666666667,2.910774333730445e-16,1.0,1.0,1.0,1.0,0.6333333333333333,1.0,1.0,1.0,1.0
623,BV,BV7-ALT,ibm_kingston,singleton,256,1.0,1.0,0.7822048611111111,0.8141301847934882,0.7057291666666666,8.683011695122305e-31,1.0,1.0,1.0,1.0,0.7,1.0,1.0,1.0,1.0
623,BV,BV7-ALT,ibm_kingston,singleton,512,1.0,1.0,0.7811197916666667,0.8188383371616929,0.70703125,4.419103129460241e-68,1.0,1.0,1.0,1.0,0.8666666666666667,1.0,1.0,1.0,1.0
624,BV,BV7-ALT,ibm_kingston,singleton,64,1.0,1.0,0.7804166666666668,0.8146467029534452,0.6994791666666667,5.385933478443961e-08,1.0,1.0,1.0,1.0,0.6,1.0,1.0,1.0,1.0
624,BV,BV7-ALT,ibm_kingston,singleton,128,1.0,1.0,0.7810267857142857,0.8129154546700665,0.6950520833333333,1.3295387979375064e-14,1.0,1.0,1.0,1.0,0.7,1.0,1.0,1.0,1.0
624,BV,BV7-ALT,ibm_kingston,singleton,256,1.0,1.0,0.78046875,0.816025562126143,0.70078125,1.8014667018390536e-32,1.0,1.0,1.0,1.0,0.6666666666666666,1.0,1.0,1.0,1.0
624,BV,BV7-ALT,ibm_kingston,singleton,512,1.0,1.0,0.7828776041666666,0.8194779919648476,0.7005208333333334,6.995760582691371e-71,1.0,1.0,1.0,1.0,0.9,1.0,1.0,1.0,1.0
625,BV,BV7-ALT,ibm_kingston,singleton,64,1.0,1.0,0.7612152777777778,0.7218991443571005,0.6328125,1.381747224817031e-05,1.0,1.0,1.0,1.0,0.16666666666666666,1.0,1.0,1.0,1.0
625,BV,BV7-ALT,ibm_kingston,singleton,128,1.0,1.0,0.7610863095238095,0.7285228717858324,0.6390625,1.4305474608736913e-13,1.0,1.0,1.0,1.0,0.06666666666666667,1.0,1.0,1.0,1.0
625,BV,BV7-ALT,ibm_kingston,singleton,256,1.0,1.0,0.7619791666666667,0.7078997346981792,0.6276041666666666,1.0678671021554007e-23,1.0,1.0,1.0,1.0,0.0,1.0,1.0,1.0,1.0
625,BV,BV7-ALT,ibm_kingston,singleton,512,1.0,1.0,0.759765625,0.717662345967626,0.6365234375,6.679300120799187e-52,1.0,1.0,1.0,1.0,0.0,1.0,1.0,1.0,1.0
626,BV,BV7-ALT,ibm_kingston,singleton,64,1.0,1.0,0.7634722222222222,0.7550636888460805,0.646875,1.5179781581072434e-06,1.0,1.0,1.0,1.0,0.26666666666666666,1.0,1.0,1.0,1.0
626,BV,BV7-ALT,ibm_kingston,singleton,128,1.0,1.0,0.7622767857142858,0.7920025569354613,0.6765625,2.1819680297672068e-14,1.0,1.0,1.0,1.0,0.4666666666666667,1.0,1.0,1.0,1.0
626,BV,BV7-ALT,ibm_kingston,singleton,256,1.0,1.0,0.7611545138888889,0.7947172778678646,0.6795572916666667,1.1303966195119073e-28,1.0,1.0,1.0,1.0,0.43333333333333335,1.0,1.0,1.0,1.0
626,BV,BV7-ALT,ibm_kingston,singleton,512,1.0,1.0,0.7634765625,0.7865934549974246,0.6708984375,6.555442854697073e-63,1.0,1.0,1.0,1.0,0.2,1.0,1.0,1.0,1.0
627,BV,BV7-ALT,ibm_kingston,singleton,64,1.0,1.0,0.7978819444444445,0.8177565431560774,0.7182291666666667,1.5691373213594546e-07,1.0,1.0,1.0,1.0,0.6333333333333333,1.0,1.0,1.0,1.0
627,BV,BV7-ALT,ibm_kingston,singleton,128,1.0,1.0,0.7970238095238095,0.8297225325686203,0.7291666666666666,9.604822730927997e-16,1.0,1.0,1.0,1.0,0.8,1.0,1.0,1.0,1.0
627,BV,BV7-ALT,ibm_kingston,singleton,256,1.0,1.0,0.7962673611111111,0.8358504447178452,0.730859375,1.7199304830996878e-35,1.0,1.0,1.0,1.0,0.8333333333333334,1.0,1.0,1.0,1.0
627,BV,BV7-ALT,ibm_kingston,singleton,512,1.0,1.0,0.7982421875,0.8287654598680729,0.7227864583333333,4.3886248751038195e-73,1.0,1.0,1.0,1.0,0.9,1.0,1.0,1.0,1.0
628,BV,BV7-ALT,ibm_kingston,singleton,64,1.0,1.0,0.7340625000000001,0.7673303809260908,0.6546875,1.0799117094485722e-06,1.0,1.0,1.0,1.0,0.36666666666666664,1.0,1.0,1.0,1.0
628,BV,BV7-ALT,ibm_kingston,singleton,128,1.0,1.0,0.7356770833333334,0.743474868356612,0.6252604166666667,5.6532099244608594e-12,1.0,1.0,1.0,1.0,0.23333333333333334,1.0,1.0,1.0,1.0
628,BV,BV7-ALT,ibm_kingston,singleton,256,1.0,1.0,0.736111111111111,0.743699537047227,0.6252604166666667,3.44894152250235e-25,1.0,1.0,1.0,1.0,0.06666666666666667,1.0,1.0,1.0,1.0
628,BV,BV7-ALT,ibm_kingston,singleton,512,1.0,1.0,0.7342447916666667,0.7507945902963772,0.6315755208333333,2.7296789638306306e-56,1.0,1.0,1.0,1.0,0.03333333333333333,1.0,1.0,1.0,1.0
629,BV,BV7-ALT,ibm_kingston,singleton,64,1.0,1.0,0.8108333333333333,0.8459791301448053,0.753125,5.4691025622051e-09,1.0,1.0,1.0,1.0,0.8,1.0,1.0,1.0,1.0
629,BV,BV7-ALT,ibm_kingston,singleton,128,1.0,1.0,0.812313988095238,0.8367094558055924,0.734375,1.8338512213703614e-17,1.0,1.0,1.0,1.0,0.7666666666666667,1.0,1.0,1.0,1.0
629,BV,BV7-ALT,ibm_kingston,singleton,256,1.0,1.0,0.8096788194444444,0.8487540662969892,0.7502604166666667,2.0480361878259843e-36,1.0,1.0,1.0,1.0,0.9333333333333333,1.0,1.0,1.0,1.0
629,BV,BV7-ALT,ibm_kingston,singleton,512,1.0,1.0,0.8100911458333333,0.8499105302142305,0.7470052083333333,4.0967639584089646e-77,1.0,1.0,1.0,1.0,1.0,1.0,1.0,1.0,1.0
630,BV,BV7-ALT,ibm_kingston,singleton,64,1.0,1.0,0.7883680555555556,0.785711067612186,0.6901041666666666,1.144034366948321e-07,1.0,1.0,1.0,1.0,0.4,1.0,1.0,1.0,1.0
630,BV,BV7-ALT,ibm_kingston,singleton,128,1.0,1.0,0.7903273809523809,0.7753524436249022,0.6747395833333333,1.3307458722409958e-12,1.0,1.0,1.0,1.0,0.36666666666666664,1.0,1.0,1.0,1.0
630,BV,BV7-ALT,ibm_kingston,singleton,256,1.0,1.0,0.7886284722222222,0.7960057365320599,0.6971354166666667,1.6020611013417187e-30,1.0,1.0,1.0,1.0,0.5333333333333333,1.0,1.0,1.0,1.0
630,BV,BV7-ALT,ibm_kingston,singleton,512,1.0,1.0,0.7909505208333333,0.7895439713906306,0.6929036458333333,9.317075306486335e-66,1.0,1.0,1.0,1.0,0.36666666666666664,1.0,1.0,1.0,1.0
631,BV,BV7-ALT,ibm_marrakesh,singleton,64,1.0,1.0,0.7223958333333333,0.8302602956822747,0.659375,1.4924296705872326e-08,1.0,1.0,1.0,1.0,0.7666666666666667,1.0,1.0,1.0,1.0
631,BV,BV7-ALT,ibm_marrakesh,singleton,128,1.0,1.0,0.7225818452380952,0.8430229297188098,0.66171875,1.3514712253615836e-16,1.0,1.0,1.0,1.0,0.8666666666666667,1.0,1.0,1.0,1.0
631,BV,BV7-ALT,ibm_marrakesh,singleton,256,1.0,1.0,0.724435763888889,0.8580295769290534,0.6626302083333333,3.053657398846057e-33,1.0,1.0,1.0,1.0,0.9333333333333333,1.0,1.0,1.0,1.0
631,BV,BV7-ALT,ibm_marrakesh,singleton,512,1.0,1.0,0.7277994791666667,0.8646259486869526,0.6654296875,4.9035266857099166e-71,1.0,1.0,1.0,1.0,1.0,1.0,1.0,1.0,1.0
632,BV,BV8-ALT,ibm_marrakesh,singleton,64,1.0,1.0,0.6972569444444444,0.7811231698556634,0.6265625,2.3224220136147665e-06,1.0,1.0,1.0,1.0,0.5333333333333333,1.0,1.0,1.0,1.0
632,BV,BV8-ALT,ibm_marrakesh,singleton,128,1.0,1.0,0.6976190476190476,0.7906866561662668,0.6208333333333333,2.3080589744779218e-12,1.0,1.0,1.0,1.0,0.4,1.0,1.0,1.0,1.0
632,BV,BV8-ALT,ibm_marrakesh,singleton,256,1.0,1.0,0.6986111111111111,0.7923745449371672,0.61640625,8.634022309158812e-29,1.0,1.0,1.0,1.0,0.36666666666666664,1.0,1.0,1.0,1.0
632,BV,BV8-ALT,ibm_marrakesh,singleton,512,1.0,1.0,0.694140625,0.7989402095941104,0.6238932291666667,1.7177047758657237e-60,1.0,1.0,1.0,1.0,0.43333333333333335,1.0,1.0,1.0,1.0
633,BV,BV8-ALT,ibm_marrakesh,singleton,64,1.0,1.0,0.7990277777777778,0.8773488412170916,0.7442708333333333,6.430347587738084e-10,1.0,1.0,1.0,1.0,0.9666666666666667,1.0,1.0,1.0,1.0
633,BV,BV8-ALT,ibm_marrakesh,singleton,128,1.0,1.0,0.7989583333333333,0.8953716747394656,0.75390625,1.6295741141583713e-20,1.0,1.0,1.0,1.0,1.0,1.0,1.0,1.0,1.0
633,BV,BV8-ALT,ibm_marrakesh,singleton,256,1.0,1.0,0.8001736111111111,0.9046765432687077,0.755078125,8.420018066653561e-42,1.0,1.0,1.0,1.0,1.0,1.0,1.0,1.0,1.0
633,BV,BV8-ALT,ibm_marrakesh,singleton,512,1.0,1.0,0.796484375,0.9118849963399727,0.7642578125,1.149143090925961e-89,1.0,1.0,1.0,1.0,1.0,1.0,1.0,1.0,1.0
634,BV,BV8-ALT,ibm_marrakesh,singleton,64,1.0,1.0,0.7890972222222222,0.855051817299801,0.7125,5.0211262402529334e-09,1.0,1.0,1.0,1.0,0.9,1.0,1.0,1.0,1.0
634,BV,BV8-ALT,ibm_marrakesh,singleton,128,1.0,1.0,0.7896577380952381,0.8804673690182501,0.7278645833333334,1.0226662140032285e-18,1.0,1.0,1.0,1.0,0.9666666666666667,1.0,1.0,1.0,1.0
634,BV,BV8-ALT,ibm_marrakesh,singleton,256,1.0,1.0,0.7893229166666667,0.8945807288709298,0.7407552083333333,1.6940739151564836e-41,1.0,1.0,1.0,1.0,1.0,1.0,1.0,1.0,1.0
634,BV,BV8-ALT,ibm_marrakesh,singleton,512,1.0,1.0,0.7876953125,0.8932288979359863,0.7440104166666667,4.5658497983100854e-86,1.0,1.0,1.0,1.0,1.0,1.0,1.0,1.0,1.0
635,BV,BV8-ALT,ibm_marrakesh,singleton,64,1.0,1.0,0.8098611111111111,0.8719680186843536,0.7359375,7.74920048442207e-10,1.0,1.0,1.0,1.0,0.9333333333333333,1.0,1.0,1.0,1.0
635,BV,BV8-ALT,ibm_marrakesh,singleton,128,1.0,1.0,0.8079613095238095,0.9016161183414836,0.77109375,7.065188126686755e-21,1.0,1.0,1.0,1.0,1.0,1.0,1.0,1.0,1.0
635,BV,BV8-ALT,ibm_marrakesh,singleton,256,1.0,1.0,0.8091145833333333,0.9072709756092007,0.7678385416666667,1.665682766696277e-42,1.0,1.0,1.0,1.0,1.0,1.0,1.0,1.0,1.0
635,BV,BV8-ALT,ibm_marrakesh,singleton,512,1.0,1.0,0.8074869791666667,0.9182532330640096,0.7751953125,3.1000046370801983e-96,1.0,1.0,1.0,1.0,1.0,1.0,1.0,1.0,1.0
636,BV,BV8-ALT,ibm_marrakesh,singleton,64,1.0,1.0,0.782986111111111,0.871014499556943,0.7328125,9.482599182727055e-10,1.0,1.0,1.0,1.0,0.9,1.0,1.0,1.0,1.0
636,BV,BV8-ALT,ibm_marrakesh,singleton,128,1.0,1.0,0.7838169642857142,0.8872489819638909,0.7325520833333333,3.4270646159911077e-20,1.0,1.0,1.0,1.0,1.0,1.0,1.0,1.0,1.0
636,BV,BV8-ALT,ibm_marrakesh,singleton,256,1.0,1.0,0.7831597222222223,0.9112096994904229,0.7470052083333333,2.229778687419142e-43,1.0,1.0,1.0,1.0,1.0,1.0,1.0,1.0,1.0
636,BV,BV8-ALT,ibm_marrakesh,singleton,512,1.0,1.0,0.7856119791666667,0.9099798603204287,0.7440104166666667,8.945296872016145e-89,1.0,1.0,1.0,1.0,1.0,1.0,1.0,1.0,1.0
637,BV,BV8-ALT,ibm_marrakesh,singleton,64,1.0,1.0,0.7713888888888889,0.8710833656244464,0.7197916666666667,4.892525967692407e-10,1.0,1.0,1.0,1.0,0.9666666666666667,1.0,1.0,1.0,1.0
637,BV,BV8-ALT,ibm_marrakesh,singleton,128,1.0,1.0,0.7708705357142858,0.885227336333315,0.72890625,4.935197720597211e-18,1.0,1.0,1.0,1.0,0.9666666666666667,1.0,1.0,1.0,1.0
637,BV,BV8-ALT,ibm_marrakesh,singleton,256,1.0,1.0,0.7720486111111111,0.8974680111721712,0.7282552083333333,2.221302304228065e-40,1.0,1.0,1.0,1.0,1.0,1.0,1.0,1.0,1.0
637,BV,BV8-ALT,ibm_marrakesh,singleton,512,1.0,1.0,0.7696614583333333,0.909284512428579,0.7365885416666667,1.1242158680199204e-85,1.0,1.0,1.0,1.0,1.0,1.0,1.0,1.0,1.0
638,BV,BV8-ALT,ibm_marrakesh,singleton,64,1.0,1.0,0.7504861111111112,0.8483334561475786,0.6963541666666667,1.9293578396954262e-09,1.0,1.0,1.0,1.0,0.9,1.0,1.0,1.0,1.0
638,BV,BV8-ALT,ibm_marrakesh,singleton,128,1.0,1.0,0.7515997023809524,0.8742363160713006,0.6966145833333334,1.4033034008253813e-19,1.0,1.0,1.0,1.0,1.0,1.0,1.0,1.0,1.0
638,BV,BV8-ALT,ibm_marrakesh,singleton,256,1.0,1.0,0.7523871527777778,0.8800069591597808,0.6990885416666667,9.647809066829473e-39,1.0,1.0,1.0,1.0,1.0,1.0,1.0,1.0,1.0
638,BV,BV8-ALT,ibm_marrakesh,singleton,512,1.0,1.0,0.747265625,0.8886437093916254,0.7102213541666667,9.758399720259174e-80,1.0,1.0,1.0,1.0,1.0,1.0,1.0,1.0,1.0
639,BV,BV8-ALT,ibm_marrakesh,singleton,64,1.0,1.0,0.7556944444444444,0.8504045742538952,0.6973958333333333,1.7550697594311455e-08,1.0,1.0,1.0,1.0,0.8333333333333334,1.0,1.0,1.0,1.0
639,BV,BV8-ALT,ibm_marrakesh,singleton,128,1.0,1.0,0.7569940476190475,0.8658569098178286,0.6942708333333333,5.88642395036633e-18,1.0,1.0,1.0,1.0,0.9666666666666667,1.0,1.0,1.0,1.0
639,BV,BV8-ALT,ibm_marrakesh,singleton,256,1.0,1.0,0.7559895833333333,0.8728837308110672,0.704296875,1.633225779602292e-35,1.0,1.0,1.0,1.0,1.0,1.0,1.0,1.0,1.0
639,BV,BV8-ALT,ibm_marrakesh,singleton,512,1.0,1.0,0.7555338541666666,0.8844264782889305,0.7098307291666667,3.1403376080837525e-80,1.0,1.0,1.0,1.0,1.0,1.0,1.0,1.0,1.0
640,BV,BV8-ALT,ibm_marrakesh,singleton,64,1.0,1.0,0.7875347222222222,0.8680993076346689,0.7260416666666667,6.696460788079469e-10,1.0,1.0,1.0,1.0,0.9666666666666667,1.0,1.0,1.0,1.0
640,BV,BV8-ALT,ibm_marrakesh,singleton,128,1.0,1.0,0.7883184523809524,0.8856995242240914,0.7315104166666667,2.04552515305508e-17,1.0,1.0,1.0,1.0,0.9666666666666667,1.0,1.0,1.0,1.0
640,BV,BV8-ALT,ibm_marrakesh,singleton,256,1.0,1.0,0.7860677083333333,0.9005928995859914,0.7489583333333333,2.410539042704533e-43,1.0,1.0,1.0,1.0,1.0,1.0,1.0,1.0,1.0
640,BV,BV8-ALT,ibm_marrakesh,singleton,512,1.0,1.0,0.783203125,0.9030090626618671,0.7507161458333333,1.3075503043812506e-85,1.0,1.0,1.0,1.0,1.0,1.0,1.0,1.0,1.0
641,BV,BV8-ALT,ibm_marrakesh,singleton,64,1.0,1.0,0.81875,0.9001839430676831,0.7848958333333333,2.1899563007928465e-11,1.0,1.0,1.0,1.0,1.0,1.0,1.0,1.0,1.0
641,BV,BV8-ALT,ibm_marrakesh,singleton,128,1.0,1.0,0.8192708333333333,0.8974517787571316,0.7755208333333333,4.9100563186423935e-21,1.0,1.0,1.0,1.0,1.0,1.0,1.0,1.0,1.0
641,BV,BV8-ALT,ibm_marrakesh,singleton,256,1.0,1.0,0.8194010416666667,0.9173241721655702,0.7838541666666666,7.594974674572024e-47,1.0,1.0,1.0,1.0,1.0,1.0,1.0,1.0,1.0
641,BV,BV8-ALT,ibm_marrakesh,singleton,512,1.0,1.0,0.8207682291666667,0.9206394327148567,0.7841145833333333,9.052530332478868e-96,1.0,1.0,1.0,1.0,1.0,1.0,1.0,1.0,1.0
642,BV,BV9-ALT,ibm_fez,singleton,64,1.0,1.0,0.7212847222222223,0.7754038663404587,0.6359375,1.1329243182101509e-06,1.0,1.0,1.0,1.0,0.43333333333333335,1.0,1.0,1.0,1.0
642,BV,BV9-ALT,ibm_fez,singleton,128,1.0,1.0,0.7212053571428572,0.7820870084146693,0.6361979166666667,1.040565387177356e-13,1.0,1.0,1.0,1.0,0.43333333333333335,1.0,1.0,1.0,1.0
642,BV,BV9-ALT,ibm_fez,singleton,256,1.0,1.0,0.7220920138888889,0.785704328954981,0.633984375,3.590869542238071e-28,1.0,1.0,1.0,1.0,0.36666666666666664,1.0,1.0,1.0,1.0
642,BV,BV9-ALT,ibm_fez,singleton,512,1.0,1.0,0.7229166666666667,0.7725905875711155,0.6279947916666667,2.952175067002197e-56,1.0,1.0,1.0,1.0,0.1,1.0,1.0,1.0,1.0
643,BV,BV9-ALT,ibm_fez,singleton,64,1.0,1.0,0.7584027777777778,0.8597044222293656,0.7072916666666667,6.826999661887119e-09,1.0,1.0,1.0,1.0,0.8666666666666667,1.0,1.0,1.0,1.0
643,BV,BV9-ALT,ibm_fez,singleton,128,1.0,1.0,0.7575892857142857,0.8680849601082816,0.71328125,6.91585856690562e-18,1.0,1.0,1.0,1.0,0.9666666666666667,1.0,1.0,1.0,1.0
643,BV,BV9-ALT,ibm_fez,singleton,256,1.0,1.0,0.7568576388888889,0.8843261541903782,0.7177083333333333,2.641234129931244e-38,1.0,1.0,1.0,1.0,1.0,1.0,1.0,1.0,1.0
643,BV,BV9-ALT,ibm_fez,singleton,512,1.0,1.0,0.7533854166666667,0.8918363588391774,0.7205078125,4.9348376971519394e-80,1.0,1.0,1.0,1.0,1.0,1.0,1.0,1.0,1.0
644,BV,BV9-ALT,ibm_fez,singleton,64,1.0,1.0,0.7097916666666666,0.7621728909453407,0.6026041666666667,2.595906565700893e-06,1.0,1.0,1.0,1.0,0.36666666666666664,1.0,1.0,1.0,1.0
644,BV,BV9-ALT,ibm_fez,singleton,128,1.0,1.0,0.7090029761904761,0.8021757515431738,0.6309895833333333,4.6244765877615375e-14,1.0,1.0,1.0,1.0,0.5666666666666667,1.0,1.0,1.0,1.0
644,BV,BV9-ALT,ibm_fez,singleton,256,1.0,1.0,0.7085503472222222,0.8002075730559446,0.6315104166666666,1.683860104019935e-29,1.0,1.0,1.0,1.0,0.4666666666666667,1.0,1.0,1.0,1.0
644,BV,BV9-ALT,ibm_fez,singleton,512,1.0,1.0,0.7073567708333334,0.7970023824757465,0.6302734375,1.985660163211166e-58,1.0,1.0,1.0,1.0,0.5,1.0,1.0,1.0,1.0
645,BV,BV9-ALT,ibm_fez,singleton,64,1.0,1.0,0.6988888888888888,0.7597660292431149,0.621875,3.3127312629055436e-06,1.0,1.0,1.0,1.0,0.4,1.0,1.0,1.0,1.0
645,BV,BV9-ALT,ibm_fez,singleton,128,1.0,1.0,0.7000744047619047,0.749683745024704,0.6005208333333333,2.6164076194156124e-12,1.0,1.0,1.0,1.0,0.16666666666666666,1.0,1.0,1.0,1.0
645,BV,BV9-ALT,ibm_fez,singleton,256,1.0,1.0,0.701345486111111,0.738758107820701,0.5919270833333333,5.856620838794094e-25,1.0,1.0,1.0,1.0,0.1,1.0,1.0,1.0,1.0
645,BV,BV9-ALT,ibm_fez,singleton,512,1.0,1.0,0.696484375,0.7523149948023655,0.6043619791666667,6.58712639241272e-53,1.0,1.0,1.0,1.0,0.0,1.0,1.0,1.0,1.0
646,BV,BV9-ALT,ibm_fez,singleton,64,1.0,1.0,0.7211805555555556,0.7530876573171896,0.6265625,9.864659545478615e-07,1.0,1.0,1.0,1.0,0.3333333333333333,1.0,1.0,1.0,1.0
646,BV,BV9-ALT,ibm_fez,singleton,128,1.0,1.0,0.7222842261904762,0.754936645077272,0.6174479166666667,3.4250277745569223e-12,1.0,1.0,1.0,1.0,0.13333333333333333,1.0,1.0,1.0,1.0
646,BV,BV9-ALT,ibm_fez,singleton,256,1.0,1.0,0.7205729166666667,0.775709868793241,0.6334635416666666,5.482128727116145e-28,1.0,1.0,1.0,1.0,0.23333333333333334,1.0,1.0,1.0,1.0
646,BV,BV9-ALT,ibm_fez,singleton,512,1.0,1.0,0.7223307291666666,0.7568916496510814,0.6212890625,1.1720323199124052e-52,1.0,1.0,1.0,1.0,0.0,1.0,1.0,1.0,1.0
647,BV,BV9-ALT,ibm_fez,singleton,64,1.0,1.0,0.6973611111111111,0.7682553572227377,0.6046875,7.113797472470725e-07,1.0,1.0,1.0,1.0,0.43333333333333335,1.0,1.0,1.0,1.0
647,BV,BV9-ALT,ibm_fez,singleton,128,1.0,1.0,0.6975446428571428,0.7621348022835918,0.6015625,2.3946831407075517e-11,1.0,1.0,1.0,1.0,0.26666666666666666,1.0,1.0,1.0,1.0
647,BV,BV9-ALT,ibm_fez,singleton,256,1.0,1.0,0.6998697916666666,0.7563778189163322,0.5938802083333333,2.2708183365444884e-25,1.0,1.0,1.0,1.0,0.16666666666666666,1.0,1.0,1.0,1.0
647,BV,BV9-ALT,ibm_fez,singleton,512,1.0,1.0,0.6934244791666667,0.7811755999394069,0.6149739583333333,8.263589045693603e-58,1.0,1.0,1.0,1.0,0.13333333333333333,1.0,1.0,1.0,1.0
648,BV,BV9-ALT,ibm_fez,singleton,64,1.0,1.0,0.7001388888888889,0.7233073571317395,0.5885416666666666,1.9001443650154547e-05,1.0,1.0,1.0,1.0,0.23333333333333334,1.0,1.0,1.0,1.0
648,BV,BV9-ALT,ibm_fez,singleton,128,1.0,1.0,0.7010044642857143,0.7287436277329505,0.5856770833333333,1.5219545823728545e-10,1.0,1.0,1.0,1.0,0.16666666666666666,1.0,1.0,1.0,1.0
648,BV,BV9-ALT,ibm_fez,singleton,256,1.0,1.0,0.70078125,0.7420055432914677,0.594921875,6.578564179169754e-20,1.0,1.0,1.0,1.0,0.13333333333333333,1.0,1.0,1.0,1.0
648,BV,BV9-ALT,ibm_fez,singleton,512,1.0,1.0,0.6986979166666667,0.7262156509950639,0.5904296875,5.0329853651027383e-48,1.0,1.0,1.0,1.0,0.0,1.0,1.0,1.0,1.0
649,BV,BV9-ALT,ibm_fez,singleton,64,1.0,1.0,0.7113194444444445,0.7535440594767634,0.5932291666666667,2.2555095967426627e-06,1.0,1.0,1.0,1.0,0.3,1.0,1.0,1.0,1.0
649,BV,BV9-ALT,ibm_fez,singleton,128,1.0,1.0,0.7115327380952381,0.7746568865915457,0.61015625,9.912934196184791e-12,1.0,1.0,1.0,1.0,0.4,1.0,1.0,1.0,1.0
649,BV,BV9-ALT,ibm_fez,singleton,256,1.0,1.0,0.7118055555555556,0.7694181212309551,0.6126302083333334,2.1025985145155685e-26,1.0,1.0,1.0,1.0,0.23333333333333334,1.0,1.0,1.0,1.0
649,BV,BV9-ALT,ibm_fez,singleton,512,1.0,1.0,0.7114583333333333,0.7688455557698083,0.6158854166666666,4.298323030434932e-56,1.0,1.0,1.0,1.0,0.1,1.0,1.0,1.0,1.0
650,BV,BV9-ALT,ibm_fez,singleton,64,1.0,1.0,0.7570486111111111,0.8501328644893,0.6786458333333333,9.957241301853752e-09,1.0,1.0,1.0,1.0,0.8333333333333334,1.0,1.0,1.0,1.0
650,BV,BV9-ALT,ibm_fez,singleton,128,1.0,1.0,0.7551711309523809,0.8778313816043565,0.7114583333333333,6.429072743726262e-17,1.0,1.0,1.0,1.0,0.9666666666666667,1.0,1.0,1.0,1.0
650,BV,BV9-ALT,ibm_fez,singleton,256,1.0,1.0,0.756640625,0.8908525825915008,0.7100260416666667,4.1382554591452186e-39,1.0,1.0,1.0,1.0,1.0,1.0,1.0,1.0,1.0
650,BV,BV9-ALT,ibm_fez,singleton,512,1.0,1.0,0.7583333333333333,0.9000168629610443,0.7137369791666667,1.2739636533794665e-82,1.0,1.0,1.0,1.0,1.0,1.0,1.0,1.0,1.0
651,BV,BV9-ALT,ibm_marrakesh,singleton,64,1.0,1.0,0.5974652777777778,0.594396945949229,0.4473958333333333,0.0005669177524006586,1.0,1.0,1.0,0.9333333333333333,0.0,1.0,1.0,1.0,1.0
651,BV,BV9-ALT,ibm_marrakesh,singleton,128,1.0,1.0,0.5984747023809524,0.6253959703182914,0.4557291666666667,2.1844870206605672e-07,1.0,1.0,1.0,0.9666666666666667,0.03333333333333333,1.0,1.0,1.0,1.0
651,BV,BV9-ALT,ibm_marrakesh,singleton,256,1.0,1.0,0.5984809027777778,0.6116470643214176,0.451953125,3.02752173453944e-14,1.0,1.0,1.0,1.0,0.0,1.0,1.0,1.0,1.0
651,BV,BV9-ALT,ibm_marrakesh,singleton,512,1.0,1.0,0.5970052083333334,0.6171432884828109,0.456640625,3.1892342757077785e-31,1.0,1.0,1.0,1.0,0.0,1.0,1.0,1.0,1.0
652,BV-SIGNAL-BACKGROUND,BVSB27,ibm_marrakesh,multiple,64,0.03333333333333333,0.0,0.0017013888888888888,0.16666666666666666,0.0078125,1.0,1.0,0.5,0.5,0.0,0.0,0.0,0.0,0.0,0.0
652,BV-SIGNAL-BACKGROUND,BVSB27,ibm_marrakesh,multiple,128,0.06666666666666667,0.0,0.0020461309523809525,0.10333333333333333,0.002864583333333333,0.9875,1.0,0.3333333333333333,0.3333333333333333,0.03333333333333333,0.0,0.0,0.0,0.0,0.0
652,BV-SIGNAL-BACKGROUND,BVSB27,ibm_marrakesh,multiple,256,0.26666666666666666,0.0,0.0027777777777777775,0.09214285714285714,0.0020833333333333333,0.9908854166666666,1.0,0.5,0.3333333333333333,0.0,0.0,0.0,0.0,0.0,0.0
652,BV-SIGNAL-BACKGROUND,BVSB27,ibm_marrakesh,multiple,512,0.5333333333333333,0.0,0.0035807291666666665,0.14622414622414623,0.002734375,0.8646484375,1.0,0.8333333333333334,0.3333333333333333,0.0,0.0,0.0,0.0,0.0,0.0
653,BV-SIGNAL-BACKGROUND,BVSB27,ibm_marrakesh,multiple,64,0.0,0.0,0.003298611111111111,0.2122222222222222,0.0109375,0.9625,1.0,0.6,0.6,0.1,0.0,0.0,0.0,0.0,0.0
653,BV-SIGNAL-BACKGROUND,BVSB27,ibm_marrakesh,multiple,128,0.0,0.0,0.0027529761904761902,0.060000000000000005,0.0018229166666666667,1.0,1.0,0.23333333333333334,0.23333333333333334,0.0,0.0,0.0,0.0,0.0,0.0
653,BV-SIGNAL-BACKGROUND,BVSB27,ibm_marrakesh,multiple,256,0.0,0.0,0.0036024305555555553,0.11333333333333333,0.0026041666666666665,0.96875,1.0,0.5666666666666667,0.3333333333333333,0.0,0.0,0.0,0.0,0.0,0.0
653,BV-SIGNAL-BACKGROUND,BVSB27,ibm_marrakesh,multiple,512,0.0,0.0,0.003125,0.11292559292559293,0.0021484375,0.9055989583333334,1.0,0.7,0.26666666666666666,0.0,0.0,0.0,0.0,0.0,0.0
654,BV-SIGNAL-BACKGROUND,BVSB27,ibm_marrakesh,multiple,64,0.06666666666666667,0.03333333333333333,0.0011805555555555556,0.1,0.0046875,1.0,1.0,0.3,0.3,0.0,0.0,0.0,0.0,0.0,0.0
654,BV-SIGNAL-BACKGROUND,BVSB27,ibm_marrakesh,multiple,128,0.13333333333333333,0.13333333333333333,0.0027529761904761902,0.10555555555555556,0.003125,0.9875,1.0,0.36666666666666664,0.36666666666666664,0.03333333333333333,0.0,0.0,0.0,0.0,0.0
654,BV-SIGNAL-BACKGROUND,BVSB27,ibm_marrakesh,multiple,256,0.13333333333333333,0.03333333333333333,0.0028211805555555555,0.1076984126984127,0.0024739583333333332,0.9518229166666666,1.0,0.4666666666666667,0.4,0.0,0.0,0.0,0.0,0.0,0.0
654,BV-SIGNAL-BACKGROUND,BVSB27,ibm_marrakesh,multiple,512,0.2,0.2,0.0056640625,0.1095021645021645,0.0018880208333333333,0.9166015625,1.0,0.6333333333333333,0.26666666666666666,0.0,0.0,0.0,0.0,0.0,0.0
655,BV-SIGNAL-BACKGROUND,BVSB27,ibm_marrakesh,multiple,64,0.1,0.1,0.0020486111111111113,0.1722222222222222,0.008333333333333333,0.9875,1.0,0.5,0.5,0.03333333333333333,0.0,0.0,0.0,0.0,0.0
655,BV-SIGNAL-BACKGROUND,BVSB27,ibm_marrakesh,multiple,128,0.3333333333333333,0.3333333333333333,0.005022321428571428,0.1403174603174603,0.0049479166666666664,0.96875,1.0,0.5333333333333333,0.5,0.03333333333333333,0.0,0.0,0.0,0.0,0.0
655,BV-SIGNAL-BACKGROUND,BVSB27,ibm_marrakesh,multiple,256,0.5666666666666667,0.5666666666666667,0.00842013888888889,0.1626719576719577,0.004296875,0.89296875,1.0,0.6666666666666666,0.5666666666666667,0.06666666666666667,0.0,0.0,0.0,0.0,0.0
655,BV-SIGNAL-BACKGROUND,BVSB27,ibm_marrakesh,multiple,512,0.9666666666666667,0.8666666666666667,0.013346354166666666,0.36213869463869464,0.008463541666666666,0.39651387532552085,1.0,0.9333333333333333,0.9333333333333333,0.26666666666666666,0.0,0.0,0.0,0.0,0.0
656,BV-SIGNAL-BACKGROUND,BVSB27,ibm_marrakesh,multiple,64,0.13333333333333333,0.0,0.0011111111111111111,0.07777777777777777,0.0036458333333333334,1.0,1.0,0.23333333333333334,0.23333333333333334,0.0,0.0,0.0,0.0,0.0,0.0
656,BV-SIGNAL-BACKGROUND,BVSB27,ibm_marrakesh,multiple,128,0.0,0.06666666666666667,0.0020461309523809525,0.08222222222222222,0.00234375,1.0,1.0,0.3,0.3,0.0,0.0,0.0,0.0,0.0,0.0
656,BV-SIGNAL-BACKGROUND,BVSB27,ibm_marrakesh,multiple,256,0.03333333333333333,0.0,0.002647569444444444,0.11746031746031746,0.002734375,0.9731770833333333,1.0,0.6,0.4,0.0,0.0,0.0,0.0,0.0,0.0
656,BV-SIGNAL-BACKGROUND,BVSB27,ibm_marrakesh,multiple,512,0.1,0.03333333333333333,0.0030598958333333333,0.10665945165945166,0.0018880208333333333,0.9430338541666666,1.0,0.7333333333333333,0.16666666666666666,0.0,0.0,0.0,0.0,0.0,0.0
657,BV-SIGNAL-BACKGROUND,BVSB27,ibm_marrakesh,multiple,64,0.0,0.0,0.0012152777777777778,0.09444444444444443,0.0046875,0.9875,1.0,0.26666666666666666,0.26666666666666666,0.03333333333333333,0.0,0.0,0.0,0.0,0.0
657,BV-SIGNAL-BACKGROUND,BVSB27,ibm_marrakesh,multiple,128,0.13333333333333333,0.06666666666666667,0.002455357142857143,0.07666666666666666,0.0026041666666666665,0.9770833333333333,1.0,0.26666666666666666,0.26666666666666666,0.03333333333333333,0.0,0.0,0.0,0.0,0.0
657,BV-SIGNAL-BACKGROUND,BVSB27,ibm_marrakesh,multiple,256,0.06666666666666667,0.03333333333333333,0.004123263888888889,0.08960317460317462,0.0020833333333333333,0.9700520833333334,1.0,0.43333333333333335,0.3,0.0,0.0,0.0,0.0,0.0,0.0
657,BV-SIGNAL-BACKGROUND,BVSB27,ibm_marrakesh,multiple,512,0.13333333333333333,0.06666666666666667,0.0049479166666666664,0.1065127465127465,0.001953125,0.9195638020833333,1.0,0.6666666666666666,0.2,0.0,0.0,0.0,0.0,0.0,0.0
658,BV-SIGNAL-BACKGROUND,BVSB27,ibm_marrakesh,multiple,64,0.13333333333333333,0.13333333333333333,0.002395833333333333,0.13333333333333333,0.00625,1.0,1.0,0.4,0.4,0.0,0.0,0.0,0.0,0.0,0.0
658,BV-SIGNAL-BACKGROUND,BVSB27,ibm_marrakesh,multiple,128,0.23333333333333334,0.2,0.004055059523809524,0.06444444444444444,0.00234375,1.0,1.0,0.3,0.3,0.0,0.0,0.0,0.0,0.0,0.0
658,BV-SIGNAL-BACKGROUND,BVSB27,ibm_marrakesh,multiple,256,0.5,0.13333333333333333,0.005598958333333333,0.1544973544973545,0.004166666666666667,0.90078125,1.0,0.7,0.4666666666666667,0.03333333333333333,0.0,0.0,0.0,0.0,0.0
658,BV-SIGNAL-BACKGROUND,BVSB27,ibm_marrakesh,multiple,512,0.5333333333333333,0.16666666666666666,0.0064453125,0.11170977170977171,0.0024088541666666668,0.87159423828125,1.0,0.6333333333333333,0.3,0.0,0.0,0.0,0.0,0.0,0.0
659,BV-SIGNAL-BACKGROUND,BVSB27,ibm_marrakesh,multiple,64,0.03333333333333333,0.0,0.000625,0.09444444444444443,0.0046875,0.9875,1.0,0.26666666666666666,0.26666666666666666,0.03333333333333333,0.0,0.0,0.0,0.0,0.0
659,BV-SIGNAL-BACKGROUND,BVSB27,ibm_marrakesh,multiple,128,0.1,0.0,0.0019717261904761904,0.15666666666666668,0.004166666666666667,0.9625,1.0,0.43333333333333335,0.43333333333333335,0.1,0.0,0.0,0.0,0.0,0.0
659,BV-SIGNAL-BACKGROUND,BVSB27,ibm_marrakesh,multiple,256,0.06666666666666667,0.0,0.0016927083333333334,0.08793650793650794,0.001953125,0.9609375,1.0,0.36666666666666664,0.3333333333333333,0.0,0.0,0.0,0.0,0.0,0.0
659,BV-SIGNAL-BACKGROUND,BVSB27,ibm_marrakesh,multiple,512,0.16666666666666666,0.0,0.0016276041666666667,0.07063492063492063,0.0010416666666666667,0.9817708333333334,1.0,0.4666666666666667,0.06666666666666667,0.0,0.0,0.0,0.0,0.0,0.0
660,BV-SIGNAL-BACKGROUND,BVSB27,ibm_marrakesh,multiple,64,0.06666666666666667,0.0,0.0013541666666666667,0.14444444444444443,0.0067708333333333336,1.0,1.0,0.43333333333333335,0.43333333333333335,0.0,0.0,0.0,0.0,0.0,0.0
660,BV-SIGNAL-BACKGROUND,BVSB27,ibm_marrakesh,multiple,128,0.06666666666666667,0.0,0.0017485119047619046,0.08777777777777777,0.0026041666666666665,0.9875,1.0,0.3,0.3,0.03333333333333333,0.0,0.0,0.0,0.0,0.0
660,BV-SIGNAL-BACKGROUND,BVSB27,ibm_marrakesh,multiple,256,0.0,0.0,0.0020399305555555557,0.08095238095238096,0.0016927083333333334,1.0,1.0,0.43333333333333335,0.3333333333333333,0.0,0.0,0.0,0.0,0.0,0.0
660,BV-SIGNAL-BACKGROUND,BVSB27,ibm_marrakesh,multiple,512,0.06666666666666667,0.0,0.0020833333333333333,0.07518518518518519,0.001171875,0.9735677083333333,1.0,0.5,0.1,0.0,0.0,0.0,0.0,0.0,0.0
661,BV-SIGNAL-BACKGROUND,BVSB27,ibm_marrakesh,multiple,64,0.03333333333333333,0.0,0.0010763888888888887,0.13333333333333333,0.0067708333333333336,0.975,1.0,0.36666666666666664,0.36666666666666664,0.06666666666666667,0.0,0.0,0.0,0.0,0.0
661,BV-SIGNAL-BACKGROUND,BVSB27,ibm_marrakesh,multiple,128,0.06666666666666667,0.0,0.0010788690476190475,0.08,0.0020833333333333333,1.0,1.0,0.26666666666666666,0.26666666666666666,0.0,0.0,0.0,0.0,0.0,0.0
661,BV-SIGNAL-BACKGROUND,BVSB27,ibm_marrakesh,multiple,256,0.16666666666666666,0.0,0.002430555555555555,0.10507936507936508,0.0022135416666666666,0.9791666666666666,1.0,0.5,0.43333333333333335,0.0,0.0,0.0,0.0,0.0,0.0
661,BV-SIGNAL-BACKGROUND,BVSB27,ibm_marrakesh,multiple,512,0.4666666666666667,0.0,0.0033854166666666668,0.10625781625781626,0.0016927083333333334,0.9574544270833333,1.0,0.7,0.1,0.0,0.0,0.0,0.0,0.0,0.0
662,BV-SIGNAL-BACKGROUND,BVSB28,ibm_marrakesh,multiple,64,0.0,0.0,0.0005902777777777778,0.11666666666666667,0.005729166666666666,0.9875,1.0,0.3333333333333333,0.3333333333333333,0.03333333333333333,0.0,0.0,0.0,0.0,0.0
662,BV-SIGNAL-BACKGROUND,BVSB28,ibm_marrakesh,multiple,128,0.1,0.0,0.0010044642857142856,0.07777777777777777,0.0018229166666666667,1.0,1.0,0.23333333333333334,0.23333333333333334,0.0,0.0,0.0,0.0,0.0,0.0
662,BV-SIGNAL-BACKGROUND,BVSB28,ibm_marrakesh,multiple,256,0.1,0.0,0.001605902777777778,0.04920634920634921,0.0010416666666666667,0.9895833333333334,1.0,0.23333333333333334,0.2,0.0,0.0,0.0,0.0,0.0,0.0
662,BV-SIGNAL-BACKGROUND,BVSB28,ibm_marrakesh,multiple,512,0.16666666666666666,0.0,0.0017578125,0.07457671957671957,0.0009765625,0.98046875,1.0,0.43333333333333335,0.13333333333333333,0.0,0.0,0.0,0.0,0.0,0.0
663,BV-SIGNAL-BACKGROUND,BVSB28,ibm_marrakesh,multiple,64,0.0,0.0,0.0001736111111111111,0.03333333333333333,0.0015625,1.0,1.0,0.1,0.1,0.0,0.0,0.0,0.0,0.0,0.0
663,BV-SIGNAL-BACKGROUND,BVSB28,ibm_marrakesh,multiple,128,0.0,0.0,0.0002976190476190476,0.12777777777777777,0.003125,0.9875,1.0,0.36666666666666664,0.36666666666666664,0.03333333333333333,0.0,0.0,0.0,0.0,0.0
663,BV-SIGNAL-BACKGROUND,BVSB28,ibm_marrakesh,multiple,256,0.06666666666666667,0.0,0.0010416666666666667,0.07555555555555556,0.0013020833333333333,1.0,1.0,0.3333333333333333,0.3333333333333333,0.0,0.0,0.0,0.0,0.0,0.0
663,BV-SIGNAL-BACKGROUND,BVSB28,ibm_marrakesh,multiple,512,0.03333333333333333,0.0,0.0012369791666666666,0.07904761904761905,0.0008463541666666667,1.0,1.0,0.43333333333333335,0.3,0.0,0.0,0.0,0.0,0.0,0.0
664,BV-SIGNAL-BACKGROUND,BVSB28,ibm_marrakesh,multiple,64,0.0,0.0,0.0004166666666666667,0.05555555555555555,0.0026041666666666665,1.0,1.0,0.16666666666666666,0.16666666666666666,0.0,0.0,0.0,0.0,0.0,0.0
664,BV-SIGNAL-BACKGROUND,BVSB28,ibm_marrakesh,multiple,128,0.1,0.0,0.00037202380952380945,0.10444444444444444,0.002864583333333333,1.0,1.0,0.36666666666666664,0.36666666666666664,0.0,0.0,0.0,0.0,0.0,0.0
664,BV-SIGNAL-BACKGROUND,BVSB28,ibm_marrakesh,multiple,256,0.03333333333333333,0.0,0.0008246527777777778,0.10666666666666667,0.0015625,1.0,1.0,0.4,0.4,0.0,0.0,0.0,0.0,0.0,0.0
664,BV-SIGNAL-BACKGROUND,BVSB28,ibm_marrakesh,multiple,512,0.4,0.0,0.0012369791666666666,0.1285714285714286,0.0014322916666666666,0.96875,1.0,0.6333333333333333,0.43333333333333335,0.0,0.0,0.0,0.0,0.0,0.0
665,BV-SIGNAL-BACKGROUND,BVSB28,ibm_marrakesh,multiple,64,0.0,0.0,0.0003125,0.1,0.0046875,1.0,1.0,0.3,0.3,0.0,0.0,0.0,0.0,0.0,0.0
665,BV-SIGNAL-BACKGROUND,BVSB28,ibm_marrakesh,multiple,128,0.0,0.0,0.0005580357142857143,0.11555555555555556,0.0033854166666666668,0.9895833333333334,1.0,0.4,0.4,0.0,0.0,0.0,0.0,0.0,0.0
665,BV-SIGNAL-BACKGROUND,BVSB28,ibm_marrakesh,multiple,256,0.03333333333333333,0.0,0.0006944444444444444,0.060000000000000005,0.001171875,1.0,1.0,0.3,0.3,0.0,0.0,0.0,0.0,0.0,0.0
665,BV-SIGNAL-BACKGROUND,BVSB28,ibm_marrakesh,multiple,512,0.0,0.0,0.0011067708333333333,0.08984126984126985,0.0009765625,0.9791666666666666,1.0,0.43333333333333335,0.3333333333333333,0.0,0.0,0.0,0.0,0.0,0.0
666,BV-SIGNAL-BACKGROUND,BVSB28,ibm_marrakesh,multiple,64,0.0,0.0,0.00020833333333333335,0.05,0.0026041666666666665,0.9875,1.0,0.13333333333333333,0.13333333333333333,0.03333333333333333,0.0,0.0,0.0,0.0,0.0
666,BV-SIGNAL-BACKGROUND,BVSB28,ibm_marrakesh,multiple,128,0.0,0.0,0.0005208333333333333,0.14444444444444443,0.0036458333333333334,0.975,1.0,0.4,0.4,0.06666666666666667,0.0,0.0,0.0,0.0,0.0
666,BV-SIGNAL-BACKGROUND,BVSB28,ibm_marrakesh,multiple,256,0.0,0.0,0.0006944444444444444,0.06444444444444444,0.001171875,1.0,1.0,0.3,0.3,0.0,0.0,0.0,0.0,0.0,0.0
666,BV-SIGNAL-BACKGROUND,BVSB28,ibm_marrakesh,multiple,512,0.0,0.0,0.0003255208333333333,0.058095238095238096,0.0005859375,1.0,1.0,0.3,0.26666666666666666,0.0,0.0,0.0,0.0,0.0,0.0
667,BV-SIGNAL-BACKGROUND,BVSB28,ibm_marrakesh,multiple,64,0.0,0.0,3.472222222222222e-05,0.05555555555555555,0.0026041666666666665,1.0,1.0,0.16666666666666666,0.16666666666666666,0.0,0.0,0.0,0.0,0.0,0.0
667,BV-SIGNAL-BACKGROUND,BVSB28,ibm_marrakesh,multiple,128,0.0,0.0,0.0003348214285714285,0.11777777777777777,0.002864583333333333,1.0,1.0,0.36666666666666664,0.36666666666666664,0.0,0.0,0.0,0.0,0.0,0.0
667,BV-SIGNAL-BACKGROUND,BVSB28,ibm_marrakesh,multiple,256,0.0,0.0,0.0003472222222222222,0.07555555555555556,0.0010416666666666667,1.0,1.0,0.26666666666666666,0.26666666666666666,0.0,0.0,0.0,0.0,0.0,0.0
667,BV-SIGNAL-BACKGROUND,BVSB28,ibm_marrakesh,multiple,512,0.0,0.0,0.0005208333333333333,0.08666666666666667,0.0009114583333333333,0.96875,1.0,0.36666666666666664,0.36666666666666664,0.0,0.0,0.0,0.0,0.0,0.0
668,BV-SIGNAL-BACKGROUND,BVSB28,ibm_marrakesh,multiple,64,0.03333333333333333,0.0,0.0004513888888888889,0.1111111111111111,0.005208333333333333,1.0,1.0,0.3333333333333333,0.3333333333333333,0.0,0.0,0.0,0.0,0.0,0.0
668,BV-SIGNAL-BACKGROUND,BVSB28,ibm_marrakesh,multiple,128,0.0,0.0,0.0006324404761904761,0.1111111111111111,0.0026041666666666665,1.0,1.0,0.3333333333333333,0.3333333333333333,0.0,0.0,0.0,0.0,0.0,0.0
668,BV-SIGNAL-BACKGROUND,BVSB28,ibm_marrakesh,multiple,256,0.03333333333333333,0.0,0.0009548611111111111,0.029206349206349205,0.0005208333333333333,1.0,1.0,0.13333333333333333,0.1,0.0,0.0,0.0,0.0,0.0,0.0
668,BV-SIGNAL-BACKGROUND,BVSB28,ibm_marrakesh,multiple,512,0.03333333333333333,0.0,0.0006510416666666666,0.08253968253968254,0.0009765625,0.9895833333333334,1.0,0.4666666666666667,0.2,0.0,0.0,0.0,0.0,0.0,0.0
669,BV-SIGNAL-BACKGROUND,BVSB28,ibm_marrakesh,multiple,64,0.0,0.0,0.0001736111111111111,0.05555555555555555,0.0026041666666666665,1.0,1.0,0.16666666666666666,0.16666666666666666,0.0,0.0,0.0,0.0,0.0,0.0
669,BV-SIGNAL-BACKGROUND,BVSB28,ibm_marrakesh,multiple,128,0.0,0.0,0.00018601190476190472,0.1111111111111111,0.0026041666666666665,1.0,1.0,0.3333333333333333,0.3333333333333333,0.0,0.0,0.0,0.0,0.0,0.0
669,BV-SIGNAL-BACKGROUND,BVSB28,ibm_marrakesh,multiple,256,0.0,0.0,0.00047743055555555554,0.07555555555555556,0.0010416666666666667,1.0,1.0,0.26666666666666666,0.26666666666666666,0.0,0.0,0.0,0.0,0.0,0.0
669,BV-SIGNAL-BACKGROUND,BVSB28,ibm_marrakesh,multiple,512,0.0,0.0,6.510416666666667e-05,0.08000000000000002,0.00078125,1.0,1.0,0.4,0.4,0.0,0.0,0.0,0.0,0.0,0.0
670,BV-SIGNAL-BACKGROUND,BVSB28,ibm_marrakesh,multiple,64,0.0,0.0,0.00024305555555555555,0.05555555555555555,0.0026041666666666665,1.0,1.0,0.16666666666666666,0.16666666666666666,0.0,0.0,0.0,0.0,0.0,0.0
670,BV-SIGNAL-BACKGROUND,BVSB28,ibm_marrakesh,multiple,128,0.0,0.0,0.000669642857142857,0.14666666666666664,0.00390625,0.975,1.0,0.43333333333333335,0.43333333333333335,0.06666666666666667,0.0,0.0,0.0,0.0,0.0
670,BV-SIGNAL-BACKGROUND,BVSB28,ibm_marrakesh,multiple,256,0.0,0.0,0.0009982638888888888,0.06761904761904762,0.0014322916666666666,0.9817708333333334,1.0,0.3,0.3,0.0,0.0,0.0,0.0,0.0,0.0
670,BV-SIGNAL-BACKGROUND,BVSB28,ibm_marrakesh,multiple,512,0.0,0.0,0.0013671875,0.0830952380952381,0.0011067708333333333,0.97265625,1.0,0.4666666666666667,0.2,0.0,0.0,0.0,0.0,0.0,0.0
671,BV-SIGNAL-BACKGROUND,BVSB28,ibm_marrakesh,multiple,64,0.0,0.0,0.00034722222222222224,0.08888888888888888,0.004166666666666667,1.0,1.0,0.26666666666666666,0.26666666666666666,0.0,0.0,0.0,0.0,0.0,0.0
671,BV-SIGNAL-BACKGROUND,BVSB28,ibm_marrakesh,multiple,128,0.13333333333333333,0.0,0.000818452380952381,0.1622222222222222,0.00390625,1.0,1.0,0.5,0.5,0.0,0.0,0.0,0.0,0.0,0.0
671,BV-SIGNAL-BACKGROUND,BVSB28,ibm_marrakesh,multiple,256,0.06666666666666667,0.0,0.0012152777777777776,0.10444444444444444,0.0016927083333333334,1.0,1.0,0.43333333333333335,0.43333333333333335,0.0,0.0,0.0,0.0,0.0,0.0
671,BV-SIGNAL-BACKGROUND,BVSB28,ibm_marrakesh,multiple,512,0.13333333333333333,0.0,0.0016276041666666667,0.14007936507936508,0.0014973958333333334,0.9700520833333334,1.0,0.6666666666666666,0.6,0.0,0.0,0.0,0.0,0.0,0.0
672,BV-SIGNAL-BACKGROUND,BVSB29,ibm_marrakesh,multiple,64,0.0,0.0,3.472222222222222e-05,0.01111111111111111,0.0005208333333333333,1.0,1.0,0.03333333333333333,0.03333333333333333,0.0,0.0,0.0,0.0,0.0,0.0
672,BV-SIGNAL-BACKGROUND,BVSB29,ibm_marrakesh,multiple,128,0.0,0.0,3.720238095238095e-05,0.07777777777777777,0.0018229166666666667,1.0,1.0,0.23333333333333334,0.23333333333333334,0.0,0.0,0.0,0.0,0.0,0.0
672,BV-SIGNAL-BACKGROUND,BVSB29,ibm_marrakesh,multiple,256,0.0,0.0,0.00013020833333333333,0.11777777777777777,0.0014322916666666666,1.0,1.0,0.36666666666666664,0.36666666666666664,0.0,0.0,0.0,0.0,0.0,0.0
672,BV-SIGNAL-BACKGROUND,BVSB29,ibm_marrakesh,multiple,512,0.0,0.0,0.000390625,0.02666666666666667,0.00026041666666666666,1.0,1.0,0.13333333333333333,0.13333333333333333,0.0,0.0,0.0,0.0,0.0,0.0
673,BV-SIGNAL-BACKGROUND,BVSB29,ibm_marrakesh,multiple,64,0.0,0.0,3.472222222222222e-05,0.01111111111111111,0.0005208333333333333,1.0,1.0,0.03333333333333333,0.03333333333333333,0.0,0.0,0.0,0.0,0.0,0.0
673,BV-SIGNAL-BACKGROUND,BVSB29,ibm_marrakesh,multiple,128,0.0,0.0,3.720238095238095e-05,0.07777777777777777,0.0018229166666666667,1.0,1.0,0.23333333333333334,0.23333333333333334,0.0,0.0,0.0,0.0,0.0,0.0
673,BV-SIGNAL-BACKGROUND,BVSB29,ibm_marrakesh,multiple,256,0.0,0.0,8.680555555555555e-05,0.08888888888888888,0.0010416666666666667,1.0,1.0,0.26666666666666666,0.26666666666666666,0.0,0.0,0.0,0.0,0.0,0.0
673,BV-SIGNAL-BACKGROUND,BVSB29,ibm_marrakesh,multiple,512,0.0,0.0,0.00013020833333333333,0.020000000000000004,0.0001953125,1.0,1.0,0.1,0.1,0.0,0.0,0.0,0.0,0.0,0.0
674,BV-SIGNAL-BACKGROUND,BVSB29,ibm_marrakesh,multiple,64,0.0,0.0,0.0,0.02222222222222222,0.0010416666666666667,1.0,1.0,0.06666666666666667,0.06666666666666667,0.0,0.0,0.0,0.0,0.0,0.0
674,BV-SIGNAL-BACKGROUND,BVSB29,ibm_marrakesh,multiple,128,0.0,0.0,0.0002232142857142857,0.06666666666666667,0.0015625,1.0,1.0,0.2,0.2,0.0,0.0,0.0,0.0,0.0,0.0
674,BV-SIGNAL-BACKGROUND,BVSB29,ibm_marrakesh,multiple,256,0.0,0.0,0.00026041666666666666,0.10555555555555556,0.0013020833333333333,0.9875,1.0,0.3,0.3,0.03333333333333333,0.0,0.0,0.0,0.0,0.0
674,BV-SIGNAL-BACKGROUND,BVSB29,ibm_marrakesh,multiple,512,0.0,0.0,0.0004557291666666667,0.060000000000000005,0.0005859375,1.0,1.0,0.3,0.3,0.0,0.0,0.0,0.0,0.0,0.0
675,BV-SIGNAL-BACKGROUND,BVSB29,ibm_marrakesh,multiple,64,0.0,0.0,0.00010416666666666667,0.03333333333333333,0.0015625,1.0,1.0,0.1,0.1,0.0,0.0,0.0,0.0,0.0,0.0
675,BV-SIGNAL-BACKGROUND,BVSB29,ibm_marrakesh,multiple,128,0.0,0.0,0.00037202380952380945,0.1722222222222222,0.004166666666666667,0.9875,1.0,0.5,0.5,0.03333333333333333,0.0,0.0,0.0,0.0,0.0
675,BV-SIGNAL-BACKGROUND,BVSB29,ibm_marrakesh,multiple,256,0.0,0.0,0.0005642361111111111,0.08666666666666667,0.001171875,1.0,1.0,0.3,0.3,0.0,0.0,0.0,0.0,0.0,0.0
675,BV-SIGNAL-BACKGROUND,BVSB29,ibm_marrakesh,multiple,512,0.0,0.0,0.00078125,0.10063492063492063,0.0010416666666666667,0.9895833333333334,1.0,0.5,0.43333333333333335,0.0,0.0,0.0,0.0,0.0,0.0
676,BV-SIGNAL-BACKGROUND,BVSB29,ibm_marrakesh,multiple,64,0.0,0.0,3.472222222222222e-05,0.02222222222222222,0.0010416666666666667,1.0,1.0,0.06666666666666667,0.06666666666666667,0.0,0.0,0.0,0.0,0.0,0.0
676,BV-SIGNAL-BACKGROUND,BVSB29,ibm_marrakesh,multiple,128,0.0,0.0,0.00011160714285714285,0.06666666666666667,0.0015625,1.0,1.0,0.2,0.2,0.0,0.0,0.0,0.0,0.0,0.0
676,BV-SIGNAL-BACKGROUND,BVSB29,ibm_marrakesh,multiple,256,0.0,0.0,0.00013020833333333333,0.13555555555555554,0.0016927083333333334,1.0,1.0,0.43333333333333335,0.43333333333333335,0.0,0.0,0.0,0.0,0.0,0.0
676,BV-SIGNAL-BACKGROUND,BVSB29,ibm_marrakesh,multiple,512,0.0,0.0,0.00013020833333333333,0.04000000000000001,0.000390625,1.0,1.0,0.2,0.2,0.0,0.0,0.0,0.0,0.0,0.0
677,BV-SIGNAL-BACKGROUND,BVSB29,ibm_marrakesh,multiple,64,0.0,0.0,3.472222222222222e-05,0.01111111111111111,0.0005208333333333333,1.0,1.0,0.03333333333333333,0.03333333333333333,0.0,0.0,0.0,0.0,0.0,0.0
677,BV-SIGNAL-BACKGROUND,BVSB29,ibm_marrakesh,multiple,128,0.0,0.0,0.0001488095238095238,0.1111111111111111,0.0026041666666666665,1.0,1.0,0.3333333333333333,0.3333333333333333,0.0,0.0,0.0,0.0,0.0,0.0
677,BV-SIGNAL-BACKGROUND,BVSB29,ibm_marrakesh,multiple,256,0.03333333333333333,0.0,0.0005642361111111111,0.10666666666666666,0.0013020833333333333,1.0,1.0,0.3333333333333333,0.3333333333333333,0.0,0.0,0.0,0.0,0.0,0.0
677,BV-SIGNAL-BACKGROUND,BVSB29,ibm_marrakesh,multiple,512,0.1,0.0,0.0005208333333333333,0.07333333333333333,0.00078125,0.96875,1.0,0.3,0.3,0.0,0.0,0.0,0.0,0.0,0.0
678,BV-SIGNAL-BACKGROUND,BVSB29,ibm_marrakesh,multiple,64,0.0,0.0,6.944444444444444e-05,0.01111111111111111,0.0005208333333333333,1.0,1.0,0.03333333333333333,0.03333333333333333,0.0,0.0,0.0,0.0,0.0,0.0
678,BV-SIGNAL-BACKGROUND,BVSB29,ibm_marrakesh,multiple,128,0.0,0.0,3.720238095238095e-05,0.05555555555555555,0.0013020833333333333,1.0,1.0,0.16666666666666666,0.16666666666666666,0.0,0.0,0.0,0.0,0.0,0.0
678,BV-SIGNAL-BACKGROUND,BVSB29,ibm_marrakesh,multiple,256,0.0,0.0,4.340277777777777e-05,0.15555555555555553,0.0018229166666666667,1.0,1.0,0.4666666666666667,0.4666666666666667,0.0,0.0,0.0,0.0,0.0,0.0
678,BV-SIGNAL-BACKGROUND,BVSB29,ibm_marrakesh,multiple,512,0.0,0.0,0.00013020833333333333,0.04888888888888889,0.000390625,1.0,1.0,0.2,0.2,0.0,0.0,0.0,0.0,0.0,0.0
679,BV-SIGNAL-BACKGROUND,BVSB29,ibm_marrakesh,multiple,64,0.0,0.0,0.00010416666666666667,0.02222222222222222,0.0010416666666666667,1.0,1.0,0.06666666666666667,0.06666666666666667,0.0,0.0,0.0,0.0,0.0,0.0
679,BV-SIGNAL-BACKGROUND,BVSB29,ibm_marrakesh,multiple,128,0.03333333333333333,0.0,0.0,0.08888888888888888,0.0020833333333333333,1.0,1.0,0.26666666666666666,0.26666666666666666,0.0,0.0,0.0,0.0,0.0,0.0
679,BV-SIGNAL-BACKGROUND,BVSB29,ibm_marrakesh,multiple,256,0.1,0.0,4.340277777777777e-05,0.13333333333333333,0.0015625,1.0,1.0,0.4,0.4,0.0,0.0,0.0,0.0,0.0,0.0
679,BV-SIGNAL-BACKGROUND,BVSB29,ibm_marrakesh,multiple,512,0.03333333333333333,0.0,0.0001953125,0.03111111111111111,0.00026041666666666666,1.0,1.0,0.13333333333333333,0.13333333333333333,0.0,0.0,0.0,0.0,0.0,0.0
680,BV-SIGNAL-BACKGROUND,BVSB29,ibm_marrakesh,multiple,64,0.0,0.0,0.0001388888888888889,0.05555555555555555,0.0026041666666666665,1.0,1.0,0.16666666666666666,0.16666666666666666,0.0,0.0,0.0,0.0,0.0,0.0
680,BV-SIGNAL-BACKGROUND,BVSB29,ibm_marrakesh,multiple,128,0.0,0.0,0.00011160714285714285,0.08888888888888888,0.0020833333333333333,1.0,1.0,0.26666666666666666,0.26666666666666666,0.0,0.0,0.0,0.0,0.0,0.0
680,BV-SIGNAL-BACKGROUND,BVSB29,ibm_marrakesh,multiple,256,0.0,0.0,0.00013020833333333333,0.07888888888888888,0.0010416666666666667,0.9875,1.0,0.23333333333333334,0.23333333333333334,0.03333333333333333,0.0,0.0,0.0,0.0,0.0
680,BV-SIGNAL-BACKGROUND,BVSB29,ibm_marrakesh,multiple,512,0.0,0.0,0.00013020833333333333,0.03333333333333333,0.0003255208333333333,1.0,1.0,0.16666666666666666,0.16666666666666666,0.0,0.0,0.0,0.0,0.0,0.0
681,BV-SIGNAL-BACKGROUND,BVSB29,ibm_marrakesh,multiple,64,0.0,0.0,0.0,0.03333333333333333,0.0015625,1.0,1.0,0.1,0.1,0.0,0.0,0.0,0.0,0.0,0.0
681,BV-SIGNAL-BACKGROUND,BVSB29,ibm_marrakesh,multiple,128,0.03333333333333333,0.0,3.720238095238095e-05,0.1111111111111111,0.0026041666666666665,1.0,1.0,0.3333333333333333,0.3333333333333333,0.0,0.0,0.0,0.0,0.0,0.0
681,BV-SIGNAL-BACKGROUND,BVSB29,ibm_marrakesh,multiple,256,0.03333333333333333,0.0,8.680555555555555e-05,0.06666666666666667,0.00078125,1.0,1.0,0.2,0.2,0.0,0.0,0.0,0.0,0.0,0.0
681,BV-SIGNAL-BACKGROUND,BVSB29,ibm_marrakesh,multiple,512,0.0,0.0,0.00013020833333333333,0.020000000000000004,0.0001953125,1.0,1.0,0.1,0.1,0.0,0.0,0.0,0.0,0.0,0.0
