row_id,budget,correct_selected_inspect_all,stable_selected_inspect_all,correct_selected_unique_mode,stable_selected_unique_mode,correct_selected_contrast_0.2,stable_selected_contrast_0.2,correct_selected_contrast_0.5,stable_selected_contrast_0.5,correct_selected_contrast_0.8,stable_selected_contrast_0.8,correct_selected_rank_0.05,stable_selected_rank_0.05,correct_selected_rank_0.01,stable_selected_rank_0.01,correct_selected_contrast_0.2_and_rank_0.05,stable_selected_contrast_0.2_and_rank_0.05,correct_selected_gap_0.05,stable_selected_gap_0.05
0,64,1.0,0.9666666666666667,1.0,0.9666666666666667,0.6666666666666666,0.6666666666666666,0.06666666666666667,0.06666666666666667,0.0,0.0,0.2,0.2,0.1,0.1,0.2,0.2,0.9333333333333333,0.9333333333333333
0,128,1.0,1.0,1.0,1.0,0.8,0.8,0.1,0.1,0.0,0.0,0.7,0.7,0.43333333333333335,0.43333333333333335,0.7,0.7,0.9333333333333333,0.9333333333333333
0,256,1.0,1.0,1.0,1.0,0.8666666666666667,0.8666666666666667,0.0,0.0,0.0,0.0,0.8666666666666667,0.8666666666666667,0.7333333333333333,0.7333333333333333,0.8666666666666667,0.8666666666666667,1.0,1.0
0,512,1.0,1.0,1.0,1.0,1.0,1.0,0.0,0.0,0.0,0.0,1.0,1.0,1.0,1.0,1.0,1.0,1.0,1.0
1,64,1.0,0.7333333333333333,0.9333333333333333,0.7,0.26666666666666666,0.23333333333333334,0.0,0.0,0.0,0.0,0.1,0.1,0.0,0.0,0.1,0.1,0.7,0.5333333333333333
1,128,1.0,0.8666666666666667,1.0,0.8666666666666667,0.1,0.1,0.0,0.0,0.0,0.0,0.13333333333333333,0.13333333333333333,0.03333333333333333,0.03333333333333333,0.1,0.1,0.6333333333333333,0.5666666666666667
1,256,1.0,1.0,1.0,1.0,0.0,0.0,0.0,0.0,0.0,0.0,0.23333333333333334,0.23333333333333334,0.06666666666666667,0.06666666666666667,0.0,0.0,0.8333333333333334,0.8333333333333334
1,512,1.0,1.0,1.0,1.0,0.0,0.0,0.0,0.0,0.0,0.0,0.43333333333333335,0.43333333333333335,0.2,0.2,0.0,0.0,0.8333333333333334,0.8333333333333334
2,64,1.0,0.6,0.9,0.5666666666666667,0.13333333333333333,0.13333333333333333,0.03333333333333333,0.03333333333333333,0.0,0.0,0.06666666666666667,0.06666666666666667,0.06666666666666667,0.06666666666666667,0.06666666666666667,0.06666666666666667,0.6333333333333333,0.4666666666666667
2,128,1.0,0.9333333333333333,0.9333333333333333,0.9333333333333333,0.23333333333333334,0.23333333333333334,0.0,0.0,0.0,0.0,0.3,0.3,0.13333333333333333,0.13333333333333333,0.23333333333333334,0.23333333333333334,0.8666666666666667,0.8666666666666667
2,256,1.0,1.0,1.0,1.0,0.13333333333333333,0.13333333333333333,0.0,0.0,0.0,0.0,0.5,0.5,0.23333333333333334,0.23333333333333334,0.13333333333333333,0.13333333333333333,0.8666666666666667,0.8666666666666667
2,512,1.0,1.0,1.0,1.0,0.0,0.0,0.0,0.0,0.0,0.0,0.8333333333333334,0.8333333333333334,0.5333333333333333,0.5333333333333333,0.0,0.0,1.0,1.0
3,64,1.0,0.6333333333333333,1.0,0.6333333333333333,0.13333333333333333,0.13333333333333333,0.0,0.0,0.0,0.0,0.0,0.0,0.0,0.0,0.0,0.0,0.7333333333333333,0.5666666666666667
3,128,1.0,0.8333333333333334,1.0,0.8333333333333334,0.0,0.0,0.0,0.0,0.0,0.0,0.03333333333333333,0.03333333333333333,0.0,0.0,0.0,0.0,0.6666666666666666,0.6
3,256,1.0,0.8666666666666667,1.0,0.8666666666666667,0.0,0.0,0.0,0.0,0.0,0.0,0.16666666666666666,0.16666666666666666,0.03333333333333333,0.03333333333333333,0.0,0.0,0.5333333333333333,0.5333333333333333
3,512,1.0,0.9666666666666667,1.0,0.9666666666666667,0.0,0.0,0.0,0.0,0.0,0.0,0.23333333333333334,0.23333333333333334,0.03333333333333333,0.03333333333333333,0.0,0.0,0.6666666666666666,0.6666666666666666
4,64,1.0,0.5333333333333333,0.9666666666666667,0.5333333333333333,0.16666666666666666,0.13333333333333333,0.0,0.0,0.0,0.0,0.06666666666666667,0.06666666666666667,0.0,0.0,0.06666666666666667,0.06666666666666667,0.7666666666666667,0.43333333333333335
4,128,1.0,0.8333333333333334,0.9333333333333333,0.7666666666666667,0.03333333333333333,0.03333333333333333,0.0,0.0,0.0,0.0,0.03333333333333333,0.03333333333333333,0.0,0.0,0.03333333333333333,0.03333333333333333,0.6333333333333333,0.5333333333333333
4,256,1.0,0.7333333333333333,0.9666666666666667,0.7,0.0,0.0,0.0,0.0,0.0,0.0,0.06666666666666667,0.0,0.0,0.0,0.0,0.0,0.4,0.3
4,512,1.0,0.7,1.0,0.7,0.0,0.0,0.0,0.0,0.0,0.0,0.1,0.0,0.0,0.0,0.0,0.0,0.2,0.06666666666666667
5,64,1.0,0.7666666666666667,0.9333333333333333,0.7333333333333333,0.23333333333333334,0.2,0.0,0.0,0.0,0.0,0.06666666666666667,0.06666666666666667,0.0,0.0,0.06666666666666667,0.06666666666666667,0.7333333333333333,0.6
5,128,1.0,0.7666666666666667,0.9333333333333333,0.7333333333333333,0.03333333333333333,0.03333333333333333,0.0,0.0,0.0,0.0,0.03333333333333333,0.03333333333333333,0.0,0.0,0.03333333333333333,0.03333333333333333,0.5666666666666667,0.5
5,256,1.0,0.6333333333333333,1.0,0.6333333333333333,0.0,0.0,0.0,0.0,0.0,0.0,0.13333333333333333,0.13333333333333333,0.03333333333333333,0.03333333333333333,0.0,0.0,0.43333333333333335,0.4
5,512,1.0,0.9666666666666667,1.0,0.9666666666666667,0.0,0.0,0.0,0.0,0.0,0.0,0.0,0.0,0.0,0.0,0.0,0.0,0.3,0.3
6,64,1.0,0.6,0.9333333333333333,0.6,0.23333333333333334,0.16666666666666666,0.0,0.0,0.0,0.0,0.03333333333333333,0.03333333333333333,0.0,0.0,0.03333333333333333,0.03333333333333333,0.7,0.5
6,128,1.0,0.7333333333333333,0.9,0.6333333333333333,0.0,0.0,0.0,0.0,0.0,0.0,0.0,0.0,0.0,0.0,0.0,0.0,0.5333333333333333,0.36666666666666664
6,256,1.0,0.8666666666666667,1.0,0.8666666666666667,0.0,0.0,0.0,0.0,0.0,0.0,0.1,0.1,0.0,0.0,0.0,0.0,0.36666666666666664,0.36666666666666664
6,512,1.0,0.9,1.0,0.9,0.0,0.0,0.0,0.0,0.0,0.0,0.03333333333333333,0.0,0.0,0.0,0.0,0.0,0.3333333333333333,0.3
7,64,1.0,0.6666666666666666,0.9666666666666667,0.6666666666666666,0.2,0.2,0.0,0.0,0.0,0.0,0.03333333333333333,0.03333333333333333,0.0,0.0,0.03333333333333333,0.03333333333333333,0.6333333333333333,0.43333333333333335
7,128,1.0,0.7,1.0,0.7,0.06666666666666667,0.03333333333333333,0.0,0.0,0.0,0.0,0.06666666666666667,0.03333333333333333,0.03333333333333333,0.03333333333333333,0.06666666666666667,0.03333333333333333,0.6666666666666666,0.5
7,256,1.0,0.9,0.9666666666666667,0.8666666666666667,0.0,0.0,0.0,0.0,0.0,0.0,0.0,0.0,0.0,0.0,0.0,0.0,0.6666666666666666,0.6666666666666666
7,512,1.0,0.9666666666666667,0.9666666666666667,0.9333333333333333,0.0,0.0,0.0,0.0,0.0,0.0,0.16666666666666666,0.16666666666666666,0.03333333333333333,0.03333333333333333,0.0,0.0,0.6,0.6
8,64,1.0,0.7,0.9666666666666667,0.7,0.16666666666666666,0.13333333333333333,0.0,0.0,0.0,0.0,0.06666666666666667,0.06666666666666667,0.0,0.0,0.06666666666666667,0.06666666666666667,0.7333333333333333,0.5666666666666667
8,128,1.0,0.8333333333333334,0.9333333333333333,0.8,0.13333333333333333,0.13333333333333333,0.0,0.0,0.0,0.0,0.13333333333333333,0.13333333333333333,0.03333333333333333,0.03333333333333333,0.13333333333333333,0.13333333333333333,0.6333333333333333,0.6
8,256,1.0,0.9333333333333333,1.0,0.9333333333333333,0.0,0.0,0.0,0.0,0.0,0.0,0.1,0.1,0.0,0.0,0.0,0.0,0.6666666666666666,0.6666666666666666
8,512,1.0,0.9666666666666667,1.0,0.9666666666666667,0.0,0.0,0.0,0.0,0.0,0.0,0.16666666666666666,0.13333333333333333,0.06666666666666667,0.03333333333333333,0.0,0.0,0.6666666666666666,0.6333333333333333
9,64,1.0,0.7333333333333333,0.9666666666666667,0.7,0.13333333333333333,0.1,0.0,0.0,0.0,0.0,0.06666666666666667,0.03333333333333333,0.0,0.0,0.06666666666666667,0.03333333333333333,0.6,0.4666666666666667
9,128,1.0,0.7333333333333333,0.9666666666666667,0.7333333333333333,0.06666666666666667,0.06666666666666667,0.0,0.0,0.0,0.0,0.06666666666666667,0.06666666666666667,0.03333333333333333,0.03333333333333333,0.06666666666666667,0.06666666666666667,0.7,0.5666666666666667
9,256,1.0,0.8333333333333334,0.9333333333333333,0.8,0.0,0.0,0.0,0.0,0.0,0.0,0.16666666666666666,0.16666666666666666,0.06666666666666667,0.06666666666666667,0.0,0.0,0.5,0.4666666666666667
9,512,1.0,0.9666666666666667,1.0,0.9666666666666667,0.0,0.0,0.0,0.0,0.0,0.0,0.1,0.1,0.0,0.0,0.0,0.0,0.6666666666666666,0.6666666666666666
10,64,1.0,0.9666666666666667,1.0,0.9666666666666667,0.7333333333333333,0.7333333333333333,0.06666666666666667,0.06666666666666667,0.0,0.0,0.4,0.4,0.16666666666666666,0.16666666666666666,0.4,0.4,0.9,0.9
10,128,1.0,1.0,1.0,1.0,0.9666666666666667,0.9666666666666667,0.0,0.0,0.0,0.0,0.9333333333333333,0.9333333333333333,0.6333333333333333,0.6333333333333333,0.9333333333333333,0.9333333333333333,1.0,1.0
10,256,1.0,1.0,1.0,1.0,1.0,1.0,0.0,0.0,0.0,0.0,1.0,1.0,0.8666666666666667,0.8666666666666667,1.0,1.0,1.0,1.0
10,512,1.0,1.0,1.0,1.0,1.0,1.0,0.0,0.0,0.0,0.0,1.0,1.0,1.0,1.0,1.0,1.0,1.0,1.0
11,64,1.0,0.8666666666666667,1.0,0.8666666666666667,0.23333333333333334,0.23333333333333334,0.0,0.0,0.0,0.0,0.1,0.1,0.0,0.0,0.1,0.1,0.7666666666666667,0.6666666666666666
11,128,1.0,0.8666666666666667,0.9666666666666667,0.8333333333333334,0.06666666666666667,0.06666666666666667,0.0,0.0,0.0,0.0,0.06666666666666667,0.06666666666666667,0.0,0.0,0.06666666666666667,0.06666666666666667,0.6666666666666666,0.6333333333333333
11,256,1.0,0.9333333333333333,1.0,0.9333333333333333,0.03333333333333333,0.03333333333333333,0.0,0.0,0.0,0.0,0.13333333333333333,0.13333333333333333,0.06666666666666667,0.06666666666666667,0.03333333333333333,0.03333333333333333,0.6666666666666666,0.6666666666666666
11,512,1.0,1.0,1.0,1.0,0.0,0.0,0.0,0.0,0.0,0.0,0.43333333333333335,0.43333333333333335,0.1,0.1,0.0,0.0,0.7,0.7
12,64,1.0,0.7666666666666667,0.9333333333333333,0.7333333333333333,0.16666666666666666,0.16666666666666666,0.0,0.0,0.0,0.0,0.0,0.0,0.0,0.0,0.0,0.0,0.7,0.5666666666666667
12,128,1.0,0.7666666666666667,0.9666666666666667,0.7333333333333333,0.1,0.1,0.0,0.0,0.0,0.0,0.1,0.1,0.03333333333333333,0.03333333333333333,0.1,0.1,0.7,0.5666666666666667
12,256,1.0,0.8,0.9333333333333333,0.7666666666666667,0.0,0.0,0.0,0.0,0.0,0.0,0.1,0.1,0.03333333333333333,0.03333333333333333,0.0,0.0,0.6333333333333333,0.6333333333333333
12,512,1.0,0.8666666666666667,1.0,0.8666666666666667,0.0,0.0,0.0,0.0,0.0,0.0,0.26666666666666666,0.2,0.06666666666666667,0.0,0.0,0.0,0.7333333333333333,0.6666666666666666
13,64,1.0,0.9,1.0,0.9,0.16666666666666666,0.16666666666666666,0.03333333333333333,0.03333333333333333,0.0,0.0,0.1,0.1,0.1,0.1,0.1,0.1,0.8333333333333334,0.7666666666666667
13,128,1.0,0.9,0.9666666666666667,0.9,0.13333333333333333,0.13333333333333333,0.0,0.0,0.0,0.0,0.13333333333333333,0.13333333333333333,0.06666666666666667,0.06666666666666667,0.13333333333333333,0.13333333333333333,0.6666666666666666,0.6333333333333333
13,256,1.0,0.9333333333333333,1.0,0.9333333333333333,0.03333333333333333,0.03333333333333333,0.0,0.0,0.0,0.0,0.2,0.2,0.06666666666666667,0.06666666666666667,0.03333333333333333,0.03333333333333333,0.7333333333333333,0.7333333333333333
13,512,1.0,1.0,1.0,1.0,0.0,0.0,0.0,0.0,0.0,0.0,0.5666666666666667,0.5666666666666667,0.2,0.2,0.0,0.0,0.9666666666666667,0.9666666666666667
14,64,1.0,0.8666666666666667,1.0,0.8666666666666667,0.3,0.3,0.0,0.0,0.0,0.0,0.03333333333333333,0.03333333333333333,0.03333333333333333,0.03333333333333333,0.03333333333333333,0.03333333333333333,0.7666666666666667,0.7
14,128,1.0,0.7,0.9666666666666667,0.6666666666666666,0.06666666666666667,0.06666666666666667,0.0,0.0,0.0,0.0,0.06666666666666667,0.06666666666666667,0.0,0.0,0.06666666666666667,0.06666666666666667,0.7,0.5333333333333333
14,256,1.0,0.9666666666666667,0.9666666666666667,0.9333333333333333,0.06666666666666667,0.06666666666666667,0.0,0.0,0.0,0.0,0.23333333333333334,0.23333333333333334,0.1,0.1,0.06666666666666667,0.06666666666666667,0.7333333333333333,0.7333333333333333
14,512,1.0,1.0,1.0,1.0,0.0,0.0,0.0,0.0,0.0,0.0,0.4,0.4,0.03333333333333333,0.03333333333333333,0.0,0.0,0.7,0.7
15,64,1.0,0.7666666666666667,0.8666666666666667,0.7,0.3,0.26666666666666666,0.0,0.0,0.0,0.0,0.13333333333333333,0.13333333333333333,0.0,0.0,0.13333333333333333,0.13333333333333333,0.6666666666666666,0.6
15,128,1.0,0.5666666666666667,0.9333333333333333,0.5666666666666667,0.03333333333333333,0.0,0.0,0.0,0.0,0.0,0.03333333333333333,0.0,0.0,0.0,0.03333333333333333,0.0,0.5666666666666667,0.4
15,256,1.0,0.6,1.0,0.6,0.0,0.0,0.0,0.0,0.0,0.0,0.0,0.0,0.0,0.0,0.0,0.0,0.36666666666666664,0.2
15,512,1.0,0.43333333333333335,1.0,0.43333333333333335,0.0,0.0,0.0,0.0,0.0,0.0,0.0,0.0,0.0,0.0,0.0,0.0,0.2,0.0
16,64,1.0,0.6333333333333333,0.8666666666666667,0.5333333333333333,0.03333333333333333,0.0,0.0,0.0,0.0,0.0,0.0,0.0,0.0,0.0,0.0,0.0,0.4666666666666667,0.3333333333333333
16,128,1.0,0.8,0.9666666666666667,0.7666666666666667,0.1,0.1,0.0,0.0,0.0,0.0,0.1,0.1,0.0,0.0,0.1,0.1,0.5333333333333333,0.4666666666666667
16,256,1.0,0.8,0.9666666666666667,0.7666666666666667,0.0,0.0,0.0,0.0,0.0,0.0,0.1,0.1,0.0,0.0,0.0,0.0,0.43333333333333335,0.43333333333333335
16,512,1.0,0.9,1.0,0.9,0.0,0.0,0.0,0.0,0.0,0.0,0.16666666666666666,0.1,0.03333333333333333,0.0,0.0,0.0,0.4666666666666667,0.4
17,64,1.0,0.7,0.9,0.6666666666666666,0.1,0.1,0.0,0.0,0.0,0.0,0.03333333333333333,0.03333333333333333,0.0,0.0,0.03333333333333333,0.03333333333333333,0.5,0.36666666666666664
17,128,1.0,0.7333333333333333,1.0,0.7333333333333333,0.1,0.1,0.0,0.0,0.0,0.0,0.1,0.1,0.03333333333333333,0.03333333333333333,0.1,0.1,0.5,0.43333333333333335
17,256,1.0,0.8,0.9333333333333333,0.8,0.0,0.0,0.0,0.0,0.0,0.0,0.16666666666666666,0.16666666666666666,0.03333333333333333,0.03333333333333333,0.0,0.0,0.5333333333333333,0.5333333333333333
17,512,1.0,0.9,1.0,0.9,0.0,0.0,0.0,0.0,0.0,0.0,0.06666666666666667,0.0,0.03333333333333333,0.0,0.0,0.0,0.36666666666666664,0.3
18,64,1.0,0.7,1.0,0.7,0.23333333333333334,0.23333333333333334,0.0,0.0,0.0,0.0,0.0,0.0,0.0,0.0,0.0,0.0,0.8333333333333334,0.6
18,128,1.0,0.7,0.9,0.6666666666666666,0.03333333333333333,0.03333333333333333,0.0,0.0,0.0,0.0,0.06666666666666667,0.06666666666666667,0.0,0.0,0.03333333333333333,0.03333333333333333,0.5666666666666667,0.5
18,256,1.0,0.8333333333333334,1.0,0.8333333333333334,0.0,0.0,0.0,0.0,0.0,0.0,0.06666666666666667,0.06666666666666667,0.0,0.0,0.0,0.0,0.4666666666666667,0.43333333333333335
18,512,1.0,0.9666666666666667,1.0,0.9666666666666667,0.0,0.0,0.0,0.0,0.0,0.0,0.03333333333333333,0.0,0.0,0.0,0.0,0.0,0.3,0.26666666666666666
19,64,1.0,0.5,1.0,0.5,0.1,0.03333333333333333,0.0,0.0,0.0,0.0,0.03333333333333333,0.0,0.0,0.0,0.03333333333333333,0.0,0.6,0.3
19,128,1.0,0.7333333333333333,0.9666666666666667,0.7333333333333333,0.0,0.0,0.0,0.0,0.0,0.0,0.0,0.0,0.0,0.0,0.0,0.0,0.5333333333333333,0.36666666666666664
19,256,1.0,0.6333333333333333,0.9,0.6333333333333333,0.0,0.0,0.0,0.0,0.0,0.0,0.0,0.0,0.0,0.0,0.0,0.0,0.43333333333333335,0.3
19,512,1.0,0.6,1.0,0.6,0.0,0.0,0.0,0.0,0.0,0.0,0.03333333333333333,0.0,0.0,0.0,0.0,0.0,0.16666666666666666,0.0
20,64,1.0,1.0,1.0,1.0,1.0,1.0,1.0,1.0,0.6666666666666666,0.6666666666666666,1.0,1.0,1.0,1.0,1.0,1.0,1.0,1.0
20,128,1.0,1.0,1.0,1.0,1.0,1.0,1.0,1.0,0.8666666666666667,0.8666666666666667,1.0,1.0,1.0,1.0,1.0,1.0,1.0,1.0
20,256,1.0,1.0,1.0,1.0,1.0,1.0,1.0,1.0,1.0,1.0,1.0,1.0,1.0,1.0,1.0,1.0,1.0,1.0
20,512,1.0,1.0,1.0,1.0,1.0,1.0,1.0,1.0,1.0,1.0,1.0,1.0,1.0,1.0,1.0,1.0,1.0,1.0
21,64,1.0,1.0,1.0,1.0,1.0,1.0,1.0,1.0,1.0,1.0,1.0,1.0,1.0,1.0,1.0,1.0,1.0,1.0
21,128,1.0,1.0,1.0,1.0,1.0,1.0,1.0,1.0,1.0,1.0,1.0,1.0,1.0,1.0,1.0,1.0,1.0,1.0
21,256,1.0,1.0,1.0,1.0,1.0,1.0,1.0,1.0,1.0,1.0,1.0,1.0,1.0,1.0,1.0,1.0,1.0,1.0
21,512,1.0,1.0,1.0,1.0,1.0,1.0,1.0,1.0,1.0,1.0,1.0,1.0,1.0,1.0,1.0,1.0,1.0,1.0
22,64,1.0,1.0,1.0,1.0,1.0,1.0,1.0,1.0,0.6333333333333333,0.6333333333333333,1.0,1.0,1.0,1.0,1.0,1.0,1.0,1.0
22,128,1.0,1.0,1.0,1.0,1.0,1.0,1.0,1.0,0.7666666666666667,0.7666666666666667,1.0,1.0,1.0,1.0,1.0,1.0,1.0,1.0
22,256,1.0,1.0,1.0,1.0,1.0,1.0,1.0,1.0,0.9333333333333333,0.9333333333333333,1.0,1.0,1.0,1.0,1.0,1.0,1.0,1.0
22,512,1.0,1.0,1.0,1.0,1.0,1.0,1.0,1.0,1.0,1.0,1.0,1.0,1.0,1.0,1.0,1.0,1.0,1.0
23,64,1.0,1.0,1.0,1.0,1.0,1.0,1.0,1.0,0.5333333333333333,0.5333333333333333,1.0,1.0,1.0,1.0,1.0,1.0,1.0,1.0
23,128,1.0,1.0,1.0,1.0,1.0,1.0,1.0,1.0,0.7666666666666667,0.7666666666666667,1.0,1.0,1.0,1.0,1.0,1.0,1.0,1.0
23,256,1.0,1.0,1.0,1.0,1.0,1.0,1.0,1.0,0.9666666666666667,0.9666666666666667,1.0,1.0,1.0,1.0,1.0,1.0,1.0,1.0
23,512,1.0,1.0,1.0,1.0,1.0,1.0,1.0,1.0,1.0,1.0,1.0,1.0,1.0,1.0,1.0,1.0,1.0,1.0
24,64,0.9666666666666667,0.9666666666666667,0.9666666666666667,0.9666666666666667,0.7333333333333333,0.7333333333333333,0.03333333333333333,0.03333333333333333,0.0,0.0,0.2,0.2,0.0,0.0,0.2,0.2,0.8666666666666667,0.8666666666666667
24,128,0.9666666666666667,0.9666666666666667,0.9666666666666667,0.9666666666666667,0.7,0.7,0.0,0.0,0.0,0.0,0.43333333333333335,0.43333333333333335,0.23333333333333334,0.23333333333333334,0.43333333333333335,0.43333333333333335,0.9,0.9
24,256,1.0,1.0,1.0,1.0,0.8666666666666667,0.8666666666666667,0.0,0.0,0.0,0.0,0.8666666666666667,0.8666666666666667,0.7666666666666667,0.7666666666666667,0.8666666666666667,0.8666666666666667,0.9666666666666667,0.9666666666666667
24,512,1.0,1.0,1.0,1.0,0.9333333333333333,0.9333333333333333,0.0,0.0,0.0,0.0,1.0,1.0,1.0,1.0,0.9333333333333333,0.9333333333333333,1.0,1.0
25,64,1.0,1.0,1.0,1.0,1.0,1.0,1.0,1.0,0.4,0.4,1.0,1.0,1.0,1.0,1.0,1.0,1.0,1.0
25,128,1.0,1.0,1.0,1.0,1.0,1.0,1.0,1.0,0.4666666666666667,0.4666666666666667,1.0,1.0,1.0,1.0,1.0,1.0,1.0,1.0
25,256,1.0,1.0,1.0,1.0,1.0,1.0,1.0,1.0,0.5666666666666667,0.5666666666666667,1.0,1.0,1.0,1.0,1.0,1.0,1.0,1.0
25,512,1.0,1.0,1.0,1.0,1.0,1.0,1.0,1.0,0.7333333333333333,0.7333333333333333,1.0,1.0,1.0,1.0,1.0,1.0,1.0,1.0
26,64,1.0,1.0,1.0,1.0,1.0,1.0,1.0,1.0,0.8333333333333334,0.8333333333333334,1.0,1.0,1.0,1.0,1.0,1.0,1.0,1.0
26,128,1.0,1.0,1.0,1.0,1.0,1.0,1.0,1.0,0.9333333333333333,0.9333333333333333,1.0,1.0,1.0,1.0,1.0,1.0,1.0,1.0
26,256,1.0,1.0,1.0,1.0,1.0,1.0,1.0,1.0,1.0,1.0,1.0,1.0,1.0,1.0,1.0,1.0,1.0,1.0
26,512,1.0,1.0,1.0,1.0,1.0,1.0,1.0,1.0,1.0,1.0,1.0,1.0,1.0,1.0,1.0,1.0,1.0,1.0
27,64,1.0,1.0,1.0,1.0,1.0,1.0,1.0,1.0,0.9,0.9,1.0,1.0,1.0,1.0,1.0,1.0,1.0,1.0
27,128,1.0,1.0,1.0,1.0,1.0,1.0,1.0,1.0,1.0,1.0,1.0,1.0,1.0,1.0,1.0,1.0,1.0,1.0
27,256,1.0,1.0,1.0,1.0,1.0,1.0,1.0,1.0,1.0,1.0,1.0,1.0,1.0,1.0,1.0,1.0,1.0,1.0
27,512,1.0,1.0,1.0,1.0,1.0,1.0,1.0,1.0,1.0,1.0,1.0,1.0,1.0,1.0,1.0,1.0,1.0,1.0
28,64,1.0,1.0,1.0,1.0,1.0,1.0,1.0,1.0,0.6333333333333333,0.6333333333333333,1.0,1.0,1.0,1.0,1.0,1.0,1.0,1.0
28,128,1.0,1.0,1.0,1.0,1.0,1.0,1.0,1.0,0.7,0.7,1.0,1.0,1.0,1.0,1.0,1.0,1.0,1.0
28,256,1.0,1.0,1.0,1.0,1.0,1.0,1.0,1.0,0.9666666666666667,0.9666666666666667,1.0,1.0,1.0,1.0,1.0,1.0,1.0,1.0
28,512,1.0,1.0,1.0,1.0,1.0,1.0,1.0,1.0,1.0,1.0,1.0,1.0,1.0,1.0,1.0,1.0,1.0,1.0
29,64,1.0,1.0,1.0,1.0,1.0,1.0,1.0,1.0,0.0,0.0,1.0,1.0,1.0,1.0,1.0,1.0,1.0,1.0
29,128,1.0,1.0,1.0,1.0,1.0,1.0,1.0,1.0,0.03333333333333333,0.03333333333333333,1.0,1.0,1.0,1.0,1.0,1.0,1.0,1.0
29,256,1.0,1.0,1.0,1.0,1.0,1.0,1.0,1.0,0.0,0.0,1.0,1.0,1.0,1.0,1.0,1.0,1.0,1.0
29,512,1.0,1.0,1.0,1.0,1.0,1.0,1.0,1.0,0.0,0.0,1.0,1.0,1.0,1.0,1.0,1.0,1.0,1.0
30,64,1.0,1.0,1.0,1.0,1.0,1.0,1.0,1.0,0.7,0.7,1.0,1.0,1.0,1.0,1.0,1.0,1.0,1.0
30,128,1.0,1.0,1.0,1.0,1.0,1.0,1.0,1.0,0.9333333333333333,0.9333333333333333,1.0,1.0,1.0,1.0,1.0,1.0,1.0,1.0
30,256,1.0,1.0,1.0,1.0,1.0,1.0,1.0,1.0,0.9,0.9,1.0,1.0,1.0,1.0,1.0,1.0,1.0,1.0
30,512,1.0,1.0,1.0,1.0,1.0,1.0,1.0,1.0,1.0,1.0,1.0,1.0,1.0,1.0,1.0,1.0,1.0,1.0
31,64,1.0,1.0,1.0,1.0,1.0,1.0,1.0,1.0,0.8,0.8,1.0,1.0,1.0,1.0,1.0,1.0,1.0,1.0
31,128,1.0,1.0,1.0,1.0,1.0,1.0,1.0,1.0,0.9333333333333333,0.9333333333333333,1.0,1.0,1.0,1.0,1.0,1.0,1.0,1.0
31,256,1.0,1.0,1.0,1.0,1.0,1.0,1.0,1.0,1.0,1.0,1.0,1.0,1.0,1.0,1.0,1.0,1.0,1.0
31,512,1.0,1.0,1.0,1.0,1.0,1.0,1.0,1.0,1.0,1.0,1.0,1.0,1.0,1.0,1.0,1.0,1.0,1.0
32,64,1.0,1.0,1.0,1.0,1.0,1.0,1.0,1.0,0.7666666666666667,0.7666666666666667,1.0,1.0,1.0,1.0,1.0,1.0,1.0,1.0
32,128,1.0,1.0,1.0,1.0,1.0,1.0,1.0,1.0,0.8666666666666667,0.8666666666666667,1.0,1.0,1.0,1.0,1.0,1.0,1.0,1.0
32,256,1.0,1.0,1.0,1.0,1.0,1.0,1.0,1.0,1.0,1.0,1.0,1.0,1.0,1.0,1.0,1.0,1.0,1.0
32,512,1.0,1.0,1.0,1.0,1.0,1.0,1.0,1.0,1.0,1.0,1.0,1.0,1.0,1.0,1.0,1.0,1.0,1.0
33,64,0.7,0.7,0.6333333333333333,0.6333333333333333,0.13333333333333333,0.13333333333333333,0.0,0.0,0.0,0.0,0.0,0.0,0.0,0.0,0.0,0.0,0.3333333333333333,0.3333333333333333
33,128,0.8,0.8,0.7,0.7,0.23333333333333334,0.23333333333333334,0.0,0.0,0.0,0.0,0.0,0.0,0.0,0.0,0.0,0.0,0.43333333333333335,0.43333333333333335
33,256,0.8,0.8,0.7666666666666667,0.7666666666666667,0.03333333333333333,0.03333333333333333,0.0,0.0,0.0,0.0,0.03333333333333333,0.03333333333333333,0.0,0.0,0.03333333333333333,0.03333333333333333,0.3,0.3
33,512,1.0,1.0,1.0,1.0,0.0,0.0,0.0,0.0,0.0,0.0,0.23333333333333334,0.23333333333333334,0.0,0.0,0.0,0.0,0.4666666666666667,0.4666666666666667
34,64,1.0,1.0,1.0,1.0,1.0,1.0,1.0,1.0,0.8666666666666667,0.8666666666666667,1.0,1.0,1.0,1.0,1.0,1.0,1.0,1.0
34,128,1.0,1.0,1.0,1.0,1.0,1.0,1.0,1.0,0.9666666666666667,0.9666666666666667,1.0,1.0,1.0,1.0,1.0,1.0,1.0,1.0
34,256,1.0,1.0,1.0,1.0,1.0,1.0,1.0,1.0,1.0,1.0,1.0,1.0,1.0,1.0,1.0,1.0,1.0,1.0
34,512,1.0,1.0,1.0,1.0,1.0,1.0,1.0,1.0,1.0,1.0,1.0,1.0,1.0,1.0,1.0,1.0,1.0,1.0
35,64,1.0,1.0,1.0,1.0,1.0,1.0,1.0,1.0,1.0,1.0,1.0,1.0,1.0,1.0,1.0,1.0,1.0,1.0
35,128,1.0,1.0,1.0,1.0,1.0,1.0,1.0,1.0,1.0,1.0,1.0,1.0,1.0,1.0,1.0,1.0,1.0,1.0
35,256,1.0,1.0,1.0,1.0,1.0,1.0,1.0,1.0,1.0,1.0,1.0,1.0,1.0,1.0,1.0,1.0,1.0,1.0
35,512,1.0,1.0,1.0,1.0,1.0,1.0,1.0,1.0,1.0,1.0,1.0,1.0,1.0,1.0,1.0,1.0,1.0,1.0
36,64,1.0,1.0,1.0,1.0,1.0,1.0,1.0,1.0,0.9333333333333333,0.9333333333333333,1.0,1.0,1.0,1.0,1.0,1.0,1.0,1.0
36,128,1.0,1.0,1.0,1.0,1.0,1.0,1.0,1.0,1.0,1.0,1.0,1.0,1.0,1.0,1.0,1.0,1.0,1.0
36,256,1.0,1.0,1.0,1.0,1.0,1.0,1.0,1.0,1.0,1.0,1.0,1.0,1.0,1.0,1.0,1.0,1.0,1.0
36,512,1.0,1.0,1.0,1.0,1.0,1.0,1.0,1.0,1.0,1.0,1.0,1.0,1.0,1.0,1.0,1.0,1.0,1.0
37,64,1.0,1.0,1.0,1.0,1.0,1.0,1.0,1.0,0.5666666666666667,0.5666666666666667,1.0,1.0,1.0,1.0,1.0,1.0,1.0,1.0
37,128,1.0,1.0,1.0,1.0,1.0,1.0,1.0,1.0,0.8333333333333334,0.8333333333333334,1.0,1.0,1.0,1.0,1.0,1.0,1.0,1.0
37,256,1.0,1.0,1.0,1.0,1.0,1.0,1.0,1.0,1.0,1.0,1.0,1.0,1.0,1.0,1.0,1.0,1.0,1.0
37,512,1.0,1.0,1.0,1.0,1.0,1.0,1.0,1.0,1.0,1.0,1.0,1.0,1.0,1.0,1.0,1.0,1.0,1.0
38,64,1.0,1.0,1.0,1.0,1.0,1.0,1.0,1.0,0.7666666666666667,0.7666666666666667,1.0,1.0,1.0,1.0,1.0,1.0,1.0,1.0
38,128,1.0,1.0,1.0,1.0,1.0,1.0,1.0,1.0,0.8,0.8,1.0,1.0,1.0,1.0,1.0,1.0,1.0,1.0
38,256,1.0,1.0,1.0,1.0,1.0,1.0,1.0,1.0,1.0,1.0,1.0,1.0,1.0,1.0,1.0,1.0,1.0,1.0
38,512,1.0,1.0,1.0,1.0,1.0,1.0,1.0,1.0,1.0,1.0,1.0,1.0,1.0,1.0,1.0,1.0,1.0,1.0
39,64,1.0,1.0,1.0,1.0,1.0,1.0,0.9666666666666667,0.9666666666666667,0.0,0.0,1.0,1.0,1.0,1.0,1.0,1.0,1.0,1.0
39,128,1.0,1.0,1.0,1.0,1.0,1.0,1.0,1.0,0.0,0.0,1.0,1.0,1.0,1.0,1.0,1.0,1.0,1.0
39,256,1.0,1.0,1.0,1.0,1.0,1.0,1.0,1.0,0.0,0.0,1.0,1.0,1.0,1.0,1.0,1.0,1.0,1.0
39,512,1.0,1.0,1.0,1.0,1.0,1.0,1.0,1.0,0.0,0.0,1.0,1.0,1.0,1.0,1.0,1.0,1.0,1.0
40,64,1.0,1.0,1.0,1.0,1.0,1.0,1.0,1.0,0.4,0.4,1.0,1.0,1.0,1.0,1.0,1.0,1.0,1.0
40,128,1.0,1.0,1.0,1.0,1.0,1.0,1.0,1.0,0.5,0.5,1.0,1.0,1.0,1.0,1.0,1.0,1.0,1.0
40,256,1.0,1.0,1.0,1.0,1.0,1.0,1.0,1.0,0.5666666666666667,0.5666666666666667,1.0,1.0,1.0,1.0,1.0,1.0,1.0,1.0
40,512,1.0,1.0,1.0,1.0,1.0,1.0,1.0,1.0,0.9666666666666667,0.9666666666666667,1.0,1.0,1.0,1.0,1.0,1.0,1.0,1.0
41,64,1.0,1.0,1.0,1.0,1.0,1.0,1.0,1.0,0.6333333333333333,0.6333333333333333,1.0,1.0,1.0,1.0,1.0,1.0,1.0,1.0
41,128,1.0,1.0,1.0,1.0,1.0,1.0,1.0,1.0,0.7333333333333333,0.7333333333333333,1.0,1.0,1.0,1.0,1.0,1.0,1.0,1.0
41,256,1.0,1.0,1.0,1.0,1.0,1.0,1.0,1.0,0.9666666666666667,0.9666666666666667,1.0,1.0,1.0,1.0,1.0,1.0,1.0,1.0
41,512,1.0,1.0,1.0,1.0,1.0,1.0,1.0,1.0,1.0,1.0,1.0,1.0,1.0,1.0,1.0,1.0,1.0,1.0
42,64,1.0,1.0,1.0,1.0,1.0,1.0,1.0,1.0,0.5666666666666667,0.5666666666666667,1.0,1.0,1.0,1.0,1.0,1.0,1.0,1.0
42,128,1.0,1.0,1.0,1.0,1.0,1.0,1.0,1.0,0.6333333333333333,0.6333333333333333,1.0,1.0,1.0,1.0,1.0,1.0,1.0,1.0
42,256,1.0,1.0,1.0,1.0,1.0,1.0,1.0,1.0,0.9333333333333333,0.9333333333333333,1.0,1.0,1.0,1.0,1.0,1.0,1.0,1.0
42,512,1.0,1.0,1.0,1.0,1.0,1.0,1.0,1.0,0.9333333333333333,0.9333333333333333,1.0,1.0,1.0,1.0,1.0,1.0,1.0,1.0
43,64,0.5666666666666667,0.5666666666666667,0.5333333333333333,0.5333333333333333,0.23333333333333334,0.23333333333333334,0.0,0.0,0.0,0.0,0.0,0.0,0.0,0.0,0.0,0.0,0.2,0.2
43,128,0.7333333333333333,0.7333333333333333,0.7,0.7,0.4,0.4,0.0,0.0,0.0,0.0,0.0,0.0,0.0,0.0,0.0,0.0,0.3333333333333333,0.3333333333333333
43,256,0.9666666666666667,0.9666666666666667,0.9333333333333333,0.9333333333333333,0.3,0.3,0.0,0.0,0.0,0.0,0.06666666666666667,0.06666666666666667,0.0,0.0,0.06666666666666667,0.06666666666666667,0.26666666666666666,0.26666666666666666
43,512,1.0,1.0,1.0,1.0,0.5,0.5,0.0,0.0,0.0,0.0,0.5,0.5,0.1,0.1,0.5,0.5,0.3,0.3
44,64,1.0,1.0,1.0,1.0,1.0,1.0,0.9333333333333333,0.9333333333333333,0.16666666666666666,0.16666666666666666,1.0,1.0,0.9666666666666667,0.9666666666666667,1.0,1.0,1.0,1.0
44,128,1.0,1.0,1.0,1.0,1.0,1.0,1.0,1.0,0.03333333333333333,0.03333333333333333,1.0,1.0,1.0,1.0,1.0,1.0,1.0,1.0
44,256,1.0,1.0,1.0,1.0,1.0,1.0,1.0,1.0,0.06666666666666667,0.06666666666666667,1.0,1.0,1.0,1.0,1.0,1.0,1.0,1.0
44,512,1.0,1.0,1.0,1.0,1.0,1.0,1.0,1.0,0.0,0.0,1.0,1.0,1.0,1.0,1.0,1.0,1.0,1.0
45,64,0.6666666666666666,0.6666666666666666,0.6666666666666666,0.6666666666666666,0.3,0.3,0.03333333333333333,0.03333333333333333,0.0,0.0,0.03333333333333333,0.03333333333333333,0.0,0.0,0.03333333333333333,0.03333333333333333,0.3,0.3
45,128,1.0,1.0,1.0,1.0,0.6,0.6,0.03333333333333333,0.03333333333333333,0.0,0.0,0.13333333333333333,0.13333333333333333,0.03333333333333333,0.03333333333333333,0.13333333333333333,0.13333333333333333,0.5333333333333333,0.5333333333333333
45,256,1.0,1.0,1.0,1.0,0.7666666666666667,0.7666666666666667,0.0,0.0,0.0,0.0,0.43333333333333335,0.43333333333333335,0.2,0.2,0.43333333333333335,0.43333333333333335,0.7,0.7
45,512,1.0,1.0,1.0,1.0,0.9666666666666667,0.9666666666666667,0.0,0.0,0.0,0.0,0.9666666666666667,0.9666666666666667,0.9333333333333333,0.9333333333333333,0.9666666666666667,0.9666666666666667,0.9333333333333333,0.9333333333333333
46,64,1.0,1.0,1.0,1.0,1.0,1.0,0.7666666666666667,0.7666666666666667,0.0,0.0,0.8,0.8,0.6666666666666666,0.6666666666666666,0.8,0.8,1.0,1.0
46,128,1.0,1.0,1.0,1.0,1.0,1.0,0.8333333333333334,0.8333333333333334,0.0,0.0,1.0,1.0,1.0,1.0,1.0,1.0,1.0,1.0
46,256,1.0,1.0,1.0,1.0,1.0,1.0,1.0,1.0,0.0,0.0,1.0,1.0,1.0,1.0,1.0,1.0,1.0,1.0
46,512,1.0,1.0,1.0,1.0,1.0,1.0,1.0,1.0,0.0,0.0,1.0,1.0,1.0,1.0,1.0,1.0,1.0,1.0
47,64,1.0,1.0,1.0,1.0,1.0,1.0,0.9333333333333333,0.9333333333333333,0.0,0.0,1.0,1.0,0.9,0.9,1.0,1.0,1.0,1.0
47,128,1.0,1.0,1.0,1.0,1.0,1.0,0.9666666666666667,0.9666666666666667,0.03333333333333333,0.03333333333333333,1.0,1.0,1.0,1.0,1.0,1.0,1.0,1.0
47,256,1.0,1.0,1.0,1.0,1.0,1.0,1.0,1.0,0.0,0.0,1.0,1.0,1.0,1.0,1.0,1.0,1.0,1.0
47,512,1.0,1.0,1.0,1.0,1.0,1.0,1.0,1.0,0.0,0.0,1.0,1.0,1.0,1.0,1.0,1.0,1.0,1.0
48,64,1.0,1.0,1.0,1.0,1.0,1.0,0.9333333333333333,0.9333333333333333,0.0,0.0,0.9666666666666667,0.9666666666666667,0.9,0.9,0.9666666666666667,0.9666666666666667,1.0,1.0
48,128,1.0,1.0,1.0,1.0,1.0,1.0,1.0,1.0,0.0,0.0,1.0,1.0,1.0,1.0,1.0,1.0,1.0,1.0
48,256,1.0,1.0,1.0,1.0,1.0,1.0,1.0,1.0,0.0,0.0,1.0,1.0,1.0,1.0,1.0,1.0,1.0,1.0
48,512,1.0,1.0,1.0,1.0,1.0,1.0,1.0,1.0,0.0,0.0,1.0,1.0,1.0,1.0,1.0,1.0,1.0,1.0
49,64,0.4666666666666667,0.4666666666666667,0.4666666666666667,0.4666666666666667,0.3,0.3,0.0,0.0,0.0,0.0,0.0,0.0,0.0,0.0,0.0,0.0,0.26666666666666666,0.26666666666666666
49,128,0.8,0.8,0.7,0.7,0.16666666666666666,0.16666666666666666,0.0,0.0,0.0,0.0,0.03333333333333333,0.03333333333333333,0.0,0.0,0.03333333333333333,0.03333333333333333,0.13333333333333333,0.13333333333333333
49,256,1.0,1.0,1.0,1.0,0.5666666666666667,0.5666666666666667,0.0,0.0,0.0,0.0,0.2,0.2,0.03333333333333333,0.03333333333333333,0.2,0.2,0.36666666666666664,0.36666666666666664
49,512,1.0,1.0,1.0,1.0,0.5,0.5,0.0,0.0,0.0,0.0,0.5333333333333333,0.5333333333333333,0.2,0.2,0.5,0.5,0.4666666666666667,0.4666666666666667
50,64,1.0,1.0,1.0,1.0,1.0,1.0,0.9666666666666667,0.9666666666666667,0.06666666666666667,0.06666666666666667,1.0,1.0,0.9666666666666667,0.9666666666666667,1.0,1.0,1.0,1.0
50,128,1.0,1.0,1.0,1.0,1.0,1.0,1.0,1.0,0.1,0.1,1.0,1.0,1.0,1.0,1.0,1.0,1.0,1.0
50,256,1.0,1.0,1.0,1.0,1.0,1.0,1.0,1.0,0.13333333333333333,0.13333333333333333,1.0,1.0,1.0,1.0,1.0,1.0,1.0,1.0
50,512,1.0,1.0,1.0,1.0,1.0,1.0,1.0,1.0,0.1,0.1,1.0,1.0,1.0,1.0,1.0,1.0,1.0,1.0
51,64,1.0,1.0,1.0,1.0,1.0,1.0,0.9666666666666667,0.9666666666666667,0.03333333333333333,0.03333333333333333,1.0,1.0,0.9666666666666667,0.9666666666666667,1.0,1.0,1.0,1.0
51,128,1.0,1.0,1.0,1.0,1.0,1.0,1.0,1.0,0.1,0.1,1.0,1.0,1.0,1.0,1.0,1.0,1.0,1.0
51,256,1.0,1.0,1.0,1.0,1.0,1.0,1.0,1.0,0.0,0.0,1.0,1.0,1.0,1.0,1.0,1.0,1.0,1.0
51,512,1.0,1.0,1.0,1.0,1.0,1.0,1.0,1.0,0.0,0.0,1.0,1.0,1.0,1.0,1.0,1.0,1.0,1.0
52,64,1.0,1.0,1.0,1.0,1.0,1.0,0.9666666666666667,0.9666666666666667,0.0,0.0,1.0,1.0,0.9666666666666667,0.9666666666666667,1.0,1.0,1.0,1.0
52,128,1.0,1.0,1.0,1.0,1.0,1.0,1.0,1.0,0.0,0.0,1.0,1.0,1.0,1.0,1.0,1.0,1.0,1.0
52,256,1.0,1.0,1.0,1.0,1.0,1.0,1.0,1.0,0.03333333333333333,0.03333333333333333,1.0,1.0,1.0,1.0,1.0,1.0,1.0,1.0
52,512,1.0,1.0,1.0,1.0,1.0,1.0,1.0,1.0,0.06666666666666667,0.06666666666666667,1.0,1.0,1.0,1.0,1.0,1.0,1.0,1.0
53,64,1.0,1.0,1.0,1.0,0.9,0.9,0.2,0.2,0.0,0.0,0.6666666666666666,0.6666666666666666,0.2,0.2,0.6666666666666666,0.6666666666666666,1.0,1.0
53,128,1.0,1.0,1.0,1.0,0.9666666666666667,0.9666666666666667,0.1,0.1,0.0,0.0,0.9666666666666667,0.9666666666666667,0.7333333333333333,0.7333333333333333,0.9666666666666667,0.9666666666666667,1.0,1.0
53,256,1.0,1.0,1.0,1.0,1.0,1.0,0.16666666666666666,0.16666666666666666,0.0,0.0,1.0,1.0,1.0,1.0,1.0,1.0,1.0,1.0
53,512,1.0,1.0,1.0,1.0,1.0,1.0,0.03333333333333333,0.03333333333333333,0.0,0.0,1.0,1.0,1.0,1.0,1.0,1.0,1.0,1.0
54,64,1.0,1.0,1.0,1.0,1.0,1.0,1.0,1.0,0.5,0.5,1.0,1.0,1.0,1.0,1.0,1.0,1.0,1.0
54,128,1.0,1.0,1.0,1.0,1.0,1.0,1.0,1.0,0.6666666666666666,0.6666666666666666,1.0,1.0,1.0,1.0,1.0,1.0,1.0,1.0
54,256,1.0,1.0,1.0,1.0,1.0,1.0,1.0,1.0,0.9,0.9,1.0,1.0,1.0,1.0,1.0,1.0,1.0,1.0
54,512,1.0,1.0,1.0,1.0,1.0,1.0,1.0,1.0,0.9666666666666667,0.9666666666666667,1.0,1.0,1.0,1.0,1.0,1.0,1.0,1.0
55,64,1.0,1.0,1.0,1.0,1.0,1.0,1.0,1.0,0.5,0.5,1.0,1.0,1.0,1.0,1.0,1.0,1.0,1.0
55,128,1.0,1.0,1.0,1.0,1.0,1.0,1.0,1.0,0.9333333333333333,0.9333333333333333,1.0,1.0,1.0,1.0,1.0,1.0,1.0,1.0
55,256,1.0,1.0,1.0,1.0,1.0,1.0,1.0,1.0,1.0,1.0,1.0,1.0,1.0,1.0,1.0,1.0,1.0,1.0
55,512,1.0,1.0,1.0,1.0,1.0,1.0,1.0,1.0,1.0,1.0,1.0,1.0,1.0,1.0,1.0,1.0,1.0,1.0
56,64,1.0,1.0,1.0,1.0,1.0,1.0,1.0,1.0,1.0,1.0,1.0,1.0,1.0,1.0,1.0,1.0,1.0,1.0
56,128,1.0,1.0,1.0,1.0,1.0,1.0,1.0,1.0,1.0,1.0,1.0,1.0,1.0,1.0,1.0,1.0,1.0,1.0
56,256,1.0,1.0,1.0,1.0,1.0,1.0,1.0,1.0,1.0,1.0,1.0,1.0,1.0,1.0,1.0,1.0,1.0,1.0
56,512,1.0,1.0,1.0,1.0,1.0,1.0,1.0,1.0,1.0,1.0,1.0,1.0,1.0,1.0,1.0,1.0,1.0,1.0
57,64,0.13333333333333333,0.3333333333333333,0.13333333333333333,0.3,0.03333333333333333,0.03333333333333333,0.0,0.0,0.0,0.0,0.0,0.0,0.0,0.0,0.0,0.0,0.06666666666666667,0.03333333333333333
57,128,0.03333333333333333,0.5666666666666667,0.03333333333333333,0.5333333333333333,0.0,0.03333333333333333,0.0,0.0,0.0,0.0,0.0,0.0,0.0,0.0,0.0,0.0,0.0,0.1
57,256,0.03333333333333333,0.5666666666666667,0.03333333333333333,0.5333333333333333,0.0,0.0,0.0,0.0,0.0,0.0,0.0,0.0,0.0,0.0,0.0,0.0,0.0,0.03333333333333333
57,512,0.06666666666666667,0.5666666666666667,0.06666666666666667,0.5666666666666667,0.0,0.0,0.0,0.0,0.0,0.0,0.0,0.0,0.0,0.0,0.0,0.0,0.0,0.0
58,64,1.0,1.0,1.0,1.0,1.0,1.0,1.0,1.0,1.0,1.0,1.0,1.0,1.0,1.0,1.0,1.0,1.0,1.0
58,128,1.0,1.0,1.0,1.0,1.0,1.0,1.0,1.0,1.0,1.0,1.0,1.0,1.0,1.0,1.0,1.0,1.0,1.0
58,256,1.0,1.0,1.0,1.0,1.0,1.0,1.0,1.0,1.0,1.0,1.0,1.0,1.0,1.0,1.0,1.0,1.0,1.0
58,512,1.0,1.0,1.0,1.0,1.0,1.0,1.0,1.0,1.0,1.0,1.0,1.0,1.0,1.0,1.0,1.0,1.0,1.0
59,64,1.0,1.0,1.0,1.0,1.0,1.0,1.0,1.0,1.0,1.0,1.0,1.0,1.0,1.0,1.0,1.0,1.0,1.0
59,128,1.0,1.0,1.0,1.0,1.0,1.0,1.0,1.0,1.0,1.0,1.0,1.0,1.0,1.0,1.0,1.0,1.0,1.0
59,256,1.0,1.0,1.0,1.0,1.0,1.0,1.0,1.0,1.0,1.0,1.0,1.0,1.0,1.0,1.0,1.0,1.0,1.0
59,512,1.0,1.0,1.0,1.0,1.0,1.0,1.0,1.0,1.0,1.0,1.0,1.0,1.0,1.0,1.0,1.0,1.0,1.0
60,64,1.0,1.0,1.0,1.0,1.0,1.0,1.0,1.0,1.0,1.0,1.0,1.0,1.0,1.0,1.0,1.0,1.0,1.0
60,128,1.0,1.0,1.0,1.0,1.0,1.0,1.0,1.0,0.9666666666666667,0.9666666666666667,1.0,1.0,1.0,1.0,1.0,1.0,1.0,1.0
60,256,1.0,1.0,1.0,1.0,1.0,1.0,1.0,1.0,1.0,1.0,1.0,1.0,1.0,1.0,1.0,1.0,1.0,1.0
60,512,1.0,1.0,1.0,1.0,1.0,1.0,1.0,1.0,1.0,1.0,1.0,1.0,1.0,1.0,1.0,1.0,1.0,1.0
61,64,1.0,1.0,1.0,1.0,1.0,1.0,1.0,1.0,0.8,0.8,1.0,1.0,1.0,1.0,1.0,1.0,1.0,1.0
61,128,1.0,1.0,1.0,1.0,1.0,1.0,1.0,1.0,0.8,0.8,1.0,1.0,1.0,1.0,1.0,1.0,1.0,1.0
61,256,1.0,1.0,1.0,1.0,1.0,1.0,1.0,1.0,1.0,1.0,1.0,1.0,1.0,1.0,1.0,1.0,1.0,1.0
61,512,1.0,1.0,1.0,1.0,1.0,1.0,1.0,1.0,1.0,1.0,1.0,1.0,1.0,1.0,1.0,1.0,1.0,1.0
62,64,1.0,1.0,1.0,1.0,1.0,1.0,1.0,1.0,0.6,0.6,1.0,1.0,1.0,1.0,1.0,1.0,1.0,1.0
62,128,1.0,1.0,1.0,1.0,1.0,1.0,1.0,1.0,0.7666666666666667,0.7666666666666667,1.0,1.0,1.0,1.0,1.0,1.0,1.0,1.0
62,256,1.0,1.0,1.0,1.0,1.0,1.0,1.0,1.0,0.8,0.8,1.0,1.0,1.0,1.0,1.0,1.0,1.0,1.0
62,512,1.0,1.0,1.0,1.0,1.0,1.0,1.0,1.0,0.9333333333333333,0.9333333333333333,1.0,1.0,1.0,1.0,1.0,1.0,1.0,1.0
63,64,0.13333333333333333,0.7333333333333333,0.1,0.7333333333333333,0.0,0.1,0.0,0.0,0.0,0.0,0.0,0.0,0.0,0.0,0.0,0.0,0.03333333333333333,0.3333333333333333
63,128,0.03333333333333333,0.7,0.03333333333333333,0.7,0.0,0.3,0.0,0.0,0.0,0.0,0.0,0.0,0.0,0.0,0.0,0.0,0.0,0.4666666666666667
63,256,0.03333333333333333,0.9666666666666667,0.03333333333333333,0.9666666666666667,0.0,0.43333333333333335,0.0,0.0,0.0,0.0,0.0,0.4,0.0,0.2,0.0,0.4,0.0,0.6
63,512,0.0,1.0,0.0,1.0,0.0,0.5666666666666667,0.0,0.0,0.0,0.0,0.0,0.8333333333333334,0.0,0.5666666666666667,0.0,0.5666666666666667,0.0,0.8666666666666667
64,64,1.0,0.36666666666666664,1.0,0.36666666666666664,0.2,0.0,0.0,0.0,0.0,0.0,0.13333333333333333,0.0,0.0,0.0,0.13333333333333333,0.0,0.8,0.26666666666666666
64,128,1.0,0.3333333333333333,1.0,0.3333333333333333,0.06666666666666667,0.0,0.0,0.0,0.0,0.0,0.1,0.0,0.0,0.0,0.06666666666666667,0.0,0.5333333333333333,0.03333333333333333
64,256,1.0,0.26666666666666666,0.9333333333333333,0.23333333333333334,0.0,0.0,0.0,0.0,0.0,0.0,0.0,0.0,0.0,0.0,0.0,0.0,0.4,0.0
64,512,1.0,0.26666666666666666,0.9666666666666667,0.26666666666666666,0.0,0.0,0.0,0.0,0.0,0.0,0.03333333333333333,0.0,0.0,0.0,0.0,0.0,0.16666666666666666,0.0
65,64,1.0,0.5666666666666667,0.9,0.5333333333333333,0.13333333333333333,0.06666666666666667,0.0,0.0,0.0,0.0,0.06666666666666667,0.0,0.03333333333333333,0.0,0.06666666666666667,0.0,0.6666666666666666,0.4
65,128,1.0,0.5,0.9333333333333333,0.43333333333333335,0.06666666666666667,0.0,0.0,0.0,0.0,0.0,0.06666666666666667,0.0,0.0,0.0,0.06666666666666667,0.0,0.5,0.23333333333333334
65,256,1.0,0.5666666666666667,1.0,0.5666666666666667,0.0,0.0,0.0,0.0,0.0,0.0,0.0,0.0,0.0,0.0,0.0,0.0,0.3333333333333333,0.16666666666666666
65,512,1.0,0.3333333333333333,1.0,0.3333333333333333,0.0,0.0,0.0,0.0,0.0,0.0,0.0,0.0,0.0,0.0,0.0,0.0,0.16666666666666666,0.0
66,64,1.0,0.6,0.9666666666666667,0.5666666666666667,0.13333333333333333,0.06666666666666667,0.0,0.0,0.0,0.0,0.03333333333333333,0.03333333333333333,0.0,0.0,0.03333333333333333,0.03333333333333333,0.4666666666666667,0.3
66,128,1.0,0.7333333333333333,0.9666666666666667,0.7333333333333333,0.06666666666666667,0.06666666666666667,0.0,0.0,0.0,0.0,0.06666666666666667,0.06666666666666667,0.0,0.0,0.06666666666666667,0.06666666666666667,0.6333333333333333,0.5333333333333333
66,256,1.0,0.9333333333333333,1.0,0.9333333333333333,0.0,0.0,0.0,0.0,0.0,0.0,0.06666666666666667,0.06666666666666667,0.03333333333333333,0.03333333333333333,0.0,0.0,0.5666666666666667,0.5666666666666667
66,512,1.0,0.6333333333333333,0.9666666666666667,0.6333333333333333,0.0,0.0,0.0,0.0,0.0,0.0,0.16666666666666666,0.0,0.0,0.0,0.0,0.0,0.43333333333333335,0.26666666666666666
67,64,1.0,0.5,1.0,0.5,0.1,0.03333333333333333,0.0,0.0,0.0,0.0,0.0,0.0,0.0,0.0,0.0,0.0,0.6,0.26666666666666666
67,128,1.0,0.6666666666666666,1.0,0.6666666666666666,0.0,0.0,0.0,0.0,0.0,0.0,0.0,0.0,0.0,0.0,0.0,0.0,0.5666666666666667,0.4666666666666667
67,256,1.0,0.7666666666666667,0.9666666666666667,0.7333333333333333,0.0,0.0,0.0,0.0,0.0,0.0,0.0,0.0,0.0,0.0,0.0,0.0,0.26666666666666666,0.23333333333333334
67,512,1.0,0.5,1.0,0.5,0.0,0.0,0.0,0.0,0.0,0.0,0.03333333333333333,0.0,0.0,0.0,0.0,0.0,0.26666666666666666,0.0
68,64,1.0,0.7333333333333333,0.9,0.7333333333333333,0.2,0.2,0.0,0.0,0.0,0.0,0.13333333333333333,0.13333333333333333,0.06666666666666667,0.06666666666666667,0.13333333333333333,0.13333333333333333,0.7333333333333333,0.6333333333333333
68,128,1.0,0.8,0.9666666666666667,0.7666666666666667,0.06666666666666667,0.06666666666666667,0.0,0.0,0.0,0.0,0.03333333333333333,0.03333333333333333,0.03333333333333333,0.03333333333333333,0.03333333333333333,0.03333333333333333,0.5666666666666667,0.5666666666666667
68,256,1.0,0.9666666666666667,0.9666666666666667,0.9333333333333333,0.0,0.0,0.0,0.0,0.0,0.0,0.23333333333333334,0.23333333333333334,0.06666666666666667,0.06666666666666667,0.0,0.0,0.6666666666666666,0.6333333333333333
68,512,1.0,0.9333333333333333,1.0,0.9333333333333333,0.0,0.0,0.0,0.0,0.0,0.0,0.23333333333333334,0.16666666666666666,0.06666666666666667,0.0,0.0,0.0,0.6666666666666666,0.6
69,64,1.0,0.7,0.9666666666666667,0.6666666666666666,0.23333333333333334,0.13333333333333333,0.0,0.0,0.0,0.0,0.0,0.0,0.0,0.0,0.0,0.0,0.5333333333333333,0.3333333333333333
69,128,1.0,0.7,0.9666666666666667,0.6666666666666666,0.03333333333333333,0.03333333333333333,0.0,0.0,0.0,0.0,0.03333333333333333,0.03333333333333333,0.0,0.0,0.03333333333333333,0.03333333333333333,0.4666666666666667,0.3333333333333333
69,256,1.0,0.7666666666666667,1.0,0.7666666666666667,0.0,0.0,0.0,0.0,0.0,0.0,0.0,0.0,0.0,0.0,0.0,0.0,0.3333333333333333,0.26666666666666666
69,512,1.0,0.8,1.0,0.8,0.0,0.0,0.0,0.0,0.0,0.0,0.06666666666666667,0.0,0.03333333333333333,0.0,0.0,0.0,0.16666666666666666,0.06666666666666667
70,64,1.0,0.8333333333333334,1.0,0.8333333333333334,0.4666666666666667,0.4666666666666667,0.0,0.0,0.0,0.0,0.2,0.2,0.03333333333333333,0.03333333333333333,0.2,0.2,0.9,0.8333333333333334
70,128,1.0,0.9666666666666667,1.0,0.9666666666666667,0.2,0.2,0.0,0.0,0.0,0.0,0.23333333333333334,0.23333333333333334,0.06666666666666667,0.06666666666666667,0.2,0.2,0.8666666666666667,0.8666666666666667
70,256,1.0,0.9666666666666667,1.0,0.9666666666666667,0.13333333333333333,0.13333333333333333,0.0,0.0,0.0,0.0,0.5333333333333333,0.5333333333333333,0.26666666666666666,0.26666666666666666,0.13333333333333333,0.13333333333333333,0.9,0.9
70,512,1.0,1.0,1.0,1.0,0.06666666666666667,0.06666666666666667,0.0,0.0,0.0,0.0,0.9666666666666667,0.9666666666666667,0.8333333333333334,0.8333333333333334,0.06666666666666667,0.06666666666666667,0.9666666666666667,0.9666666666666667
71,64,1.0,0.4666666666666667,0.9333333333333333,0.43333333333333335,0.13333333333333333,0.06666666666666667,0.0,0.0,0.0,0.0,0.03333333333333333,0.0,0.0,0.0,0.03333333333333333,0.0,0.6,0.26666666666666666
71,128,1.0,0.5333333333333333,0.9,0.4666666666666667,0.06666666666666667,0.0,0.0,0.0,0.0,0.0,0.06666666666666667,0.0,0.03333333333333333,0.0,0.06666666666666667,0.0,0.4,0.16666666666666666
71,256,1.0,0.5,0.9,0.4666666666666667,0.0,0.0,0.0,0.0,0.0,0.0,0.03333333333333333,0.0,0.0,0.0,0.0,0.0,0.26666666666666666,0.06666666666666667
71,512,1.0,0.4666666666666667,0.9666666666666667,0.43333333333333335,0.0,0.0,0.0,0.0,0.0,0.0,0.0,0.0,0.0,0.0,0.0,0.0,0.0,0.0
72,64,1.0,0.5666666666666667,0.9666666666666667,0.5666666666666667,0.13333333333333333,0.1,0.0,0.0,0.0,0.0,0.0,0.0,0.0,0.0,0.0,0.0,0.6,0.43333333333333335
72,128,1.0,0.5666666666666667,1.0,0.5666666666666667,0.06666666666666667,0.0,0.0,0.0,0.0,0.0,0.06666666666666667,0.0,0.0,0.0,0.06666666666666667,0.0,0.4666666666666667,0.26666666666666666
72,256,1.0,0.4666666666666667,0.9333333333333333,0.4666666666666667,0.0,0.0,0.0,0.0,0.0,0.0,0.06666666666666667,0.0,0.0,0.0,0.0,0.0,0.36666666666666664,0.06666666666666667
72,512,1.0,0.4,1.0,0.4,0.0,0.0,0.0,0.0,0.0,0.0,0.03333333333333333,0.0,0.0,0.0,0.0,0.0,0.1,0.0
73,64,0.13333333333333333,0.1,0.13333333333333333,0.06666666666666667,0.06666666666666667,0.0,0.0,0.0,0.0,0.0,0.0,0.0,0.0,0.0,0.0,0.0,0.03333333333333333,0.0
73,128,0.1,0.1,0.06666666666666667,0.1,0.0,0.0,0.0,0.0,0.0,0.0,0.0,0.0,0.0,0.0,0.0,0.0,0.0,0.0
73,256,0.16666666666666666,0.0,0.13333333333333333,0.0,0.0,0.0,0.0,0.0,0.0,0.0,0.0,0.0,0.0,0.0,0.0,0.0,0.0,0.0
73,512,0.0,0.06666666666666667,0.0,0.06666666666666667,0.0,0.0,0.0,0.0,0.0,0.0,0.0,0.0,0.0,0.0,0.0,0.0,0.0,0.0
74,64,0.9,0.4,0.7333333333333333,0.4,0.2,0.2,0.0,0.0,0.0,0.0,0.0,0.0,0.0,0.0,0.0,0.0,0.3,0.23333333333333334
74,128,1.0,0.6333333333333333,1.0,0.6333333333333333,0.13333333333333333,0.1,0.0,0.0,0.0,0.0,0.03333333333333333,0.0,0.0,0.0,0.03333333333333333,0.0,0.26666666666666666,0.13333333333333333
74,256,0.9666666666666667,0.6333333333333333,0.9333333333333333,0.6333333333333333,0.03333333333333333,0.0,0.0,0.0,0.0,0.0,0.03333333333333333,0.0,0.0,0.0,0.03333333333333333,0.0,0.1,0.0
74,512,1.0,0.5333333333333333,0.9666666666666667,0.5,0.0,0.0,0.0,0.0,0.0,0.0,0.0,0.0,0.0,0.0,0.0,0.0,0.0,0.0
75,64,1.0,0.6333333333333333,0.9333333333333333,0.6,0.26666666666666666,0.16666666666666666,0.0,0.0,0.0,0.0,0.1,0.06666666666666667,0.03333333333333333,0.03333333333333333,0.1,0.06666666666666667,0.6,0.4666666666666667
75,128,1.0,0.8,1.0,0.8,0.16666666666666666,0.16666666666666666,0.0,0.0,0.0,0.0,0.13333333333333333,0.13333333333333333,0.0,0.0,0.13333333333333333,0.13333333333333333,0.6666666666666666,0.5666666666666667
75,256,1.0,0.9333333333333333,1.0,0.9333333333333333,0.06666666666666667,0.06666666666666667,0.0,0.0,0.0,0.0,0.1,0.1,0.06666666666666667,0.06666666666666667,0.06666666666666667,0.06666666666666667,0.6333333333333333,0.6333333333333333
75,512,1.0,1.0,1.0,1.0,0.0,0.0,0.0,0.0,0.0,0.0,0.5666666666666667,0.5666666666666667,0.23333333333333334,0.23333333333333334,0.0,0.0,0.8333333333333334,0.8333333333333334
76,64,1.0,0.5,0.9333333333333333,0.4666666666666667,0.13333333333333333,0.03333333333333333,0.0,0.0,0.0,0.0,0.0,0.0,0.0,0.0,0.0,0.0,0.4666666666666667,0.2
76,128,1.0,0.43333333333333335,0.9333333333333333,0.36666666666666664,0.13333333333333333,0.0,0.0,0.0,0.0,0.0,0.03333333333333333,0.0,0.0,0.0,0.03333333333333333,0.0,0.36666666666666664,0.06666666666666667
76,256,1.0,0.26666666666666666,0.9333333333333333,0.23333333333333334,0.0,0.0,0.0,0.0,0.0,0.0,0.0,0.0,0.0,0.0,0.0,0.0,0.2,0.0
76,512,1.0,0.23333333333333334,0.9333333333333333,0.2,0.0,0.0,0.0,0.0,0.0,0.0,0.0,0.0,0.0,0.0,0.0,0.0,0.03333333333333333,0.0
77,64,1.0,0.8666666666666667,0.9333333333333333,0.8,0.5333333333333333,0.5,0.0,0.0,0.0,0.0,0.06666666666666667,0.06666666666666667,0.0,0.0,0.06666666666666667,0.06666666666666667,0.5666666666666667,0.5333333333333333
77,128,1.0,0.9333333333333333,1.0,0.9333333333333333,0.5666666666666667,0.5666666666666667,0.03333333333333333,0.03333333333333333,0.0,0.0,0.2,0.2,0.03333333333333333,0.03333333333333333,0.2,0.2,0.7666666666666667,0.7666666666666667
77,256,1.0,1.0,1.0,1.0,0.8,0.8,0.0,0.0,0.0,0.0,0.7,0.7,0.4,0.4,0.7,0.7,0.9666666666666667,0.9666666666666667
77,512,1.0,1.0,1.0,1.0,0.8666666666666667,0.8666666666666667,0.0,0.0,0.0,0.0,0.9666666666666667,0.9666666666666667,0.9,0.9,0.8666666666666667,0.8666666666666667,0.9666666666666667,0.9666666666666667
78,64,1.0,0.9333333333333333,1.0,0.9333333333333333,0.7,0.7,0.1,0.1,0.0,0.0,0.26666666666666666,0.26666666666666666,0.13333333333333333,0.13333333333333333,0.26666666666666666,0.26666666666666666,0.8,0.8
78,128,1.0,1.0,1.0,1.0,0.7666666666666667,0.7666666666666667,0.0,0.0,0.0,0.0,0.5333333333333333,0.5333333333333333,0.26666666666666666,0.26666666666666666,0.5333333333333333,0.5333333333333333,0.9333333333333333,0.9333333333333333
78,256,1.0,1.0,1.0,1.0,0.9666666666666667,0.9666666666666667,0.0,0.0,0.0,0.0,0.9666666666666667,0.9666666666666667,0.7666666666666667,0.7666666666666667,0.9666666666666667,0.9666666666666667,0.9666666666666667,0.9666666666666667
78,512,1.0,1.0,1.0,1.0,0.9666666666666667,0.9666666666666667,0.0,0.0,0.0,0.0,1.0,1.0,1.0,1.0,0.9666666666666667,0.9666666666666667,1.0,1.0
79,64,1.0,0.9666666666666667,0.9666666666666667,0.9333333333333333,0.6,0.6,0.0,0.0,0.0,0.0,0.13333333333333333,0.13333333333333333,0.03333333333333333,0.03333333333333333,0.13333333333333333,0.13333333333333333,0.8333333333333334,0.8333333333333334
79,128,1.0,0.9666666666666667,0.9666666666666667,0.9666666666666667,0.6,0.6,0.03333333333333333,0.03333333333333333,0.0,0.0,0.36666666666666664,0.36666666666666664,0.13333333333333333,0.13333333333333333,0.36666666666666664,0.36666666666666664,0.8666666666666667,0.8666666666666667
79,256,1.0,1.0,1.0,1.0,0.5333333333333333,0.5333333333333333,0.0,0.0,0.0,0.0,0.7666666666666667,0.7666666666666667,0.4,0.4,0.5333333333333333,0.5333333333333333,0.9,0.9
79,512,1.0,1.0,1.0,1.0,0.2,0.2,0.0,0.0,0.0,0.0,0.9666666666666667,0.9666666666666667,0.7,0.7,0.2,0.2,1.0,1.0
80,64,1.0,0.7333333333333333,0.8,0.5666666666666667,0.26666666666666666,0.16666666666666666,0.0,0.0,0.0,0.0,0.03333333333333333,0.03333333333333333,0.0,0.0,0.03333333333333333,0.03333333333333333,0.4666666666666667,0.3
80,128,1.0,0.7666666666666667,0.9666666666666667,0.7666666666666667,0.16666666666666666,0.16666666666666666,0.0,0.0,0.0,0.0,0.1,0.1,0.0,0.0,0.1,0.1,0.36666666666666664,0.36666666666666664
80,256,1.0,0.7333333333333333,0.9666666666666667,0.7,0.03333333333333333,0.0,0.0,0.0,0.0,0.0,0.06666666666666667,0.03333333333333333,0.03333333333333333,0.0,0.03333333333333333,0.0,0.36666666666666664,0.3
80,512,1.0,0.8666666666666667,1.0,0.8666666666666667,0.0,0.0,0.0,0.0,0.0,0.0,0.0,0.0,0.0,0.0,0.0,0.0,0.2,0.16666666666666666
81,64,0.4,0.2,0.3333333333333333,0.16666666666666666,0.06666666666666667,0.06666666666666667,0.0,0.0,0.0,0.0,0.0,0.0,0.0,0.0,0.0,0.0,0.03333333333333333,0.03333333333333333
81,128,0.6,0.23333333333333334,0.5,0.2,0.03333333333333333,0.0,0.0,0.0,0.0,0.0,0.0,0.0,0.0,0.0,0.0,0.0,0.03333333333333333,0.0
81,256,0.6666666666666666,0.16666666666666666,0.5,0.13333333333333333,0.0,0.0,0.0,0.0,0.0,0.0,0.0,0.0,0.0,0.0,0.0,0.0,0.0,0.0
81,512,0.8333333333333334,0.1,0.7666666666666667,0.06666666666666667,0.0,0.0,0.0,0.0,0.0,0.0,0.0,0.0,0.0,0.0,0.0,0.0,0.0,0.0
82,64,0.3,0.6666666666666666,0.2,0.6666666666666666,0.0,0.26666666666666666,0.0,0.0,0.0,0.0,0.0,0.03333333333333333,0.0,0.0,0.0,0.03333333333333333,0.0,0.3333333333333333
82,128,0.3,0.7,0.23333333333333334,0.7,0.03333333333333333,0.26666666666666666,0.0,0.0,0.0,0.0,0.0,0.1,0.0,0.03333333333333333,0.0,0.1,0.03333333333333333,0.3333333333333333
82,256,0.06666666666666667,0.9333333333333333,0.03333333333333333,0.9333333333333333,0.0,0.2,0.0,0.0,0.0,0.0,0.0,0.06666666666666667,0.0,0.0,0.0,0.06666666666666667,0.0,0.3
82,512,0.0,1.0,0.0,1.0,0.0,0.16666666666666666,0.0,0.0,0.0,0.0,0.0,0.26666666666666666,0.0,0.13333333333333333,0.0,0.16666666666666666,0.0,0.3
83,64,0.6666666666666666,0.3,0.6333333333333333,0.26666666666666666,0.1,0.06666666666666667,0.0,0.0,0.0,0.0,0.0,0.0,0.0,0.0,0.0,0.0,0.1,0.06666666666666667
83,128,0.8333333333333334,0.7,0.8,0.7,0.06666666666666667,0.06666666666666667,0.0,0.0,0.0,0.0,0.0,0.0,0.0,0.0,0.0,0.0,0.13333333333333333,0.13333333333333333
83,256,0.8333333333333334,0.7666666666666667,0.8,0.7333333333333333,0.03333333333333333,0.0,0.0,0.0,0.0,0.0,0.03333333333333333,0.0,0.0,0.0,0.03333333333333333,0.0,0.2,0.16666666666666666
83,512,0.8,0.7333333333333333,0.8,0.7333333333333333,0.0,0.0,0.0,0.0,0.0,0.0,0.0,0.0,0.0,0.0,0.0,0.0,0.0,0.0
84,64,0.9333333333333333,0.6666666666666666,0.8666666666666667,0.6666666666666666,0.2,0.16666666666666666,0.0,0.0,0.0,0.0,0.0,0.0,0.0,0.0,0.0,0.0,0.36666666666666664,0.3333333333333333
84,128,1.0,0.6666666666666666,0.9,0.6333333333333333,0.16666666666666666,0.16666666666666666,0.0,0.0,0.0,0.0,0.0,0.0,0.0,0.0,0.0,0.0,0.26666666666666666,0.23333333333333334
84,256,1.0,0.9333333333333333,0.9666666666666667,0.9,0.1,0.1,0.0,0.0,0.0,0.0,0.03333333333333333,0.03333333333333333,0.03333333333333333,0.03333333333333333,0.03333333333333333,0.03333333333333333,0.26666666666666666,0.26666666666666666
84,512,1.0,0.9666666666666667,1.0,0.9666666666666667,0.06666666666666667,0.06666666666666667,0.0,0.0,0.0,0.0,0.2,0.2,0.03333333333333333,0.03333333333333333,0.06666666666666667,0.06666666666666667,0.2,0.2
85,64,0.9333333333333333,0.03333333333333333,0.8333333333333334,0.0,0.13333333333333333,0.0,0.0,0.0,0.0,0.0,0.0,0.0,0.0,0.0,0.0,0.0,0.13333333333333333,0.0
85,128,1.0,0.0,0.9333333333333333,0.0,0.13333333333333333,0.0,0.0,0.0,0.0,0.0,0.0,0.0,0.0,0.0,0.0,0.0,0.13333333333333333,0.0
85,256,1.0,0.0,0.8333333333333334,0.0,0.0,0.0,0.0,0.0,0.0,0.0,0.0,0.0,0.0,0.0,0.0,0.0,0.03333333333333333,0.0
85,512,1.0,0.0,0.8666666666666667,0.0,0.0,0.0,0.0,0.0,0.0,0.0,0.0,0.0,0.0,0.0,0.0,0.0,0.0,0.0
86,64,1.0,0.4666666666666667,0.9,0.4666666666666667,0.26666666666666666,0.2,0.0,0.0,0.0,0.0,0.0,0.0,0.0,0.0,0.0,0.0,0.4,0.23333333333333334
86,128,1.0,0.43333333333333335,0.8,0.26666666666666666,0.1,0.0,0.0,0.0,0.0,0.0,0.0,0.0,0.0,0.0,0.0,0.0,0.23333333333333334,0.0
86,256,1.0,0.26666666666666666,0.9333333333333333,0.23333333333333334,0.0,0.0,0.0,0.0,0.0,0.0,0.0,0.0,0.0,0.0,0.0,0.0,0.13333333333333333,0.0
86,512,1.0,0.3,1.0,0.3,0.0,0.0,0.0,0.0,0.0,0.0,0.0,0.0,0.0,0.0,0.0,0.0,0.03333333333333333,0.0
87,64,1.0,0.36666666666666664,0.8666666666666667,0.36666666666666664,0.2,0.1,0.0,0.0,0.0,0.0,0.0,0.0,0.0,0.0,0.0,0.0,0.23333333333333334,0.1
87,128,1.0,0.4,0.9333333333333333,0.4,0.0,0.0,0.0,0.0,0.0,0.0,0.0,0.0,0.0,0.0,0.0,0.0,0.1,0.03333333333333333
87,256,1.0,0.5,0.8666666666666667,0.4,0.03333333333333333,0.0,0.0,0.0,0.0,0.0,0.03333333333333333,0.0,0.0,0.0,0.03333333333333333,0.0,0.06666666666666667,0.0
87,512,1.0,0.43333333333333335,0.9666666666666667,0.4,0.0,0.0,0.0,0.0,0.0,0.0,0.0,0.0,0.0,0.0,0.0,0.0,0.0,0.0
88,64,1.0,0.4666666666666667,0.8666666666666667,0.36666666666666664,0.26666666666666666,0.1,0.0,0.0,0.0,0.0,0.0,0.0,0.0,0.0,0.0,0.0,0.5333333333333333,0.23333333333333334
88,128,1.0,0.6666666666666666,0.9666666666666667,0.6333333333333333,0.2,0.2,0.0,0.0,0.0,0.0,0.0,0.0,0.0,0.0,0.0,0.0,0.26666666666666666,0.23333333333333334
88,256,1.0,0.8,1.0,0.8,0.03333333333333333,0.03333333333333333,0.0,0.0,0.0,0.0,0.03333333333333333,0.03333333333333333,0.03333333333333333,0.03333333333333333,0.03333333333333333,0.03333333333333333,0.16666666666666666,0.16666666666666666
88,512,1.0,0.8,0.9666666666666667,0.8,0.03333333333333333,0.0,0.0,0.0,0.0,0.0,0.13333333333333333,0.06666666666666667,0.03333333333333333,0.0,0.03333333333333333,0.0,0.23333333333333334,0.16666666666666666
89,64,1.0,1.0,1.0,1.0,1.0,1.0,1.0,1.0,1.0,1.0,1.0,1.0,1.0,1.0,1.0,1.0,1.0,1.0
89,128,1.0,1.0,1.0,1.0,1.0,1.0,1.0,1.0,1.0,1.0,1.0,1.0,1.0,1.0,1.0,1.0,1.0,1.0
89,256,1.0,1.0,1.0,1.0,1.0,1.0,1.0,1.0,1.0,1.0,1.0,1.0,1.0,1.0,1.0,1.0,1.0,1.0
89,512,1.0,1.0,1.0,1.0,1.0,1.0,1.0,1.0,1.0,1.0,1.0,1.0,1.0,1.0,1.0,1.0,1.0,1.0
90,64,1.0,1.0,1.0,1.0,1.0,1.0,1.0,1.0,1.0,1.0,1.0,1.0,1.0,1.0,1.0,1.0,1.0,1.0
90,128,1.0,1.0,1.0,1.0,1.0,1.0,1.0,1.0,1.0,1.0,1.0,1.0,1.0,1.0,1.0,1.0,1.0,1.0
90,256,1.0,1.0,1.0,1.0,1.0,1.0,1.0,1.0,1.0,1.0,1.0,1.0,1.0,1.0,1.0,1.0,1.0,1.0
90,512,1.0,1.0,1.0,1.0,1.0,1.0,1.0,1.0,1.0,1.0,1.0,1.0,1.0,1.0,1.0,1.0,1.0,1.0
91,64,1.0,1.0,1.0,1.0,1.0,1.0,1.0,1.0,1.0,1.0,1.0,1.0,1.0,1.0,1.0,1.0,1.0,1.0
91,128,1.0,1.0,1.0,1.0,1.0,1.0,1.0,1.0,1.0,1.0,1.0,1.0,1.0,1.0,1.0,1.0,1.0,1.0
91,256,1.0,1.0,1.0,1.0,1.0,1.0,1.0,1.0,1.0,1.0,1.0,1.0,1.0,1.0,1.0,1.0,1.0,1.0
91,512,1.0,1.0,1.0,1.0,1.0,1.0,1.0,1.0,1.0,1.0,1.0,1.0,1.0,1.0,1.0,1.0,1.0,1.0
92,64,1.0,1.0,1.0,1.0,1.0,1.0,1.0,1.0,1.0,1.0,1.0,1.0,1.0,1.0,1.0,1.0,1.0,1.0
92,128,1.0,1.0,1.0,1.0,1.0,1.0,1.0,1.0,1.0,1.0,1.0,1.0,1.0,1.0,1.0,1.0,1.0,1.0
92,256,1.0,1.0,1.0,1.0,1.0,1.0,1.0,1.0,1.0,1.0,1.0,1.0,1.0,1.0,1.0,1.0,1.0,1.0
92,512,1.0,1.0,1.0,1.0,1.0,1.0,1.0,1.0,1.0,1.0,1.0,1.0,1.0,1.0,1.0,1.0,1.0,1.0
93,64,1.0,1.0,1.0,1.0,1.0,1.0,1.0,1.0,1.0,1.0,1.0,1.0,1.0,1.0,1.0,1.0,1.0,1.0
93,128,1.0,1.0,1.0,1.0,1.0,1.0,1.0,1.0,1.0,1.0,1.0,1.0,1.0,1.0,1.0,1.0,1.0,1.0
93,256,1.0,1.0,1.0,1.0,1.0,1.0,1.0,1.0,1.0,1.0,1.0,1.0,1.0,1.0,1.0,1.0,1.0,1.0
93,512,1.0,1.0,1.0,1.0,1.0,1.0,1.0,1.0,1.0,1.0,1.0,1.0,1.0,1.0,1.0,1.0,1.0,1.0
94,64,1.0,1.0,1.0,1.0,1.0,1.0,1.0,1.0,1.0,1.0,1.0,1.0,1.0,1.0,1.0,1.0,1.0,1.0
94,128,1.0,1.0,1.0,1.0,1.0,1.0,1.0,1.0,1.0,1.0,1.0,1.0,1.0,1.0,1.0,1.0,1.0,1.0
94,256,1.0,1.0,1.0,1.0,1.0,1.0,1.0,1.0,1.0,1.0,1.0,1.0,1.0,1.0,1.0,1.0,1.0,1.0
94,512,1.0,1.0,1.0,1.0,1.0,1.0,1.0,1.0,1.0,1.0,1.0,1.0,1.0,1.0,1.0,1.0,1.0,1.0
95,64,1.0,1.0,1.0,1.0,1.0,1.0,1.0,1.0,1.0,1.0,1.0,1.0,1.0,1.0,1.0,1.0,1.0,1.0
95,128,1.0,1.0,1.0,1.0,1.0,1.0,1.0,1.0,1.0,1.0,1.0,1.0,1.0,1.0,1.0,1.0,1.0,1.0
95,256,1.0,1.0,1.0,1.0,1.0,1.0,1.0,1.0,1.0,1.0,1.0,1.0,1.0,1.0,1.0,1.0,1.0,1.0
95,512,1.0,1.0,1.0,1.0,1.0,1.0,1.0,1.0,1.0,1.0,1.0,1.0,1.0,1.0,1.0,1.0,1.0,1.0
96,64,1.0,1.0,1.0,1.0,1.0,1.0,1.0,1.0,1.0,1.0,1.0,1.0,1.0,1.0,1.0,1.0,1.0,1.0
96,128,1.0,1.0,1.0,1.0,1.0,1.0,1.0,1.0,1.0,1.0,1.0,1.0,1.0,1.0,1.0,1.0,1.0,1.0
96,256,1.0,1.0,1.0,1.0,1.0,1.0,1.0,1.0,1.0,1.0,1.0,1.0,1.0,1.0,1.0,1.0,1.0,1.0
96,512,1.0,1.0,1.0,1.0,1.0,1.0,1.0,1.0,1.0,1.0,1.0,1.0,1.0,1.0,1.0,1.0,1.0,1.0
97,64,1.0,1.0,1.0,1.0,1.0,1.0,1.0,1.0,1.0,1.0,1.0,1.0,1.0,1.0,1.0,1.0,1.0,1.0
97,128,1.0,1.0,1.0,1.0,1.0,1.0,1.0,1.0,1.0,1.0,1.0,1.0,1.0,1.0,1.0,1.0,1.0,1.0
97,256,1.0,1.0,1.0,1.0,1.0,1.0,1.0,1.0,1.0,1.0,1.0,1.0,1.0,1.0,1.0,1.0,1.0,1.0
97,512,1.0,1.0,1.0,1.0,1.0,1.0,1.0,1.0,1.0,1.0,1.0,1.0,1.0,1.0,1.0,1.0,1.0,1.0
98,64,1.0,1.0,1.0,1.0,1.0,1.0,1.0,1.0,1.0,1.0,1.0,1.0,1.0,1.0,1.0,1.0,1.0,1.0
98,128,1.0,1.0,1.0,1.0,1.0,1.0,1.0,1.0,1.0,1.0,1.0,1.0,1.0,1.0,1.0,1.0,1.0,1.0
98,256,1.0,1.0,1.0,1.0,1.0,1.0,1.0,1.0,1.0,1.0,1.0,1.0,1.0,1.0,1.0,1.0,1.0,1.0
98,512,1.0,1.0,1.0,1.0,1.0,1.0,1.0,1.0,1.0,1.0,1.0,1.0,1.0,1.0,1.0,1.0,1.0,1.0
99,64,1.0,1.0,1.0,1.0,1.0,1.0,1.0,1.0,1.0,1.0,1.0,1.0,1.0,1.0,1.0,1.0,1.0,1.0
99,128,1.0,1.0,1.0,1.0,1.0,1.0,1.0,1.0,1.0,1.0,1.0,1.0,1.0,1.0,1.0,1.0,1.0,1.0
99,256,1.0,1.0,1.0,1.0,1.0,1.0,1.0,1.0,1.0,1.0,1.0,1.0,1.0,1.0,1.0,1.0,1.0,1.0
99,512,1.0,1.0,1.0,1.0,1.0,1.0,1.0,1.0,1.0,1.0,1.0,1.0,1.0,1.0,1.0,1.0,1.0,1.0
100,64,1.0,1.0,1.0,1.0,1.0,1.0,1.0,1.0,1.0,1.0,1.0,1.0,1.0,1.0,1.0,1.0,1.0,1.0
100,128,1.0,1.0,1.0,1.0,1.0,1.0,1.0,1.0,1.0,1.0,1.0,1.0,1.0,1.0,1.0,1.0,1.0,1.0
100,256,1.0,1.0,1.0,1.0,1.0,1.0,1.0,1.0,1.0,1.0,1.0,1.0,1.0,1.0,1.0,1.0,1.0,1.0
100,512,1.0,1.0,1.0,1.0,1.0,1.0,1.0,1.0,1.0,1.0,1.0,1.0,1.0,1.0,1.0,1.0,1.0,1.0
101,64,1.0,1.0,1.0,1.0,1.0,1.0,1.0,1.0,1.0,1.0,1.0,1.0,1.0,1.0,1.0,1.0,1.0,1.0
101,128,1.0,1.0,1.0,1.0,1.0,1.0,1.0,1.0,1.0,1.0,1.0,1.0,1.0,1.0,1.0,1.0,1.0,1.0
101,256,1.0,1.0,1.0,1.0,1.0,1.0,1.0,1.0,1.0,1.0,1.0,1.0,1.0,1.0,1.0,1.0,1.0,1.0
101,512,1.0,1.0,1.0,1.0,1.0,1.0,1.0,1.0,1.0,1.0,1.0,1.0,1.0,1.0,1.0,1.0,1.0,1.0
102,64,1.0,1.0,1.0,1.0,1.0,1.0,1.0,1.0,1.0,1.0,1.0,1.0,1.0,1.0,1.0,1.0,1.0,1.0
102,128,1.0,1.0,1.0,1.0,1.0,1.0,1.0,1.0,1.0,1.0,1.0,1.0,1.0,1.0,1.0,1.0,1.0,1.0
102,256,1.0,1.0,1.0,1.0,1.0,1.0,1.0,1.0,1.0,1.0,1.0,1.0,1.0,1.0,1.0,1.0,1.0,1.0
102,512,1.0,1.0,1.0,1.0,1.0,1.0,1.0,1.0,1.0,1.0,1.0,1.0,1.0,1.0,1.0,1.0,1.0,1.0
103,64,1.0,1.0,1.0,1.0,1.0,1.0,1.0,1.0,1.0,1.0,1.0,1.0,1.0,1.0,1.0,1.0,1.0,1.0
103,128,1.0,1.0,1.0,1.0,1.0,1.0,1.0,1.0,1.0,1.0,1.0,1.0,1.0,1.0,1.0,1.0,1.0,1.0
103,256,1.0,1.0,1.0,1.0,1.0,1.0,1.0,1.0,1.0,1.0,1.0,1.0,1.0,1.0,1.0,1.0,1.0,1.0
103,512,1.0,1.0,1.0,1.0,1.0,1.0,1.0,1.0,1.0,1.0,1.0,1.0,1.0,1.0,1.0,1.0,1.0,1.0
104,64,1.0,1.0,1.0,1.0,1.0,1.0,1.0,1.0,0.9,0.9,1.0,1.0,1.0,1.0,1.0,1.0,1.0,1.0
104,128,1.0,1.0,1.0,1.0,1.0,1.0,1.0,1.0,0.9333333333333333,0.9333333333333333,1.0,1.0,1.0,1.0,1.0,1.0,1.0,1.0
104,256,1.0,1.0,1.0,1.0,1.0,1.0,1.0,1.0,1.0,1.0,1.0,1.0,1.0,1.0,1.0,1.0,1.0,1.0
104,512,1.0,1.0,1.0,1.0,1.0,1.0,1.0,1.0,1.0,1.0,1.0,1.0,1.0,1.0,1.0,1.0,1.0,1.0
105,64,1.0,1.0,1.0,1.0,1.0,1.0,1.0,1.0,0.5333333333333333,0.5333333333333333,1.0,1.0,1.0,1.0,1.0,1.0,1.0,1.0
105,128,1.0,1.0,1.0,1.0,1.0,1.0,1.0,1.0,0.8666666666666667,0.8666666666666667,1.0,1.0,1.0,1.0,1.0,1.0,1.0,1.0
105,256,1.0,1.0,1.0,1.0,1.0,1.0,1.0,1.0,0.9666666666666667,0.9666666666666667,1.0,1.0,1.0,1.0,1.0,1.0,1.0,1.0
105,512,1.0,1.0,1.0,1.0,1.0,1.0,1.0,1.0,1.0,1.0,1.0,1.0,1.0,1.0,1.0,1.0,1.0,1.0
106,64,1.0,1.0,1.0,1.0,1.0,1.0,1.0,1.0,1.0,1.0,1.0,1.0,1.0,1.0,1.0,1.0,1.0,1.0
106,128,1.0,1.0,1.0,1.0,1.0,1.0,1.0,1.0,1.0,1.0,1.0,1.0,1.0,1.0,1.0,1.0,1.0,1.0
106,256,1.0,1.0,1.0,1.0,1.0,1.0,1.0,1.0,1.0,1.0,1.0,1.0,1.0,1.0,1.0,1.0,1.0,1.0
106,512,1.0,1.0,1.0,1.0,1.0,1.0,1.0,1.0,1.0,1.0,1.0,1.0,1.0,1.0,1.0,1.0,1.0,1.0
107,64,1.0,1.0,1.0,1.0,1.0,1.0,1.0,1.0,1.0,1.0,1.0,1.0,1.0,1.0,1.0,1.0,1.0,1.0
107,128,1.0,1.0,1.0,1.0,1.0,1.0,1.0,1.0,1.0,1.0,1.0,1.0,1.0,1.0,1.0,1.0,1.0,1.0
107,256,1.0,1.0,1.0,1.0,1.0,1.0,1.0,1.0,1.0,1.0,1.0,1.0,1.0,1.0,1.0,1.0,1.0,1.0
107,512,1.0,1.0,1.0,1.0,1.0,1.0,1.0,1.0,1.0,1.0,1.0,1.0,1.0,1.0,1.0,1.0,1.0,1.0
108,64,1.0,1.0,1.0,1.0,1.0,1.0,1.0,1.0,1.0,1.0,1.0,1.0,1.0,1.0,1.0,1.0,1.0,1.0
108,128,1.0,1.0,1.0,1.0,1.0,1.0,1.0,1.0,1.0,1.0,1.0,1.0,1.0,1.0,1.0,1.0,1.0,1.0
108,256,1.0,1.0,1.0,1.0,1.0,1.0,1.0,1.0,1.0,1.0,1.0,1.0,1.0,1.0,1.0,1.0,1.0,1.0
108,512,1.0,1.0,1.0,1.0,1.0,1.0,1.0,1.0,1.0,1.0,1.0,1.0,1.0,1.0,1.0,1.0,1.0,1.0
109,64,1.0,1.0,1.0,1.0,1.0,1.0,1.0,1.0,1.0,1.0,1.0,1.0,1.0,1.0,1.0,1.0,1.0,1.0
109,128,1.0,1.0,1.0,1.0,1.0,1.0,1.0,1.0,1.0,1.0,1.0,1.0,1.0,1.0,1.0,1.0,1.0,1.0
109,256,1.0,1.0,1.0,1.0,1.0,1.0,1.0,1.0,1.0,1.0,1.0,1.0,1.0,1.0,1.0,1.0,1.0,1.0
109,512,1.0,1.0,1.0,1.0,1.0,1.0,1.0,1.0,1.0,1.0,1.0,1.0,1.0,1.0,1.0,1.0,1.0,1.0
110,64,1.0,1.0,1.0,1.0,1.0,1.0,1.0,1.0,1.0,1.0,1.0,1.0,1.0,1.0,1.0,1.0,1.0,1.0
110,128,1.0,1.0,1.0,1.0,1.0,1.0,1.0,1.0,1.0,1.0,1.0,1.0,1.0,1.0,1.0,1.0,1.0,1.0
110,256,1.0,1.0,1.0,1.0,1.0,1.0,1.0,1.0,1.0,1.0,1.0,1.0,1.0,1.0,1.0,1.0,1.0,1.0
110,512,1.0,1.0,1.0,1.0,1.0,1.0,1.0,1.0,1.0,1.0,1.0,1.0,1.0,1.0,1.0,1.0,1.0,1.0
111,64,1.0,1.0,1.0,1.0,1.0,1.0,1.0,1.0,1.0,1.0,1.0,1.0,1.0,1.0,1.0,1.0,1.0,1.0
111,128,1.0,1.0,1.0,1.0,1.0,1.0,1.0,1.0,1.0,1.0,1.0,1.0,1.0,1.0,1.0,1.0,1.0,1.0
111,256,1.0,1.0,1.0,1.0,1.0,1.0,1.0,1.0,1.0,1.0,1.0,1.0,1.0,1.0,1.0,1.0,1.0,1.0
111,512,1.0,1.0,1.0,1.0,1.0,1.0,1.0,1.0,1.0,1.0,1.0,1.0,1.0,1.0,1.0,1.0,1.0,1.0
112,64,0.5666666666666667,0.5666666666666667,0.5666666666666667,0.5666666666666667,0.26666666666666666,0.26666666666666666,0.0,0.0,0.0,0.0,0.0,0.0,0.0,0.0,0.0,0.0,0.3,0.3
112,128,0.5333333333333333,0.5333333333333333,0.5333333333333333,0.5333333333333333,0.1,0.1,0.0,0.0,0.0,0.0,0.0,0.0,0.0,0.0,0.0,0.0,0.16666666666666666,0.16666666666666666
112,256,0.7666666666666667,0.7666666666666667,0.7666666666666667,0.7666666666666667,0.03333333333333333,0.03333333333333333,0.0,0.0,0.0,0.0,0.03333333333333333,0.03333333333333333,0.0,0.0,0.03333333333333333,0.03333333333333333,0.23333333333333334,0.23333333333333334
112,512,0.8333333333333334,0.7666666666666667,0.8333333333333334,0.7666666666666667,0.0,0.0,0.0,0.0,0.0,0.0,0.06666666666666667,0.03333333333333333,0.0,0.0,0.0,0.0,0.13333333333333333,0.06666666666666667
113,64,1.0,1.0,1.0,1.0,1.0,1.0,1.0,1.0,0.26666666666666666,0.26666666666666666,1.0,1.0,1.0,1.0,1.0,1.0,1.0,1.0
113,128,1.0,1.0,1.0,1.0,1.0,1.0,1.0,1.0,0.5333333333333333,0.5333333333333333,1.0,1.0,1.0,1.0,1.0,1.0,1.0,1.0
113,256,1.0,1.0,1.0,1.0,1.0,1.0,1.0,1.0,0.43333333333333335,0.43333333333333335,1.0,1.0,1.0,1.0,1.0,1.0,1.0,1.0
113,512,1.0,1.0,1.0,1.0,1.0,1.0,1.0,1.0,0.26666666666666666,0.26666666666666666,1.0,1.0,1.0,1.0,1.0,1.0,1.0,1.0
114,64,1.0,1.0,1.0,1.0,1.0,1.0,1.0,1.0,0.9,0.9,1.0,1.0,1.0,1.0,1.0,1.0,1.0,1.0
114,128,1.0,1.0,1.0,1.0,1.0,1.0,1.0,1.0,1.0,1.0,1.0,1.0,1.0,1.0,1.0,1.0,1.0,1.0
114,256,1.0,1.0,1.0,1.0,1.0,1.0,1.0,1.0,1.0,1.0,1.0,1.0,1.0,1.0,1.0,1.0,1.0,1.0
114,512,1.0,1.0,1.0,1.0,1.0,1.0,1.0,1.0,1.0,1.0,1.0,1.0,1.0,1.0,1.0,1.0,1.0,1.0
115,64,1.0,1.0,1.0,1.0,1.0,1.0,1.0,1.0,0.9,0.9,1.0,1.0,1.0,1.0,1.0,1.0,1.0,1.0
115,128,1.0,1.0,1.0,1.0,1.0,1.0,1.0,1.0,1.0,1.0,1.0,1.0,1.0,1.0,1.0,1.0,1.0,1.0
115,256,1.0,1.0,1.0,1.0,1.0,1.0,1.0,1.0,1.0,1.0,1.0,1.0,1.0,1.0,1.0,1.0,1.0,1.0
115,512,1.0,1.0,1.0,1.0,1.0,1.0,1.0,1.0,1.0,1.0,1.0,1.0,1.0,1.0,1.0,1.0,1.0,1.0
116,64,1.0,1.0,1.0,1.0,1.0,1.0,1.0,1.0,0.6,0.6,1.0,1.0,1.0,1.0,1.0,1.0,1.0,1.0
116,128,1.0,1.0,1.0,1.0,1.0,1.0,1.0,1.0,0.8,0.8,1.0,1.0,1.0,1.0,1.0,1.0,1.0,1.0
116,256,1.0,1.0,1.0,1.0,1.0,1.0,1.0,1.0,0.9666666666666667,0.9666666666666667,1.0,1.0,1.0,1.0,1.0,1.0,1.0,1.0
116,512,1.0,1.0,1.0,1.0,1.0,1.0,1.0,1.0,1.0,1.0,1.0,1.0,1.0,1.0,1.0,1.0,1.0,1.0
117,64,1.0,1.0,1.0,1.0,1.0,1.0,1.0,1.0,0.5333333333333333,0.5333333333333333,1.0,1.0,1.0,1.0,1.0,1.0,1.0,1.0
117,128,1.0,1.0,1.0,1.0,1.0,1.0,1.0,1.0,0.8,0.8,1.0,1.0,1.0,1.0,1.0,1.0,1.0,1.0
117,256,1.0,1.0,1.0,1.0,1.0,1.0,1.0,1.0,1.0,1.0,1.0,1.0,1.0,1.0,1.0,1.0,1.0,1.0
117,512,1.0,1.0,1.0,1.0,1.0,1.0,1.0,1.0,1.0,1.0,1.0,1.0,1.0,1.0,1.0,1.0,1.0,1.0
118,64,1.0,1.0,1.0,1.0,1.0,1.0,1.0,1.0,0.43333333333333335,0.43333333333333335,1.0,1.0,1.0,1.0,1.0,1.0,1.0,1.0
118,128,1.0,1.0,1.0,1.0,1.0,1.0,1.0,1.0,0.9,0.9,1.0,1.0,1.0,1.0,1.0,1.0,1.0,1.0
118,256,1.0,1.0,1.0,1.0,1.0,1.0,1.0,1.0,1.0,1.0,1.0,1.0,1.0,1.0,1.0,1.0,1.0,1.0
118,512,1.0,1.0,1.0,1.0,1.0,1.0,1.0,1.0,1.0,1.0,1.0,1.0,1.0,1.0,1.0,1.0,1.0,1.0
119,64,1.0,1.0,1.0,1.0,1.0,1.0,0.9666666666666667,0.9666666666666667,0.06666666666666667,0.06666666666666667,1.0,1.0,1.0,1.0,1.0,1.0,1.0,1.0
119,128,1.0,1.0,1.0,1.0,1.0,1.0,1.0,1.0,0.13333333333333333,0.13333333333333333,1.0,1.0,1.0,1.0,1.0,1.0,1.0,1.0
119,256,1.0,1.0,1.0,1.0,1.0,1.0,1.0,1.0,0.06666666666666667,0.06666666666666667,1.0,1.0,1.0,1.0,1.0,1.0,1.0,1.0
119,512,1.0,1.0,1.0,1.0,1.0,1.0,1.0,1.0,0.03333333333333333,0.03333333333333333,1.0,1.0,1.0,1.0,1.0,1.0,1.0,1.0
120,64,1.0,1.0,1.0,1.0,1.0,1.0,1.0,1.0,0.9333333333333333,0.9333333333333333,1.0,1.0,1.0,1.0,1.0,1.0,1.0,1.0
120,128,1.0,1.0,1.0,1.0,1.0,1.0,1.0,1.0,0.9333333333333333,0.9333333333333333,1.0,1.0,1.0,1.0,1.0,1.0,1.0,1.0
120,256,1.0,1.0,1.0,1.0,1.0,1.0,1.0,1.0,1.0,1.0,1.0,1.0,1.0,1.0,1.0,1.0,1.0,1.0
120,512,1.0,1.0,1.0,1.0,1.0,1.0,1.0,1.0,1.0,1.0,1.0,1.0,1.0,1.0,1.0,1.0,1.0,1.0
121,64,1.0,1.0,1.0,1.0,1.0,1.0,1.0,1.0,0.7333333333333333,0.7333333333333333,1.0,1.0,1.0,1.0,1.0,1.0,1.0,1.0
121,128,1.0,1.0,1.0,1.0,1.0,1.0,1.0,1.0,0.8666666666666667,0.8666666666666667,1.0,1.0,1.0,1.0,1.0,1.0,1.0,1.0
121,256,1.0,1.0,1.0,1.0,1.0,1.0,1.0,1.0,1.0,1.0,1.0,1.0,1.0,1.0,1.0,1.0,1.0,1.0
121,512,1.0,1.0,1.0,1.0,1.0,1.0,1.0,1.0,1.0,1.0,1.0,1.0,1.0,1.0,1.0,1.0,1.0,1.0
122,64,1.0,1.0,1.0,1.0,1.0,1.0,1.0,1.0,0.8333333333333334,0.8333333333333334,1.0,1.0,1.0,1.0,1.0,1.0,1.0,1.0
122,128,1.0,1.0,1.0,1.0,1.0,1.0,1.0,1.0,1.0,1.0,1.0,1.0,1.0,1.0,1.0,1.0,1.0,1.0
122,256,1.0,1.0,1.0,1.0,1.0,1.0,1.0,1.0,1.0,1.0,1.0,1.0,1.0,1.0,1.0,1.0,1.0,1.0
122,512,1.0,1.0,1.0,1.0,1.0,1.0,1.0,1.0,1.0,1.0,1.0,1.0,1.0,1.0,1.0,1.0,1.0,1.0
123,64,0.9666666666666667,0.9666666666666667,0.9666666666666667,0.9666666666666667,0.9333333333333333,0.9333333333333333,0.16666666666666666,0.16666666666666666,0.0,0.0,0.3333333333333333,0.3333333333333333,0.1,0.1,0.3333333333333333,0.3333333333333333,0.9666666666666667,0.9666666666666667
123,128,1.0,1.0,1.0,1.0,0.9666666666666667,0.9666666666666667,0.3333333333333333,0.3333333333333333,0.0,0.0,0.9666666666666667,0.9666666666666667,0.7333333333333333,0.7333333333333333,0.9666666666666667,0.9666666666666667,1.0,1.0
123,256,1.0,1.0,1.0,1.0,1.0,1.0,0.6666666666666666,0.6666666666666666,0.0,0.0,1.0,1.0,1.0,1.0,1.0,1.0,1.0,1.0
123,512,1.0,1.0,1.0,1.0,1.0,1.0,0.9666666666666667,0.9666666666666667,0.0,0.0,1.0,1.0,1.0,1.0,1.0,1.0,1.0,1.0
124,64,1.0,1.0,1.0,1.0,1.0,1.0,1.0,1.0,0.0,0.0,1.0,1.0,0.9333333333333333,0.9333333333333333,1.0,1.0,1.0,1.0
124,128,1.0,1.0,1.0,1.0,1.0,1.0,0.9666666666666667,0.9666666666666667,0.0,0.0,1.0,1.0,1.0,1.0,1.0,1.0,1.0,1.0
124,256,1.0,1.0,1.0,1.0,1.0,1.0,1.0,1.0,0.0,0.0,1.0,1.0,1.0,1.0,1.0,1.0,1.0,1.0
124,512,1.0,1.0,1.0,1.0,1.0,1.0,1.0,1.0,0.0,0.0,1.0,1.0,1.0,1.0,1.0,1.0,1.0,1.0
125,64,1.0,1.0,1.0,1.0,1.0,1.0,0.9333333333333333,0.9333333333333333,0.0,0.0,1.0,1.0,0.9333333333333333,0.9333333333333333,1.0,1.0,1.0,1.0
125,128,1.0,1.0,1.0,1.0,1.0,1.0,1.0,1.0,0.03333333333333333,0.03333333333333333,1.0,1.0,1.0,1.0,1.0,1.0,1.0,1.0
125,256,1.0,1.0,1.0,1.0,1.0,1.0,1.0,1.0,0.06666666666666667,0.06666666666666667,1.0,1.0,1.0,1.0,1.0,1.0,1.0,1.0
125,512,1.0,1.0,1.0,1.0,1.0,1.0,1.0,1.0,0.0,0.0,1.0,1.0,1.0,1.0,1.0,1.0,1.0,1.0
126,64,1.0,1.0,1.0,1.0,1.0,1.0,1.0,1.0,0.03333333333333333,0.03333333333333333,1.0,1.0,1.0,1.0,1.0,1.0,1.0,1.0
126,128,1.0,1.0,1.0,1.0,1.0,1.0,1.0,1.0,0.1,0.1,1.0,1.0,1.0,1.0,1.0,1.0,1.0,1.0
126,256,1.0,1.0,1.0,1.0,1.0,1.0,1.0,1.0,0.03333333333333333,0.03333333333333333,1.0,1.0,1.0,1.0,1.0,1.0,1.0,1.0
126,512,1.0,1.0,1.0,1.0,1.0,1.0,1.0,1.0,0.13333333333333333,0.13333333333333333,1.0,1.0,1.0,1.0,1.0,1.0,1.0,1.0
127,64,0.9666666666666667,0.9666666666666667,0.9666666666666667,0.9666666666666667,0.9,0.9,0.43333333333333335,0.43333333333333335,0.0,0.0,0.5333333333333333,0.5333333333333333,0.13333333333333333,0.13333333333333333,0.5333333333333333,0.5333333333333333,0.9333333333333333,0.9333333333333333
127,128,1.0,1.0,1.0,1.0,1.0,1.0,0.6,0.6,0.0,0.0,1.0,1.0,0.9,0.9,1.0,1.0,1.0,1.0
127,256,1.0,1.0,1.0,1.0,1.0,1.0,0.7,0.7,0.0,0.0,1.0,1.0,1.0,1.0,1.0,1.0,1.0,1.0
127,512,1.0,1.0,1.0,1.0,1.0,1.0,0.7666666666666667,0.7666666666666667,0.0,0.0,1.0,1.0,1.0,1.0,1.0,1.0,1.0,1.0
128,64,1.0,1.0,1.0,1.0,1.0,1.0,1.0,1.0,0.23333333333333334,0.23333333333333334,1.0,1.0,1.0,1.0,1.0,1.0,1.0,1.0
128,128,1.0,1.0,1.0,1.0,1.0,1.0,1.0,1.0,0.3333333333333333,0.3333333333333333,1.0,1.0,1.0,1.0,1.0,1.0,1.0,1.0
128,256,1.0,1.0,1.0,1.0,1.0,1.0,1.0,1.0,0.5666666666666667,0.5666666666666667,1.0,1.0,1.0,1.0,1.0,1.0,1.0,1.0
128,512,1.0,1.0,1.0,1.0,1.0,1.0,1.0,1.0,0.9,0.9,1.0,1.0,1.0,1.0,1.0,1.0,1.0,1.0
129,64,1.0,1.0,1.0,1.0,1.0,1.0,1.0,1.0,0.16666666666666666,0.16666666666666666,1.0,1.0,1.0,1.0,1.0,1.0,1.0,1.0
129,128,1.0,1.0,1.0,1.0,1.0,1.0,1.0,1.0,0.13333333333333333,0.13333333333333333,1.0,1.0,1.0,1.0,1.0,1.0,1.0,1.0
129,256,1.0,1.0,1.0,1.0,1.0,1.0,1.0,1.0,0.3333333333333333,0.3333333333333333,1.0,1.0,1.0,1.0,1.0,1.0,1.0,1.0
129,512,1.0,1.0,1.0,1.0,1.0,1.0,1.0,1.0,0.5,0.5,1.0,1.0,1.0,1.0,1.0,1.0,1.0,1.0
130,64,1.0,1.0,1.0,1.0,1.0,1.0,1.0,1.0,0.4,0.4,1.0,1.0,1.0,1.0,1.0,1.0,1.0,1.0
130,128,1.0,1.0,1.0,1.0,1.0,1.0,1.0,1.0,0.4,0.4,1.0,1.0,1.0,1.0,1.0,1.0,1.0,1.0
130,256,1.0,1.0,1.0,1.0,1.0,1.0,1.0,1.0,0.6,0.6,1.0,1.0,1.0,1.0,1.0,1.0,1.0,1.0
130,512,1.0,1.0,1.0,1.0,1.0,1.0,1.0,1.0,0.9333333333333333,0.9333333333333333,1.0,1.0,1.0,1.0,1.0,1.0,1.0,1.0
131,64,0.16666666666666666,0.16666666666666666,0.16666666666666666,0.16666666666666666,0.0,0.0,0.0,0.0,0.0,0.0,0.0,0.0,0.0,0.0,0.0,0.0,0.0,0.0
131,128,0.23333333333333334,0.23333333333333334,0.2,0.2,0.03333333333333333,0.03333333333333333,0.0,0.0,0.0,0.0,0.0,0.0,0.0,0.0,0.0,0.0,0.0,0.0
131,256,0.43333333333333335,0.3333333333333333,0.4,0.3,0.06666666666666667,0.0,0.0,0.0,0.0,0.0,0.0,0.0,0.0,0.0,0.0,0.0,0.0,0.0
131,512,0.7666666666666667,0.4666666666666667,0.7666666666666667,0.4666666666666667,0.0,0.0,0.0,0.0,0.0,0.0,0.0,0.0,0.0,0.0,0.0,0.0,0.0,0.0
132,64,0.06666666666666667,0.16666666666666666,0.06666666666666667,0.13333333333333333,0.03333333333333333,0.0,0.0,0.0,0.0,0.0,0.0,0.0,0.0,0.0,0.0,0.0,0.0,0.0
132,128,0.0,0.2,0.0,0.16666666666666666,0.0,0.0,0.0,0.0,0.0,0.0,0.0,0.0,0.0,0.0,0.0,0.0,0.0,0.0
132,256,0.0,0.43333333333333335,0.0,0.43333333333333335,0.0,0.03333333333333333,0.0,0.0,0.0,0.0,0.0,0.0,0.0,0.0,0.0,0.0,0.0,0.0
132,512,0.0,0.5666666666666667,0.0,0.5666666666666667,0.0,0.03333333333333333,0.0,0.0,0.0,0.0,0.0,0.0,0.0,0.0,0.0,0.0,0.0,0.0
133,64,0.2,0.2,0.13333333333333333,0.13333333333333333,0.1,0.1,0.0,0.0,0.0,0.0,0.0,0.0,0.0,0.0,0.0,0.0,0.03333333333333333,0.03333333333333333
133,128,0.26666666666666666,0.26666666666666666,0.23333333333333334,0.23333333333333334,0.06666666666666667,0.06666666666666667,0.0,0.0,0.0,0.0,0.0,0.0,0.0,0.0,0.0,0.0,0.03333333333333333,0.03333333333333333
133,256,0.5333333333333333,0.5333333333333333,0.43333333333333335,0.43333333333333335,0.03333333333333333,0.03333333333333333,0.0,0.0,0.0,0.0,0.0,0.0,0.0,0.0,0.0,0.0,0.0,0.0
133,512,0.8666666666666667,0.6,0.8666666666666667,0.6,0.1,0.03333333333333333,0.0,0.0,0.0,0.0,0.06666666666666667,0.0,0.0,0.0,0.06666666666666667,0.0,0.0,0.0
134,64,0.4666666666666667,0.4666666666666667,0.3,0.3,0.06666666666666667,0.06666666666666667,0.0,0.0,0.0,0.0,0.0,0.0,0.0,0.0,0.0,0.0,0.03333333333333333,0.03333333333333333
134,128,0.4666666666666667,0.4666666666666667,0.36666666666666664,0.36666666666666664,0.13333333333333333,0.13333333333333333,0.0,0.0,0.0,0.0,0.0,0.0,0.0,0.0,0.0,0.0,0.03333333333333333,0.03333333333333333
134,256,0.8,0.8,0.7666666666666667,0.7666666666666667,0.23333333333333334,0.23333333333333334,0.0,0.0,0.0,0.0,0.0,0.0,0.0,0.0,0.0,0.0,0.0,0.0
134,512,0.9666666666666667,0.9666666666666667,0.9666666666666667,0.9666666666666667,0.3,0.3,0.0,0.0,0.0,0.0,0.06666666666666667,0.06666666666666667,0.0,0.0,0.06666666666666667,0.06666666666666667,0.0,0.0
135,64,0.13333333333333333,0.13333333333333333,0.06666666666666667,0.06666666666666667,0.03333333333333333,0.03333333333333333,0.0,0.0,0.0,0.0,0.0,0.0,0.0,0.0,0.0,0.0,0.0,0.0
135,128,0.1,0.1,0.1,0.1,0.0,0.0,0.0,0.0,0.0,0.0,0.0,0.0,0.0,0.0,0.0,0.0,0.0,0.0
135,256,0.4666666666666667,0.3333333333333333,0.4,0.26666666666666666,0.06666666666666667,0.0,0.0,0.0,0.0,0.0,0.0,0.0,0.0,0.0,0.0,0.0,0.0,0.0
135,512,0.7666666666666667,0.5333333333333333,0.7333333333333333,0.5,0.06666666666666667,0.0,0.0,0.0,0.0,0.0,0.0,0.0,0.0,0.0,0.0,0.0,0.0,0.0
136,64,0.0,0.16666666666666666,0.0,0.1,0.0,0.06666666666666667,0.0,0.0,0.0,0.0,0.0,0.0,0.0,0.0,0.0,0.0,0.0,0.0
136,128,0.06666666666666667,0.13333333333333333,0.0,0.13333333333333333,0.0,0.03333333333333333,0.0,0.0,0.0,0.0,0.0,0.0,0.0,0.0,0.0,0.0,0.0,0.0
136,256,0.0,0.23333333333333334,0.0,0.23333333333333334,0.0,0.0,0.0,0.0,0.0,0.0,0.0,0.0,0.0,0.0,0.0,0.0,0.0,0.0
136,512,0.0,0.23333333333333334,0.0,0.23333333333333334,0.0,0.0,0.0,0.0,0.0,0.0,0.0,0.0,0.0,0.0,0.0,0.0,0.0,0.0
137,64,0.9333333333333333,0.9333333333333333,0.9333333333333333,0.9333333333333333,0.6666666666666666,0.6666666666666666,0.06666666666666667,0.06666666666666667,0.0,0.0,0.03333333333333333,0.03333333333333333,0.0,0.0,0.03333333333333333,0.03333333333333333,0.5,0.5
137,128,1.0,1.0,1.0,1.0,0.7666666666666667,0.7666666666666667,0.06666666666666667,0.06666666666666667,0.0,0.0,0.13333333333333333,0.13333333333333333,0.0,0.0,0.13333333333333333,0.13333333333333333,0.4666666666666667,0.4666666666666667
137,256,1.0,1.0,1.0,1.0,1.0,1.0,0.26666666666666666,0.26666666666666666,0.0,0.0,0.9,0.9,0.6666666666666666,0.6666666666666666,0.9,0.9,0.9,0.9
137,512,1.0,1.0,1.0,1.0,1.0,1.0,0.1,0.1,0.0,0.0,1.0,1.0,1.0,1.0,1.0,1.0,1.0,1.0
138,64,0.5,0.5,0.43333333333333335,0.43333333333333335,0.16666666666666666,0.16666666666666666,0.0,0.0,0.0,0.0,0.0,0.0,0.0,0.0,0.0,0.0,0.03333333333333333,0.03333333333333333
138,128,0.7666666666666667,0.7666666666666667,0.7666666666666667,0.7666666666666667,0.3,0.3,0.0,0.0,0.0,0.0,0.0,0.0,0.0,0.0,0.0,0.0,0.2,0.2
138,256,0.9333333333333333,0.9333333333333333,0.9333333333333333,0.9333333333333333,0.5666666666666667,0.5666666666666667,0.0,0.0,0.0,0.0,0.0,0.0,0.0,0.0,0.0,0.0,0.03333333333333333,0.03333333333333333
138,512,1.0,0.9666666666666667,1.0,0.9666666666666667,0.5666666666666667,0.5333333333333333,0.0,0.0,0.0,0.0,0.36666666666666664,0.3333333333333333,0.06666666666666667,0.03333333333333333,0.36666666666666664,0.3333333333333333,0.06666666666666667,0.03333333333333333
139,64,0.9,0.9,0.8666666666666667,0.8666666666666667,0.6333333333333333,0.6333333333333333,0.1,0.1,0.0,0.0,0.03333333333333333,0.03333333333333333,0.0,0.0,0.03333333333333333,0.03333333333333333,0.5666666666666667,0.5666666666666667
139,128,1.0,1.0,1.0,1.0,0.9,0.9,0.1,0.1,0.0,0.0,0.16666666666666666,0.16666666666666666,0.03333333333333333,0.03333333333333333,0.16666666666666666,0.16666666666666666,0.7,0.7
139,256,1.0,1.0,1.0,1.0,1.0,1.0,0.06666666666666667,0.06666666666666667,0.0,0.0,0.9333333333333333,0.9333333333333333,0.6666666666666666,0.6666666666666666,0.9333333333333333,0.9333333333333333,0.9666666666666667,0.9666666666666667
139,512,1.0,1.0,1.0,1.0,1.0,1.0,0.3,0.3,0.0,0.0,1.0,1.0,1.0,1.0,1.0,1.0,1.0,1.0
140,64,0.0,0.26666666666666666,0.0,0.2,0.0,0.0,0.0,0.0,0.0,0.0,0.0,0.0,0.0,0.0,0.0,0.0,0.0,0.0
140,128,0.0,0.1,0.0,0.03333333333333333,0.0,0.0,0.0,0.0,0.0,0.0,0.0,0.0,0.0,0.0,0.0,0.0,0.0,0.0
140,256,0.0,0.06666666666666667,0.0,0.06666666666666667,0.0,0.0,0.0,0.0,0.0,0.0,0.0,0.0,0.0,0.0,0.0,0.0,0.0,0.0
140,512,0.0,0.1,0.0,0.1,0.0,0.0,0.0,0.0,0.0,0.0,0.0,0.0,0.0,0.0,0.0,0.0,0.0,0.0
141,64,0.0,0.06666666666666667,0.0,0.0,0.0,0.0,0.0,0.0,0.0,0.0,0.0,0.0,0.0,0.0,0.0,0.0,0.0,0.0
141,128,0.03333333333333333,0.0,0.03333333333333333,0.0,0.0,0.0,0.0,0.0,0.0,0.0,0.0,0.0,0.0,0.0,0.0,0.0,0.0,0.0
141,256,0.0,0.0,0.0,0.0,0.0,0.0,0.0,0.0,0.0,0.0,0.0,0.0,0.0,0.0,0.0,0.0,0.0,0.0
141,512,0.0,0.0,0.0,0.0,0.0,0.0,0.0,0.0,0.0,0.0,0.0,0.0,0.0,0.0,0.0,0.0,0.0,0.0
142,64,0.0,0.03333333333333333,0.0,0.0,0.0,0.0,0.0,0.0,0.0,0.0,0.0,0.0,0.0,0.0,0.0,0.0,0.0,0.0
142,128,0.0,0.1,0.0,0.03333333333333333,0.0,0.0,0.0,0.0,0.0,0.0,0.0,0.0,0.0,0.0,0.0,0.0,0.0,0.0
142,256,0.0,0.03333333333333333,0.0,0.03333333333333333,0.0,0.0,0.0,0.0,0.0,0.0,0.0,0.0,0.0,0.0,0.0,0.0,0.0,0.0
142,512,0.0,0.03333333333333333,0.0,0.03333333333333333,0.0,0.0,0.0,0.0,0.0,0.0,0.0,0.0,0.0,0.0,0.0,0.0,0.0,0.0
143,64,0.03333333333333333,0.0,0.03333333333333333,0.0,0.0,0.0,0.0,0.0,0.0,0.0,0.0,0.0,0.0,0.0,0.0,0.0,0.0,0.0
143,128,0.03333333333333333,0.0,0.0,0.0,0.0,0.0,0.0,0.0,0.0,0.0,0.0,0.0,0.0,0.0,0.0,0.0,0.0,0.0
143,256,0.03333333333333333,0.0,0.03333333333333333,0.0,0.0,0.0,0.0,0.0,0.0,0.0,0.0,0.0,0.0,0.0,0.0,0.0,0.0,0.0
143,512,0.0,0.0,0.0,0.0,0.0,0.0,0.0,0.0,0.0,0.0,0.0,0.0,0.0,0.0,0.0,0.0,0.0,0.0
144,64,0.0,0.0,0.0,0.0,0.0,0.0,0.0,0.0,0.0,0.0,0.0,0.0,0.0,0.0,0.0,0.0,0.0,0.0
144,128,0.0,0.03333333333333333,0.0,0.0,0.0,0.0,0.0,0.0,0.0,0.0,0.0,0.0,0.0,0.0,0.0,0.0,0.0,0.0
144,256,0.0,0.0,0.0,0.0,0.0,0.0,0.0,0.0,0.0,0.0,0.0,0.0,0.0,0.0,0.0,0.0,0.0,0.0
144,512,0.0,0.0,0.0,0.0,0.0,0.0,0.0,0.0,0.0,0.0,0.0,0.0,0.0,0.0,0.0,0.0,0.0,0.0
145,64,0.03333333333333333,0.0,0.0,0.0,0.0,0.0,0.0,0.0,0.0,0.0,0.0,0.0,0.0,0.0,0.0,0.0,0.0,0.0
145,128,0.0,0.0,0.0,0.0,0.0,0.0,0.0,0.0,0.0,0.0,0.0,0.0,0.0,0.0,0.0,0.0,0.0,0.0
145,256,0.06666666666666667,0.0,0.03333333333333333,0.0,0.0,0.0,0.0,0.0,0.0,0.0,0.0,0.0,0.0,0.0,0.0,0.0,0.0,0.0
145,512,0.0,0.0,0.0,0.0,0.0,0.0,0.0,0.0,0.0,0.0,0.0,0.0,0.0,0.0,0.0,0.0,0.0,0.0
146,64,0.0,0.0,0.0,0.0,0.0,0.0,0.0,0.0,0.0,0.0,0.0,0.0,0.0,0.0,0.0,0.0,0.0,0.0
146,128,0.0,0.03333333333333333,0.0,0.03333333333333333,0.0,0.0,0.0,0.0,0.0,0.0,0.0,0.0,0.0,0.0,0.0,0.0,0.0,0.0
146,256,0.0,0.0,0.0,0.0,0.0,0.0,0.0,0.0,0.0,0.0,0.0,0.0,0.0,0.0,0.0,0.0,0.0,0.0
146,512,0.0,0.0,0.0,0.0,0.0,0.0,0.0,0.0,0.0,0.0,0.0,0.0,0.0,0.0,0.0,0.0,0.0,0.0
147,64,0.0,0.0,0.0,0.0,0.0,0.0,0.0,0.0,0.0,0.0,0.0,0.0,0.0,0.0,0.0,0.0,0.0,0.0
147,128,0.0,0.0,0.0,0.0,0.0,0.0,0.0,0.0,0.0,0.0,0.0,0.0,0.0,0.0,0.0,0.0,0.0,0.0
147,256,0.0,0.0,0.0,0.0,0.0,0.0,0.0,0.0,0.0,0.0,0.0,0.0,0.0,0.0,0.0,0.0,0.0,0.0
147,512,0.06666666666666667,0.0,0.06666666666666667,0.0,0.0,0.0,0.0,0.0,0.0,0.0,0.0,0.0,0.0,0.0,0.0,0.0,0.0,0.0
148,64,0.0,0.03333333333333333,0.0,0.0,0.0,0.0,0.0,0.0,0.0,0.0,0.0,0.0,0.0,0.0,0.0,0.0,0.0,0.0
148,128,0.03333333333333333,0.16666666666666666,0.0,0.03333333333333333,0.0,0.0,0.0,0.0,0.0,0.0,0.0,0.0,0.0,0.0,0.0,0.0,0.0,0.0
148,256,0.03333333333333333,0.06666666666666667,0.0,0.03333333333333333,0.0,0.0,0.0,0.0,0.0,0.0,0.0,0.0,0.0,0.0,0.0,0.0,0.0,0.0
148,512,0.03333333333333333,0.03333333333333333,0.0,0.0,0.0,0.0,0.0,0.0,0.0,0.0,0.0,0.0,0.0,0.0,0.0,0.0,0.0,0.0
149,64,0.0,0.03333333333333333,0.0,0.0,0.0,0.0,0.0,0.0,0.0,0.0,0.0,0.0,0.0,0.0,0.0,0.0,0.0,0.0
149,128,0.0,0.03333333333333333,0.0,0.0,0.0,0.0,0.0,0.0,0.0,0.0,0.0,0.0,0.0,0.0,0.0,0.0,0.0,0.0
149,256,0.0,0.13333333333333333,0.0,0.1,0.0,0.0,0.0,0.0,0.0,0.0,0.0,0.0,0.0,0.0,0.0,0.0,0.0,0.0
149,512,0.0,0.03333333333333333,0.0,0.0,0.0,0.0,0.0,0.0,0.0,0.0,0.0,0.0,0.0,0.0,0.0,0.0,0.0,0.0
150,64,0.03333333333333333,0.0,0.03333333333333333,0.0,0.03333333333333333,0.0,0.0,0.0,0.0,0.0,0.0,0.0,0.0,0.0,0.0,0.0,0.0,0.0
150,128,0.0,0.0,0.0,0.0,0.0,0.0,0.0,0.0,0.0,0.0,0.0,0.0,0.0,0.0,0.0,0.0,0.0,0.0
150,256,0.0,0.0,0.0,0.0,0.0,0.0,0.0,0.0,0.0,0.0,0.0,0.0,0.0,0.0,0.0,0.0,0.0,0.0
150,512,0.0,0.0,0.0,0.0,0.0,0.0,0.0,0.0,0.0,0.0,0.0,0.0,0.0,0.0,0.0,0.0,0.0,0.0
151,64,0.0,0.0,0.0,0.0,0.0,0.0,0.0,0.0,0.0,0.0,0.0,0.0,0.0,0.0,0.0,0.0,0.0,0.0
151,128,0.0,0.0,0.0,0.0,0.0,0.0,0.0,0.0,0.0,0.0,0.0,0.0,0.0,0.0,0.0,0.0,0.0,0.0
151,256,0.0,0.0,0.0,0.0,0.0,0.0,0.0,0.0,0.0,0.0,0.0,0.0,0.0,0.0,0.0,0.0,0.0,0.0
151,512,0.0,0.0,0.0,0.0,0.0,0.0,0.0,0.0,0.0,0.0,0.0,0.0,0.0,0.0,0.0,0.0,0.0,0.0
152,64,0.0,0.0,0.0,0.0,0.0,0.0,0.0,0.0,0.0,0.0,0.0,0.0,0.0,0.0,0.0,0.0,0.0,0.0
152,128,0.0,0.0,0.0,0.0,0.0,0.0,0.0,0.0,0.0,0.0,0.0,0.0,0.0,0.0,0.0,0.0,0.0,0.0
152,256,0.0,0.0,0.0,0.0,0.0,0.0,0.0,0.0,0.0,0.0,0.0,0.0,0.0,0.0,0.0,0.0,0.0,0.0
152,512,0.0,0.0,0.0,0.0,0.0,0.0,0.0,0.0,0.0,0.0,0.0,0.0,0.0,0.0,0.0,0.0,0.0,0.0
153,64,0.0,0.0,0.0,0.0,0.0,0.0,0.0,0.0,0.0,0.0,0.0,0.0,0.0,0.0,0.0,0.0,0.0,0.0
153,128,0.0,0.0,0.0,0.0,0.0,0.0,0.0,0.0,0.0,0.0,0.0,0.0,0.0,0.0,0.0,0.0,0.0,0.0
153,256,0.0,0.0,0.0,0.0,0.0,0.0,0.0,0.0,0.0,0.0,0.0,0.0,0.0,0.0,0.0,0.0,0.0,0.0
153,512,0.0,0.0,0.0,0.0,0.0,0.0,0.0,0.0,0.0,0.0,0.0,0.0,0.0,0.0,0.0,0.0,0.0,0.0
154,64,0.0,0.0,0.0,0.0,0.0,0.0,0.0,0.0,0.0,0.0,0.0,0.0,0.0,0.0,0.0,0.0,0.0,0.0
154,128,0.0,0.0,0.0,0.0,0.0,0.0,0.0,0.0,0.0,0.0,0.0,0.0,0.0,0.0,0.0,0.0,0.0,0.0
154,256,0.0,0.0,0.0,0.0,0.0,0.0,0.0,0.0,0.0,0.0,0.0,0.0,0.0,0.0,0.0,0.0,0.0,0.0
154,512,0.0,0.0,0.0,0.0,0.0,0.0,0.0,0.0,0.0,0.0,0.0,0.0,0.0,0.0,0.0,0.0,0.0,0.0
155,64,0.0,0.0,0.0,0.0,0.0,0.0,0.0,0.0,0.0,0.0,0.0,0.0,0.0,0.0,0.0,0.0,0.0,0.0
155,128,0.0,0.0,0.0,0.0,0.0,0.0,0.0,0.0,0.0,0.0,0.0,0.0,0.0,0.0,0.0,0.0,0.0,0.0
155,256,0.0,0.0,0.0,0.0,0.0,0.0,0.0,0.0,0.0,0.0,0.0,0.0,0.0,0.0,0.0,0.0,0.0,0.0
155,512,0.0,0.0,0.0,0.0,0.0,0.0,0.0,0.0,0.0,0.0,0.0,0.0,0.0,0.0,0.0,0.0,0.0,0.0
156,64,0.0,0.0,0.0,0.0,0.0,0.0,0.0,0.0,0.0,0.0,0.0,0.0,0.0,0.0,0.0,0.0,0.0,0.0
156,128,0.0,0.0,0.0,0.0,0.0,0.0,0.0,0.0,0.0,0.0,0.0,0.0,0.0,0.0,0.0,0.0,0.0,0.0
156,256,0.0,0.0,0.0,0.0,0.0,0.0,0.0,0.0,0.0,0.0,0.0,0.0,0.0,0.0,0.0,0.0,0.0,0.0
156,512,0.0,0.0,0.0,0.0,0.0,0.0,0.0,0.0,0.0,0.0,0.0,0.0,0.0,0.0,0.0,0.0,0.0,0.0
157,64,0.03333333333333333,0.0,0.0,0.0,0.0,0.0,0.0,0.0,0.0,0.0,0.0,0.0,0.0,0.0,0.0,0.0,0.0,0.0
157,128,0.0,0.0,0.0,0.0,0.0,0.0,0.0,0.0,0.0,0.0,0.0,0.0,0.0,0.0,0.0,0.0,0.0,0.0
157,256,0.0,0.0,0.0,0.0,0.0,0.0,0.0,0.0,0.0,0.0,0.0,0.0,0.0,0.0,0.0,0.0,0.0,0.0
157,512,0.0,0.0,0.0,0.0,0.0,0.0,0.0,0.0,0.0,0.0,0.0,0.0,0.0,0.0,0.0,0.0,0.0,0.0
158,64,0.0,0.0,0.0,0.0,0.0,0.0,0.0,0.0,0.0,0.0,0.0,0.0,0.0,0.0,0.0,0.0,0.0,0.0
158,128,0.0,0.03333333333333333,0.0,0.0,0.0,0.0,0.0,0.0,0.0,0.0,0.0,0.0,0.0,0.0,0.0,0.0,0.0,0.0
158,256,0.0,0.0,0.0,0.0,0.0,0.0,0.0,0.0,0.0,0.0,0.0,0.0,0.0,0.0,0.0,0.0,0.0,0.0
158,512,0.0,0.0,0.0,0.0,0.0,0.0,0.0,0.0,0.0,0.0,0.0,0.0,0.0,0.0,0.0,0.0,0.0,0.0
159,64,0.0,0.0,0.0,0.0,0.0,0.0,0.0,0.0,0.0,0.0,0.0,0.0,0.0,0.0,0.0,0.0,0.0,0.0
159,128,0.0,0.0,0.0,0.0,0.0,0.0,0.0,0.0,0.0,0.0,0.0,0.0,0.0,0.0,0.0,0.0,0.0,0.0
159,256,0.0,0.0,0.0,0.0,0.0,0.0,0.0,0.0,0.0,0.0,0.0,0.0,0.0,0.0,0.0,0.0,0.0,0.0
159,512,0.0,0.0,0.0,0.0,0.0,0.0,0.0,0.0,0.0,0.0,0.0,0.0,0.0,0.0,0.0,0.0,0.0,0.0
160,64,0.0,0.0,0.0,0.0,0.0,0.0,0.0,0.0,0.0,0.0,0.0,0.0,0.0,0.0,0.0,0.0,0.0,0.0
160,128,0.0,0.0,0.0,0.0,0.0,0.0,0.0,0.0,0.0,0.0,0.0,0.0,0.0,0.0,0.0,0.0,0.0,0.0
160,256,0.0,0.0,0.0,0.0,0.0,0.0,0.0,0.0,0.0,0.0,0.0,0.0,0.0,0.0,0.0,0.0,0.0,0.0
160,512,0.0,0.0,0.0,0.0,0.0,0.0,0.0,0.0,0.0,0.0,0.0,0.0,0.0,0.0,0.0,0.0,0.0,0.0
161,64,0.36666666666666664,0.6333333333333333,0.26666666666666666,0.5666666666666667,0.03333333333333333,0.16666666666666666,0.0,0.0,0.0,0.0,0.0,0.0,0.0,0.0,0.0,0.0,0.03333333333333333,0.3333333333333333
161,128,0.13333333333333333,0.8666666666666667,0.13333333333333333,0.8666666666666667,0.0,0.3333333333333333,0.0,0.0,0.0,0.0,0.0,0.03333333333333333,0.0,0.0,0.0,0.03333333333333333,0.03333333333333333,0.5666666666666667
161,256,0.03333333333333333,0.9666666666666667,0.0,0.9666666666666667,0.0,0.06666666666666667,0.0,0.0,0.0,0.0,0.0,0.06666666666666667,0.0,0.06666666666666667,0.0,0.06666666666666667,0.0,0.5666666666666667
161,512,0.03333333333333333,0.9666666666666667,0.03333333333333333,0.9666666666666667,0.0,0.06666666666666667,0.0,0.0,0.0,0.0,0.0,0.5333333333333333,0.0,0.1,0.0,0.06666666666666667,0.0,0.6
162,64,1.0,0.6666666666666666,1.0,0.6666666666666666,0.13333333333333333,0.03333333333333333,0.0,0.0,0.0,0.0,0.0,0.0,0.0,0.0,0.0,0.0,0.7,0.4666666666666667
162,128,1.0,0.36666666666666664,0.9666666666666667,0.36666666666666664,0.06666666666666667,0.0,0.0,0.0,0.0,0.0,0.06666666666666667,0.0,0.03333333333333333,0.0,0.06666666666666667,0.0,0.4666666666666667,0.16666666666666666
162,256,1.0,0.3333333333333333,0.9666666666666667,0.3,0.0,0.0,0.0,0.0,0.0,0.0,0.0,0.0,0.0,0.0,0.0,0.0,0.23333333333333334,0.0
162,512,1.0,0.4,0.9666666666666667,0.36666666666666664,0.0,0.0,0.0,0.0,0.0,0.0,0.0,0.0,0.0,0.0,0.0,0.0,0.03333333333333333,0.0
163,64,1.0,0.8,0.9333333333333333,0.8,0.3,0.3,0.0,0.0,0.0,0.0,0.2,0.2,0.1,0.1,0.2,0.2,0.8,0.7333333333333333
163,128,1.0,0.9333333333333333,0.9666666666666667,0.9,0.16666666666666666,0.16666666666666666,0.0,0.0,0.0,0.0,0.16666666666666666,0.16666666666666666,0.03333333333333333,0.03333333333333333,0.16666666666666666,0.16666666666666666,0.5666666666666667,0.5333333333333333
163,256,1.0,1.0,1.0,1.0,0.1,0.1,0.0,0.0,0.0,0.0,0.43333333333333335,0.43333333333333335,0.23333333333333334,0.23333333333333334,0.1,0.1,0.9333333333333333,0.9333333333333333
163,512,1.0,1.0,1.0,1.0,0.0,0.0,0.0,0.0,0.0,0.0,0.8,0.8,0.43333333333333335,0.43333333333333335,0.0,0.0,0.9666666666666667,0.9666666666666667
164,64,1.0,0.8,1.0,0.8,0.16666666666666666,0.16666666666666666,0.0,0.0,0.0,0.0,0.03333333333333333,0.03333333333333333,0.0,0.0,0.03333333333333333,0.03333333333333333,0.7666666666666667,0.7
164,128,1.0,0.9666666666666667,0.9333333333333333,0.9,0.23333333333333334,0.23333333333333334,0.0,0.0,0.0,0.0,0.26666666666666666,0.26666666666666666,0.13333333333333333,0.13333333333333333,0.23333333333333334,0.23333333333333334,0.8,0.7666666666666667
164,256,1.0,0.9,1.0,0.9,0.03333333333333333,0.03333333333333333,0.0,0.0,0.0,0.0,0.3,0.3,0.06666666666666667,0.06666666666666667,0.03333333333333333,0.03333333333333333,0.8,0.8
164,512,1.0,1.0,1.0,1.0,0.0,0.0,0.0,0.0,0.0,0.0,0.6,0.6,0.16666666666666666,0.16666666666666666,0.0,0.0,0.9333333333333333,0.9333333333333333
165,64,1.0,0.7666666666666667,0.9333333333333333,0.7333333333333333,0.1,0.06666666666666667,0.0,0.0,0.0,0.0,0.0,0.0,0.0,0.0,0.0,0.0,0.8,0.6
165,128,1.0,0.7666666666666667,1.0,0.7666666666666667,0.03333333333333333,0.03333333333333333,0.0,0.0,0.0,0.0,0.0,0.0,0.0,0.0,0.0,0.0,0.5,0.4
165,256,1.0,0.7333333333333333,0.9666666666666667,0.7333333333333333,0.0,0.0,0.0,0.0,0.0,0.0,0.06666666666666667,0.06666666666666667,0.0,0.0,0.0,0.0,0.5666666666666667,0.4666666666666667
165,512,1.0,0.7333333333333333,1.0,0.7333333333333333,0.0,0.0,0.0,0.0,0.0,0.0,0.1,0.0,0.0,0.0,0.0,0.0,0.36666666666666664,0.23333333333333334
166,64,1.0,0.7,0.9,0.6,0.1,0.06666666666666667,0.0,0.0,0.0,0.0,0.0,0.0,0.0,0.0,0.0,0.0,0.6,0.43333333333333335
166,128,1.0,0.8666666666666667,0.9666666666666667,0.8666666666666667,0.2,0.2,0.0,0.0,0.0,0.0,0.2,0.2,0.03333333333333333,0.03333333333333333,0.2,0.2,0.8333333333333334,0.8
166,256,1.0,1.0,1.0,1.0,0.03333333333333333,0.03333333333333333,0.0,0.0,0.0,0.0,0.23333333333333334,0.23333333333333334,0.06666666666666667,0.06666666666666667,0.03333333333333333,0.03333333333333333,0.7666666666666667,0.7666666666666667
166,512,1.0,1.0,1.0,1.0,0.0,0.0,0.0,0.0,0.0,0.0,0.6333333333333333,0.6333333333333333,0.16666666666666666,0.16666666666666666,0.0,0.0,0.8333333333333334,0.8333333333333334
167,64,1.0,0.43333333333333335,0.8333333333333334,0.3,0.16666666666666666,0.0,0.0,0.0,0.0,0.0,0.0,0.0,0.0,0.0,0.0,0.0,0.5666666666666667,0.1
167,128,1.0,0.23333333333333334,0.9666666666666667,0.2,0.03333333333333333,0.0,0.0,0.0,0.0,0.0,0.03333333333333333,0.0,0.0,0.0,0.03333333333333333,0.0,0.43333333333333335,0.0
167,256,1.0,0.2,1.0,0.2,0.0,0.0,0.0,0.0,0.0,0.0,0.0,0.0,0.0,0.0,0.0,0.0,0.2,0.0
167,512,1.0,0.1,0.9666666666666667,0.06666666666666667,0.0,0.0,0.0,0.0,0.0,0.0,0.0,0.0,0.0,0.0,0.0,0.0,0.03333333333333333,0.0
168,64,1.0,0.6,0.9333333333333333,0.5666666666666667,0.16666666666666666,0.1,0.0,0.0,0.0,0.0,0.03333333333333333,0.03333333333333333,0.03333333333333333,0.03333333333333333,0.03333333333333333,0.03333333333333333,0.5666666666666667,0.4
168,128,1.0,0.8666666666666667,0.9333333333333333,0.8333333333333334,0.03333333333333333,0.03333333333333333,0.0,0.0,0.0,0.0,0.03333333333333333,0.03333333333333333,0.03333333333333333,0.03333333333333333,0.03333333333333333,0.03333333333333333,0.6,0.6
168,256,1.0,0.7666666666666667,1.0,0.7666666666666667,0.0,0.0,0.0,0.0,0.0,0.0,0.06666666666666667,0.06666666666666667,0.0,0.0,0.0,0.0,0.4666666666666667,0.43333333333333335
168,512,1.0,0.9333333333333333,0.9666666666666667,0.9,0.0,0.0,0.0,0.0,0.0,0.0,0.03333333333333333,0.0,0.0,0.0,0.0,0.0,0.36666666666666664,0.3333333333333333
169,64,1.0,0.8333333333333334,0.9666666666666667,0.8333333333333334,0.26666666666666666,0.26666666666666666,0.0,0.0,0.0,0.0,0.13333333333333333,0.13333333333333333,0.03333333333333333,0.03333333333333333,0.13333333333333333,0.13333333333333333,0.7,0.6666666666666666
169,128,1.0,0.9,0.9666666666666667,0.8666666666666667,0.13333333333333333,0.13333333333333333,0.0,0.0,0.0,0.0,0.1,0.1,0.0,0.0,0.1,0.1,0.8,0.7333333333333333
169,256,1.0,0.9666666666666667,1.0,0.9666666666666667,0.03333333333333333,0.03333333333333333,0.0,0.0,0.0,0.0,0.43333333333333335,0.43333333333333335,0.06666666666666667,0.06666666666666667,0.03333333333333333,0.03333333333333333,0.8666666666666667,0.8666666666666667
169,512,1.0,1.0,1.0,1.0,0.0,0.0,0.0,0.0,0.0,0.0,0.7333333333333333,0.7333333333333333,0.5,0.5,0.0,0.0,1.0,1.0
170,64,1.0,0.6666666666666666,0.9666666666666667,0.6333333333333333,0.1,0.06666666666666667,0.0,0.0,0.0,0.0,0.03333333333333333,0.03333333333333333,0.0,0.0,0.03333333333333333,0.03333333333333333,0.5,0.36666666666666664
170,128,1.0,0.6,0.9333333333333333,0.5333333333333333,0.03333333333333333,0.03333333333333333,0.0,0.0,0.0,0.0,0.03333333333333333,0.03333333333333333,0.0,0.0,0.03333333333333333,0.03333333333333333,0.5333333333333333,0.3333333333333333
170,256,1.0,0.8,0.9333333333333333,0.7666666666666667,0.0,0.0,0.0,0.0,0.0,0.0,0.1,0.1,0.0,0.0,0.0,0.0,0.5,0.5
170,512,1.0,0.9333333333333333,1.0,0.9333333333333333,0.0,0.0,0.0,0.0,0.0,0.0,0.1,0.06666666666666667,0.03333333333333333,0.0,0.0,0.0,0.43333333333333335,0.4
171,64,1.0,0.7,0.9333333333333333,0.6666666666666666,0.36666666666666664,0.3,0.0,0.0,0.0,0.0,0.13333333333333333,0.13333333333333333,0.0,0.0,0.13333333333333333,0.13333333333333333,0.5333333333333333,0.4
171,128,1.0,0.8333333333333334,0.9666666666666667,0.8,0.13333333333333333,0.13333333333333333,0.0,0.0,0.0,0.0,0.03333333333333333,0.03333333333333333,0.0,0.0,0.03333333333333333,0.03333333333333333,0.5333333333333333,0.5
171,256,1.0,0.8666666666666667,1.0,0.8666666666666667,0.16666666666666666,0.16666666666666666,0.0,0.0,0.0,0.0,0.2,0.2,0.06666666666666667,0.06666666666666667,0.16666666666666666,0.16666666666666666,0.43333333333333335,0.43333333333333335
171,512,1.0,0.9333333333333333,1.0,0.9333333333333333,0.0,0.0,0.0,0.0,0.0,0.0,0.16666666666666666,0.1,0.06666666666666667,0.0,0.0,0.0,0.4,0.3333333333333333
172,64,1.0,0.8333333333333334,0.9666666666666667,0.8333333333333334,0.2,0.2,0.0,0.0,0.0,0.0,0.03333333333333333,0.03333333333333333,0.03333333333333333,0.03333333333333333,0.03333333333333333,0.03333333333333333,0.7666666666666667,0.7
172,128,1.0,0.9666666666666667,1.0,0.9666666666666667,0.16666666666666666,0.16666666666666666,0.0,0.0,0.0,0.0,0.16666666666666666,0.16666666666666666,0.13333333333333333,0.13333333333333333,0.16666666666666666,0.16666666666666666,0.6666666666666666,0.6666666666666666
172,256,1.0,0.9666666666666667,1.0,0.9666666666666667,0.03333333333333333,0.03333333333333333,0.0,0.0,0.0,0.0,0.26666666666666666,0.26666666666666666,0.1,0.1,0.03333333333333333,0.03333333333333333,0.8,0.8
172,512,1.0,1.0,1.0,1.0,0.0,0.0,0.0,0.0,0.0,0.0,0.5666666666666667,0.5666666666666667,0.23333333333333334,0.23333333333333334,0.0,0.0,0.8,0.8
173,64,1.0,0.6666666666666666,0.8666666666666667,0.5666666666666667,0.13333333333333333,0.1,0.0,0.0,0.0,0.0,0.03333333333333333,0.03333333333333333,0.0,0.0,0.03333333333333333,0.03333333333333333,0.5,0.36666666666666664
173,128,1.0,0.7666666666666667,1.0,0.7666666666666667,0.0,0.0,0.0,0.0,0.0,0.0,0.0,0.0,0.0,0.0,0.0,0.0,0.4666666666666667,0.43333333333333335
173,256,1.0,0.8333333333333334,1.0,0.8333333333333334,0.0,0.0,0.0,0.0,0.0,0.0,0.0,0.0,0.0,0.0,0.0,0.0,0.3333333333333333,0.3
173,512,1.0,0.7333333333333333,1.0,0.7333333333333333,0.0,0.0,0.0,0.0,0.0,0.0,0.03333333333333333,0.0,0.0,0.0,0.0,0.0,0.23333333333333334,0.13333333333333333
174,64,1.0,0.6333333333333333,0.9,0.6333333333333333,0.2,0.16666666666666666,0.0,0.0,0.0,0.0,0.1,0.1,0.0,0.0,0.1,0.1,0.5333333333333333,0.4666666666666667
174,128,1.0,0.8333333333333334,1.0,0.8333333333333334,0.13333333333333333,0.13333333333333333,0.0,0.0,0.0,0.0,0.13333333333333333,0.13333333333333333,0.06666666666666667,0.06666666666666667,0.13333333333333333,0.13333333333333333,0.6,0.5666666666666667
174,256,1.0,0.9,0.9666666666666667,0.9,0.03333333333333333,0.03333333333333333,0.0,0.0,0.0,0.0,0.26666666666666666,0.26666666666666666,0.06666666666666667,0.06666666666666667,0.03333333333333333,0.03333333333333333,0.6,0.6
174,512,1.0,0.9666666666666667,1.0,0.9666666666666667,0.0,0.0,0.0,0.0,0.0,0.0,0.36666666666666664,0.3333333333333333,0.16666666666666666,0.13333333333333333,0.0,0.0,0.6666666666666666,0.6333333333333333
175,64,0.7333333333333333,0.43333333333333335,0.6,0.3,0.1,0.03333333333333333,0.0,0.0,0.0,0.0,0.03333333333333333,0.03333333333333333,0.0,0.0,0.03333333333333333,0.03333333333333333,0.2,0.1
175,128,0.7666666666666667,0.6333333333333333,0.7666666666666667,0.6333333333333333,0.06666666666666667,0.06666666666666667,0.0,0.0,0.0,0.0,0.0,0.0,0.0,0.0,0.0,0.0,0.2,0.2
175,256,0.9666666666666667,0.8,0.9333333333333333,0.8,0.06666666666666667,0.06666666666666667,0.0,0.0,0.0,0.0,0.0,0.0,0.0,0.0,0.0,0.0,0.2,0.2
175,512,1.0,0.8,0.9666666666666667,0.7666666666666667,0.0,0.0,0.0,0.0,0.0,0.0,0.0,0.0,0.0,0.0,0.0,0.0,0.0,0.0
176,64,1.0,0.5333333333333333,0.9666666666666667,0.5,0.2,0.13333333333333333,0.0,0.0,0.0,0.0,0.06666666666666667,0.06666666666666667,0.0,0.0,0.06666666666666667,0.06666666666666667,0.6333333333333333,0.36666666666666664
176,128,1.0,0.43333333333333335,0.9666666666666667,0.43333333333333335,0.03333333333333333,0.0,0.0,0.0,0.0,0.0,0.06666666666666667,0.0,0.0,0.0,0.03333333333333333,0.0,0.5333333333333333,0.23333333333333334
176,256,1.0,0.3333333333333333,0.9666666666666667,0.3333333333333333,0.03333333333333333,0.0,0.0,0.0,0.0,0.0,0.06666666666666667,0.0,0.03333333333333333,0.0,0.03333333333333333,0.0,0.4666666666666667,0.13333333333333333
176,512,1.0,0.5333333333333333,1.0,0.5333333333333333,0.0,0.0,0.0,0.0,0.0,0.0,0.0,0.0,0.0,0.0,0.0,0.0,0.13333333333333333,0.0
177,64,1.0,0.23333333333333334,0.9666666666666667,0.23333333333333334,0.03333333333333333,0.0,0.0,0.0,0.0,0.0,0.0,0.0,0.0,0.0,0.0,0.0,0.5333333333333333,0.13333333333333333
177,128,1.0,0.36666666666666664,0.9666666666666667,0.3333333333333333,0.0,0.0,0.0,0.0,0.0,0.0,0.0,0.0,0.0,0.0,0.0,0.0,0.6,0.13333333333333333
177,256,1.0,0.3,0.9666666666666667,0.26666666666666666,0.0,0.0,0.0,0.0,0.0,0.0,0.0,0.0,0.0,0.0,0.0,0.0,0.36666666666666664,0.0
177,512,1.0,0.5,1.0,0.5,0.0,0.0,0.0,0.0,0.0,0.0,0.03333333333333333,0.0,0.0,0.0,0.0,0.0,0.13333333333333333,0.0
178,64,1.0,0.6666666666666666,0.9333333333333333,0.6333333333333333,0.1,0.06666666666666667,0.0,0.0,0.0,0.0,0.03333333333333333,0.03333333333333333,0.0,0.0,0.03333333333333333,0.03333333333333333,0.43333333333333335,0.3
178,128,1.0,0.6666666666666666,1.0,0.6666666666666666,0.0,0.0,0.0,0.0,0.0,0.0,0.0,0.0,0.0,0.0,0.0,0.0,0.43333333333333335,0.3
178,256,1.0,0.7666666666666667,1.0,0.7666666666666667,0.0,0.0,0.0,0.0,0.0,0.0,0.03333333333333333,0.03333333333333333,0.0,0.0,0.0,0.0,0.26666666666666666,0.26666666666666666
178,512,1.0,0.7666666666666667,0.9666666666666667,0.7666666666666667,0.0,0.0,0.0,0.0,0.0,0.0,0.2,0.1,0.03333333333333333,0.0,0.0,0.0,0.5333333333333333,0.43333333333333335
179,64,1.0,0.6,1.0,0.6,0.3,0.16666666666666666,0.0,0.0,0.0,0.0,0.03333333333333333,0.03333333333333333,0.0,0.0,0.03333333333333333,0.03333333333333333,0.6666666666666666,0.36666666666666664
179,128,1.0,0.6,0.9666666666666667,0.5666666666666667,0.03333333333333333,0.0,0.0,0.0,0.0,0.0,0.03333333333333333,0.0,0.03333333333333333,0.0,0.03333333333333333,0.0,0.5333333333333333,0.3333333333333333
179,256,1.0,0.9333333333333333,0.9666666666666667,0.9,0.0,0.0,0.0,0.0,0.0,0.0,0.0,0.0,0.0,0.0,0.0,0.0,0.4666666666666667,0.4666666666666667
179,512,1.0,0.8,1.0,0.8,0.0,0.0,0.0,0.0,0.0,0.0,0.06666666666666667,0.0,0.03333333333333333,0.0,0.0,0.0,0.2,0.13333333333333333
180,64,1.0,0.7666666666666667,1.0,0.7666666666666667,0.23333333333333334,0.2,0.0,0.0,0.0,0.0,0.06666666666666667,0.06666666666666667,0.03333333333333333,0.03333333333333333,0.06666666666666667,0.06666666666666667,0.7333333333333333,0.5333333333333333
180,128,1.0,0.7333333333333333,0.9,0.6666666666666666,0.13333333333333333,0.13333333333333333,0.0,0.0,0.0,0.0,0.13333333333333333,0.13333333333333333,0.0,0.0,0.13333333333333333,0.13333333333333333,0.6333333333333333,0.5
180,256,1.0,0.6333333333333333,0.9666666666666667,0.6333333333333333,0.03333333333333333,0.0,0.0,0.0,0.0,0.0,0.06666666666666667,0.03333333333333333,0.03333333333333333,0.0,0.03333333333333333,0.0,0.4,0.3333333333333333
180,512,1.0,0.8333333333333334,0.9666666666666667,0.8333333333333334,0.0,0.0,0.0,0.0,0.0,0.0,0.06666666666666667,0.0,0.0,0.0,0.0,0.0,0.4,0.3333333333333333
181,64,0.0,0.7333333333333333,0.0,0.6666666666666666,0.0,0.43333333333333335,0.0,0.0,0.0,0.0,0.0,0.2,0.0,0.03333333333333333,0.0,0.2,0.0,0.43333333333333335
181,128,0.0,0.9333333333333333,0.0,0.9333333333333333,0.0,0.43333333333333335,0.0,0.0,0.0,0.0,0.0,0.3,0.0,0.1,0.0,0.3,0.0,0.8
181,256,0.0,1.0,0.0,1.0,0.0,0.4666666666666667,0.0,0.0,0.0,0.0,0.0,0.6333333333333333,0.0,0.3333333333333333,0.0,0.4666666666666667,0.0,0.9333333333333333
181,512,0.0,1.0,0.0,1.0,0.0,0.3333333333333333,0.0,0.0,0.0,0.0,0.0,1.0,0.0,0.7666666666666667,0.0,0.3333333333333333,0.0,1.0
182,64,0.13333333333333333,0.36666666666666664,0.13333333333333333,0.3333333333333333,0.0,0.13333333333333333,0.0,0.0,0.0,0.0,0.0,0.0,0.0,0.0,0.0,0.0,0.0,0.23333333333333334
182,128,0.16666666666666666,0.5666666666666667,0.1,0.5333333333333333,0.0,0.03333333333333333,0.0,0.0,0.0,0.0,0.0,0.0,0.0,0.0,0.0,0.0,0.0,0.1
182,256,0.03333333333333333,0.8,0.03333333333333333,0.8,0.0,0.03333333333333333,0.0,0.0,0.0,0.0,0.0,0.0,0.0,0.0,0.0,0.0,0.0,0.16666666666666666
182,512,0.0,0.9333333333333333,0.0,0.9333333333333333,0.0,0.0,0.0,0.0,0.0,0.0,0.0,0.16666666666666666,0.0,0.0,0.0,0.0,0.0,0.16666666666666666
183,64,0.23333333333333334,0.5666666666666667,0.16666666666666666,0.5333333333333333,0.0,0.03333333333333333,0.0,0.0,0.0,0.0,0.0,0.0,0.0,0.0,0.0,0.0,0.03333333333333333,0.13333333333333333
183,128,0.03333333333333333,0.8333333333333334,0.03333333333333333,0.8333333333333334,0.0,0.16666666666666666,0.0,0.0,0.0,0.0,0.0,0.0,0.0,0.0,0.0,0.0,0.0,0.43333333333333335
183,256,0.0,0.9333333333333333,0.0,0.9333333333333333,0.0,0.2,0.0,0.0,0.0,0.0,0.0,0.13333333333333333,0.0,0.03333333333333333,0.0,0.13333333333333333,0.0,0.36666666666666664
183,512,0.0,1.0,0.0,1.0,0.0,0.13333333333333333,0.0,0.0,0.0,0.0,0.0,0.5,0.0,0.13333333333333333,0.0,0.13333333333333333,0.0,0.6
184,64,0.23333333333333334,0.16666666666666666,0.13333333333333333,0.13333333333333333,0.03333333333333333,0.0,0.0,0.0,0.0,0.0,0.0,0.0,0.0,0.0,0.0,0.0,0.06666666666666667,0.06666666666666667
184,128,0.06666666666666667,0.5333333333333333,0.06666666666666667,0.5333333333333333,0.0,0.06666666666666667,0.0,0.0,0.0,0.0,0.0,0.0,0.0,0.0,0.0,0.0,0.0,0.23333333333333334
184,256,0.0,0.8,0.0,0.7666666666666667,0.0,0.0,0.0,0.0,0.0,0.0,0.0,0.0,0.0,0.0,0.0,0.0,0.0,0.13333333333333333
184,512,0.0,0.8333333333333334,0.0,0.8,0.0,0.0,0.0,0.0,0.0,0.0,0.0,0.0,0.0,0.0,0.0,0.0,0.0,0.0
185,64,0.0,0.7,0.0,0.7,0.0,0.2,0.0,0.0,0.0,0.0,0.0,0.0,0.0,0.0,0.0,0.0,0.0,0.43333333333333335
185,128,0.0,0.7333333333333333,0.0,0.6666666666666666,0.0,0.1,0.0,0.0,0.0,0.0,0.0,0.06666666666666667,0.0,0.03333333333333333,0.0,0.06666666666666667,0.0,0.4
185,256,0.0,0.9,0.0,0.9,0.0,0.1,0.0,0.0,0.0,0.0,0.0,0.16666666666666666,0.0,0.1,0.0,0.1,0.0,0.43333333333333335
185,512,0.0,1.0,0.0,1.0,0.0,0.03333333333333333,0.0,0.0,0.0,0.0,0.0,0.4,0.0,0.13333333333333333,0.0,0.03333333333333333,0.0,0.5666666666666667
186,64,0.03333333333333333,0.9666666666666667,0.0,0.9666666666666667,0.0,0.8,0.0,0.03333333333333333,0.0,0.0,0.0,0.4666666666666667,0.0,0.16666666666666666,0.0,0.4666666666666667,0.0,0.9333333333333333
186,128,0.0,1.0,0.0,1.0,0.0,0.8666666666666667,0.0,0.03333333333333333,0.0,0.0,0.0,0.7,0.0,0.43333333333333335,0.0,0.7,0.0,1.0
186,256,0.0,1.0,0.0,1.0,0.0,1.0,0.0,0.03333333333333333,0.0,0.0,0.0,1.0,0.0,0.9666666666666667,0.0,1.0,0.0,1.0
186,512,0.0,1.0,0.0,1.0,0.0,1.0,0.0,0.0,0.0,0.0,0.0,1.0,0.0,1.0,0.0,1.0,0.0,1.0
187,64,0.03333333333333333,0.8666666666666667,0.0,0.7666666666666667,0.0,0.3,0.0,0.0,0.0,0.0,0.0,0.0,0.0,0.0,0.0,0.0,0.0,0.43333333333333335
187,128,0.0,0.7666666666666667,0.0,0.7666666666666667,0.0,0.23333333333333334,0.0,0.0,0.0,0.0,0.0,0.06666666666666667,0.0,0.0,0.0,0.06666666666666667,0.0,0.5
187,256,0.0,0.9,0.0,0.9,0.0,0.06666666666666667,0.0,0.0,0.0,0.0,0.0,0.1,0.0,0.0,0.0,0.06666666666666667,0.0,0.43333333333333335
187,512,0.0,1.0,0.0,1.0,0.0,0.0,0.0,0.0,0.0,0.0,0.0,0.1,0.0,0.0,0.0,0.0,0.0,0.26666666666666666
188,64,0.9666666666666667,0.9333333333333333,0.9666666666666667,0.9333333333333333,0.5333333333333333,0.5333333333333333,0.0,0.0,0.0,0.0,0.1,0.1,0.03333333333333333,0.03333333333333333,0.1,0.1,0.7,0.7
188,128,1.0,0.9333333333333333,0.9666666666666667,0.9,0.6666666666666666,0.6666666666666666,0.0,0.0,0.0,0.0,0.4666666666666667,0.4666666666666667,0.2,0.2,0.4666666666666667,0.4666666666666667,0.8,0.8
188,256,1.0,1.0,1.0,1.0,0.4666666666666667,0.4666666666666667,0.0,0.0,0.0,0.0,0.5333333333333333,0.5333333333333333,0.2,0.2,0.4666666666666667,0.4666666666666667,0.8666666666666667,0.8666666666666667
188,512,1.0,1.0,1.0,1.0,0.6333333333333333,0.6333333333333333,0.0,0.0,0.0,0.0,0.9,0.9,0.8666666666666667,0.8666666666666667,0.6333333333333333,0.6333333333333333,0.9666666666666667,0.9666666666666667
189,64,1.0,0.9666666666666667,1.0,0.9666666666666667,0.6333333333333333,0.6333333333333333,0.0,0.0,0.0,0.0,0.06666666666666667,0.06666666666666667,0.0,0.0,0.06666666666666667,0.06666666666666667,0.8,0.7666666666666667
189,128,1.0,0.9666666666666667,1.0,0.9666666666666667,0.5,0.5,0.0,0.0,0.0,0.0,0.3,0.3,0.1,0.1,0.3,0.3,0.8333333333333334,0.8333333333333334
189,256,1.0,1.0,1.0,1.0,0.5333333333333333,0.5333333333333333,0.0,0.0,0.0,0.0,0.7,0.7,0.36666666666666664,0.36666666666666664,0.5333333333333333,0.5333333333333333,0.9333333333333333,0.9333333333333333
189,512,1.0,1.0,1.0,1.0,0.6666666666666666,0.6666666666666666,0.0,0.0,0.0,0.0,1.0,1.0,0.8,0.8,0.6666666666666666,0.6666666666666666,1.0,1.0
190,64,0.5666666666666667,0.5333333333333333,0.5333333333333333,0.5333333333333333,0.1,0.1,0.0,0.0,0.0,0.0,0.0,0.0,0.0,0.0,0.0,0.0,0.23333333333333334,0.23333333333333334
190,128,0.8333333333333334,0.8333333333333334,0.7666666666666667,0.7666666666666667,0.16666666666666666,0.16666666666666666,0.0,0.0,0.0,0.0,0.03333333333333333,0.03333333333333333,0.0,0.0,0.03333333333333333,0.03333333333333333,0.3333333333333333,0.3333333333333333
190,256,1.0,1.0,0.9333333333333333,0.9333333333333333,0.1,0.1,0.0,0.0,0.0,0.0,0.06666666666666667,0.06666666666666667,0.0,0.0,0.06666666666666667,0.06666666666666667,0.3333333333333333,0.3333333333333333
190,512,1.0,1.0,1.0,1.0,0.03333333333333333,0.03333333333333333,0.0,0.0,0.0,0.0,0.23333333333333334,0.23333333333333334,0.03333333333333333,0.03333333333333333,0.03333333333333333,0.03333333333333333,0.26666666666666666,0.26666666666666666
191,64,0.3,0.13333333333333333,0.23333333333333334,0.13333333333333333,0.06666666666666667,0.0,0.0,0.0,0.0,0.0,0.0,0.0,0.0,0.0,0.0,0.0,0.06666666666666667,0.0
191,128,0.3333333333333333,0.16666666666666666,0.3,0.16666666666666666,0.03333333333333333,0.0,0.0,0.0,0.0,0.0,0.0,0.0,0.0,0.0,0.0,0.0,0.03333333333333333,0.0
191,256,0.5666666666666667,0.1,0.5333333333333333,0.1,0.0,0.0,0.0,0.0,0.0,0.0,0.0,0.0,0.0,0.0,0.0,0.0,0.0,0.0
191,512,0.3333333333333333,0.1,0.3,0.1,0.0,0.0,0.0,0.0,0.0,0.0,0.0,0.0,0.0,0.0,0.0,0.0,0.0,0.0
192,64,0.0,1.0,0.0,1.0,0.0,0.7333333333333333,0.0,0.03333333333333333,0.0,0.0,0.0,0.23333333333333334,0.0,0.06666666666666667,0.0,0.23333333333333334,0.0,0.9
192,128,0.0,1.0,0.0,1.0,0.0,0.9,0.0,0.0,0.0,0.0,0.0,0.8666666666666667,0.0,0.4666666666666667,0.0,0.8666666666666667,0.0,0.9666666666666667
192,256,0.0,1.0,0.0,1.0,0.0,1.0,0.0,0.0,0.0,0.0,0.0,1.0,0.0,0.8333333333333334,0.0,1.0,0.0,1.0
192,512,0.0,1.0,0.0,1.0,0.0,1.0,0.0,0.0,0.0,0.0,0.0,1.0,0.0,1.0,0.0,1.0,0.0,1.0
193,64,0.43333333333333335,0.1,0.43333333333333335,0.06666666666666667,0.16666666666666666,0.0,0.0,0.0,0.0,0.0,0.0,0.0,0.0,0.0,0.0,0.0,0.23333333333333334,0.0
193,128,0.6666666666666666,0.03333333333333333,0.5666666666666667,0.03333333333333333,0.0,0.0,0.0,0.0,0.0,0.0,0.0,0.0,0.0,0.0,0.0,0.0,0.13333333333333333,0.0
193,256,0.4,0.13333333333333333,0.4,0.06666666666666667,0.0,0.0,0.0,0.0,0.0,0.0,0.0,0.0,0.0,0.0,0.0,0.0,0.03333333333333333,0.0
193,512,0.4,0.0,0.36666666666666664,0.0,0.0,0.0,0.0,0.0,0.0,0.0,0.0,0.0,0.0,0.0,0.0,0.0,0.0,0.0
194,64,0.0,0.6,0.0,0.5666666666666667,0.0,0.13333333333333333,0.0,0.0,0.0,0.0,0.0,0.0,0.0,0.0,0.0,0.0,0.0,0.23333333333333334
194,128,0.0,0.7666666666666667,0.0,0.6666666666666666,0.0,0.03333333333333333,0.0,0.0,0.0,0.0,0.0,0.0,0.0,0.0,0.0,0.0,0.0,0.2
194,256,0.0,0.9333333333333333,0.0,0.9333333333333333,0.0,0.1,0.0,0.0,0.0,0.0,0.0,0.06666666666666667,0.0,0.0,0.0,0.06666666666666667,0.0,0.3333333333333333
194,512,0.0,1.0,0.0,1.0,0.0,0.0,0.0,0.0,0.0,0.0,0.0,0.16666666666666666,0.0,0.0,0.0,0.0,0.0,0.4
195,64,0.1,0.6666666666666666,0.06666666666666667,0.6666666666666666,0.06666666666666667,0.26666666666666666,0.0,0.0,0.0,0.0,0.0,0.0,0.0,0.0,0.0,0.0,0.06666666666666667,0.36666666666666664
195,128,0.1,0.9,0.06666666666666667,0.8666666666666667,0.0,0.2,0.0,0.0,0.0,0.0,0.0,0.03333333333333333,0.0,0.0,0.0,0.03333333333333333,0.0,0.4666666666666667
195,256,0.06666666666666667,0.8666666666666667,0.0,0.8666666666666667,0.0,0.1,0.0,0.0,0.0,0.0,0.0,0.13333333333333333,0.0,0.03333333333333333,0.0,0.1,0.0,0.36666666666666664
195,512,0.0,1.0,0.0,1.0,0.0,0.03333333333333333,0.0,0.0,0.0,0.0,0.0,0.5,0.0,0.1,0.0,0.03333333333333333,0.0,0.6666666666666666
196,64,0.03333333333333333,0.3333333333333333,0.0,0.3333333333333333,0.0,0.03333333333333333,0.0,0.0,0.0,0.0,0.0,0.0,0.0,0.0,0.0,0.0,0.0,0.06666666666666667
196,128,0.0,0.3,0.0,0.3,0.0,0.0,0.0,0.0,0.0,0.0,0.0,0.0,0.0,0.0,0.0,0.0,0.0,0.0
196,256,0.0,0.26666666666666666,0.0,0.26666666666666666,0.0,0.0,0.0,0.0,0.0,0.0,0.0,0.0,0.0,0.0,0.0,0.0,0.0,0.0
196,512,0.0,0.5,0.0,0.5,0.0,0.0,0.0,0.0,0.0,0.0,0.0,0.0,0.0,0.0,0.0,0.0,0.0,0.0
197,64,0.0,0.6,0.0,0.5666666666666667,0.0,0.13333333333333333,0.0,0.0,0.0,0.0,0.0,0.06666666666666667,0.0,0.03333333333333333,0.0,0.06666666666666667,0.0,0.26666666666666666
197,128,0.0,0.7333333333333333,0.0,0.7333333333333333,0.0,0.06666666666666667,0.0,0.0,0.0,0.0,0.0,0.0,0.0,0.0,0.0,0.0,0.0,0.43333333333333335
197,256,0.0,0.6333333333333333,0.0,0.6,0.0,0.0,0.0,0.0,0.0,0.0,0.0,0.0,0.0,0.0,0.0,0.0,0.0,0.2
197,512,0.0,0.5666666666666667,0.0,0.5666666666666667,0.0,0.0,0.0,0.0,0.0,0.0,0.0,0.0,0.0,0.0,0.0,0.0,0.0,0.0
198,64,0.0,0.5666666666666667,0.0,0.5333333333333333,0.0,0.16666666666666666,0.0,0.0,0.0,0.0,0.0,0.0,0.0,0.0,0.0,0.0,0.0,0.36666666666666664
198,128,0.0,0.8333333333333334,0.0,0.8333333333333334,0.0,0.36666666666666664,0.0,0.0,0.0,0.0,0.0,0.13333333333333333,0.0,0.03333333333333333,0.0,0.13333333333333333,0.0,0.5666666666666667
198,256,0.0,0.9,0.0,0.9,0.0,0.1,0.0,0.0,0.0,0.0,0.0,0.13333333333333333,0.0,0.0,0.0,0.1,0.0,0.43333333333333335
198,512,0.0,1.0,0.0,1.0,0.0,0.06666666666666667,0.0,0.0,0.0,0.0,0.0,0.43333333333333335,0.0,0.16666666666666666,0.0,0.06666666666666667,0.0,0.6666666666666666
199,64,0.06666666666666667,0.5666666666666667,0.06666666666666667,0.5666666666666667,0.0,0.2,0.0,0.0,0.0,0.0,0.0,0.0,0.0,0.0,0.0,0.0,0.0,0.36666666666666664
199,128,0.0,0.6,0.0,0.5333333333333333,0.0,0.2,0.0,0.0,0.0,0.0,0.0,0.03333333333333333,0.0,0.0,0.0,0.03333333333333333,0.0,0.4
199,256,0.0,0.9,0.0,0.9,0.0,0.13333333333333333,0.0,0.0,0.0,0.0,0.0,0.13333333333333333,0.0,0.0,0.0,0.13333333333333333,0.0,0.5
199,512,0.0,0.9333333333333333,0.0,0.9333333333333333,0.0,0.0,0.0,0.0,0.0,0.0,0.0,0.06666666666666667,0.0,0.03333333333333333,0.0,0.0,0.0,0.3
200,64,0.06666666666666667,0.3333333333333333,0.06666666666666667,0.26666666666666666,0.0,0.06666666666666667,0.0,0.0,0.0,0.0,0.0,0.0,0.0,0.0,0.0,0.0,0.0,0.13333333333333333
200,128,0.03333333333333333,0.36666666666666664,0.03333333333333333,0.36666666666666664,0.0,0.0,0.0,0.0,0.0,0.0,0.0,0.0,0.0,0.0,0.0,0.0,0.0,0.0
200,256,0.03333333333333333,0.3,0.03333333333333333,0.26666666666666666,0.0,0.0,0.0,0.0,0.0,0.0,0.0,0.0,0.0,0.0,0.0,0.0,0.0,0.0
200,512,0.0,0.3333333333333333,0.0,0.26666666666666666,0.0,0.0,0.0,0.0,0.0,0.0,0.0,0.0,0.0,0.0,0.0,0.0,0.0,0.0
201,64,0.0,0.6333333333333333,0.0,0.5333333333333333,0.0,0.13333333333333333,0.0,0.0,0.0,0.0,0.0,0.0,0.0,0.0,0.0,0.0,0.0,0.2
201,128,0.0,0.7333333333333333,0.0,0.6666666666666666,0.0,0.16666666666666666,0.0,0.0,0.0,0.0,0.0,0.06666666666666667,0.0,0.03333333333333333,0.0,0.06666666666666667,0.0,0.36666666666666664
201,256,0.0,0.8666666666666667,0.0,0.8666666666666667,0.0,0.2,0.0,0.0,0.0,0.0,0.0,0.16666666666666666,0.0,0.03333333333333333,0.0,0.16666666666666666,0.0,0.4
201,512,0.0,0.9666666666666667,0.0,0.9666666666666667,0.0,0.03333333333333333,0.0,0.0,0.0,0.0,0.0,0.23333333333333334,0.0,0.06666666666666667,0.0,0.03333333333333333,0.0,0.26666666666666666
202,64,0.7333333333333333,0.7333333333333333,0.7,0.7,0.3333333333333333,0.3333333333333333,0.0,0.0,0.0,0.0,0.0,0.0,0.0,0.0,0.0,0.0,0.43333333333333335,0.43333333333333335
202,128,0.7333333333333333,0.7333333333333333,0.6333333333333333,0.6333333333333333,0.2,0.2,0.0,0.0,0.0,0.0,0.1,0.1,0.0,0.0,0.1,0.1,0.3333333333333333,0.3333333333333333
202,256,0.9666666666666667,0.9666666666666667,0.9666666666666667,0.9666666666666667,0.23333333333333334,0.23333333333333334,0.0,0.0,0.0,0.0,0.2,0.2,0.03333333333333333,0.03333333333333333,0.2,0.2,0.5,0.5
202,512,1.0,1.0,1.0,1.0,0.1,0.1,0.0,0.0,0.0,0.0,0.6,0.6,0.13333333333333333,0.13333333333333333,0.1,0.1,0.6666666666666666,0.6666666666666666
203,64,0.03333333333333333,0.4,0.03333333333333333,0.4,0.0,0.13333333333333333,0.0,0.0,0.0,0.0,0.0,0.0,0.0,0.0,0.0,0.0,0.0,0.06666666666666667
203,128,0.0,0.5,0.0,0.5,0.0,0.03333333333333333,0.0,0.0,0.0,0.0,0.0,0.0,0.0,0.0,0.0,0.0,0.0,0.0
203,256,0.0,0.3333333333333333,0.0,0.3333333333333333,0.0,0.0,0.0,0.0,0.0,0.0,0.0,0.0,0.0,0.0,0.0,0.0,0.0,0.0
203,512,0.0,0.4666666666666667,0.0,0.4666666666666667,0.0,0.0,0.0,0.0,0.0,0.0,0.0,0.0,0.0,0.0,0.0,0.0,0.0,0.0
204,64,0.23333333333333334,0.23333333333333334,0.2,0.2,0.0,0.0,0.0,0.0,0.0,0.0,0.0,0.0,0.0,0.0,0.0,0.0,0.0,0.0
204,128,0.6666666666666666,0.6666666666666666,0.6666666666666666,0.6666666666666666,0.1,0.1,0.0,0.0,0.0,0.0,0.0,0.0,0.0,0.0,0.0,0.0,0.1,0.1
204,256,0.7666666666666667,0.7666666666666667,0.6333333333333333,0.6333333333333333,0.03333333333333333,0.03333333333333333,0.0,0.0,0.0,0.0,0.03333333333333333,0.03333333333333333,0.0,0.0,0.03333333333333333,0.03333333333333333,0.03333333333333333,0.03333333333333333
204,512,0.8,0.7666666666666667,0.8,0.7666666666666667,0.03333333333333333,0.0,0.0,0.0,0.0,0.0,0.03333333333333333,0.0,0.0,0.0,0.03333333333333333,0.0,0.0,0.0
205,64,0.0,1.0,0.0,1.0,0.0,0.9,0.0,0.03333333333333333,0.0,0.0,0.0,0.26666666666666666,0.0,0.03333333333333333,0.0,0.26666666666666666,0.0,1.0
205,128,0.0,1.0,0.0,1.0,0.0,0.9333333333333333,0.0,0.13333333333333333,0.0,0.0,0.0,0.9,0.0,0.6666666666666666,0.0,0.9,0.0,1.0
205,256,0.0,1.0,0.0,1.0,0.0,1.0,0.0,0.0,0.0,0.0,0.0,1.0,0.0,0.9666666666666667,0.0,1.0,0.0,1.0
205,512,0.0,1.0,0.0,1.0,0.0,1.0,0.0,0.03333333333333333,0.0,0.0,0.0,1.0,0.0,1.0,0.0,1.0,0.0,1.0
206,64,0.0,0.9,0.0,0.9,0.0,0.4666666666666667,0.0,0.0,0.0,0.0,0.0,0.1,0.0,0.03333333333333333,0.0,0.1,0.0,0.8333333333333334
206,128,0.0,0.9666666666666667,0.0,0.9333333333333333,0.0,0.7,0.0,0.0,0.0,0.0,0.0,0.4,0.0,0.2,0.0,0.4,0.0,0.8666666666666667
206,256,0.0,1.0,0.0,1.0,0.0,0.5666666666666667,0.0,0.0,0.0,0.0,0.0,0.7666666666666667,0.0,0.43333333333333335,0.0,0.5666666666666667,0.0,0.9333333333333333
206,512,0.0,1.0,0.0,1.0,0.0,0.7666666666666667,0.0,0.0,0.0,0.0,0.0,1.0,0.0,0.9666666666666667,0.0,0.7666666666666667,0.0,1.0
207,64,0.03333333333333333,0.23333333333333334,0.03333333333333333,0.13333333333333333,0.0,0.0,0.0,0.0,0.0,0.0,0.0,0.0,0.0,0.0,0.0,0.0,0.0,0.06666666666666667
207,128,0.06666666666666667,0.3,0.03333333333333333,0.26666666666666666,0.0,0.0,0.0,0.0,0.0,0.0,0.0,0.0,0.0,0.0,0.0,0.0,0.0,0.0
207,256,0.0,0.23333333333333334,0.0,0.2,0.0,0.0,0.0,0.0,0.0,0.0,0.0,0.0,0.0,0.0,0.0,0.0,0.0,0.0
207,512,0.0,0.13333333333333333,0.0,0.13333333333333333,0.0,0.0,0.0,0.0,0.0,0.0,0.0,0.0,0.0,0.0,0.0,0.0,0.0,0.0
208,64,0.0,0.8666666666666667,0.0,0.8,0.0,0.3333333333333333,0.0,0.0,0.0,0.0,0.0,0.03333333333333333,0.0,0.0,0.0,0.03333333333333333,0.0,0.5
208,128,0.0,0.9333333333333333,0.0,0.9333333333333333,0.0,0.5,0.0,0.0,0.0,0.0,0.0,0.1,0.0,0.0,0.0,0.1,0.0,0.8666666666666667
208,256,0.0,1.0,0.0,1.0,0.0,0.6,0.0,0.0,0.0,0.0,0.0,0.4666666666666667,0.0,0.16666666666666666,0.0,0.4666666666666667,0.0,0.8333333333333334
208,512,0.0,1.0,0.0,1.0,0.0,0.7666666666666667,0.0,0.0,0.0,0.0,0.0,0.9666666666666667,0.0,0.8,0.0,0.7666666666666667,0.0,0.9666666666666667
209,64,0.1,0.43333333333333335,0.1,0.4,0.0,0.1,0.0,0.0,0.0,0.0,0.0,0.0,0.0,0.0,0.0,0.0,0.0,0.3
209,128,0.0,0.5,0.0,0.5,0.0,0.03333333333333333,0.0,0.0,0.0,0.0,0.0,0.0,0.0,0.0,0.0,0.0,0.0,0.13333333333333333
209,256,0.0,0.5333333333333333,0.0,0.5,0.0,0.0,0.0,0.0,0.0,0.0,0.0,0.0,0.0,0.0,0.0,0.0,0.0,0.03333333333333333
209,512,0.0,0.7,0.0,0.7,0.0,0.0,0.0,0.0,0.0,0.0,0.0,0.0,0.0,0.0,0.0,0.0,0.0,0.0
210,64,0.26666666666666666,0.4666666666666667,0.16666666666666666,0.43333333333333335,0.1,0.16666666666666666,0.0,0.0,0.0,0.0,0.0,0.0,0.0,0.0,0.0,0.0,0.13333333333333333,0.2
210,128,0.2,0.5333333333333333,0.16666666666666666,0.5,0.0,0.03333333333333333,0.0,0.0,0.0,0.0,0.0,0.0,0.0,0.0,0.0,0.0,0.0,0.13333333333333333
210,256,0.16666666666666666,0.7666666666666667,0.13333333333333333,0.7666666666666667,0.0,0.06666666666666667,0.0,0.0,0.0,0.0,0.0,0.03333333333333333,0.0,0.0,0.0,0.03333333333333333,0.0,0.13333333333333333
210,512,0.0,0.9666666666666667,0.0,0.9666666666666667,0.0,0.0,0.0,0.0,0.0,0.0,0.0,0.06666666666666667,0.0,0.0,0.0,0.0,0.0,0.06666666666666667
211,64,0.1,0.5666666666666667,0.03333333333333333,0.5666666666666667,0.0,0.26666666666666666,0.0,0.0,0.0,0.0,0.0,0.03333333333333333,0.0,0.0,0.0,0.03333333333333333,0.0,0.3
211,128,0.13333333333333333,0.6333333333333333,0.06666666666666667,0.6333333333333333,0.0,0.06666666666666667,0.0,0.0,0.0,0.0,0.0,0.03333333333333333,0.0,0.0,0.0,0.03333333333333333,0.0,0.23333333333333334
211,256,0.0,1.0,0.0,1.0,0.0,0.16666666666666666,0.0,0.0,0.0,0.0,0.0,0.13333333333333333,0.0,0.03333333333333333,0.0,0.13333333333333333,0.0,0.6
211,512,0.0,1.0,0.0,1.0,0.0,0.26666666666666666,0.0,0.0,0.0,0.0,0.0,0.5333333333333333,0.0,0.26666666666666666,0.0,0.26666666666666666,0.0,0.7
212,64,0.23333333333333334,0.3,0.16666666666666666,0.3,0.0,0.13333333333333333,0.0,0.0,0.0,0.0,0.0,0.0,0.0,0.0,0.0,0.0,0.03333333333333333,0.13333333333333333
212,128,0.13333333333333333,0.4666666666666667,0.1,0.4,0.0,0.0,0.0,0.0,0.0,0.0,0.0,0.0,0.0,0.0,0.0,0.0,0.0,0.23333333333333334
212,256,0.03333333333333333,0.7,0.03333333333333333,0.7,0.0,0.0,0.0,0.0,0.0,0.0,0.0,0.0,0.0,0.0,0.0,0.0,0.0,0.03333333333333333
212,512,0.0,0.8666666666666667,0.0,0.8,0.0,0.0,0.0,0.0,0.0,0.0,0.0,0.0,0.0,0.0,0.0,0.0,0.0,0.0
213,64,0.16666666666666666,0.4,0.13333333333333333,0.3333333333333333,0.03333333333333333,0.03333333333333333,0.0,0.0,0.0,0.0,0.0,0.0,0.0,0.0,0.0,0.0,0.03333333333333333,0.06666666666666667
213,128,0.16666666666666666,0.3,0.13333333333333333,0.3,0.0,0.0,0.0,0.0,0.0,0.0,0.0,0.0,0.0,0.0,0.0,0.0,0.06666666666666667,0.06666666666666667
213,256,0.03333333333333333,0.4666666666666667,0.03333333333333333,0.4666666666666667,0.0,0.0,0.0,0.0,0.0,0.0,0.0,0.0,0.0,0.0,0.0,0.0,0.0,0.03333333333333333
213,512,0.0,0.4666666666666667,0.0,0.43333333333333335,0.0,0.0,0.0,0.0,0.0,0.0,0.0,0.0,0.0,0.0,0.0,0.0,0.0,0.0
214,64,0.16666666666666666,0.1,0.13333333333333333,0.06666666666666667,0.06666666666666667,0.03333333333333333,0.0,0.0,0.0,0.0,0.0,0.0,0.0,0.0,0.0,0.0,0.06666666666666667,0.03333333333333333
214,128,0.3333333333333333,0.2,0.26666666666666666,0.16666666666666666,0.0,0.0,0.0,0.0,0.0,0.0,0.0,0.0,0.0,0.0,0.0,0.0,0.0,0.0
214,256,0.36666666666666664,0.1,0.3333333333333333,0.06666666666666667,0.0,0.0,0.0,0.0,0.0,0.0,0.0,0.0,0.0,0.0,0.0,0.0,0.0,0.0
214,512,0.5666666666666667,0.06666666666666667,0.5333333333333333,0.06666666666666667,0.0,0.0,0.0,0.0,0.0,0.0,0.0,0.0,0.0,0.0,0.0,0.0,0.0,0.0
215,64,0.5666666666666667,0.5333333333333333,0.5,0.5,0.16666666666666666,0.16666666666666666,0.0,0.0,0.0,0.0,0.0,0.0,0.0,0.0,0.0,0.0,0.16666666666666666,0.16666666666666666
215,128,0.43333333333333335,0.36666666666666664,0.43333333333333335,0.36666666666666664,0.06666666666666667,0.03333333333333333,0.0,0.0,0.0,0.0,0.0,0.0,0.0,0.0,0.0,0.0,0.06666666666666667,0.03333333333333333
215,256,0.5,0.36666666666666664,0.4666666666666667,0.3333333333333333,0.0,0.0,0.0,0.0,0.0,0.0,0.0,0.0,0.0,0.0,0.0,0.0,0.03333333333333333,0.0
215,512,0.7666666666666667,0.5333333333333333,0.7666666666666667,0.5333333333333333,0.0,0.0,0.0,0.0,0.0,0.0,0.0,0.0,0.0,0.0,0.0,0.0,0.0,0.0
216,64,1.0,1.0,1.0,1.0,1.0,1.0,1.0,1.0,1.0,1.0,1.0,1.0,1.0,1.0,1.0,1.0,1.0,1.0
216,128,1.0,1.0,1.0,1.0,1.0,1.0,1.0,1.0,1.0,1.0,1.0,1.0,1.0,1.0,1.0,1.0,1.0,1.0
216,256,1.0,1.0,1.0,1.0,1.0,1.0,1.0,1.0,1.0,1.0,1.0,1.0,1.0,1.0,1.0,1.0,1.0,1.0
216,512,1.0,1.0,1.0,1.0,1.0,1.0,1.0,1.0,1.0,1.0,1.0,1.0,1.0,1.0,1.0,1.0,1.0,1.0
217,64,1.0,1.0,1.0,1.0,1.0,1.0,1.0,1.0,1.0,1.0,1.0,1.0,1.0,1.0,1.0,1.0,1.0,1.0
217,128,1.0,1.0,1.0,1.0,1.0,1.0,1.0,1.0,1.0,1.0,1.0,1.0,1.0,1.0,1.0,1.0,1.0,1.0
217,256,1.0,1.0,1.0,1.0,1.0,1.0,1.0,1.0,1.0,1.0,1.0,1.0,1.0,1.0,1.0,1.0,1.0,1.0
217,512,1.0,1.0,1.0,1.0,1.0,1.0,1.0,1.0,1.0,1.0,1.0,1.0,1.0,1.0,1.0,1.0,1.0,1.0
218,64,1.0,1.0,1.0,1.0,1.0,1.0,1.0,1.0,1.0,1.0,1.0,1.0,1.0,1.0,1.0,1.0,1.0,1.0
218,128,1.0,1.0,1.0,1.0,1.0,1.0,1.0,1.0,1.0,1.0,1.0,1.0,1.0,1.0,1.0,1.0,1.0,1.0
218,256,1.0,1.0,1.0,1.0,1.0,1.0,1.0,1.0,1.0,1.0,1.0,1.0,1.0,1.0,1.0,1.0,1.0,1.0
218,512,1.0,1.0,1.0,1.0,1.0,1.0,1.0,1.0,1.0,1.0,1.0,1.0,1.0,1.0,1.0,1.0,1.0,1.0
219,64,1.0,1.0,1.0,1.0,1.0,1.0,1.0,1.0,1.0,1.0,1.0,1.0,1.0,1.0,1.0,1.0,1.0,1.0
219,128,1.0,1.0,1.0,1.0,1.0,1.0,1.0,1.0,1.0,1.0,1.0,1.0,1.0,1.0,1.0,1.0,1.0,1.0
219,256,1.0,1.0,1.0,1.0,1.0,1.0,1.0,1.0,1.0,1.0,1.0,1.0,1.0,1.0,1.0,1.0,1.0,1.0
219,512,1.0,1.0,1.0,1.0,1.0,1.0,1.0,1.0,1.0,1.0,1.0,1.0,1.0,1.0,1.0,1.0,1.0,1.0
220,64,1.0,1.0,1.0,1.0,1.0,1.0,1.0,1.0,0.9333333333333333,0.9333333333333333,1.0,1.0,1.0,1.0,1.0,1.0,1.0,1.0
220,128,1.0,1.0,1.0,1.0,1.0,1.0,1.0,1.0,1.0,1.0,1.0,1.0,1.0,1.0,1.0,1.0,1.0,1.0
220,256,1.0,1.0,1.0,1.0,1.0,1.0,1.0,1.0,1.0,1.0,1.0,1.0,1.0,1.0,1.0,1.0,1.0,1.0
220,512,1.0,1.0,1.0,1.0,1.0,1.0,1.0,1.0,1.0,1.0,1.0,1.0,1.0,1.0,1.0,1.0,1.0,1.0
221,64,1.0,1.0,1.0,1.0,1.0,1.0,1.0,1.0,0.9666666666666667,0.9666666666666667,1.0,1.0,1.0,1.0,1.0,1.0,1.0,1.0
221,128,1.0,1.0,1.0,1.0,1.0,1.0,1.0,1.0,1.0,1.0,1.0,1.0,1.0,1.0,1.0,1.0,1.0,1.0
221,256,1.0,1.0,1.0,1.0,1.0,1.0,1.0,1.0,1.0,1.0,1.0,1.0,1.0,1.0,1.0,1.0,1.0,1.0
221,512,1.0,1.0,1.0,1.0,1.0,1.0,1.0,1.0,1.0,1.0,1.0,1.0,1.0,1.0,1.0,1.0,1.0,1.0
222,64,1.0,1.0,1.0,1.0,1.0,1.0,1.0,1.0,0.9666666666666667,0.9666666666666667,1.0,1.0,1.0,1.0,1.0,1.0,1.0,1.0
222,128,1.0,1.0,1.0,1.0,1.0,1.0,1.0,1.0,0.9666666666666667,0.9666666666666667,1.0,1.0,1.0,1.0,1.0,1.0,1.0,1.0
222,256,1.0,1.0,1.0,1.0,1.0,1.0,1.0,1.0,1.0,1.0,1.0,1.0,1.0,1.0,1.0,1.0,1.0,1.0
222,512,1.0,1.0,1.0,1.0,1.0,1.0,1.0,1.0,1.0,1.0,1.0,1.0,1.0,1.0,1.0,1.0,1.0,1.0
223,64,1.0,1.0,1.0,1.0,1.0,1.0,1.0,1.0,0.9,0.9,1.0,1.0,1.0,1.0,1.0,1.0,1.0,1.0
223,128,1.0,1.0,1.0,1.0,1.0,1.0,1.0,1.0,1.0,1.0,1.0,1.0,1.0,1.0,1.0,1.0,1.0,1.0
223,256,1.0,1.0,1.0,1.0,1.0,1.0,1.0,1.0,1.0,1.0,1.0,1.0,1.0,1.0,1.0,1.0,1.0,1.0
223,512,1.0,1.0,1.0,1.0,1.0,1.0,1.0,1.0,1.0,1.0,1.0,1.0,1.0,1.0,1.0,1.0,1.0,1.0
224,64,1.0,1.0,1.0,1.0,1.0,1.0,1.0,1.0,0.9,0.9,1.0,1.0,1.0,1.0,1.0,1.0,1.0,1.0
224,128,1.0,1.0,1.0,1.0,1.0,1.0,1.0,1.0,1.0,1.0,1.0,1.0,1.0,1.0,1.0,1.0,1.0,1.0
224,256,1.0,1.0,1.0,1.0,1.0,1.0,1.0,1.0,1.0,1.0,1.0,1.0,1.0,1.0,1.0,1.0,1.0,1.0
224,512,1.0,1.0,1.0,1.0,1.0,1.0,1.0,1.0,1.0,1.0,1.0,1.0,1.0,1.0,1.0,1.0,1.0,1.0
225,64,1.0,1.0,1.0,1.0,1.0,1.0,1.0,1.0,0.7666666666666667,0.7666666666666667,1.0,1.0,1.0,1.0,1.0,1.0,1.0,1.0
225,128,1.0,1.0,1.0,1.0,1.0,1.0,1.0,1.0,0.9666666666666667,0.9666666666666667,1.0,1.0,1.0,1.0,1.0,1.0,1.0,1.0
225,256,1.0,1.0,1.0,1.0,1.0,1.0,1.0,1.0,1.0,1.0,1.0,1.0,1.0,1.0,1.0,1.0,1.0,1.0
225,512,1.0,1.0,1.0,1.0,1.0,1.0,1.0,1.0,1.0,1.0,1.0,1.0,1.0,1.0,1.0,1.0,1.0,1.0
226,64,1.0,1.0,1.0,1.0,1.0,1.0,1.0,1.0,0.9666666666666667,0.9666666666666667,1.0,1.0,1.0,1.0,1.0,1.0,1.0,1.0
226,128,1.0,1.0,1.0,1.0,1.0,1.0,1.0,1.0,0.9666666666666667,0.9666666666666667,1.0,1.0,1.0,1.0,1.0,1.0,1.0,1.0
226,256,1.0,1.0,1.0,1.0,1.0,1.0,1.0,1.0,1.0,1.0,1.0,1.0,1.0,1.0,1.0,1.0,1.0,1.0
226,512,1.0,1.0,1.0,1.0,1.0,1.0,1.0,1.0,1.0,1.0,1.0,1.0,1.0,1.0,1.0,1.0,1.0,1.0
227,64,1.0,1.0,1.0,1.0,1.0,1.0,1.0,1.0,0.9,0.9,1.0,1.0,1.0,1.0,1.0,1.0,1.0,1.0
227,128,1.0,1.0,1.0,1.0,1.0,1.0,1.0,1.0,1.0,1.0,1.0,1.0,1.0,1.0,1.0,1.0,1.0,1.0
227,256,1.0,1.0,1.0,1.0,1.0,1.0,1.0,1.0,1.0,1.0,1.0,1.0,1.0,1.0,1.0,1.0,1.0,1.0
227,512,1.0,1.0,1.0,1.0,1.0,1.0,1.0,1.0,1.0,1.0,1.0,1.0,1.0,1.0,1.0,1.0,1.0,1.0
228,64,1.0,1.0,1.0,1.0,1.0,1.0,1.0,1.0,0.8666666666666667,0.8666666666666667,1.0,1.0,1.0,1.0,1.0,1.0,1.0,1.0
228,128,1.0,1.0,1.0,1.0,1.0,1.0,1.0,1.0,1.0,1.0,1.0,1.0,1.0,1.0,1.0,1.0,1.0,1.0
228,256,1.0,1.0,1.0,1.0,1.0,1.0,1.0,1.0,1.0,1.0,1.0,1.0,1.0,1.0,1.0,1.0,1.0,1.0
228,512,1.0,1.0,1.0,1.0,1.0,1.0,1.0,1.0,1.0,1.0,1.0,1.0,1.0,1.0,1.0,1.0,1.0,1.0
229,64,1.0,1.0,1.0,1.0,1.0,1.0,1.0,1.0,0.9,0.9,1.0,1.0,1.0,1.0,1.0,1.0,1.0,1.0
229,128,1.0,1.0,1.0,1.0,1.0,1.0,1.0,1.0,1.0,1.0,1.0,1.0,1.0,1.0,1.0,1.0,1.0,1.0
229,256,1.0,1.0,1.0,1.0,1.0,1.0,1.0,1.0,1.0,1.0,1.0,1.0,1.0,1.0,1.0,1.0,1.0,1.0
229,512,1.0,1.0,1.0,1.0,1.0,1.0,1.0,1.0,1.0,1.0,1.0,1.0,1.0,1.0,1.0,1.0,1.0,1.0
230,64,1.0,1.0,1.0,1.0,1.0,1.0,1.0,1.0,0.9666666666666667,0.9666666666666667,1.0,1.0,1.0,1.0,1.0,1.0,1.0,1.0
230,128,1.0,1.0,1.0,1.0,1.0,1.0,1.0,1.0,0.9666666666666667,0.9666666666666667,1.0,1.0,1.0,1.0,1.0,1.0,1.0,1.0
230,256,1.0,1.0,1.0,1.0,1.0,1.0,1.0,1.0,1.0,1.0,1.0,1.0,1.0,1.0,1.0,1.0,1.0,1.0
230,512,1.0,1.0,1.0,1.0,1.0,1.0,1.0,1.0,1.0,1.0,1.0,1.0,1.0,1.0,1.0,1.0,1.0,1.0
231,64,1.0,1.0,1.0,1.0,1.0,1.0,1.0,1.0,1.0,1.0,1.0,1.0,1.0,1.0,1.0,1.0,1.0,1.0
231,128,1.0,1.0,1.0,1.0,1.0,1.0,1.0,1.0,1.0,1.0,1.0,1.0,1.0,1.0,1.0,1.0,1.0,1.0
231,256,1.0,1.0,1.0,1.0,1.0,1.0,1.0,1.0,1.0,1.0,1.0,1.0,1.0,1.0,1.0,1.0,1.0,1.0
231,512,1.0,1.0,1.0,1.0,1.0,1.0,1.0,1.0,1.0,1.0,1.0,1.0,1.0,1.0,1.0,1.0,1.0,1.0
232,64,1.0,1.0,1.0,1.0,1.0,1.0,1.0,1.0,0.9666666666666667,0.9666666666666667,1.0,1.0,1.0,1.0,1.0,1.0,1.0,1.0
232,128,1.0,1.0,1.0,1.0,1.0,1.0,1.0,1.0,0.9666666666666667,0.9666666666666667,1.0,1.0,1.0,1.0,1.0,1.0,1.0,1.0
232,256,1.0,1.0,1.0,1.0,1.0,1.0,1.0,1.0,1.0,1.0,1.0,1.0,1.0,1.0,1.0,1.0,1.0,1.0
232,512,1.0,1.0,1.0,1.0,1.0,1.0,1.0,1.0,1.0,1.0,1.0,1.0,1.0,1.0,1.0,1.0,1.0,1.0
233,64,1.0,1.0,1.0,1.0,1.0,1.0,1.0,1.0,0.9,0.9,1.0,1.0,1.0,1.0,1.0,1.0,1.0,1.0
233,128,1.0,1.0,1.0,1.0,1.0,1.0,1.0,1.0,0.9666666666666667,0.9666666666666667,1.0,1.0,1.0,1.0,1.0,1.0,1.0,1.0
233,256,1.0,1.0,1.0,1.0,1.0,1.0,1.0,1.0,1.0,1.0,1.0,1.0,1.0,1.0,1.0,1.0,1.0,1.0
233,512,1.0,1.0,1.0,1.0,1.0,1.0,1.0,1.0,1.0,1.0,1.0,1.0,1.0,1.0,1.0,1.0,1.0,1.0
234,64,1.0,1.0,1.0,1.0,1.0,1.0,1.0,1.0,0.9,0.9,1.0,1.0,1.0,1.0,1.0,1.0,1.0,1.0
234,128,1.0,1.0,1.0,1.0,1.0,1.0,1.0,1.0,0.9666666666666667,0.9666666666666667,1.0,1.0,1.0,1.0,1.0,1.0,1.0,1.0
234,256,1.0,1.0,1.0,1.0,1.0,1.0,1.0,1.0,1.0,1.0,1.0,1.0,1.0,1.0,1.0,1.0,1.0,1.0
234,512,1.0,1.0,1.0,1.0,1.0,1.0,1.0,1.0,1.0,1.0,1.0,1.0,1.0,1.0,1.0,1.0,1.0,1.0
236,64,0.2,0.6,0.2,0.5666666666666667,0.0,0.13333333333333333,0.0,0.0,0.0,0.0,0.0,0.03333333333333333,0.0,0.0,0.0,0.03333333333333333,0.03333333333333333,0.23333333333333334
236,128,0.03333333333333333,0.6333333333333333,0.03333333333333333,0.5333333333333333,0.0,0.16666666666666666,0.0,0.0,0.0,0.0,0.0,0.03333333333333333,0.0,0.03333333333333333,0.0,0.03333333333333333,0.0,0.2
236,256,0.06666666666666667,0.8333333333333334,0.06666666666666667,0.8333333333333334,0.0,0.0,0.0,0.0,0.0,0.0,0.0,0.0,0.0,0.0,0.0,0.0,0.0,0.2
236,512,0.0,1.0,0.0,1.0,0.0,0.0,0.0,0.0,0.0,0.0,0.0,0.16666666666666666,0.0,0.0,0.0,0.0,0.0,0.26666666666666666
237,64,0.0,0.8333333333333334,0.0,0.7666666666666667,0.0,0.3333333333333333,0.0,0.0,0.0,0.0,0.0,0.0,0.0,0.0,0.0,0.0,0.0,0.6333333333333333
237,128,0.0,0.9666666666666667,0.0,0.9666666666666667,0.0,0.43333333333333335,0.0,0.0,0.0,0.0,0.0,0.26666666666666666,0.0,0.1,0.0,0.26666666666666666,0.0,0.6
237,256,0.0,0.9,0.0,0.9,0.0,0.16666666666666666,0.0,0.0,0.0,0.0,0.0,0.26666666666666666,0.0,0.03333333333333333,0.0,0.16666666666666666,0.0,0.5333333333333333
237,512,0.0,1.0,0.0,1.0,0.0,0.03333333333333333,0.0,0.0,0.0,0.0,0.0,0.6333333333333333,0.0,0.23333333333333334,0.0,0.03333333333333333,0.0,0.7666666666666667
238,64,0.06666666666666667,0.7333333333333333,0.06666666666666667,0.7,0.0,0.3333333333333333,0.0,0.0,0.0,0.0,0.0,0.0,0.0,0.0,0.0,0.0,0.0,0.4666666666666667
238,128,0.03333333333333333,0.8,0.03333333333333333,0.8,0.0,0.43333333333333335,0.0,0.0,0.0,0.0,0.0,0.13333333333333333,0.0,0.03333333333333333,0.0,0.13333333333333333,0.0,0.6
238,256,0.0,0.9333333333333333,0.0,0.9,0.0,0.3,0.0,0.0,0.0,0.0,0.0,0.3,0.0,0.1,0.0,0.3,0.0,0.7
238,512,0.0,1.0,0.0,1.0,0.0,0.26666666666666666,0.0,0.0,0.0,0.0,0.0,0.7666666666666667,0.0,0.43333333333333335,0.0,0.26666666666666666,0.0,0.8333333333333334
239,64,0.9333333333333333,0.9333333333333333,0.9333333333333333,0.9333333333333333,0.5,0.5,0.0,0.0,0.0,0.0,0.1,0.1,0.0,0.0,0.1,0.1,0.6,0.6
239,128,0.8666666666666667,0.8666666666666667,0.8666666666666667,0.8666666666666667,0.3,0.3,0.0,0.0,0.0,0.0,0.13333333333333333,0.13333333333333333,0.0,0.0,0.13333333333333333,0.13333333333333333,0.6666666666666666,0.6666666666666666
239,256,0.9666666666666667,0.9666666666666667,0.9666666666666667,0.9666666666666667,0.3333333333333333,0.3333333333333333,0.0,0.0,0.0,0.0,0.43333333333333335,0.43333333333333335,0.16666666666666666,0.16666666666666666,0.3333333333333333,0.3333333333333333,0.7666666666666667,0.7666666666666667
239,512,1.0,1.0,1.0,1.0,0.2,0.2,0.0,0.0,0.0,0.0,0.7333333333333333,0.7333333333333333,0.5,0.5,0.2,0.2,0.8666666666666667,0.8666666666666667
240,64,0.0,0.3,0.0,0.23333333333333334,0.0,0.03333333333333333,0.0,0.0,0.0,0.0,0.0,0.0,0.0,0.0,0.0,0.0,0.0,0.03333333333333333
240,128,0.0,0.36666666666666664,0.0,0.3333333333333333,0.0,0.06666666666666667,0.0,0.0,0.0,0.0,0.0,0.0,0.0,0.0,0.0,0.0,0.0,0.06666666666666667
240,256,0.0,0.4666666666666667,0.0,0.4666666666666667,0.0,0.06666666666666667,0.0,0.0,0.0,0.0,0.0,0.0,0.0,0.0,0.0,0.0,0.0,0.0
240,512,0.0,0.43333333333333335,0.0,0.4,0.0,0.0,0.0,0.0,0.0,0.0,0.0,0.0,0.0,0.0,0.0,0.0,0.0,0.0
241,64,0.06666666666666667,0.0,0.03333333333333333,0.0,0.0,0.0,0.0,0.0,0.0,0.0,0.0,0.0,0.0,0.0,0.0,0.0,0.0,0.0
241,128,0.16666666666666666,0.0,0.16666666666666666,0.0,0.0,0.0,0.0,0.0,0.0,0.0,0.0,0.0,0.0,0.0,0.0,0.0,0.0,0.0
241,256,0.26666666666666666,0.0,0.16666666666666666,0.0,0.0,0.0,0.0,0.0,0.0,0.0,0.0,0.0,0.0,0.0,0.0,0.0,0.0,0.0
241,512,0.4,0.0,0.3333333333333333,0.0,0.0,0.0,0.0,0.0,0.0,0.0,0.0,0.0,0.0,0.0,0.0,0.0,0.0,0.0
242,64,0.0,0.0,0.0,0.0,0.0,0.0,0.0,0.0,0.0,0.0,0.0,0.0,0.0,0.0,0.0,0.0,0.0,0.0
242,128,0.0,0.0,0.0,0.0,0.0,0.0,0.0,0.0,0.0,0.0,0.0,0.0,0.0,0.0,0.0,0.0,0.0,0.0
242,256,0.0,0.0,0.0,0.0,0.0,0.0,0.0,0.0,0.0,0.0,0.0,0.0,0.0,0.0,0.0,0.0,0.0,0.0
242,512,0.0,0.0,0.0,0.0,0.0,0.0,0.0,0.0,0.0,0.0,0.0,0.0,0.0,0.0,0.0,0.0,0.0,0.0
243,64,0.0,0.5,0.0,0.5,0.0,0.06666666666666667,0.0,0.0,0.0,0.0,0.0,0.0,0.0,0.0,0.0,0.0,0.0,0.23333333333333334
243,128,0.0,0.6333333333333333,0.0,0.5666666666666667,0.0,0.03333333333333333,0.0,0.0,0.0,0.0,0.0,0.0,0.0,0.0,0.0,0.0,0.0,0.26666666666666666
243,256,0.0,0.8333333333333334,0.0,0.8333333333333334,0.0,0.06666666666666667,0.0,0.0,0.0,0.0,0.0,0.03333333333333333,0.0,0.0,0.0,0.03333333333333333,0.0,0.23333333333333334
243,512,0.0,0.9666666666666667,0.0,0.9666666666666667,0.0,0.0,0.0,0.0,0.0,0.0,0.0,0.0,0.0,0.0,0.0,0.0,0.0,0.03333333333333333
244,64,0.4666666666666667,0.0,0.4,0.0,0.0,0.0,0.0,0.0,0.0,0.0,0.0,0.0,0.0,0.0,0.0,0.0,0.1,0.0
244,128,0.4,0.16666666666666666,0.3333333333333333,0.1,0.0,0.0,0.0,0.0,0.0,0.0,0.0,0.0,0.0,0.0,0.0,0.0,0.03333333333333333,0.0
244,256,0.26666666666666666,0.13333333333333333,0.23333333333333334,0.1,0.0,0.0,0.0,0.0,0.0,0.0,0.0,0.0,0.0,0.0,0.0,0.0,0.0,0.0
244,512,0.4,0.06666666666666667,0.3333333333333333,0.06666666666666667,0.0,0.0,0.0,0.0,0.0,0.0,0.0,0.0,0.0,0.0,0.0,0.0,0.0,0.0
245,64,0.0,0.0,0.0,0.0,0.0,0.0,0.0,0.0,0.0,0.0,0.0,0.0,0.0,0.0,0.0,0.0,0.0,0.0
245,128,0.0,0.0,0.0,0.0,0.0,0.0,0.0,0.0,0.0,0.0,0.0,0.0,0.0,0.0,0.0,0.0,0.0,0.0
245,256,0.0,0.0,0.0,0.0,0.0,0.0,0.0,0.0,0.0,0.0,0.0,0.0,0.0,0.0,0.0,0.0,0.0,0.0
245,512,0.0,0.03333333333333333,0.0,0.0,0.0,0.0,0.0,0.0,0.0,0.0,0.0,0.0,0.0,0.0,0.0,0.0,0.0,0.0
246,64,0.1,0.23333333333333334,0.1,0.13333333333333333,0.0,0.0,0.0,0.0,0.0,0.0,0.0,0.0,0.0,0.0,0.0,0.0,0.0,0.0
246,128,0.13333333333333333,0.2,0.1,0.2,0.0,0.0,0.0,0.0,0.0,0.0,0.0,0.0,0.0,0.0,0.0,0.0,0.0,0.0
246,256,0.06666666666666667,0.16666666666666666,0.06666666666666667,0.13333333333333333,0.0,0.0,0.0,0.0,0.0,0.0,0.0,0.0,0.0,0.0,0.0,0.0,0.0,0.0
246,512,0.0,0.03333333333333333,0.0,0.03333333333333333,0.0,0.0,0.0,0.0,0.0,0.0,0.0,0.0,0.0,0.0,0.0,0.0,0.0,0.0
247,64,0.0,0.8333333333333334,0.0,0.8333333333333334,0.0,0.36666666666666664,0.0,0.0,0.0,0.0,0.0,0.03333333333333333,0.0,0.0,0.0,0.03333333333333333,0.0,0.5
247,128,0.0,0.8666666666666667,0.0,0.8333333333333334,0.0,0.5,0.0,0.0,0.0,0.0,0.0,0.13333333333333333,0.0,0.03333333333333333,0.0,0.13333333333333333,0.0,0.6666666666666666
247,256,0.0,1.0,0.0,1.0,0.0,0.16666666666666666,0.0,0.0,0.0,0.0,0.0,0.2,0.0,0.1,0.0,0.16666666666666666,0.0,0.6666666666666666
247,512,0.0,1.0,0.0,1.0,0.0,0.06666666666666667,0.0,0.0,0.0,0.0,0.0,0.5333333333333333,0.0,0.13333333333333333,0.0,0.06666666666666667,0.0,0.7333333333333333
248,64,0.6,0.03333333333333333,0.5666666666666667,0.03333333333333333,0.16666666666666666,0.0,0.0,0.0,0.0,0.0,0.03333333333333333,0.0,0.03333333333333333,0.0,0.03333333333333333,0.0,0.4,0.0
248,128,0.4666666666666667,0.1,0.4666666666666667,0.1,0.0,0.0,0.0,0.0,0.0,0.0,0.0,0.0,0.0,0.0,0.0,0.0,0.1,0.0
248,256,0.5,0.16666666666666666,0.5,0.16666666666666666,0.0,0.0,0.0,0.0,0.0,0.0,0.0,0.0,0.0,0.0,0.0,0.0,0.16666666666666666,0.0
248,512,0.43333333333333335,0.1,0.4,0.1,0.0,0.0,0.0,0.0,0.0,0.0,0.0,0.0,0.0,0.0,0.0,0.0,0.0,0.0
249,64,1.0,1.0,1.0,1.0,1.0,1.0,1.0,1.0,1.0,1.0,1.0,1.0,1.0,1.0,1.0,1.0,1.0,1.0
249,128,1.0,1.0,1.0,1.0,1.0,1.0,1.0,1.0,0.9666666666666667,0.9666666666666667,1.0,1.0,1.0,1.0,1.0,1.0,1.0,1.0
249,256,1.0,1.0,1.0,1.0,1.0,1.0,1.0,1.0,1.0,1.0,1.0,1.0,1.0,1.0,1.0,1.0,1.0,1.0
249,512,1.0,1.0,1.0,1.0,1.0,1.0,1.0,1.0,1.0,1.0,1.0,1.0,1.0,1.0,1.0,1.0,1.0,1.0
250,64,1.0,1.0,1.0,1.0,1.0,1.0,1.0,1.0,0.9333333333333333,0.9333333333333333,1.0,1.0,1.0,1.0,1.0,1.0,1.0,1.0
250,128,1.0,1.0,1.0,1.0,1.0,1.0,1.0,1.0,1.0,1.0,1.0,1.0,1.0,1.0,1.0,1.0,1.0,1.0
250,256,1.0,1.0,1.0,1.0,1.0,1.0,1.0,1.0,1.0,1.0,1.0,1.0,1.0,1.0,1.0,1.0,1.0,1.0
250,512,1.0,1.0,1.0,1.0,1.0,1.0,1.0,1.0,1.0,1.0,1.0,1.0,1.0,1.0,1.0,1.0,1.0,1.0
251,64,1.0,1.0,1.0,1.0,1.0,1.0,1.0,1.0,1.0,1.0,1.0,1.0,1.0,1.0,1.0,1.0,1.0,1.0
251,128,1.0,1.0,1.0,1.0,1.0,1.0,1.0,1.0,1.0,1.0,1.0,1.0,1.0,1.0,1.0,1.0,1.0,1.0
251,256,1.0,1.0,1.0,1.0,1.0,1.0,1.0,1.0,1.0,1.0,1.0,1.0,1.0,1.0,1.0,1.0,1.0,1.0
251,512,1.0,1.0,1.0,1.0,1.0,1.0,1.0,1.0,1.0,1.0,1.0,1.0,1.0,1.0,1.0,1.0,1.0,1.0
252,64,0.1,0.9,0.1,0.9,0.0,0.5,0.0,0.0,0.0,0.0,0.0,0.13333333333333333,0.0,0.03333333333333333,0.0,0.13333333333333333,0.03333333333333333,0.7333333333333333
252,128,0.03333333333333333,0.9666666666666667,0.03333333333333333,0.9666666666666667,0.0,0.43333333333333335,0.0,0.0,0.0,0.0,0.0,0.2,0.0,0.06666666666666667,0.0,0.2,0.0,0.7333333333333333
252,256,0.03333333333333333,0.9666666666666667,0.03333333333333333,0.9666666666666667,0.0,0.43333333333333335,0.0,0.0,0.0,0.0,0.0,0.6333333333333333,0.0,0.3333333333333333,0.0,0.43333333333333335,0.0,0.9333333333333333
252,512,0.0,1.0,0.0,1.0,0.0,0.36666666666666664,0.0,0.0,0.0,0.0,0.0,0.9333333333333333,0.0,0.7,0.0,0.36666666666666664,0.0,0.9666666666666667
253,64,1.0,1.0,1.0,1.0,1.0,1.0,1.0,1.0,0.4666666666666667,0.4666666666666667,1.0,1.0,1.0,1.0,1.0,1.0,1.0,1.0
253,128,1.0,1.0,1.0,1.0,1.0,1.0,1.0,1.0,0.6666666666666666,0.6666666666666666,1.0,1.0,1.0,1.0,1.0,1.0,1.0,1.0
253,256,1.0,1.0,1.0,1.0,1.0,1.0,1.0,1.0,0.7666666666666667,0.7666666666666667,1.0,1.0,1.0,1.0,1.0,1.0,1.0,1.0
253,512,1.0,1.0,1.0,1.0,1.0,1.0,1.0,1.0,1.0,1.0,1.0,1.0,1.0,1.0,1.0,1.0,1.0,1.0
254,64,1.0,1.0,1.0,1.0,1.0,1.0,1.0,1.0,0.8666666666666667,0.8666666666666667,1.0,1.0,1.0,1.0,1.0,1.0,1.0,1.0
254,128,1.0,1.0,1.0,1.0,1.0,1.0,1.0,1.0,1.0,1.0,1.0,1.0,1.0,1.0,1.0,1.0,1.0,1.0
254,256,1.0,1.0,1.0,1.0,1.0,1.0,1.0,1.0,1.0,1.0,1.0,1.0,1.0,1.0,1.0,1.0,1.0,1.0
254,512,1.0,1.0,1.0,1.0,1.0,1.0,1.0,1.0,1.0,1.0,1.0,1.0,1.0,1.0,1.0,1.0,1.0,1.0
255,64,1.0,1.0,1.0,1.0,1.0,1.0,1.0,1.0,0.9666666666666667,0.9666666666666667,1.0,1.0,1.0,1.0,1.0,1.0,1.0,1.0
255,128,1.0,1.0,1.0,1.0,1.0,1.0,1.0,1.0,1.0,1.0,1.0,1.0,1.0,1.0,1.0,1.0,1.0,1.0
255,256,1.0,1.0,1.0,1.0,1.0,1.0,1.0,1.0,1.0,1.0,1.0,1.0,1.0,1.0,1.0,1.0,1.0,1.0
255,512,1.0,1.0,1.0,1.0,1.0,1.0,1.0,1.0,1.0,1.0,1.0,1.0,1.0,1.0,1.0,1.0,1.0,1.0
256,64,0.0,0.7333333333333333,0.0,0.6666666666666666,0.0,0.16666666666666666,0.0,0.0,0.0,0.0,0.0,0.0,0.0,0.0,0.0,0.0,0.0,0.4
256,128,0.0,0.9,0.0,0.9,0.0,0.23333333333333334,0.0,0.0,0.0,0.0,0.0,0.06666666666666667,0.0,0.03333333333333333,0.0,0.06666666666666667,0.0,0.5
256,256,0.0,0.9666666666666667,0.0,0.9666666666666667,0.0,0.16666666666666666,0.0,0.0,0.0,0.0,0.0,0.16666666666666666,0.0,0.03333333333333333,0.0,0.16666666666666666,0.0,0.5
256,512,0.0,1.0,0.0,1.0,0.0,0.0,0.0,0.0,0.0,0.0,0.0,0.36666666666666664,0.0,0.1,0.0,0.0,0.0,0.6333333333333333
257,64,1.0,1.0,1.0,1.0,1.0,1.0,1.0,1.0,0.8666666666666667,0.8666666666666667,1.0,1.0,1.0,1.0,1.0,1.0,1.0,1.0
257,128,1.0,1.0,1.0,1.0,1.0,1.0,1.0,1.0,1.0,1.0,1.0,1.0,1.0,1.0,1.0,1.0,1.0,1.0
257,256,1.0,1.0,1.0,1.0,1.0,1.0,1.0,1.0,1.0,1.0,1.0,1.0,1.0,1.0,1.0,1.0,1.0,1.0
257,512,1.0,1.0,1.0,1.0,1.0,1.0,1.0,1.0,1.0,1.0,1.0,1.0,1.0,1.0,1.0,1.0,1.0,1.0
258,64,1.0,1.0,1.0,1.0,1.0,1.0,1.0,1.0,0.6666666666666666,0.6666666666666666,1.0,1.0,1.0,1.0,1.0,1.0,1.0,1.0
258,128,1.0,1.0,1.0,1.0,1.0,1.0,1.0,1.0,0.7,0.7,1.0,1.0,1.0,1.0,1.0,1.0,1.0,1.0
258,256,1.0,1.0,1.0,1.0,1.0,1.0,1.0,1.0,0.7333333333333333,0.7333333333333333,1.0,1.0,1.0,1.0,1.0,1.0,1.0,1.0
258,512,1.0,1.0,1.0,1.0,1.0,1.0,1.0,1.0,0.9333333333333333,0.9333333333333333,1.0,1.0,1.0,1.0,1.0,1.0,1.0,1.0
259,64,1.0,1.0,1.0,1.0,1.0,1.0,1.0,1.0,0.6333333333333333,0.6333333333333333,1.0,1.0,1.0,1.0,1.0,1.0,1.0,1.0
259,128,1.0,1.0,1.0,1.0,1.0,1.0,1.0,1.0,0.9,0.9,1.0,1.0,1.0,1.0,1.0,1.0,1.0,1.0
259,256,1.0,1.0,1.0,1.0,1.0,1.0,1.0,1.0,0.9666666666666667,0.9666666666666667,1.0,1.0,1.0,1.0,1.0,1.0,1.0,1.0
259,512,1.0,1.0,1.0,1.0,1.0,1.0,1.0,1.0,0.9666666666666667,0.9666666666666667,1.0,1.0,1.0,1.0,1.0,1.0,1.0,1.0
260,64,1.0,1.0,1.0,1.0,1.0,1.0,0.9666666666666667,0.9666666666666667,0.13333333333333333,0.13333333333333333,1.0,1.0,0.9666666666666667,0.9666666666666667,1.0,1.0,1.0,1.0
260,128,1.0,1.0,1.0,1.0,1.0,1.0,1.0,1.0,0.03333333333333333,0.03333333333333333,1.0,1.0,1.0,1.0,1.0,1.0,1.0,1.0
260,256,1.0,1.0,1.0,1.0,1.0,1.0,1.0,1.0,0.0,0.0,1.0,1.0,1.0,1.0,1.0,1.0,1.0,1.0
260,512,1.0,1.0,1.0,1.0,1.0,1.0,1.0,1.0,0.0,0.0,1.0,1.0,1.0,1.0,1.0,1.0,1.0,1.0
261,64,1.0,1.0,1.0,1.0,1.0,1.0,1.0,1.0,0.9,0.9,1.0,1.0,1.0,1.0,1.0,1.0,1.0,1.0
261,128,1.0,1.0,1.0,1.0,1.0,1.0,1.0,1.0,1.0,1.0,1.0,1.0,1.0,1.0,1.0,1.0,1.0,1.0
261,256,1.0,1.0,1.0,1.0,1.0,1.0,1.0,1.0,1.0,1.0,1.0,1.0,1.0,1.0,1.0,1.0,1.0,1.0
261,512,1.0,1.0,1.0,1.0,1.0,1.0,1.0,1.0,1.0,1.0,1.0,1.0,1.0,1.0,1.0,1.0,1.0,1.0
262,64,1.0,1.0,1.0,1.0,1.0,1.0,1.0,1.0,0.9333333333333333,0.9333333333333333,1.0,1.0,1.0,1.0,1.0,1.0,1.0,1.0
262,128,1.0,1.0,1.0,1.0,1.0,1.0,1.0,1.0,0.8333333333333334,0.8333333333333334,1.0,1.0,1.0,1.0,1.0,1.0,1.0,1.0
262,256,1.0,1.0,1.0,1.0,1.0,1.0,1.0,1.0,0.9666666666666667,0.9666666666666667,1.0,1.0,1.0,1.0,1.0,1.0,1.0,1.0
262,512,1.0,1.0,1.0,1.0,1.0,1.0,1.0,1.0,1.0,1.0,1.0,1.0,1.0,1.0,1.0,1.0,1.0,1.0
263,64,1.0,1.0,1.0,1.0,1.0,1.0,1.0,1.0,0.9333333333333333,0.9333333333333333,1.0,1.0,1.0,1.0,1.0,1.0,1.0,1.0
263,128,1.0,1.0,1.0,1.0,1.0,1.0,1.0,1.0,1.0,1.0,1.0,1.0,1.0,1.0,1.0,1.0,1.0,1.0
263,256,1.0,1.0,1.0,1.0,1.0,1.0,1.0,1.0,1.0,1.0,1.0,1.0,1.0,1.0,1.0,1.0,1.0,1.0
263,512,1.0,1.0,1.0,1.0,1.0,1.0,1.0,1.0,1.0,1.0,1.0,1.0,1.0,1.0,1.0,1.0,1.0,1.0
264,64,0.9333333333333333,0.5666666666666667,0.8,0.5,0.13333333333333333,0.1,0.0,0.0,0.0,0.0,0.0,0.0,0.0,0.0,0.0,0.0,0.3,0.26666666666666666
264,128,1.0,0.6,0.8666666666666667,0.5666666666666667,0.06666666666666667,0.06666666666666667,0.0,0.0,0.0,0.0,0.0,0.0,0.0,0.0,0.0,0.0,0.26666666666666666,0.2
264,256,1.0,0.7,0.9333333333333333,0.6333333333333333,0.03333333333333333,0.0,0.0,0.0,0.0,0.0,0.03333333333333333,0.0,0.0,0.0,0.03333333333333333,0.0,0.1,0.06666666666666667
264,512,1.0,0.5333333333333333,1.0,0.5333333333333333,0.0,0.0,0.0,0.0,0.0,0.0,0.0,0.0,0.0,0.0,0.0,0.0,0.06666666666666667,0.0
265,64,1.0,1.0,1.0,1.0,1.0,1.0,1.0,1.0,1.0,1.0,1.0,1.0,1.0,1.0,1.0,1.0,1.0,1.0
265,128,1.0,1.0,1.0,1.0,1.0,1.0,1.0,1.0,1.0,1.0,1.0,1.0,1.0,1.0,1.0,1.0,1.0,1.0
265,256,1.0,1.0,1.0,1.0,1.0,1.0,1.0,1.0,1.0,1.0,1.0,1.0,1.0,1.0,1.0,1.0,1.0,1.0
265,512,1.0,1.0,1.0,1.0,1.0,1.0,1.0,1.0,1.0,1.0,1.0,1.0,1.0,1.0,1.0,1.0,1.0,1.0
266,64,1.0,1.0,1.0,1.0,1.0,1.0,1.0,1.0,0.9666666666666667,0.9666666666666667,1.0,1.0,1.0,1.0,1.0,1.0,1.0,1.0
266,128,1.0,1.0,1.0,1.0,1.0,1.0,1.0,1.0,1.0,1.0,1.0,1.0,1.0,1.0,1.0,1.0,1.0,1.0
266,256,1.0,1.0,1.0,1.0,1.0,1.0,1.0,1.0,1.0,1.0,1.0,1.0,1.0,1.0,1.0,1.0,1.0,1.0
266,512,1.0,1.0,1.0,1.0,1.0,1.0,1.0,1.0,1.0,1.0,1.0,1.0,1.0,1.0,1.0,1.0,1.0,1.0
267,64,1.0,1.0,1.0,1.0,1.0,1.0,1.0,1.0,1.0,1.0,1.0,1.0,1.0,1.0,1.0,1.0,1.0,1.0
267,128,1.0,1.0,1.0,1.0,1.0,1.0,1.0,1.0,1.0,1.0,1.0,1.0,1.0,1.0,1.0,1.0,1.0,1.0
267,256,1.0,1.0,1.0,1.0,1.0,1.0,1.0,1.0,1.0,1.0,1.0,1.0,1.0,1.0,1.0,1.0,1.0,1.0
267,512,1.0,1.0,1.0,1.0,1.0,1.0,1.0,1.0,1.0,1.0,1.0,1.0,1.0,1.0,1.0,1.0,1.0,1.0
268,64,0.16666666666666666,0.5666666666666667,0.13333333333333333,0.5666666666666667,0.0,0.26666666666666666,0.0,0.0,0.0,0.0,0.0,0.0,0.0,0.0,0.0,0.0,0.0,0.3333333333333333
268,128,0.13333333333333333,0.6666666666666666,0.13333333333333333,0.6666666666666666,0.0,0.16666666666666666,0.0,0.0,0.0,0.0,0.0,0.03333333333333333,0.0,0.0,0.0,0.03333333333333333,0.0,0.2
268,256,0.03333333333333333,0.9666666666666667,0.03333333333333333,0.9666666666666667,0.0,0.23333333333333334,0.0,0.0,0.0,0.0,0.0,0.13333333333333333,0.0,0.03333333333333333,0.0,0.13333333333333333,0.0,0.3
268,512,0.0,1.0,0.0,1.0,0.0,0.03333333333333333,0.0,0.0,0.0,0.0,0.0,0.23333333333333334,0.0,0.03333333333333333,0.0,0.03333333333333333,0.0,0.26666666666666666
269,64,1.0,1.0,1.0,1.0,1.0,1.0,1.0,1.0,1.0,1.0,1.0,1.0,1.0,1.0,1.0,1.0,1.0,1.0
269,128,1.0,1.0,1.0,1.0,1.0,1.0,1.0,1.0,1.0,1.0,1.0,1.0,1.0,1.0,1.0,1.0,1.0,1.0
269,256,1.0,1.0,1.0,1.0,1.0,1.0,1.0,1.0,1.0,1.0,1.0,1.0,1.0,1.0,1.0,1.0,1.0,1.0
269,512,1.0,1.0,1.0,1.0,1.0,1.0,1.0,1.0,1.0,1.0,1.0,1.0,1.0,1.0,1.0,1.0,1.0,1.0
270,64,1.0,1.0,1.0,1.0,1.0,1.0,1.0,1.0,0.9666666666666667,0.9666666666666667,1.0,1.0,1.0,1.0,1.0,1.0,1.0,1.0
270,128,1.0,1.0,1.0,1.0,1.0,1.0,1.0,1.0,1.0,1.0,1.0,1.0,1.0,1.0,1.0,1.0,1.0,1.0
270,256,1.0,1.0,1.0,1.0,1.0,1.0,1.0,1.0,1.0,1.0,1.0,1.0,1.0,1.0,1.0,1.0,1.0,1.0
270,512,1.0,1.0,1.0,1.0,1.0,1.0,1.0,1.0,1.0,1.0,1.0,1.0,1.0,1.0,1.0,1.0,1.0,1.0
271,64,1.0,1.0,1.0,1.0,1.0,1.0,1.0,1.0,0.9666666666666667,0.9666666666666667,1.0,1.0,1.0,1.0,1.0,1.0,1.0,1.0
271,128,1.0,1.0,1.0,1.0,1.0,1.0,1.0,1.0,1.0,1.0,1.0,1.0,1.0,1.0,1.0,1.0,1.0,1.0
271,256,1.0,1.0,1.0,1.0,1.0,1.0,1.0,1.0,1.0,1.0,1.0,1.0,1.0,1.0,1.0,1.0,1.0,1.0
271,512,1.0,1.0,1.0,1.0,1.0,1.0,1.0,1.0,1.0,1.0,1.0,1.0,1.0,1.0,1.0,1.0,1.0,1.0
272,64,1.0,0.7666666666666667,0.9333333333333333,0.7666666666666667,0.4,0.36666666666666664,0.06666666666666667,0.06666666666666667,0.0,0.0,0.16666666666666666,0.16666666666666666,0.06666666666666667,0.06666666666666667,0.16666666666666666,0.16666666666666666,0.6,0.5333333333333333
272,128,1.0,0.9333333333333333,1.0,0.9333333333333333,0.36666666666666664,0.36666666666666664,0.0,0.0,0.0,0.0,0.3,0.3,0.1,0.1,0.3,0.3,0.8333333333333334,0.8
272,256,1.0,0.9,1.0,0.9,0.13333333333333333,0.13333333333333333,0.0,0.0,0.0,0.0,0.3333333333333333,0.3333333333333333,0.1,0.1,0.13333333333333333,0.13333333333333333,0.8333333333333334,0.8333333333333334
272,512,1.0,1.0,1.0,1.0,0.1,0.1,0.0,0.0,0.0,0.0,0.8,0.8,0.4666666666666667,0.4666666666666667,0.1,0.1,1.0,1.0
273,64,1.0,1.0,1.0,1.0,1.0,1.0,1.0,1.0,0.6333333333333333,0.6333333333333333,1.0,1.0,1.0,1.0,1.0,1.0,1.0,1.0
273,128,1.0,1.0,1.0,1.0,1.0,1.0,1.0,1.0,0.8,0.8,1.0,1.0,1.0,1.0,1.0,1.0,1.0,1.0
273,256,1.0,1.0,1.0,1.0,1.0,1.0,1.0,1.0,0.8666666666666667,0.8666666666666667,1.0,1.0,1.0,1.0,1.0,1.0,1.0,1.0
273,512,1.0,1.0,1.0,1.0,1.0,1.0,1.0,1.0,0.9333333333333333,0.9333333333333333,1.0,1.0,1.0,1.0,1.0,1.0,1.0,1.0
274,64,1.0,1.0,1.0,1.0,1.0,1.0,1.0,1.0,0.5666666666666667,0.5666666666666667,1.0,1.0,1.0,1.0,1.0,1.0,1.0,1.0
274,128,1.0,1.0,1.0,1.0,1.0,1.0,1.0,1.0,0.7,0.7,1.0,1.0,1.0,1.0,1.0,1.0,1.0,1.0
274,256,1.0,1.0,1.0,1.0,1.0,1.0,1.0,1.0,0.8,0.8,1.0,1.0,1.0,1.0,1.0,1.0,1.0,1.0
274,512,1.0,1.0,1.0,1.0,1.0,1.0,1.0,1.0,0.9666666666666667,0.9666666666666667,1.0,1.0,1.0,1.0,1.0,1.0,1.0,1.0
275,64,1.0,1.0,1.0,1.0,1.0,1.0,1.0,1.0,0.6666666666666666,0.6666666666666666,1.0,1.0,1.0,1.0,1.0,1.0,1.0,1.0
275,128,1.0,1.0,1.0,1.0,1.0,1.0,1.0,1.0,0.8666666666666667,0.8666666666666667,1.0,1.0,1.0,1.0,1.0,1.0,1.0,1.0
275,256,1.0,1.0,1.0,1.0,1.0,1.0,1.0,1.0,0.9,0.9,1.0,1.0,1.0,1.0,1.0,1.0,1.0,1.0
275,512,1.0,1.0,1.0,1.0,1.0,1.0,1.0,1.0,1.0,1.0,1.0,1.0,1.0,1.0,1.0,1.0,1.0,1.0
276,64,1.0,0.9666666666666667,1.0,0.9666666666666667,0.7333333333333333,0.7333333333333333,0.03333333333333333,0.03333333333333333,0.0,0.0,0.13333333333333333,0.13333333333333333,0.03333333333333333,0.03333333333333333,0.13333333333333333,0.13333333333333333,0.8,0.8
276,128,1.0,0.9666666666666667,1.0,0.9666666666666667,0.8,0.8,0.03333333333333333,0.03333333333333333,0.0,0.0,0.5,0.5,0.3,0.3,0.5,0.5,0.9,0.8666666666666667
276,256,1.0,1.0,1.0,1.0,1.0,1.0,0.0,0.0,0.0,0.0,1.0,1.0,0.8,0.8,1.0,1.0,1.0,1.0
276,512,1.0,1.0,1.0,1.0,1.0,1.0,0.0,0.0,0.0,0.0,1.0,1.0,1.0,1.0,1.0,1.0,1.0,1.0
277,64,1.0,1.0,1.0,1.0,1.0,1.0,1.0,1.0,0.8666666666666667,0.8666666666666667,1.0,1.0,1.0,1.0,1.0,1.0,1.0,1.0
277,128,1.0,1.0,1.0,1.0,1.0,1.0,1.0,1.0,1.0,1.0,1.0,1.0,1.0,1.0,1.0,1.0,1.0,1.0
277,256,1.0,1.0,1.0,1.0,1.0,1.0,1.0,1.0,1.0,1.0,1.0,1.0,1.0,1.0,1.0,1.0,1.0,1.0
277,512,1.0,1.0,1.0,1.0,1.0,1.0,1.0,1.0,1.0,1.0,1.0,1.0,1.0,1.0,1.0,1.0,1.0,1.0
278,64,1.0,1.0,1.0,1.0,1.0,1.0,1.0,1.0,1.0,1.0,1.0,1.0,1.0,1.0,1.0,1.0,1.0,1.0
278,128,1.0,1.0,1.0,1.0,1.0,1.0,1.0,1.0,1.0,1.0,1.0,1.0,1.0,1.0,1.0,1.0,1.0,1.0
278,256,1.0,1.0,1.0,1.0,1.0,1.0,1.0,1.0,1.0,1.0,1.0,1.0,1.0,1.0,1.0,1.0,1.0,1.0
278,512,1.0,1.0,1.0,1.0,1.0,1.0,1.0,1.0,1.0,1.0,1.0,1.0,1.0,1.0,1.0,1.0,1.0,1.0
279,64,1.0,1.0,1.0,1.0,1.0,1.0,1.0,1.0,0.8,0.8,1.0,1.0,1.0,1.0,1.0,1.0,1.0,1.0
279,128,1.0,1.0,1.0,1.0,1.0,1.0,1.0,1.0,0.9,0.9,1.0,1.0,1.0,1.0,1.0,1.0,1.0,1.0
279,256,1.0,1.0,1.0,1.0,1.0,1.0,1.0,1.0,0.9666666666666667,0.9666666666666667,1.0,1.0,1.0,1.0,1.0,1.0,1.0,1.0
279,512,1.0,1.0,1.0,1.0,1.0,1.0,1.0,1.0,1.0,1.0,1.0,1.0,1.0,1.0,1.0,1.0,1.0,1.0
280,64,0.9666666666666667,0.6333333333333333,0.6666666666666666,0.5666666666666667,0.4666666666666667,0.43333333333333335,0.03333333333333333,0.03333333333333333,0.0,0.0,0.03333333333333333,0.03333333333333333,0.0,0.0,0.03333333333333333,0.03333333333333333,0.26666666666666666,0.26666666666666666
280,128,1.0,0.6666666666666666,0.8666666666666667,0.6,0.3333333333333333,0.23333333333333334,0.0,0.0,0.0,0.0,0.06666666666666667,0.06666666666666667,0.0,0.0,0.06666666666666667,0.06666666666666667,0.26666666666666666,0.23333333333333334
280,256,1.0,0.9333333333333333,0.9666666666666667,0.9333333333333333,0.43333333333333335,0.43333333333333335,0.0,0.0,0.0,0.0,0.06666666666666667,0.06666666666666667,0.0,0.0,0.06666666666666667,0.06666666666666667,0.23333333333333334,0.23333333333333334
280,512,1.0,1.0,1.0,1.0,0.43333333333333335,0.43333333333333335,0.0,0.0,0.0,0.0,0.36666666666666664,0.36666666666666664,0.13333333333333333,0.13333333333333333,0.36666666666666664,0.36666666666666664,0.2,0.2
281,64,1.0,1.0,1.0,1.0,1.0,1.0,1.0,1.0,0.43333333333333335,0.43333333333333335,1.0,1.0,1.0,1.0,1.0,1.0,1.0,1.0
281,128,1.0,1.0,1.0,1.0,1.0,1.0,1.0,1.0,0.3,0.3,1.0,1.0,1.0,1.0,1.0,1.0,1.0,1.0
281,256,1.0,1.0,1.0,1.0,1.0,1.0,1.0,1.0,0.4,0.4,1.0,1.0,1.0,1.0,1.0,1.0,1.0,1.0
281,512,1.0,1.0,1.0,1.0,1.0,1.0,1.0,1.0,0.7333333333333333,0.7333333333333333,1.0,1.0,1.0,1.0,1.0,1.0,1.0,1.0
282,64,1.0,1.0,1.0,1.0,0.9666666666666667,0.9666666666666667,0.6333333333333333,0.6333333333333333,0.0,0.0,0.8,0.8,0.6,0.6,0.8,0.8,0.9666666666666667,0.9666666666666667
282,128,1.0,1.0,1.0,1.0,1.0,1.0,0.8,0.8,0.0,0.0,1.0,1.0,0.9666666666666667,0.9666666666666667,1.0,1.0,1.0,1.0
282,256,1.0,1.0,1.0,1.0,1.0,1.0,0.9,0.9,0.0,0.0,1.0,1.0,1.0,1.0,1.0,1.0,1.0,1.0
282,512,1.0,1.0,1.0,1.0,1.0,1.0,1.0,1.0,0.0,0.0,1.0,1.0,1.0,1.0,1.0,1.0,1.0,1.0
283,64,1.0,0.8333333333333334,0.9333333333333333,0.8333333333333334,0.4,0.4,0.0,0.0,0.0,0.0,0.06666666666666667,0.06666666666666667,0.0,0.0,0.06666666666666667,0.06666666666666667,0.7,0.6666666666666666
283,128,1.0,0.9333333333333333,0.9666666666666667,0.9333333333333333,0.5333333333333333,0.5333333333333333,0.0,0.0,0.0,0.0,0.3333333333333333,0.3333333333333333,0.13333333333333333,0.13333333333333333,0.3333333333333333,0.3333333333333333,0.8333333333333334,0.8333333333333334
283,256,1.0,0.9666666666666667,1.0,0.9666666666666667,0.3333333333333333,0.3333333333333333,0.0,0.0,0.0,0.0,0.5,0.5,0.26666666666666666,0.26666666666666666,0.3333333333333333,0.3333333333333333,0.8666666666666667,0.8666666666666667
283,512,1.0,1.0,1.0,1.0,0.3333333333333333,0.3333333333333333,0.0,0.0,0.0,0.0,0.8333333333333334,0.8333333333333334,0.6,0.6,0.3333333333333333,0.3333333333333333,1.0,1.0
284,64,1.0,0.26666666666666666,0.7,0.2,0.3,0.0,0.0,0.0,0.0,0.0,0.0,0.0,0.0,0.0,0.0,0.0,0.3,0.0
284,128,1.0,0.23333333333333334,0.9,0.16666666666666666,0.2,0.0,0.0,0.0,0.0,0.0,0.06666666666666667,0.0,0.0,0.0,0.06666666666666667,0.0,0.23333333333333334,0.0
284,256,1.0,0.26666666666666666,0.9333333333333333,0.2,0.03333333333333333,0.0,0.0,0.0,0.0,0.0,0.03333333333333333,0.0,0.0,0.0,0.03333333333333333,0.0,0.06666666666666667,0.0
284,512,1.0,0.2,1.0,0.2,0.0,0.0,0.0,0.0,0.0,0.0,0.0,0.0,0.0,0.0,0.0,0.0,0.0,0.0
285,64,1.0,1.0,1.0,1.0,1.0,1.0,1.0,1.0,0.5333333333333333,0.5333333333333333,1.0,1.0,1.0,1.0,1.0,1.0,1.0,1.0
285,128,1.0,1.0,1.0,1.0,1.0,1.0,1.0,1.0,0.6333333333333333,0.6333333333333333,1.0,1.0,1.0,1.0,1.0,1.0,1.0,1.0
285,256,1.0,1.0,1.0,1.0,1.0,1.0,1.0,1.0,0.8,0.8,1.0,1.0,1.0,1.0,1.0,1.0,1.0,1.0
285,512,1.0,1.0,1.0,1.0,1.0,1.0,1.0,1.0,1.0,1.0,1.0,1.0,1.0,1.0,1.0,1.0,1.0,1.0
286,64,1.0,0.7333333333333333,0.9333333333333333,0.7333333333333333,0.36666666666666664,0.36666666666666664,0.0,0.0,0.0,0.0,0.03333333333333333,0.03333333333333333,0.0,0.0,0.03333333333333333,0.03333333333333333,0.6666666666666666,0.6
286,128,1.0,1.0,1.0,1.0,0.4,0.4,0.0,0.0,0.0,0.0,0.26666666666666666,0.26666666666666666,0.03333333333333333,0.03333333333333333,0.26666666666666666,0.26666666666666666,0.7666666666666667,0.7666666666666667
286,256,1.0,0.9666666666666667,1.0,0.9666666666666667,0.23333333333333334,0.23333333333333334,0.0,0.0,0.0,0.0,0.3333333333333333,0.3333333333333333,0.13333333333333333,0.13333333333333333,0.23333333333333334,0.23333333333333334,0.7666666666666667,0.7666666666666667
286,512,1.0,1.0,1.0,1.0,0.03333333333333333,0.03333333333333333,0.0,0.0,0.0,0.0,0.6333333333333333,0.6333333333333333,0.2,0.2,0.03333333333333333,0.03333333333333333,0.9333333333333333,0.9333333333333333
287,64,1.0,0.9666666666666667,0.9666666666666667,0.9333333333333333,0.7,0.7,0.03333333333333333,0.03333333333333333,0.0,0.0,0.23333333333333334,0.23333333333333334,0.13333333333333333,0.13333333333333333,0.23333333333333334,0.23333333333333334,0.8333333333333334,0.8333333333333334
287,128,1.0,1.0,0.9666666666666667,0.9666666666666667,0.6,0.6,0.03333333333333333,0.03333333333333333,0.0,0.0,0.3,0.3,0.16666666666666666,0.16666666666666666,0.3,0.3,0.8,0.8
287,256,1.0,1.0,1.0,1.0,0.5,0.5,0.0,0.0,0.0,0.0,0.6333333333333333,0.6333333333333333,0.26666666666666666,0.26666666666666666,0.5,0.5,0.9333333333333333,0.9333333333333333
287,512,1.0,1.0,1.0,1.0,0.36666666666666664,0.36666666666666664,0.0,0.0,0.0,0.0,1.0,1.0,0.8666666666666667,0.8666666666666667,0.36666666666666664,0.36666666666666664,1.0,1.0
288,64,0.9666666666666667,0.8666666666666667,0.9666666666666667,0.8666666666666667,0.6,0.6,0.16666666666666666,0.16666666666666666,0.0,0.0,0.1,0.1,0.03333333333333333,0.03333333333333333,0.1,0.1,0.5,0.5
288,128,1.0,1.0,1.0,1.0,0.7666666666666667,0.7666666666666667,0.13333333333333333,0.13333333333333333,0.0,0.0,0.3333333333333333,0.3333333333333333,0.16666666666666666,0.16666666666666666,0.3333333333333333,0.3333333333333333,0.7666666666666667,0.7666666666666667
288,256,1.0,1.0,1.0,1.0,0.9666666666666667,0.9666666666666667,0.13333333333333333,0.13333333333333333,0.0,0.0,0.9333333333333333,0.9333333333333333,0.7,0.7,0.9333333333333333,0.9333333333333333,1.0,1.0
288,512,1.0,1.0,1.0,1.0,1.0,1.0,0.06666666666666667,0.06666666666666667,0.0,0.0,1.0,1.0,1.0,1.0,1.0,1.0,1.0,1.0
289,64,1.0,1.0,1.0,1.0,1.0,1.0,1.0,1.0,0.26666666666666666,0.26666666666666666,1.0,1.0,1.0,1.0,1.0,1.0,1.0,1.0
289,128,1.0,1.0,1.0,1.0,1.0,1.0,1.0,1.0,0.26666666666666666,0.26666666666666666,1.0,1.0,1.0,1.0,1.0,1.0,1.0,1.0
289,256,1.0,1.0,1.0,1.0,1.0,1.0,1.0,1.0,0.3333333333333333,0.3333333333333333,1.0,1.0,1.0,1.0,1.0,1.0,1.0,1.0
289,512,1.0,1.0,1.0,1.0,1.0,1.0,1.0,1.0,0.23333333333333334,0.23333333333333334,1.0,1.0,1.0,1.0,1.0,1.0,1.0,1.0
290,64,0.9,0.9,0.9,0.9,0.5333333333333333,0.5333333333333333,0.03333333333333333,0.03333333333333333,0.0,0.0,0.13333333333333333,0.13333333333333333,0.0,0.0,0.13333333333333333,0.13333333333333333,0.8,0.8
290,128,0.9666666666666667,0.9666666666666667,0.9666666666666667,0.9666666666666667,0.43333333333333335,0.43333333333333335,0.0,0.0,0.0,0.0,0.3,0.3,0.0,0.0,0.3,0.3,0.7,0.7
290,256,1.0,1.0,1.0,1.0,0.36666666666666664,0.36666666666666664,0.0,0.0,0.0,0.0,0.36666666666666664,0.36666666666666664,0.2,0.2,0.36666666666666664,0.36666666666666664,0.8,0.8
290,512,1.0,1.0,1.0,1.0,0.5,0.5,0.0,0.0,0.0,0.0,0.9,0.9,0.7333333333333333,0.7333333333333333,0.5,0.5,0.9333333333333333,0.9333333333333333
291,64,0.9666666666666667,0.9666666666666667,0.9666666666666667,0.9666666666666667,0.8333333333333334,0.8333333333333334,0.2,0.2,0.0,0.0,0.43333333333333335,0.43333333333333335,0.26666666666666666,0.26666666666666666,0.43333333333333335,0.43333333333333335,0.9333333333333333,0.9333333333333333
291,128,1.0,1.0,1.0,1.0,0.9333333333333333,0.9333333333333333,0.0,0.0,0.0,0.0,0.9333333333333333,0.9333333333333333,0.5666666666666667,0.5666666666666667,0.9333333333333333,0.9333333333333333,1.0,1.0
291,256,1.0,1.0,1.0,1.0,0.9666666666666667,0.9666666666666667,0.0,0.0,0.0,0.0,0.9666666666666667,0.9666666666666667,0.9666666666666667,0.9666666666666667,0.9666666666666667,0.9666666666666667,1.0,1.0
291,512,1.0,1.0,1.0,1.0,1.0,1.0,0.0,0.0,0.0,0.0,1.0,1.0,1.0,1.0,1.0,1.0,1.0,1.0
292,64,0.06666666666666667,0.7333333333333333,0.03333333333333333,0.7333333333333333,0.0,0.43333333333333335,0.0,0.0,0.0,0.0,0.0,0.0,0.0,0.0,0.0,0.0,0.0,0.36666666666666664
292,128,0.06666666666666667,0.9333333333333333,0.03333333333333333,0.9333333333333333,0.0,0.43333333333333335,0.0,0.0,0.0,0.0,0.0,0.03333333333333333,0.0,0.0,0.0,0.03333333333333333,0.0,0.36666666666666664
292,256,0.0,0.9666666666666667,0.0,0.9333333333333333,0.0,0.5666666666666667,0.0,0.0,0.0,0.0,0.0,0.3,0.0,0.06666666666666667,0.0,0.3,0.0,0.4666666666666667
292,512,0.0,1.0,0.0,1.0,0.0,0.7666666666666667,0.0,0.0,0.0,0.0,0.0,0.7333333333333333,0.0,0.5,0.0,0.7333333333333333,0.0,0.5333333333333333
293,64,1.0,1.0,1.0,1.0,1.0,1.0,1.0,1.0,0.4,0.4,1.0,1.0,1.0,1.0,1.0,1.0,1.0,1.0
293,128,1.0,1.0,1.0,1.0,1.0,1.0,1.0,1.0,0.43333333333333335,0.43333333333333335,1.0,1.0,1.0,1.0,1.0,1.0,1.0,1.0
293,256,1.0,1.0,1.0,1.0,1.0,1.0,1.0,1.0,0.8,0.8,1.0,1.0,1.0,1.0,1.0,1.0,1.0,1.0
293,512,1.0,1.0,1.0,1.0,1.0,1.0,1.0,1.0,0.9666666666666667,0.9666666666666667,1.0,1.0,1.0,1.0,1.0,1.0,1.0,1.0
294,64,1.0,1.0,1.0,1.0,1.0,1.0,1.0,1.0,0.7666666666666667,0.7666666666666667,1.0,1.0,1.0,1.0,1.0,1.0,1.0,1.0
294,128,1.0,1.0,1.0,1.0,1.0,1.0,1.0,1.0,1.0,1.0,1.0,1.0,1.0,1.0,1.0,1.0,1.0,1.0
294,256,1.0,1.0,1.0,1.0,1.0,1.0,1.0,1.0,1.0,1.0,1.0,1.0,1.0,1.0,1.0,1.0,1.0,1.0
294,512,1.0,1.0,1.0,1.0,1.0,1.0,1.0,1.0,1.0,1.0,1.0,1.0,1.0,1.0,1.0,1.0,1.0,1.0
295,64,1.0,1.0,1.0,1.0,1.0,1.0,1.0,1.0,0.7666666666666667,0.7666666666666667,1.0,1.0,1.0,1.0,1.0,1.0,1.0,1.0
295,128,1.0,1.0,1.0,1.0,1.0,1.0,1.0,1.0,1.0,1.0,1.0,1.0,1.0,1.0,1.0,1.0,1.0,1.0
295,256,1.0,1.0,1.0,1.0,1.0,1.0,1.0,1.0,1.0,1.0,1.0,1.0,1.0,1.0,1.0,1.0,1.0,1.0
295,512,1.0,1.0,1.0,1.0,1.0,1.0,1.0,1.0,1.0,1.0,1.0,1.0,1.0,1.0,1.0,1.0,1.0,1.0
296,64,0.36666666666666664,0.06666666666666667,0.2,0.03333333333333333,0.16666666666666666,0.03333333333333333,0.0,0.0,0.0,0.0,0.0,0.0,0.0,0.0,0.0,0.0,0.0,0.0
296,128,0.4666666666666667,0.0,0.23333333333333334,0.0,0.2,0.0,0.0,0.0,0.0,0.0,0.0,0.0,0.0,0.0,0.0,0.0,0.0,0.0
296,256,0.6333333333333333,0.1,0.5333333333333333,0.06666666666666667,0.1,0.0,0.0,0.0,0.0,0.0,0.0,0.0,0.0,0.0,0.0,0.0,0.0,0.0
296,512,0.9333333333333333,0.03333333333333333,0.7666666666666667,0.0,0.26666666666666666,0.0,0.0,0.0,0.0,0.0,0.0,0.0,0.0,0.0,0.0,0.0,0.0,0.0
297,64,1.0,1.0,1.0,1.0,1.0,1.0,0.5666666666666667,0.5666666666666667,0.0,0.0,0.16666666666666666,0.16666666666666666,0.03333333333333333,0.03333333333333333,0.16666666666666666,0.16666666666666666,0.8,0.8
297,128,1.0,1.0,1.0,1.0,1.0,1.0,0.8666666666666667,0.8666666666666667,0.0,0.0,0.8666666666666667,0.8666666666666667,0.6333333333333333,0.6333333333333333,0.8666666666666667,0.8666666666666667,0.9666666666666667,0.9666666666666667
297,256,1.0,1.0,1.0,1.0,1.0,1.0,0.9666666666666667,0.9666666666666667,0.0,0.0,1.0,1.0,1.0,1.0,1.0,1.0,1.0,1.0
297,512,1.0,1.0,1.0,1.0,1.0,1.0,1.0,1.0,0.0,0.0,1.0,1.0,1.0,1.0,1.0,1.0,1.0,1.0
298,64,1.0,1.0,1.0,1.0,1.0,1.0,0.7666666666666667,0.7666666666666667,0.03333333333333333,0.03333333333333333,0.8,0.8,0.6,0.6,0.8,0.8,1.0,1.0
298,128,1.0,1.0,1.0,1.0,1.0,1.0,0.9666666666666667,0.9666666666666667,0.0,0.0,1.0,1.0,1.0,1.0,1.0,1.0,1.0,1.0
298,256,1.0,1.0,1.0,1.0,1.0,1.0,0.9666666666666667,0.9666666666666667,0.0,0.0,1.0,1.0,1.0,1.0,1.0,1.0,1.0,1.0
298,512,1.0,1.0,1.0,1.0,1.0,1.0,1.0,1.0,0.0,0.0,1.0,1.0,1.0,1.0,1.0,1.0,1.0,1.0
299,64,0.9666666666666667,0.9333333333333333,0.9333333333333333,0.9,0.7666666666666667,0.7666666666666667,0.23333333333333334,0.23333333333333334,0.0,0.0,0.2,0.2,0.03333333333333333,0.03333333333333333,0.2,0.2,0.7,0.7
299,128,1.0,1.0,1.0,1.0,1.0,1.0,0.3333333333333333,0.3333333333333333,0.0,0.0,0.5,0.5,0.3,0.3,0.5,0.5,0.9,0.9
299,256,1.0,1.0,1.0,1.0,0.9666666666666667,0.9666666666666667,0.43333333333333335,0.43333333333333335,0.0,0.0,0.8666666666666667,0.8666666666666667,0.7333333333333333,0.7333333333333333,0.8666666666666667,0.8666666666666667,0.9666666666666667,0.9666666666666667
299,512,1.0,1.0,1.0,1.0,1.0,1.0,0.26666666666666666,0.26666666666666666,0.0,0.0,1.0,1.0,1.0,1.0,1.0,1.0,1.0,1.0
300,64,1.0,1.0,1.0,1.0,1.0,1.0,1.0,1.0,1.0,1.0,1.0,1.0,1.0,1.0,1.0,1.0,1.0,1.0
300,128,1.0,1.0,1.0,1.0,1.0,1.0,1.0,1.0,1.0,1.0,1.0,1.0,1.0,1.0,1.0,1.0,1.0,1.0
300,256,1.0,1.0,1.0,1.0,1.0,1.0,1.0,1.0,1.0,1.0,1.0,1.0,1.0,1.0,1.0,1.0,1.0,1.0
300,512,1.0,1.0,1.0,1.0,1.0,1.0,1.0,1.0,1.0,1.0,1.0,1.0,1.0,1.0,1.0,1.0,1.0,1.0
301,64,1.0,1.0,1.0,1.0,1.0,1.0,1.0,1.0,1.0,1.0,1.0,1.0,1.0,1.0,1.0,1.0,1.0,1.0
301,128,1.0,1.0,1.0,1.0,1.0,1.0,1.0,1.0,1.0,1.0,1.0,1.0,1.0,1.0,1.0,1.0,1.0,1.0
301,256,1.0,1.0,1.0,1.0,1.0,1.0,1.0,1.0,1.0,1.0,1.0,1.0,1.0,1.0,1.0,1.0,1.0,1.0
301,512,1.0,1.0,1.0,1.0,1.0,1.0,1.0,1.0,1.0,1.0,1.0,1.0,1.0,1.0,1.0,1.0,1.0,1.0
302,64,1.0,1.0,1.0,1.0,1.0,1.0,1.0,1.0,1.0,1.0,1.0,1.0,1.0,1.0,1.0,1.0,1.0,1.0
302,128,1.0,1.0,1.0,1.0,1.0,1.0,1.0,1.0,1.0,1.0,1.0,1.0,1.0,1.0,1.0,1.0,1.0,1.0
302,256,1.0,1.0,1.0,1.0,1.0,1.0,1.0,1.0,1.0,1.0,1.0,1.0,1.0,1.0,1.0,1.0,1.0,1.0
302,512,1.0,1.0,1.0,1.0,1.0,1.0,1.0,1.0,1.0,1.0,1.0,1.0,1.0,1.0,1.0,1.0,1.0,1.0
303,64,1.0,1.0,1.0,1.0,1.0,1.0,1.0,1.0,0.9666666666666667,0.9666666666666667,1.0,1.0,1.0,1.0,1.0,1.0,1.0,1.0
303,128,1.0,1.0,1.0,1.0,1.0,1.0,1.0,1.0,1.0,1.0,1.0,1.0,1.0,1.0,1.0,1.0,1.0,1.0
303,256,1.0,1.0,1.0,1.0,1.0,1.0,1.0,1.0,1.0,1.0,1.0,1.0,1.0,1.0,1.0,1.0,1.0,1.0
303,512,1.0,1.0,1.0,1.0,1.0,1.0,1.0,1.0,1.0,1.0,1.0,1.0,1.0,1.0,1.0,1.0,1.0,1.0
304,64,1.0,1.0,1.0,1.0,1.0,1.0,1.0,1.0,0.9666666666666667,0.9666666666666667,1.0,1.0,1.0,1.0,1.0,1.0,1.0,1.0
304,128,1.0,1.0,1.0,1.0,1.0,1.0,1.0,1.0,1.0,1.0,1.0,1.0,1.0,1.0,1.0,1.0,1.0,1.0
304,256,1.0,1.0,1.0,1.0,1.0,1.0,1.0,1.0,1.0,1.0,1.0,1.0,1.0,1.0,1.0,1.0,1.0,1.0
304,512,1.0,1.0,1.0,1.0,1.0,1.0,1.0,1.0,1.0,1.0,1.0,1.0,1.0,1.0,1.0,1.0,1.0,1.0
305,64,1.0,1.0,1.0,1.0,1.0,1.0,1.0,1.0,1.0,1.0,1.0,1.0,1.0,1.0,1.0,1.0,1.0,1.0
305,128,1.0,1.0,1.0,1.0,1.0,1.0,1.0,1.0,1.0,1.0,1.0,1.0,1.0,1.0,1.0,1.0,1.0,1.0
305,256,1.0,1.0,1.0,1.0,1.0,1.0,1.0,1.0,1.0,1.0,1.0,1.0,1.0,1.0,1.0,1.0,1.0,1.0
305,512,1.0,1.0,1.0,1.0,1.0,1.0,1.0,1.0,1.0,1.0,1.0,1.0,1.0,1.0,1.0,1.0,1.0,1.0
306,64,1.0,1.0,1.0,1.0,1.0,1.0,1.0,1.0,1.0,1.0,1.0,1.0,1.0,1.0,1.0,1.0,1.0,1.0
306,128,1.0,1.0,1.0,1.0,1.0,1.0,1.0,1.0,1.0,1.0,1.0,1.0,1.0,1.0,1.0,1.0,1.0,1.0
306,256,1.0,1.0,1.0,1.0,1.0,1.0,1.0,1.0,1.0,1.0,1.0,1.0,1.0,1.0,1.0,1.0,1.0,1.0
306,512,1.0,1.0,1.0,1.0,1.0,1.0,1.0,1.0,1.0,1.0,1.0,1.0,1.0,1.0,1.0,1.0,1.0,1.0
307,64,1.0,1.0,1.0,1.0,1.0,1.0,1.0,1.0,1.0,1.0,1.0,1.0,1.0,1.0,1.0,1.0,1.0,1.0
307,128,1.0,1.0,1.0,1.0,1.0,1.0,1.0,1.0,1.0,1.0,1.0,1.0,1.0,1.0,1.0,1.0,1.0,1.0
307,256,1.0,1.0,1.0,1.0,1.0,1.0,1.0,1.0,1.0,1.0,1.0,1.0,1.0,1.0,1.0,1.0,1.0,1.0
307,512,1.0,1.0,1.0,1.0,1.0,1.0,1.0,1.0,1.0,1.0,1.0,1.0,1.0,1.0,1.0,1.0,1.0,1.0
308,64,1.0,1.0,1.0,1.0,1.0,1.0,1.0,1.0,1.0,1.0,1.0,1.0,1.0,1.0,1.0,1.0,1.0,1.0
308,128,1.0,1.0,1.0,1.0,1.0,1.0,1.0,1.0,1.0,1.0,1.0,1.0,1.0,1.0,1.0,1.0,1.0,1.0
308,256,1.0,1.0,1.0,1.0,1.0,1.0,1.0,1.0,1.0,1.0,1.0,1.0,1.0,1.0,1.0,1.0,1.0,1.0
308,512,1.0,1.0,1.0,1.0,1.0,1.0,1.0,1.0,1.0,1.0,1.0,1.0,1.0,1.0,1.0,1.0,1.0,1.0
309,64,1.0,1.0,1.0,1.0,1.0,1.0,1.0,1.0,1.0,1.0,1.0,1.0,1.0,1.0,1.0,1.0,1.0,1.0
309,128,1.0,1.0,1.0,1.0,1.0,1.0,1.0,1.0,1.0,1.0,1.0,1.0,1.0,1.0,1.0,1.0,1.0,1.0
309,256,1.0,1.0,1.0,1.0,1.0,1.0,1.0,1.0,1.0,1.0,1.0,1.0,1.0,1.0,1.0,1.0,1.0,1.0
309,512,1.0,1.0,1.0,1.0,1.0,1.0,1.0,1.0,1.0,1.0,1.0,1.0,1.0,1.0,1.0,1.0,1.0,1.0
310,64,1.0,1.0,1.0,1.0,1.0,1.0,1.0,1.0,1.0,1.0,1.0,1.0,1.0,1.0,1.0,1.0,1.0,1.0
310,128,1.0,1.0,1.0,1.0,1.0,1.0,1.0,1.0,1.0,1.0,1.0,1.0,1.0,1.0,1.0,1.0,1.0,1.0
310,256,1.0,1.0,1.0,1.0,1.0,1.0,1.0,1.0,1.0,1.0,1.0,1.0,1.0,1.0,1.0,1.0,1.0,1.0
310,512,1.0,1.0,1.0,1.0,1.0,1.0,1.0,1.0,1.0,1.0,1.0,1.0,1.0,1.0,1.0,1.0,1.0,1.0
311,64,1.0,1.0,1.0,1.0,1.0,1.0,1.0,1.0,1.0,1.0,1.0,1.0,1.0,1.0,1.0,1.0,1.0,1.0
311,128,1.0,1.0,1.0,1.0,1.0,1.0,1.0,1.0,1.0,1.0,1.0,1.0,1.0,1.0,1.0,1.0,1.0,1.0
311,256,1.0,1.0,1.0,1.0,1.0,1.0,1.0,1.0,1.0,1.0,1.0,1.0,1.0,1.0,1.0,1.0,1.0,1.0
311,512,1.0,1.0,1.0,1.0,1.0,1.0,1.0,1.0,1.0,1.0,1.0,1.0,1.0,1.0,1.0,1.0,1.0,1.0
312,64,1.0,1.0,1.0,1.0,1.0,1.0,1.0,1.0,1.0,1.0,1.0,1.0,1.0,1.0,1.0,1.0,1.0,1.0
312,128,1.0,1.0,1.0,1.0,1.0,1.0,1.0,1.0,1.0,1.0,1.0,1.0,1.0,1.0,1.0,1.0,1.0,1.0
312,256,1.0,1.0,1.0,1.0,1.0,1.0,1.0,1.0,1.0,1.0,1.0,1.0,1.0,1.0,1.0,1.0,1.0,1.0
312,512,1.0,1.0,1.0,1.0,1.0,1.0,1.0,1.0,1.0,1.0,1.0,1.0,1.0,1.0,1.0,1.0,1.0,1.0
313,64,1.0,1.0,1.0,1.0,1.0,1.0,1.0,1.0,1.0,1.0,1.0,1.0,1.0,1.0,1.0,1.0,1.0,1.0
313,128,1.0,1.0,1.0,1.0,1.0,1.0,1.0,1.0,1.0,1.0,1.0,1.0,1.0,1.0,1.0,1.0,1.0,1.0
313,256,1.0,1.0,1.0,1.0,1.0,1.0,1.0,1.0,1.0,1.0,1.0,1.0,1.0,1.0,1.0,1.0,1.0,1.0
313,512,1.0,1.0,1.0,1.0,1.0,1.0,1.0,1.0,1.0,1.0,1.0,1.0,1.0,1.0,1.0,1.0,1.0,1.0
314,64,1.0,1.0,1.0,1.0,1.0,1.0,1.0,1.0,1.0,1.0,1.0,1.0,1.0,1.0,1.0,1.0,1.0,1.0
314,128,1.0,1.0,1.0,1.0,1.0,1.0,1.0,1.0,1.0,1.0,1.0,1.0,1.0,1.0,1.0,1.0,1.0,1.0
314,256,1.0,1.0,1.0,1.0,1.0,1.0,1.0,1.0,1.0,1.0,1.0,1.0,1.0,1.0,1.0,1.0,1.0,1.0
314,512,1.0,1.0,1.0,1.0,1.0,1.0,1.0,1.0,1.0,1.0,1.0,1.0,1.0,1.0,1.0,1.0,1.0,1.0
315,64,1.0,1.0,1.0,1.0,1.0,1.0,1.0,1.0,0.9666666666666667,0.9666666666666667,1.0,1.0,1.0,1.0,1.0,1.0,1.0,1.0
315,128,1.0,1.0,1.0,1.0,1.0,1.0,1.0,1.0,1.0,1.0,1.0,1.0,1.0,1.0,1.0,1.0,1.0,1.0
315,256,1.0,1.0,1.0,1.0,1.0,1.0,1.0,1.0,1.0,1.0,1.0,1.0,1.0,1.0,1.0,1.0,1.0,1.0
315,512,1.0,1.0,1.0,1.0,1.0,1.0,1.0,1.0,1.0,1.0,1.0,1.0,1.0,1.0,1.0,1.0,1.0,1.0
316,64,1.0,1.0,1.0,1.0,1.0,1.0,1.0,1.0,1.0,1.0,1.0,1.0,1.0,1.0,1.0,1.0,1.0,1.0
316,128,1.0,1.0,1.0,1.0,1.0,1.0,1.0,1.0,1.0,1.0,1.0,1.0,1.0,1.0,1.0,1.0,1.0,1.0
316,256,1.0,1.0,1.0,1.0,1.0,1.0,1.0,1.0,1.0,1.0,1.0,1.0,1.0,1.0,1.0,1.0,1.0,1.0
316,512,1.0,1.0,1.0,1.0,1.0,1.0,1.0,1.0,1.0,1.0,1.0,1.0,1.0,1.0,1.0,1.0,1.0,1.0
317,64,1.0,1.0,1.0,1.0,1.0,1.0,1.0,1.0,1.0,1.0,1.0,1.0,1.0,1.0,1.0,1.0,1.0,1.0
317,128,1.0,1.0,1.0,1.0,1.0,1.0,1.0,1.0,1.0,1.0,1.0,1.0,1.0,1.0,1.0,1.0,1.0,1.0
317,256,1.0,1.0,1.0,1.0,1.0,1.0,1.0,1.0,1.0,1.0,1.0,1.0,1.0,1.0,1.0,1.0,1.0,1.0
317,512,1.0,1.0,1.0,1.0,1.0,1.0,1.0,1.0,1.0,1.0,1.0,1.0,1.0,1.0,1.0,1.0,1.0,1.0
318,64,1.0,1.0,1.0,1.0,1.0,1.0,0.5,0.5,0.0,0.0,1.0,1.0,0.8666666666666667,0.8666666666666667,1.0,1.0,1.0,1.0
318,128,1.0,1.0,1.0,1.0,1.0,1.0,0.3333333333333333,0.3333333333333333,0.0,0.0,1.0,1.0,1.0,1.0,1.0,1.0,1.0,1.0
318,256,1.0,1.0,1.0,1.0,1.0,1.0,0.43333333333333335,0.43333333333333335,0.0,0.0,1.0,1.0,1.0,1.0,1.0,1.0,1.0,1.0
318,512,1.0,1.0,1.0,1.0,1.0,1.0,0.5,0.5,0.0,0.0,1.0,1.0,1.0,1.0,1.0,1.0,1.0,1.0
319,64,1.0,1.0,1.0,1.0,1.0,1.0,1.0,1.0,0.9333333333333333,0.9333333333333333,1.0,1.0,1.0,1.0,1.0,1.0,1.0,1.0
319,128,1.0,1.0,1.0,1.0,1.0,1.0,1.0,1.0,0.9666666666666667,0.9666666666666667,1.0,1.0,1.0,1.0,1.0,1.0,1.0,1.0
319,256,1.0,1.0,1.0,1.0,1.0,1.0,1.0,1.0,0.9666666666666667,0.9666666666666667,1.0,1.0,1.0,1.0,1.0,1.0,1.0,1.0
319,512,1.0,1.0,1.0,1.0,1.0,1.0,1.0,1.0,1.0,1.0,1.0,1.0,1.0,1.0,1.0,1.0,1.0,1.0
320,64,1.0,1.0,1.0,1.0,1.0,1.0,1.0,1.0,0.8333333333333334,0.8333333333333334,1.0,1.0,1.0,1.0,1.0,1.0,1.0,1.0
320,128,1.0,1.0,1.0,1.0,1.0,1.0,1.0,1.0,1.0,1.0,1.0,1.0,1.0,1.0,1.0,1.0,1.0,1.0
320,256,1.0,1.0,1.0,1.0,1.0,1.0,1.0,1.0,1.0,1.0,1.0,1.0,1.0,1.0,1.0,1.0,1.0,1.0
320,512,1.0,1.0,1.0,1.0,1.0,1.0,1.0,1.0,1.0,1.0,1.0,1.0,1.0,1.0,1.0,1.0,1.0,1.0
321,64,1.0,1.0,1.0,1.0,1.0,1.0,1.0,1.0,1.0,1.0,1.0,1.0,1.0,1.0,1.0,1.0,1.0,1.0
321,128,1.0,1.0,1.0,1.0,1.0,1.0,1.0,1.0,1.0,1.0,1.0,1.0,1.0,1.0,1.0,1.0,1.0,1.0
321,256,1.0,1.0,1.0,1.0,1.0,1.0,1.0,1.0,1.0,1.0,1.0,1.0,1.0,1.0,1.0,1.0,1.0,1.0
321,512,1.0,1.0,1.0,1.0,1.0,1.0,1.0,1.0,1.0,1.0,1.0,1.0,1.0,1.0,1.0,1.0,1.0,1.0
322,64,1.0,1.0,1.0,1.0,0.8333333333333334,0.8333333333333334,0.16666666666666666,0.16666666666666666,0.0,0.0,0.5,0.5,0.3,0.3,0.5,0.5,0.9666666666666667,0.9666666666666667
322,128,1.0,1.0,1.0,1.0,0.9666666666666667,0.9666666666666667,0.06666666666666667,0.06666666666666667,0.0,0.0,0.8666666666666667,0.8666666666666667,0.5,0.5,0.8666666666666667,0.8666666666666667,1.0,1.0
322,256,1.0,1.0,1.0,1.0,1.0,1.0,0.0,0.0,0.0,0.0,1.0,1.0,1.0,1.0,1.0,1.0,1.0,1.0
322,512,1.0,1.0,1.0,1.0,1.0,1.0,0.0,0.0,0.0,0.0,1.0,1.0,1.0,1.0,1.0,1.0,1.0,1.0
323,64,1.0,1.0,1.0,1.0,1.0,1.0,1.0,1.0,0.9666666666666667,0.9666666666666667,1.0,1.0,1.0,1.0,1.0,1.0,1.0,1.0
323,128,1.0,1.0,1.0,1.0,1.0,1.0,1.0,1.0,1.0,1.0,1.0,1.0,1.0,1.0,1.0,1.0,1.0,1.0
323,256,1.0,1.0,1.0,1.0,1.0,1.0,1.0,1.0,1.0,1.0,1.0,1.0,1.0,1.0,1.0,1.0,1.0,1.0
323,512,1.0,1.0,1.0,1.0,1.0,1.0,1.0,1.0,1.0,1.0,1.0,1.0,1.0,1.0,1.0,1.0,1.0,1.0
324,64,1.0,1.0,1.0,1.0,1.0,1.0,1.0,1.0,1.0,1.0,1.0,1.0,1.0,1.0,1.0,1.0,1.0,1.0
324,128,1.0,1.0,1.0,1.0,1.0,1.0,1.0,1.0,1.0,1.0,1.0,1.0,1.0,1.0,1.0,1.0,1.0,1.0
324,256,1.0,1.0,1.0,1.0,1.0,1.0,1.0,1.0,1.0,1.0,1.0,1.0,1.0,1.0,1.0,1.0,1.0,1.0
324,512,1.0,1.0,1.0,1.0,1.0,1.0,1.0,1.0,1.0,1.0,1.0,1.0,1.0,1.0,1.0,1.0,1.0,1.0
325,64,1.0,1.0,1.0,1.0,1.0,1.0,1.0,1.0,1.0,1.0,1.0,1.0,1.0,1.0,1.0,1.0,1.0,1.0
325,128,1.0,1.0,1.0,1.0,1.0,1.0,1.0,1.0,1.0,1.0,1.0,1.0,1.0,1.0,1.0,1.0,1.0,1.0
325,256,1.0,1.0,1.0,1.0,1.0,1.0,1.0,1.0,1.0,1.0,1.0,1.0,1.0,1.0,1.0,1.0,1.0,1.0
325,512,1.0,1.0,1.0,1.0,1.0,1.0,1.0,1.0,1.0,1.0,1.0,1.0,1.0,1.0,1.0,1.0,1.0,1.0
326,64,1.0,0.2,1.0,0.2,0.3,0.0,0.0,0.0,0.0,0.0,0.0,0.0,0.0,0.0,0.0,0.0,0.4666666666666667,0.0
326,128,1.0,0.13333333333333333,0.9666666666666667,0.1,0.0,0.0,0.0,0.0,0.0,0.0,0.0,0.0,0.0,0.0,0.0,0.0,0.4,0.0
326,256,1.0,0.03333333333333333,0.9666666666666667,0.03333333333333333,0.0,0.0,0.0,0.0,0.0,0.0,0.03333333333333333,0.0,0.0,0.0,0.0,0.0,0.16666666666666666,0.0
326,512,1.0,0.16666666666666666,1.0,0.16666666666666666,0.0,0.0,0.0,0.0,0.0,0.0,0.0,0.0,0.0,0.0,0.0,0.0,0.06666666666666667,0.0
327,64,1.0,1.0,1.0,1.0,1.0,1.0,1.0,1.0,0.9666666666666667,0.9666666666666667,1.0,1.0,1.0,1.0,1.0,1.0,1.0,1.0
327,128,1.0,1.0,1.0,1.0,1.0,1.0,1.0,1.0,1.0,1.0,1.0,1.0,1.0,1.0,1.0,1.0,1.0,1.0
327,256,1.0,1.0,1.0,1.0,1.0,1.0,1.0,1.0,1.0,1.0,1.0,1.0,1.0,1.0,1.0,1.0,1.0,1.0
327,512,1.0,1.0,1.0,1.0,1.0,1.0,1.0,1.0,1.0,1.0,1.0,1.0,1.0,1.0,1.0,1.0,1.0,1.0
328,64,1.0,1.0,1.0,1.0,1.0,1.0,0.26666666666666666,0.26666666666666666,0.0,0.0,0.9333333333333333,0.9333333333333333,0.7666666666666667,0.7666666666666667,0.9333333333333333,0.9333333333333333,1.0,1.0
328,128,1.0,1.0,1.0,1.0,1.0,1.0,0.26666666666666666,0.26666666666666666,0.0,0.0,1.0,1.0,0.9666666666666667,0.9666666666666667,1.0,1.0,1.0,1.0
328,256,1.0,1.0,1.0,1.0,1.0,1.0,0.13333333333333333,0.13333333333333333,0.0,0.0,1.0,1.0,1.0,1.0,1.0,1.0,1.0,1.0
328,512,1.0,1.0,1.0,1.0,1.0,1.0,0.03333333333333333,0.03333333333333333,0.0,0.0,1.0,1.0,1.0,1.0,1.0,1.0,1.0,1.0
329,64,1.0,1.0,1.0,1.0,1.0,1.0,0.23333333333333334,0.23333333333333334,0.0,0.0,0.9666666666666667,0.9666666666666667,0.8666666666666667,0.8666666666666667,0.9666666666666667,0.9666666666666667,1.0,1.0
329,128,1.0,1.0,1.0,1.0,1.0,1.0,0.2,0.2,0.0,0.0,1.0,1.0,1.0,1.0,1.0,1.0,1.0,1.0
329,256,1.0,1.0,1.0,1.0,1.0,1.0,0.06666666666666667,0.06666666666666667,0.0,0.0,1.0,1.0,1.0,1.0,1.0,1.0,1.0,1.0
329,512,1.0,1.0,1.0,1.0,1.0,1.0,0.0,0.0,0.0,0.0,1.0,1.0,1.0,1.0,1.0,1.0,1.0,1.0
330,64,1.0,1.0,0.9666666666666667,0.9666666666666667,0.6333333333333333,0.6333333333333333,0.1,0.1,0.0,0.0,0.13333333333333333,0.13333333333333333,0.06666666666666667,0.06666666666666667,0.13333333333333333,0.13333333333333333,0.8,0.8
330,128,0.9666666666666667,0.9666666666666667,0.9666666666666667,0.9666666666666667,0.7,0.7,0.0,0.0,0.0,0.0,0.2,0.2,0.06666666666666667,0.06666666666666667,0.2,0.2,0.8,0.8
330,256,1.0,1.0,1.0,1.0,0.8333333333333334,0.8333333333333334,0.0,0.0,0.0,0.0,0.8333333333333334,0.8333333333333334,0.4666666666666667,0.4666666666666667,0.8333333333333334,0.8333333333333334,0.9666666666666667,0.9666666666666667
330,512,1.0,1.0,1.0,1.0,1.0,1.0,0.0,0.0,0.0,0.0,1.0,1.0,1.0,1.0,1.0,1.0,1.0,1.0
331,64,1.0,1.0,1.0,1.0,1.0,1.0,0.9,0.9,0.0,0.0,1.0,1.0,0.9666666666666667,0.9666666666666667,1.0,1.0,1.0,1.0
331,128,1.0,1.0,1.0,1.0,1.0,1.0,1.0,1.0,0.0,0.0,1.0,1.0,1.0,1.0,1.0,1.0,1.0,1.0
331,256,1.0,1.0,1.0,1.0,1.0,1.0,1.0,1.0,0.0,0.0,1.0,1.0,1.0,1.0,1.0,1.0,1.0,1.0
331,512,1.0,1.0,1.0,1.0,1.0,1.0,1.0,1.0,0.0,0.0,1.0,1.0,1.0,1.0,1.0,1.0,1.0,1.0
332,64,0.5666666666666667,0.4666666666666667,0.5,0.4666666666666667,0.23333333333333334,0.23333333333333334,0.0,0.0,0.0,0.0,0.0,0.0,0.0,0.0,0.0,0.0,0.1,0.1
332,128,0.7666666666666667,0.7,0.7666666666666667,0.7,0.13333333333333333,0.13333333333333333,0.0,0.0,0.0,0.0,0.0,0.0,0.0,0.0,0.0,0.0,0.13333333333333333,0.13333333333333333
332,256,0.8333333333333334,0.8333333333333334,0.8333333333333334,0.8333333333333334,0.23333333333333334,0.23333333333333334,0.0,0.0,0.0,0.0,0.06666666666666667,0.06666666666666667,0.0,0.0,0.06666666666666667,0.06666666666666667,0.2,0.2
332,512,0.9333333333333333,0.9,0.9333333333333333,0.9,0.2,0.16666666666666666,0.0,0.0,0.0,0.0,0.13333333333333333,0.1,0.0,0.0,0.13333333333333333,0.1,0.1,0.06666666666666667
333,64,1.0,1.0,1.0,1.0,1.0,1.0,0.6333333333333333,0.6333333333333333,0.0,0.0,0.9333333333333333,0.9333333333333333,0.6666666666666666,0.6666666666666666,0.9333333333333333,0.9333333333333333,1.0,1.0
333,128,1.0,1.0,1.0,1.0,1.0,1.0,0.9,0.9,0.0,0.0,1.0,1.0,1.0,1.0,1.0,1.0,1.0,1.0
333,256,1.0,1.0,1.0,1.0,1.0,1.0,1.0,1.0,0.0,0.0,1.0,1.0,1.0,1.0,1.0,1.0,1.0,1.0
333,512,1.0,1.0,1.0,1.0,1.0,1.0,1.0,1.0,0.0,0.0,1.0,1.0,1.0,1.0,1.0,1.0,1.0,1.0
334,64,1.0,1.0,1.0,1.0,1.0,1.0,1.0,1.0,0.6666666666666666,0.6666666666666666,1.0,1.0,1.0,1.0,1.0,1.0,1.0,1.0
334,128,1.0,1.0,1.0,1.0,1.0,1.0,1.0,1.0,0.7333333333333333,0.7333333333333333,1.0,1.0,1.0,1.0,1.0,1.0,1.0,1.0
334,256,1.0,1.0,1.0,1.0,1.0,1.0,1.0,1.0,1.0,1.0,1.0,1.0,1.0,1.0,1.0,1.0,1.0,1.0
334,512,1.0,1.0,1.0,1.0,1.0,1.0,1.0,1.0,1.0,1.0,1.0,1.0,1.0,1.0,1.0,1.0,1.0,1.0
335,64,1.0,1.0,1.0,1.0,1.0,1.0,1.0,1.0,0.6,0.6,1.0,1.0,1.0,1.0,1.0,1.0,1.0,1.0
335,128,1.0,1.0,1.0,1.0,1.0,1.0,1.0,1.0,0.9,0.9,1.0,1.0,1.0,1.0,1.0,1.0,1.0,1.0
335,256,1.0,1.0,1.0,1.0,1.0,1.0,1.0,1.0,0.9666666666666667,0.9666666666666667,1.0,1.0,1.0,1.0,1.0,1.0,1.0,1.0
335,512,1.0,1.0,1.0,1.0,1.0,1.0,1.0,1.0,1.0,1.0,1.0,1.0,1.0,1.0,1.0,1.0,1.0,1.0
336,64,0.8,0.4666666666666667,0.6666666666666666,0.36666666666666664,0.16666666666666666,0.13333333333333333,0.0,0.0,0.0,0.0,0.0,0.0,0.0,0.0,0.0,0.0,0.13333333333333333,0.1
336,128,0.6666666666666666,0.5,0.5666666666666667,0.4666666666666667,0.2,0.2,0.0,0.0,0.0,0.0,0.0,0.0,0.0,0.0,0.0,0.0,0.06666666666666667,0.06666666666666667
336,256,0.8,0.6,0.7333333333333333,0.5666666666666667,0.1,0.1,0.0,0.0,0.0,0.0,0.0,0.0,0.0,0.0,0.0,0.0,0.0,0.0
336,512,0.9333333333333333,0.7,0.9333333333333333,0.7,0.16666666666666666,0.03333333333333333,0.0,0.0,0.0,0.0,0.06666666666666667,0.0,0.0,0.0,0.06666666666666667,0.0,0.0,0.0
337,64,1.0,1.0,1.0,1.0,1.0,1.0,1.0,1.0,0.6,0.6,1.0,1.0,1.0,1.0,1.0,1.0,1.0,1.0
337,128,1.0,1.0,1.0,1.0,1.0,1.0,1.0,1.0,0.8,0.8,1.0,1.0,1.0,1.0,1.0,1.0,1.0,1.0
337,256,1.0,1.0,1.0,1.0,1.0,1.0,1.0,1.0,0.9666666666666667,0.9666666666666667,1.0,1.0,1.0,1.0,1.0,1.0,1.0,1.0
337,512,1.0,1.0,1.0,1.0,1.0,1.0,1.0,1.0,1.0,1.0,1.0,1.0,1.0,1.0,1.0,1.0,1.0,1.0
338,64,1.0,1.0,1.0,1.0,1.0,1.0,1.0,1.0,0.7666666666666667,0.7666666666666667,1.0,1.0,1.0,1.0,1.0,1.0,1.0,1.0
338,128,1.0,1.0,1.0,1.0,1.0,1.0,1.0,1.0,0.8333333333333334,0.8333333333333334,1.0,1.0,1.0,1.0,1.0,1.0,1.0,1.0
338,256,1.0,1.0,1.0,1.0,1.0,1.0,1.0,1.0,0.9666666666666667,0.9666666666666667,1.0,1.0,1.0,1.0,1.0,1.0,1.0,1.0
338,512,1.0,1.0,1.0,1.0,1.0,1.0,1.0,1.0,1.0,1.0,1.0,1.0,1.0,1.0,1.0,1.0,1.0,1.0
339,64,1.0,1.0,1.0,1.0,1.0,1.0,1.0,1.0,0.9,0.9,1.0,1.0,1.0,1.0,1.0,1.0,1.0,1.0
339,128,1.0,1.0,1.0,1.0,1.0,1.0,1.0,1.0,0.9333333333333333,0.9333333333333333,1.0,1.0,1.0,1.0,1.0,1.0,1.0,1.0
339,256,1.0,1.0,1.0,1.0,1.0,1.0,1.0,1.0,1.0,1.0,1.0,1.0,1.0,1.0,1.0,1.0,1.0,1.0
339,512,1.0,1.0,1.0,1.0,1.0,1.0,1.0,1.0,1.0,1.0,1.0,1.0,1.0,1.0,1.0,1.0,1.0,1.0
340,64,1.0,1.0,1.0,1.0,0.9333333333333333,0.9333333333333333,0.5333333333333333,0.5333333333333333,0.0,0.0,0.43333333333333335,0.43333333333333335,0.03333333333333333,0.03333333333333333,0.43333333333333335,0.43333333333333335,0.8666666666666667,0.8666666666666667
340,128,1.0,1.0,1.0,1.0,1.0,1.0,0.7333333333333333,0.7333333333333333,0.0,0.0,0.9333333333333333,0.9333333333333333,0.7,0.7,0.9333333333333333,0.9333333333333333,1.0,1.0
340,256,1.0,1.0,1.0,1.0,1.0,1.0,0.9666666666666667,0.9666666666666667,0.0,0.0,1.0,1.0,1.0,1.0,1.0,1.0,1.0,1.0
340,512,1.0,1.0,1.0,1.0,1.0,1.0,1.0,1.0,0.0,0.0,1.0,1.0,1.0,1.0,1.0,1.0,1.0,1.0
341,64,1.0,1.0,1.0,1.0,0.9,0.9,0.5333333333333333,0.5333333333333333,0.0,0.0,0.5333333333333333,0.5333333333333333,0.16666666666666666,0.16666666666666666,0.5333333333333333,0.5333333333333333,0.8666666666666667,0.8666666666666667
341,128,1.0,1.0,1.0,1.0,1.0,1.0,0.4666666666666667,0.4666666666666667,0.0,0.0,0.9333333333333333,0.9333333333333333,0.6,0.6,0.9333333333333333,0.9333333333333333,1.0,1.0
341,256,1.0,1.0,1.0,1.0,1.0,1.0,0.4,0.4,0.0,0.0,1.0,1.0,0.9666666666666667,0.9666666666666667,1.0,1.0,1.0,1.0
341,512,1.0,1.0,1.0,1.0,1.0,1.0,0.4666666666666667,0.4666666666666667,0.0,0.0,1.0,1.0,1.0,1.0,1.0,1.0,1.0,1.0
342,64,0.0,0.8333333333333334,0.0,0.8,0.0,0.3333333333333333,0.0,0.03333333333333333,0.0,0.0,0.0,0.06666666666666667,0.0,0.0,0.0,0.06666666666666667,0.0,0.6
342,128,0.0,0.9666666666666667,0.0,0.9666666666666667,0.0,0.5,0.0,0.0,0.0,0.0,0.0,0.26666666666666666,0.0,0.1,0.0,0.26666666666666666,0.0,0.7333333333333333
342,256,0.0,0.9,0.0,0.9,0.0,0.2,0.0,0.0,0.0,0.0,0.0,0.2,0.0,0.1,0.0,0.2,0.0,0.6666666666666666
342,512,0.0,0.9666666666666667,0.0,0.9666666666666667,0.0,0.03333333333333333,0.0,0.0,0.0,0.0,0.0,0.4666666666666667,0.0,0.1,0.0,0.03333333333333333,0.0,0.5666666666666667
343,64,1.0,1.0,1.0,1.0,1.0,1.0,1.0,1.0,0.1,0.1,1.0,1.0,1.0,1.0,1.0,1.0,1.0,1.0
343,128,1.0,1.0,1.0,1.0,1.0,1.0,1.0,1.0,0.5333333333333333,0.5333333333333333,1.0,1.0,1.0,1.0,1.0,1.0,1.0,1.0
343,256,1.0,1.0,1.0,1.0,1.0,1.0,1.0,1.0,0.7333333333333333,0.7333333333333333,1.0,1.0,1.0,1.0,1.0,1.0,1.0,1.0
343,512,1.0,1.0,1.0,1.0,1.0,1.0,1.0,1.0,0.9666666666666667,0.9666666666666667,1.0,1.0,1.0,1.0,1.0,1.0,1.0,1.0
344,64,0.1,0.03333333333333333,0.03333333333333333,0.0,0.03333333333333333,0.0,0.0,0.0,0.0,0.0,0.0,0.0,0.0,0.0,0.0,0.0,0.0,0.0
344,128,0.03333333333333333,0.26666666666666666,0.03333333333333333,0.23333333333333334,0.03333333333333333,0.13333333333333333,0.0,0.0,0.0,0.0,0.0,0.0,0.0,0.0,0.0,0.0,0.0,0.0
344,256,0.16666666666666666,0.16666666666666666,0.06666666666666667,0.13333333333333333,0.0,0.03333333333333333,0.0,0.0,0.0,0.0,0.0,0.0,0.0,0.0,0.0,0.0,0.0,0.0
344,512,0.2,0.5333333333333333,0.2,0.4,0.0,0.0,0.0,0.0,0.0,0.0,0.0,0.0,0.0,0.0,0.0,0.0,0.0,0.0
345,64,0.26666666666666666,0.16666666666666666,0.2,0.1,0.13333333333333333,0.03333333333333333,0.03333333333333333,0.0,0.0,0.0,0.0,0.0,0.0,0.0,0.0,0.0,0.03333333333333333,0.0
345,128,0.3,0.13333333333333333,0.23333333333333334,0.1,0.1,0.0,0.03333333333333333,0.0,0.0,0.0,0.0,0.0,0.0,0.0,0.0,0.0,0.03333333333333333,0.0
345,256,0.5,0.1,0.4666666666666667,0.06666666666666667,0.16666666666666666,0.0,0.0,0.0,0.0,0.0,0.0,0.0,0.0,0.0,0.0,0.0,0.0,0.0
345,512,0.6666666666666666,0.03333333333333333,0.6666666666666666,0.03333333333333333,0.06666666666666667,0.0,0.0,0.0,0.0,0.0,0.0,0.0,0.0,0.0,0.0,0.0,0.0,0.0
346,64,0.7,0.7,0.7,0.7,0.5,0.5,0.16666666666666666,0.16666666666666666,0.0,0.0,0.0,0.0,0.0,0.0,0.0,0.0,0.26666666666666666,0.26666666666666666
346,128,0.8333333333333334,0.8333333333333334,0.8333333333333334,0.8333333333333334,0.6666666666666666,0.6666666666666666,0.06666666666666667,0.06666666666666667,0.0,0.0,0.03333333333333333,0.03333333333333333,0.0,0.0,0.03333333333333333,0.03333333333333333,0.26666666666666666,0.26666666666666666
346,256,1.0,1.0,1.0,1.0,0.9,0.9,0.1,0.1,0.0,0.0,0.3333333333333333,0.3333333333333333,0.1,0.1,0.3333333333333333,0.3333333333333333,0.23333333333333334,0.23333333333333334
346,512,1.0,1.0,1.0,1.0,0.9666666666666667,0.9666666666666667,0.0,0.0,0.0,0.0,0.9,0.9,0.5,0.5,0.9,0.9,0.26666666666666666,0.26666666666666666
347,64,0.8,0.8,0.7333333333333333,0.7333333333333333,0.6333333333333333,0.6333333333333333,0.2,0.2,0.0,0.0,0.03333333333333333,0.03333333333333333,0.0,0.0,0.03333333333333333,0.03333333333333333,0.4,0.4
347,128,0.9,0.9,0.9,0.9,0.7333333333333333,0.7333333333333333,0.1,0.1,0.0,0.0,0.1,0.1,0.0,0.0,0.1,0.1,0.36666666666666664,0.36666666666666664
347,256,0.9666666666666667,0.9666666666666667,0.9666666666666667,0.9666666666666667,0.9,0.9,0.06666666666666667,0.06666666666666667,0.0,0.0,0.36666666666666664,0.36666666666666664,0.06666666666666667,0.06666666666666667,0.36666666666666664,0.36666666666666664,0.36666666666666664,0.36666666666666664
347,512,1.0,1.0,1.0,1.0,0.9666666666666667,0.9666666666666667,0.03333333333333333,0.03333333333333333,0.0,0.0,0.9333333333333333,0.9333333333333333,0.7666666666666667,0.7666666666666667,0.9333333333333333,0.9333333333333333,0.5,0.5
348,64,1.0,1.0,1.0,1.0,1.0,1.0,0.9333333333333333,0.9333333333333333,0.1,0.1,1.0,1.0,0.9666666666666667,0.9666666666666667,1.0,1.0,1.0,1.0
348,128,1.0,1.0,1.0,1.0,1.0,1.0,1.0,1.0,0.06666666666666667,0.06666666666666667,1.0,1.0,1.0,1.0,1.0,1.0,1.0,1.0
348,256,1.0,1.0,1.0,1.0,1.0,1.0,1.0,1.0,0.0,0.0,1.0,1.0,1.0,1.0,1.0,1.0,1.0,1.0
348,512,1.0,1.0,1.0,1.0,1.0,1.0,1.0,1.0,0.0,0.0,1.0,1.0,1.0,1.0,1.0,1.0,1.0,1.0
349,64,1.0,1.0,1.0,1.0,1.0,1.0,1.0,1.0,0.03333333333333333,0.03333333333333333,1.0,1.0,1.0,1.0,1.0,1.0,1.0,1.0
349,128,1.0,1.0,1.0,1.0,1.0,1.0,1.0,1.0,0.03333333333333333,0.03333333333333333,1.0,1.0,1.0,1.0,1.0,1.0,1.0,1.0
349,256,1.0,1.0,1.0,1.0,1.0,1.0,1.0,1.0,0.0,0.0,1.0,1.0,1.0,1.0,1.0,1.0,1.0,1.0
349,512,1.0,1.0,1.0,1.0,1.0,1.0,1.0,1.0,0.0,0.0,1.0,1.0,1.0,1.0,1.0,1.0,1.0,1.0
350,64,1.0,1.0,1.0,1.0,1.0,1.0,1.0,1.0,1.0,1.0,1.0,1.0,1.0,1.0,1.0,1.0,1.0,1.0
350,128,1.0,1.0,1.0,1.0,1.0,1.0,1.0,1.0,1.0,1.0,1.0,1.0,1.0,1.0,1.0,1.0,1.0,1.0
350,256,1.0,1.0,1.0,1.0,1.0,1.0,1.0,1.0,1.0,1.0,1.0,1.0,1.0,1.0,1.0,1.0,1.0,1.0
350,512,1.0,1.0,1.0,1.0,1.0,1.0,1.0,1.0,1.0,1.0,1.0,1.0,1.0,1.0,1.0,1.0,1.0,1.0
351,64,1.0,1.0,1.0,1.0,1.0,1.0,1.0,1.0,1.0,1.0,1.0,1.0,1.0,1.0,1.0,1.0,1.0,1.0
351,128,1.0,1.0,1.0,1.0,1.0,1.0,1.0,1.0,1.0,1.0,1.0,1.0,1.0,1.0,1.0,1.0,1.0,1.0
351,256,1.0,1.0,1.0,1.0,1.0,1.0,1.0,1.0,1.0,1.0,1.0,1.0,1.0,1.0,1.0,1.0,1.0,1.0
351,512,1.0,1.0,1.0,1.0,1.0,1.0,1.0,1.0,1.0,1.0,1.0,1.0,1.0,1.0,1.0,1.0,1.0,1.0
352,64,0.7333333333333333,0.7333333333333333,0.7,0.7,0.16666666666666666,0.16666666666666666,0.0,0.0,0.0,0.0,0.03333333333333333,0.03333333333333333,0.0,0.0,0.03333333333333333,0.03333333333333333,0.5,0.5
352,128,0.7333333333333333,0.7333333333333333,0.7,0.7,0.23333333333333334,0.23333333333333334,0.0,0.0,0.0,0.0,0.13333333333333333,0.13333333333333333,0.03333333333333333,0.03333333333333333,0.13333333333333333,0.13333333333333333,0.5,0.5
352,256,1.0,1.0,1.0,1.0,0.0,0.0,0.0,0.0,0.0,0.0,0.16666666666666666,0.16666666666666666,0.0,0.0,0.0,0.0,0.7666666666666667,0.7666666666666667
352,512,1.0,1.0,1.0,1.0,0.0,0.0,0.0,0.0,0.0,0.0,0.36666666666666664,0.36666666666666664,0.06666666666666667,0.06666666666666667,0.0,0.0,0.7333333333333333,0.7333333333333333
353,64,1.0,1.0,1.0,1.0,1.0,1.0,0.6333333333333333,0.6333333333333333,0.0,0.0,0.9333333333333333,0.9333333333333333,0.9,0.9,0.9333333333333333,0.9333333333333333,1.0,1.0
353,128,1.0,1.0,1.0,1.0,1.0,1.0,0.36666666666666664,0.36666666666666664,0.0,0.0,1.0,1.0,1.0,1.0,1.0,1.0,1.0,1.0
353,256,1.0,1.0,1.0,1.0,1.0,1.0,0.6666666666666666,0.6666666666666666,0.0,0.0,1.0,1.0,1.0,1.0,1.0,1.0,1.0,1.0
353,512,1.0,1.0,1.0,1.0,1.0,1.0,0.7,0.7,0.0,0.0,1.0,1.0,1.0,1.0,1.0,1.0,1.0,1.0
354,64,1.0,1.0,1.0,1.0,1.0,1.0,1.0,1.0,1.0,1.0,1.0,1.0,1.0,1.0,1.0,1.0,1.0,1.0
354,128,1.0,1.0,1.0,1.0,1.0,1.0,1.0,1.0,1.0,1.0,1.0,1.0,1.0,1.0,1.0,1.0,1.0,1.0
354,256,1.0,1.0,1.0,1.0,1.0,1.0,1.0,1.0,1.0,1.0,1.0,1.0,1.0,1.0,1.0,1.0,1.0,1.0
354,512,1.0,1.0,1.0,1.0,1.0,1.0,1.0,1.0,1.0,1.0,1.0,1.0,1.0,1.0,1.0,1.0,1.0,1.0
355,64,1.0,1.0,1.0,1.0,1.0,1.0,1.0,1.0,1.0,1.0,1.0,1.0,1.0,1.0,1.0,1.0,1.0,1.0
355,128,1.0,1.0,1.0,1.0,1.0,1.0,1.0,1.0,1.0,1.0,1.0,1.0,1.0,1.0,1.0,1.0,1.0,1.0
355,256,1.0,1.0,1.0,1.0,1.0,1.0,1.0,1.0,1.0,1.0,1.0,1.0,1.0,1.0,1.0,1.0,1.0,1.0
355,512,1.0,1.0,1.0,1.0,1.0,1.0,1.0,1.0,1.0,1.0,1.0,1.0,1.0,1.0,1.0,1.0,1.0,1.0
356,64,1.0,1.0,1.0,1.0,1.0,1.0,1.0,1.0,1.0,1.0,1.0,1.0,1.0,1.0,1.0,1.0,1.0,1.0
356,128,1.0,1.0,1.0,1.0,1.0,1.0,1.0,1.0,1.0,1.0,1.0,1.0,1.0,1.0,1.0,1.0,1.0,1.0
356,256,1.0,1.0,1.0,1.0,1.0,1.0,1.0,1.0,1.0,1.0,1.0,1.0,1.0,1.0,1.0,1.0,1.0,1.0
356,512,1.0,1.0,1.0,1.0,1.0,1.0,1.0,1.0,1.0,1.0,1.0,1.0,1.0,1.0,1.0,1.0,1.0,1.0
357,64,1.0,1.0,1.0,1.0,1.0,1.0,1.0,1.0,1.0,1.0,1.0,1.0,1.0,1.0,1.0,1.0,1.0,1.0
357,128,1.0,1.0,1.0,1.0,1.0,1.0,1.0,1.0,1.0,1.0,1.0,1.0,1.0,1.0,1.0,1.0,1.0,1.0
357,256,1.0,1.0,1.0,1.0,1.0,1.0,1.0,1.0,1.0,1.0,1.0,1.0,1.0,1.0,1.0,1.0,1.0,1.0
357,512,1.0,1.0,1.0,1.0,1.0,1.0,1.0,1.0,1.0,1.0,1.0,1.0,1.0,1.0,1.0,1.0,1.0,1.0
358,64,1.0,1.0,1.0,1.0,1.0,1.0,1.0,1.0,1.0,1.0,1.0,1.0,1.0,1.0,1.0,1.0,1.0,1.0
358,128,1.0,1.0,1.0,1.0,1.0,1.0,1.0,1.0,1.0,1.0,1.0,1.0,1.0,1.0,1.0,1.0,1.0,1.0
358,256,1.0,1.0,1.0,1.0,1.0,1.0,1.0,1.0,1.0,1.0,1.0,1.0,1.0,1.0,1.0,1.0,1.0,1.0
358,512,1.0,1.0,1.0,1.0,1.0,1.0,1.0,1.0,1.0,1.0,1.0,1.0,1.0,1.0,1.0,1.0,1.0,1.0
359,64,1.0,1.0,1.0,1.0,1.0,1.0,1.0,1.0,1.0,1.0,1.0,1.0,1.0,1.0,1.0,1.0,1.0,1.0
359,128,1.0,1.0,1.0,1.0,1.0,1.0,1.0,1.0,1.0,1.0,1.0,1.0,1.0,1.0,1.0,1.0,1.0,1.0
359,256,1.0,1.0,1.0,1.0,1.0,1.0,1.0,1.0,1.0,1.0,1.0,1.0,1.0,1.0,1.0,1.0,1.0,1.0
359,512,1.0,1.0,1.0,1.0,1.0,1.0,1.0,1.0,1.0,1.0,1.0,1.0,1.0,1.0,1.0,1.0,1.0,1.0
360,64,1.0,1.0,1.0,1.0,1.0,1.0,1.0,1.0,1.0,1.0,1.0,1.0,1.0,1.0,1.0,1.0,1.0,1.0
360,128,1.0,1.0,1.0,1.0,1.0,1.0,1.0,1.0,1.0,1.0,1.0,1.0,1.0,1.0,1.0,1.0,1.0,1.0
360,256,1.0,1.0,1.0,1.0,1.0,1.0,1.0,1.0,1.0,1.0,1.0,1.0,1.0,1.0,1.0,1.0,1.0,1.0
360,512,1.0,1.0,1.0,1.0,1.0,1.0,1.0,1.0,1.0,1.0,1.0,1.0,1.0,1.0,1.0,1.0,1.0,1.0
361,64,1.0,1.0,1.0,1.0,1.0,1.0,1.0,1.0,1.0,1.0,1.0,1.0,1.0,1.0,1.0,1.0,1.0,1.0
361,128,1.0,1.0,1.0,1.0,1.0,1.0,1.0,1.0,1.0,1.0,1.0,1.0,1.0,1.0,1.0,1.0,1.0,1.0
361,256,1.0,1.0,1.0,1.0,1.0,1.0,1.0,1.0,1.0,1.0,1.0,1.0,1.0,1.0,1.0,1.0,1.0,1.0
361,512,1.0,1.0,1.0,1.0,1.0,1.0,1.0,1.0,1.0,1.0,1.0,1.0,1.0,1.0,1.0,1.0,1.0,1.0
362,64,1.0,1.0,1.0,1.0,1.0,1.0,1.0,1.0,1.0,1.0,1.0,1.0,1.0,1.0,1.0,1.0,1.0,1.0
362,128,1.0,1.0,1.0,1.0,1.0,1.0,1.0,1.0,1.0,1.0,1.0,1.0,1.0,1.0,1.0,1.0,1.0,1.0
362,256,1.0,1.0,1.0,1.0,1.0,1.0,1.0,1.0,1.0,1.0,1.0,1.0,1.0,1.0,1.0,1.0,1.0,1.0
362,512,1.0,1.0,1.0,1.0,1.0,1.0,1.0,1.0,1.0,1.0,1.0,1.0,1.0,1.0,1.0,1.0,1.0,1.0
363,64,1.0,1.0,1.0,1.0,1.0,1.0,1.0,1.0,1.0,1.0,1.0,1.0,1.0,1.0,1.0,1.0,1.0,1.0
363,128,1.0,1.0,1.0,1.0,1.0,1.0,1.0,1.0,1.0,1.0,1.0,1.0,1.0,1.0,1.0,1.0,1.0,1.0
363,256,1.0,1.0,1.0,1.0,1.0,1.0,1.0,1.0,1.0,1.0,1.0,1.0,1.0,1.0,1.0,1.0,1.0,1.0
363,512,1.0,1.0,1.0,1.0,1.0,1.0,1.0,1.0,1.0,1.0,1.0,1.0,1.0,1.0,1.0,1.0,1.0,1.0
364,64,1.0,1.0,1.0,1.0,1.0,1.0,1.0,1.0,1.0,1.0,1.0,1.0,1.0,1.0,1.0,1.0,1.0,1.0
364,128,1.0,1.0,1.0,1.0,1.0,1.0,1.0,1.0,1.0,1.0,1.0,1.0,1.0,1.0,1.0,1.0,1.0,1.0
364,256,1.0,1.0,1.0,1.0,1.0,1.0,1.0,1.0,1.0,1.0,1.0,1.0,1.0,1.0,1.0,1.0,1.0,1.0
364,512,1.0,1.0,1.0,1.0,1.0,1.0,1.0,1.0,1.0,1.0,1.0,1.0,1.0,1.0,1.0,1.0,1.0,1.0
365,64,1.0,1.0,1.0,1.0,1.0,1.0,1.0,1.0,1.0,1.0,1.0,1.0,1.0,1.0,1.0,1.0,1.0,1.0
365,128,1.0,1.0,1.0,1.0,1.0,1.0,1.0,1.0,1.0,1.0,1.0,1.0,1.0,1.0,1.0,1.0,1.0,1.0
365,256,1.0,1.0,1.0,1.0,1.0,1.0,1.0,1.0,1.0,1.0,1.0,1.0,1.0,1.0,1.0,1.0,1.0,1.0
365,512,1.0,1.0,1.0,1.0,1.0,1.0,1.0,1.0,1.0,1.0,1.0,1.0,1.0,1.0,1.0,1.0,1.0,1.0
366,64,1.0,1.0,1.0,1.0,1.0,1.0,1.0,1.0,1.0,1.0,1.0,1.0,1.0,1.0,1.0,1.0,1.0,1.0
366,128,1.0,1.0,1.0,1.0,1.0,1.0,1.0,1.0,1.0,1.0,1.0,1.0,1.0,1.0,1.0,1.0,1.0,1.0
366,256,1.0,1.0,1.0,1.0,1.0,1.0,1.0,1.0,1.0,1.0,1.0,1.0,1.0,1.0,1.0,1.0,1.0,1.0
366,512,1.0,1.0,1.0,1.0,1.0,1.0,1.0,1.0,1.0,1.0,1.0,1.0,1.0,1.0,1.0,1.0,1.0,1.0
367,64,1.0,1.0,1.0,1.0,1.0,1.0,1.0,1.0,1.0,1.0,1.0,1.0,1.0,1.0,1.0,1.0,1.0,1.0
367,128,1.0,1.0,1.0,1.0,1.0,1.0,1.0,1.0,1.0,1.0,1.0,1.0,1.0,1.0,1.0,1.0,1.0,1.0
367,256,1.0,1.0,1.0,1.0,1.0,1.0,1.0,1.0,1.0,1.0,1.0,1.0,1.0,1.0,1.0,1.0,1.0,1.0
367,512,1.0,1.0,1.0,1.0,1.0,1.0,1.0,1.0,1.0,1.0,1.0,1.0,1.0,1.0,1.0,1.0,1.0,1.0
368,64,1.0,1.0,1.0,1.0,1.0,1.0,1.0,1.0,1.0,1.0,1.0,1.0,1.0,1.0,1.0,1.0,1.0,1.0
368,128,1.0,1.0,1.0,1.0,1.0,1.0,1.0,1.0,1.0,1.0,1.0,1.0,1.0,1.0,1.0,1.0,1.0,1.0
368,256,1.0,1.0,1.0,1.0,1.0,1.0,1.0,1.0,1.0,1.0,1.0,1.0,1.0,1.0,1.0,1.0,1.0,1.0
368,512,1.0,1.0,1.0,1.0,1.0,1.0,1.0,1.0,1.0,1.0,1.0,1.0,1.0,1.0,1.0,1.0,1.0,1.0
369,64,1.0,1.0,1.0,1.0,1.0,1.0,1.0,1.0,1.0,1.0,1.0,1.0,1.0,1.0,1.0,1.0,1.0,1.0
369,128,1.0,1.0,1.0,1.0,1.0,1.0,1.0,1.0,1.0,1.0,1.0,1.0,1.0,1.0,1.0,1.0,1.0,1.0
369,256,1.0,1.0,1.0,1.0,1.0,1.0,1.0,1.0,1.0,1.0,1.0,1.0,1.0,1.0,1.0,1.0,1.0,1.0
369,512,1.0,1.0,1.0,1.0,1.0,1.0,1.0,1.0,1.0,1.0,1.0,1.0,1.0,1.0,1.0,1.0,1.0,1.0
370,64,1.0,1.0,1.0,1.0,1.0,1.0,1.0,1.0,1.0,1.0,1.0,1.0,1.0,1.0,1.0,1.0,1.0,1.0
370,128,1.0,1.0,1.0,1.0,1.0,1.0,1.0,1.0,1.0,1.0,1.0,1.0,1.0,1.0,1.0,1.0,1.0,1.0
370,256,1.0,1.0,1.0,1.0,1.0,1.0,1.0,1.0,1.0,1.0,1.0,1.0,1.0,1.0,1.0,1.0,1.0,1.0
370,512,1.0,1.0,1.0,1.0,1.0,1.0,1.0,1.0,1.0,1.0,1.0,1.0,1.0,1.0,1.0,1.0,1.0,1.0
371,64,1.0,1.0,1.0,1.0,1.0,1.0,1.0,1.0,1.0,1.0,1.0,1.0,1.0,1.0,1.0,1.0,1.0,1.0
371,128,1.0,1.0,1.0,1.0,1.0,1.0,1.0,1.0,1.0,1.0,1.0,1.0,1.0,1.0,1.0,1.0,1.0,1.0
371,256,1.0,1.0,1.0,1.0,1.0,1.0,1.0,1.0,1.0,1.0,1.0,1.0,1.0,1.0,1.0,1.0,1.0,1.0
371,512,1.0,1.0,1.0,1.0,1.0,1.0,1.0,1.0,1.0,1.0,1.0,1.0,1.0,1.0,1.0,1.0,1.0,1.0
372,64,0.7333333333333333,0.7333333333333333,0.7333333333333333,0.7333333333333333,0.2,0.2,0.0,0.0,0.0,0.0,0.13333333333333333,0.13333333333333333,0.03333333333333333,0.03333333333333333,0.13333333333333333,0.13333333333333333,0.5666666666666667,0.5666666666666667
372,128,0.7666666666666667,0.7666666666666667,0.7666666666666667,0.7666666666666667,0.26666666666666666,0.26666666666666666,0.0,0.0,0.0,0.0,0.03333333333333333,0.03333333333333333,0.0,0.0,0.03333333333333333,0.03333333333333333,0.4666666666666667,0.4666666666666667
372,256,0.9,0.9,0.8666666666666667,0.8666666666666667,0.03333333333333333,0.03333333333333333,0.0,0.0,0.0,0.0,0.06666666666666667,0.06666666666666667,0.0,0.0,0.03333333333333333,0.03333333333333333,0.36666666666666664,0.36666666666666664
372,512,0.9666666666666667,0.9333333333333333,0.9666666666666667,0.9333333333333333,0.0,0.0,0.0,0.0,0.0,0.0,0.03333333333333333,0.0,0.03333333333333333,0.0,0.0,0.0,0.26666666666666666,0.23333333333333334
373,64,1.0,1.0,1.0,1.0,1.0,1.0,1.0,1.0,0.9333333333333333,0.9333333333333333,1.0,1.0,1.0,1.0,1.0,1.0,1.0,1.0
373,128,1.0,1.0,1.0,1.0,1.0,1.0,1.0,1.0,0.9333333333333333,0.9333333333333333,1.0,1.0,1.0,1.0,1.0,1.0,1.0,1.0
373,256,1.0,1.0,1.0,1.0,1.0,1.0,1.0,1.0,1.0,1.0,1.0,1.0,1.0,1.0,1.0,1.0,1.0,1.0
373,512,1.0,1.0,1.0,1.0,1.0,1.0,1.0,1.0,1.0,1.0,1.0,1.0,1.0,1.0,1.0,1.0,1.0,1.0
374,64,1.0,1.0,1.0,1.0,1.0,1.0,1.0,1.0,0.9666666666666667,0.9666666666666667,1.0,1.0,1.0,1.0,1.0,1.0,1.0,1.0
374,128,1.0,1.0,1.0,1.0,1.0,1.0,1.0,1.0,1.0,1.0,1.0,1.0,1.0,1.0,1.0,1.0,1.0,1.0
374,256,1.0,1.0,1.0,1.0,1.0,1.0,1.0,1.0,1.0,1.0,1.0,1.0,1.0,1.0,1.0,1.0,1.0,1.0
374,512,1.0,1.0,1.0,1.0,1.0,1.0,1.0,1.0,1.0,1.0,1.0,1.0,1.0,1.0,1.0,1.0,1.0,1.0
375,64,1.0,1.0,1.0,1.0,1.0,1.0,1.0,1.0,1.0,1.0,1.0,1.0,1.0,1.0,1.0,1.0,1.0,1.0
375,128,1.0,1.0,1.0,1.0,1.0,1.0,1.0,1.0,1.0,1.0,1.0,1.0,1.0,1.0,1.0,1.0,1.0,1.0
375,256,1.0,1.0,1.0,1.0,1.0,1.0,1.0,1.0,1.0,1.0,1.0,1.0,1.0,1.0,1.0,1.0,1.0,1.0
375,512,1.0,1.0,1.0,1.0,1.0,1.0,1.0,1.0,1.0,1.0,1.0,1.0,1.0,1.0,1.0,1.0,1.0,1.0
376,64,1.0,1.0,1.0,1.0,0.8666666666666667,0.8666666666666667,0.06666666666666667,0.06666666666666667,0.0,0.0,0.4666666666666667,0.4666666666666667,0.16666666666666666,0.16666666666666666,0.4666666666666667,0.4666666666666667,0.9666666666666667,0.9666666666666667
376,128,1.0,1.0,1.0,1.0,1.0,1.0,0.0,0.0,0.0,0.0,0.7666666666666667,0.7666666666666667,0.5,0.5,0.7666666666666667,0.7666666666666667,1.0,1.0
376,256,1.0,1.0,1.0,1.0,1.0,1.0,0.0,0.0,0.0,0.0,1.0,1.0,1.0,1.0,1.0,1.0,1.0,1.0
376,512,1.0,1.0,1.0,1.0,1.0,1.0,0.0,0.0,0.0,0.0,1.0,1.0,1.0,1.0,1.0,1.0,1.0,1.0
377,64,1.0,1.0,1.0,1.0,1.0,1.0,1.0,1.0,0.9333333333333333,0.9333333333333333,1.0,1.0,1.0,1.0,1.0,1.0,1.0,1.0
377,128,1.0,1.0,1.0,1.0,1.0,1.0,1.0,1.0,1.0,1.0,1.0,1.0,1.0,1.0,1.0,1.0,1.0,1.0
377,256,1.0,1.0,1.0,1.0,1.0,1.0,1.0,1.0,1.0,1.0,1.0,1.0,1.0,1.0,1.0,1.0,1.0,1.0
377,512,1.0,1.0,1.0,1.0,1.0,1.0,1.0,1.0,1.0,1.0,1.0,1.0,1.0,1.0,1.0,1.0,1.0,1.0
378,64,1.0,1.0,1.0,1.0,1.0,1.0,1.0,1.0,1.0,1.0,1.0,1.0,1.0,1.0,1.0,1.0,1.0,1.0
378,128,1.0,1.0,1.0,1.0,1.0,1.0,1.0,1.0,1.0,1.0,1.0,1.0,1.0,1.0,1.0,1.0,1.0,1.0
378,256,1.0,1.0,1.0,1.0,1.0,1.0,1.0,1.0,1.0,1.0,1.0,1.0,1.0,1.0,1.0,1.0,1.0,1.0
378,512,1.0,1.0,1.0,1.0,1.0,1.0,1.0,1.0,1.0,1.0,1.0,1.0,1.0,1.0,1.0,1.0,1.0,1.0
379,64,1.0,1.0,1.0,1.0,1.0,1.0,1.0,1.0,0.9666666666666667,0.9666666666666667,1.0,1.0,1.0,1.0,1.0,1.0,1.0,1.0
379,128,1.0,1.0,1.0,1.0,1.0,1.0,1.0,1.0,1.0,1.0,1.0,1.0,1.0,1.0,1.0,1.0,1.0,1.0
379,256,1.0,1.0,1.0,1.0,1.0,1.0,1.0,1.0,1.0,1.0,1.0,1.0,1.0,1.0,1.0,1.0,1.0,1.0
379,512,1.0,1.0,1.0,1.0,1.0,1.0,1.0,1.0,1.0,1.0,1.0,1.0,1.0,1.0,1.0,1.0,1.0,1.0
380,64,1.0,1.0,1.0,1.0,1.0,1.0,1.0,1.0,0.9333333333333333,0.9333333333333333,1.0,1.0,1.0,1.0,1.0,1.0,1.0,1.0
380,128,1.0,1.0,1.0,1.0,1.0,1.0,1.0,1.0,1.0,1.0,1.0,1.0,1.0,1.0,1.0,1.0,1.0,1.0
380,256,1.0,1.0,1.0,1.0,1.0,1.0,1.0,1.0,1.0,1.0,1.0,1.0,1.0,1.0,1.0,1.0,1.0,1.0
380,512,1.0,1.0,1.0,1.0,1.0,1.0,1.0,1.0,1.0,1.0,1.0,1.0,1.0,1.0,1.0,1.0,1.0,1.0
381,64,1.0,1.0,1.0,1.0,1.0,1.0,1.0,1.0,1.0,1.0,1.0,1.0,1.0,1.0,1.0,1.0,1.0,1.0
381,128,1.0,1.0,1.0,1.0,1.0,1.0,1.0,1.0,1.0,1.0,1.0,1.0,1.0,1.0,1.0,1.0,1.0,1.0
381,256,1.0,1.0,1.0,1.0,1.0,1.0,1.0,1.0,1.0,1.0,1.0,1.0,1.0,1.0,1.0,1.0,1.0,1.0
381,512,1.0,1.0,1.0,1.0,1.0,1.0,1.0,1.0,1.0,1.0,1.0,1.0,1.0,1.0,1.0,1.0,1.0,1.0
382,64,1.0,1.0,1.0,1.0,1.0,1.0,1.0,1.0,1.0,1.0,1.0,1.0,1.0,1.0,1.0,1.0,1.0,1.0
382,128,1.0,1.0,1.0,1.0,1.0,1.0,1.0,1.0,1.0,1.0,1.0,1.0,1.0,1.0,1.0,1.0,1.0,1.0
382,256,1.0,1.0,1.0,1.0,1.0,1.0,1.0,1.0,1.0,1.0,1.0,1.0,1.0,1.0,1.0,1.0,1.0,1.0
382,512,1.0,1.0,1.0,1.0,1.0,1.0,1.0,1.0,1.0,1.0,1.0,1.0,1.0,1.0,1.0,1.0,1.0,1.0
383,64,1.0,1.0,1.0,1.0,1.0,1.0,1.0,1.0,0.9333333333333333,0.9333333333333333,1.0,1.0,1.0,1.0,1.0,1.0,1.0,1.0
383,128,1.0,1.0,1.0,1.0,1.0,1.0,1.0,1.0,1.0,1.0,1.0,1.0,1.0,1.0,1.0,1.0,1.0,1.0
383,256,1.0,1.0,1.0,1.0,1.0,1.0,1.0,1.0,1.0,1.0,1.0,1.0,1.0,1.0,1.0,1.0,1.0,1.0
383,512,1.0,1.0,1.0,1.0,1.0,1.0,1.0,1.0,1.0,1.0,1.0,1.0,1.0,1.0,1.0,1.0,1.0,1.0
384,64,1.0,1.0,1.0,1.0,1.0,1.0,1.0,1.0,1.0,1.0,1.0,1.0,1.0,1.0,1.0,1.0,1.0,1.0
384,128,1.0,1.0,1.0,1.0,1.0,1.0,1.0,1.0,1.0,1.0,1.0,1.0,1.0,1.0,1.0,1.0,1.0,1.0
384,256,1.0,1.0,1.0,1.0,1.0,1.0,1.0,1.0,1.0,1.0,1.0,1.0,1.0,1.0,1.0,1.0,1.0,1.0
384,512,1.0,1.0,1.0,1.0,1.0,1.0,1.0,1.0,1.0,1.0,1.0,1.0,1.0,1.0,1.0,1.0,1.0,1.0
385,64,1.0,1.0,1.0,1.0,1.0,1.0,1.0,1.0,1.0,1.0,1.0,1.0,1.0,1.0,1.0,1.0,1.0,1.0
385,128,1.0,1.0,1.0,1.0,1.0,1.0,1.0,1.0,1.0,1.0,1.0,1.0,1.0,1.0,1.0,1.0,1.0,1.0
385,256,1.0,1.0,1.0,1.0,1.0,1.0,1.0,1.0,1.0,1.0,1.0,1.0,1.0,1.0,1.0,1.0,1.0,1.0
385,512,1.0,1.0,1.0,1.0,1.0,1.0,1.0,1.0,1.0,1.0,1.0,1.0,1.0,1.0,1.0,1.0,1.0,1.0
386,64,1.0,1.0,1.0,1.0,1.0,1.0,1.0,1.0,1.0,1.0,1.0,1.0,1.0,1.0,1.0,1.0,1.0,1.0
386,128,1.0,1.0,1.0,1.0,1.0,1.0,1.0,1.0,1.0,1.0,1.0,1.0,1.0,1.0,1.0,1.0,1.0,1.0
386,256,1.0,1.0,1.0,1.0,1.0,1.0,1.0,1.0,1.0,1.0,1.0,1.0,1.0,1.0,1.0,1.0,1.0,1.0
386,512,1.0,1.0,1.0,1.0,1.0,1.0,1.0,1.0,1.0,1.0,1.0,1.0,1.0,1.0,1.0,1.0,1.0,1.0
387,64,1.0,1.0,1.0,1.0,1.0,1.0,1.0,1.0,1.0,1.0,1.0,1.0,1.0,1.0,1.0,1.0,1.0,1.0
387,128,1.0,1.0,1.0,1.0,1.0,1.0,1.0,1.0,1.0,1.0,1.0,1.0,1.0,1.0,1.0,1.0,1.0,1.0
387,256,1.0,1.0,1.0,1.0,1.0,1.0,1.0,1.0,1.0,1.0,1.0,1.0,1.0,1.0,1.0,1.0,1.0,1.0
387,512,1.0,1.0,1.0,1.0,1.0,1.0,1.0,1.0,1.0,1.0,1.0,1.0,1.0,1.0,1.0,1.0,1.0,1.0
388,64,1.0,1.0,1.0,1.0,1.0,1.0,1.0,1.0,1.0,1.0,1.0,1.0,1.0,1.0,1.0,1.0,1.0,1.0
388,128,1.0,1.0,1.0,1.0,1.0,1.0,1.0,1.0,1.0,1.0,1.0,1.0,1.0,1.0,1.0,1.0,1.0,1.0
388,256,1.0,1.0,1.0,1.0,1.0,1.0,1.0,1.0,1.0,1.0,1.0,1.0,1.0,1.0,1.0,1.0,1.0,1.0
388,512,1.0,1.0,1.0,1.0,1.0,1.0,1.0,1.0,1.0,1.0,1.0,1.0,1.0,1.0,1.0,1.0,1.0,1.0
389,64,1.0,1.0,1.0,1.0,1.0,1.0,1.0,1.0,1.0,1.0,1.0,1.0,1.0,1.0,1.0,1.0,1.0,1.0
389,128,1.0,1.0,1.0,1.0,1.0,1.0,1.0,1.0,1.0,1.0,1.0,1.0,1.0,1.0,1.0,1.0,1.0,1.0
389,256,1.0,1.0,1.0,1.0,1.0,1.0,1.0,1.0,1.0,1.0,1.0,1.0,1.0,1.0,1.0,1.0,1.0,1.0
389,512,1.0,1.0,1.0,1.0,1.0,1.0,1.0,1.0,1.0,1.0,1.0,1.0,1.0,1.0,1.0,1.0,1.0,1.0
390,64,1.0,1.0,1.0,1.0,1.0,1.0,1.0,1.0,1.0,1.0,1.0,1.0,1.0,1.0,1.0,1.0,1.0,1.0
390,128,1.0,1.0,1.0,1.0,1.0,1.0,1.0,1.0,1.0,1.0,1.0,1.0,1.0,1.0,1.0,1.0,1.0,1.0
390,256,1.0,1.0,1.0,1.0,1.0,1.0,1.0,1.0,1.0,1.0,1.0,1.0,1.0,1.0,1.0,1.0,1.0,1.0
390,512,1.0,1.0,1.0,1.0,1.0,1.0,1.0,1.0,1.0,1.0,1.0,1.0,1.0,1.0,1.0,1.0,1.0,1.0
391,64,1.0,1.0,1.0,1.0,1.0,1.0,1.0,1.0,1.0,1.0,1.0,1.0,1.0,1.0,1.0,1.0,1.0,1.0
391,128,1.0,1.0,1.0,1.0,1.0,1.0,1.0,1.0,1.0,1.0,1.0,1.0,1.0,1.0,1.0,1.0,1.0,1.0
391,256,1.0,1.0,1.0,1.0,1.0,1.0,1.0,1.0,1.0,1.0,1.0,1.0,1.0,1.0,1.0,1.0,1.0,1.0
391,512,1.0,1.0,1.0,1.0,1.0,1.0,1.0,1.0,1.0,1.0,1.0,1.0,1.0,1.0,1.0,1.0,1.0,1.0
392,64,1.0,1.0,1.0,1.0,1.0,1.0,1.0,1.0,1.0,1.0,1.0,1.0,1.0,1.0,1.0,1.0,1.0,1.0
392,128,1.0,1.0,1.0,1.0,1.0,1.0,1.0,1.0,1.0,1.0,1.0,1.0,1.0,1.0,1.0,1.0,1.0,1.0
392,256,1.0,1.0,1.0,1.0,1.0,1.0,1.0,1.0,1.0,1.0,1.0,1.0,1.0,1.0,1.0,1.0,1.0,1.0
392,512,1.0,1.0,1.0,1.0,1.0,1.0,1.0,1.0,1.0,1.0,1.0,1.0,1.0,1.0,1.0,1.0,1.0,1.0
393,64,1.0,1.0,1.0,1.0,1.0,1.0,1.0,1.0,1.0,1.0,1.0,1.0,1.0,1.0,1.0,1.0,1.0,1.0
393,128,1.0,1.0,1.0,1.0,1.0,1.0,1.0,1.0,1.0,1.0,1.0,1.0,1.0,1.0,1.0,1.0,1.0,1.0
393,256,1.0,1.0,1.0,1.0,1.0,1.0,1.0,1.0,1.0,1.0,1.0,1.0,1.0,1.0,1.0,1.0,1.0,1.0
393,512,1.0,1.0,1.0,1.0,1.0,1.0,1.0,1.0,1.0,1.0,1.0,1.0,1.0,1.0,1.0,1.0,1.0,1.0
394,64,1.0,1.0,1.0,1.0,1.0,1.0,1.0,1.0,1.0,1.0,1.0,1.0,1.0,1.0,1.0,1.0,1.0,1.0
394,128,1.0,1.0,1.0,1.0,1.0,1.0,1.0,1.0,1.0,1.0,1.0,1.0,1.0,1.0,1.0,1.0,1.0,1.0
394,256,1.0,1.0,1.0,1.0,1.0,1.0,1.0,1.0,1.0,1.0,1.0,1.0,1.0,1.0,1.0,1.0,1.0,1.0
394,512,1.0,1.0,1.0,1.0,1.0,1.0,1.0,1.0,1.0,1.0,1.0,1.0,1.0,1.0,1.0,1.0,1.0,1.0
395,64,1.0,1.0,1.0,1.0,1.0,1.0,1.0,1.0,0.9333333333333333,0.9333333333333333,1.0,1.0,1.0,1.0,1.0,1.0,1.0,1.0
395,128,1.0,1.0,1.0,1.0,1.0,1.0,1.0,1.0,1.0,1.0,1.0,1.0,1.0,1.0,1.0,1.0,1.0,1.0
395,256,1.0,1.0,1.0,1.0,1.0,1.0,1.0,1.0,1.0,1.0,1.0,1.0,1.0,1.0,1.0,1.0,1.0,1.0
395,512,1.0,1.0,1.0,1.0,1.0,1.0,1.0,1.0,1.0,1.0,1.0,1.0,1.0,1.0,1.0,1.0,1.0,1.0
396,64,1.0,1.0,1.0,1.0,1.0,1.0,1.0,1.0,1.0,1.0,1.0,1.0,1.0,1.0,1.0,1.0,1.0,1.0
396,128,1.0,1.0,1.0,1.0,1.0,1.0,1.0,1.0,1.0,1.0,1.0,1.0,1.0,1.0,1.0,1.0,1.0,1.0
396,256,1.0,1.0,1.0,1.0,1.0,1.0,1.0,1.0,1.0,1.0,1.0,1.0,1.0,1.0,1.0,1.0,1.0,1.0
396,512,1.0,1.0,1.0,1.0,1.0,1.0,1.0,1.0,1.0,1.0,1.0,1.0,1.0,1.0,1.0,1.0,1.0,1.0
397,64,1.0,1.0,1.0,1.0,1.0,1.0,1.0,1.0,1.0,1.0,1.0,1.0,1.0,1.0,1.0,1.0,1.0,1.0
397,128,1.0,1.0,1.0,1.0,1.0,1.0,1.0,1.0,1.0,1.0,1.0,1.0,1.0,1.0,1.0,1.0,1.0,1.0
397,256,1.0,1.0,1.0,1.0,1.0,1.0,1.0,1.0,1.0,1.0,1.0,1.0,1.0,1.0,1.0,1.0,1.0,1.0
397,512,1.0,1.0,1.0,1.0,1.0,1.0,1.0,1.0,1.0,1.0,1.0,1.0,1.0,1.0,1.0,1.0,1.0,1.0
398,64,1.0,1.0,1.0,1.0,1.0,1.0,1.0,1.0,1.0,1.0,1.0,1.0,1.0,1.0,1.0,1.0,1.0,1.0
398,128,1.0,1.0,1.0,1.0,1.0,1.0,1.0,1.0,1.0,1.0,1.0,1.0,1.0,1.0,1.0,1.0,1.0,1.0
398,256,1.0,1.0,1.0,1.0,1.0,1.0,1.0,1.0,1.0,1.0,1.0,1.0,1.0,1.0,1.0,1.0,1.0,1.0
398,512,1.0,1.0,1.0,1.0,1.0,1.0,1.0,1.0,1.0,1.0,1.0,1.0,1.0,1.0,1.0,1.0,1.0,1.0
399,64,1.0,1.0,1.0,1.0,1.0,1.0,1.0,1.0,1.0,1.0,1.0,1.0,1.0,1.0,1.0,1.0,1.0,1.0
399,128,1.0,1.0,1.0,1.0,1.0,1.0,1.0,1.0,1.0,1.0,1.0,1.0,1.0,1.0,1.0,1.0,1.0,1.0
399,256,1.0,1.0,1.0,1.0,1.0,1.0,1.0,1.0,1.0,1.0,1.0,1.0,1.0,1.0,1.0,1.0,1.0,1.0
399,512,1.0,1.0,1.0,1.0,1.0,1.0,1.0,1.0,1.0,1.0,1.0,1.0,1.0,1.0,1.0,1.0,1.0,1.0
400,64,1.0,1.0,1.0,1.0,0.9666666666666667,0.9666666666666667,0.23333333333333334,0.23333333333333334,0.0,0.0,0.8666666666666667,0.8666666666666667,0.6,0.6,0.8666666666666667,0.8666666666666667,1.0,1.0
400,128,1.0,1.0,1.0,1.0,1.0,1.0,0.5,0.5,0.0,0.0,1.0,1.0,1.0,1.0,1.0,1.0,1.0,1.0
400,256,1.0,1.0,1.0,1.0,1.0,1.0,0.43333333333333335,0.43333333333333335,0.0,0.0,1.0,1.0,1.0,1.0,1.0,1.0,1.0,1.0
400,512,1.0,1.0,1.0,1.0,1.0,1.0,0.3333333333333333,0.3333333333333333,0.0,0.0,1.0,1.0,1.0,1.0,1.0,1.0,1.0,1.0
401,64,1.0,1.0,1.0,1.0,1.0,1.0,1.0,1.0,0.9666666666666667,0.9666666666666667,1.0,1.0,1.0,1.0,1.0,1.0,1.0,1.0
401,128,1.0,1.0,1.0,1.0,1.0,1.0,1.0,1.0,1.0,1.0,1.0,1.0,1.0,1.0,1.0,1.0,1.0,1.0
401,256,1.0,1.0,1.0,1.0,1.0,1.0,1.0,1.0,1.0,1.0,1.0,1.0,1.0,1.0,1.0,1.0,1.0,1.0
401,512,1.0,1.0,1.0,1.0,1.0,1.0,1.0,1.0,1.0,1.0,1.0,1.0,1.0,1.0,1.0,1.0,1.0,1.0
402,64,1.0,1.0,1.0,1.0,1.0,1.0,1.0,1.0,0.26666666666666666,0.26666666666666666,1.0,1.0,1.0,1.0,1.0,1.0,1.0,1.0
402,128,1.0,1.0,1.0,1.0,1.0,1.0,1.0,1.0,0.23333333333333334,0.23333333333333334,1.0,1.0,1.0,1.0,1.0,1.0,1.0,1.0
402,256,1.0,1.0,1.0,1.0,1.0,1.0,1.0,1.0,0.16666666666666666,0.16666666666666666,1.0,1.0,1.0,1.0,1.0,1.0,1.0,1.0
402,512,1.0,1.0,1.0,1.0,1.0,1.0,1.0,1.0,0.03333333333333333,0.03333333333333333,1.0,1.0,1.0,1.0,1.0,1.0,1.0,1.0
403,64,1.0,1.0,1.0,1.0,1.0,1.0,1.0,1.0,0.9666666666666667,0.9666666666666667,1.0,1.0,1.0,1.0,1.0,1.0,1.0,1.0
403,128,1.0,1.0,1.0,1.0,1.0,1.0,1.0,1.0,1.0,1.0,1.0,1.0,1.0,1.0,1.0,1.0,1.0,1.0
403,256,1.0,1.0,1.0,1.0,1.0,1.0,1.0,1.0,1.0,1.0,1.0,1.0,1.0,1.0,1.0,1.0,1.0,1.0
403,512,1.0,1.0,1.0,1.0,1.0,1.0,1.0,1.0,1.0,1.0,1.0,1.0,1.0,1.0,1.0,1.0,1.0,1.0
404,64,0.5333333333333333,0.4,0.5333333333333333,0.4,0.2,0.06666666666666667,0.0,0.0,0.0,0.0,0.0,0.0,0.0,0.0,0.0,0.0,0.23333333333333334,0.1
404,128,0.6333333333333333,0.43333333333333335,0.6,0.4,0.1,0.0,0.0,0.0,0.0,0.0,0.0,0.0,0.0,0.0,0.0,0.0,0.13333333333333333,0.0
404,256,0.6666666666666666,0.36666666666666664,0.6333333333333333,0.3333333333333333,0.0,0.0,0.0,0.0,0.0,0.0,0.0,0.0,0.0,0.0,0.0,0.0,0.03333333333333333,0.0
404,512,0.8,0.3333333333333333,0.7333333333333333,0.26666666666666666,0.0,0.0,0.0,0.0,0.0,0.0,0.0,0.0,0.0,0.0,0.0,0.0,0.0,0.0
405,64,1.0,1.0,1.0,1.0,1.0,1.0,1.0,1.0,0.06666666666666667,0.06666666666666667,1.0,1.0,1.0,1.0,1.0,1.0,1.0,1.0
405,128,1.0,1.0,1.0,1.0,1.0,1.0,1.0,1.0,0.2,0.2,1.0,1.0,1.0,1.0,1.0,1.0,1.0,1.0
405,256,1.0,1.0,1.0,1.0,1.0,1.0,1.0,1.0,0.1,0.1,1.0,1.0,1.0,1.0,1.0,1.0,1.0,1.0
405,512,1.0,1.0,1.0,1.0,1.0,1.0,1.0,1.0,0.0,0.0,1.0,1.0,1.0,1.0,1.0,1.0,1.0,1.0
406,64,1.0,1.0,1.0,1.0,1.0,1.0,1.0,1.0,0.9666666666666667,0.9666666666666667,1.0,1.0,1.0,1.0,1.0,1.0,1.0,1.0
406,128,1.0,1.0,1.0,1.0,1.0,1.0,1.0,1.0,1.0,1.0,1.0,1.0,1.0,1.0,1.0,1.0,1.0,1.0
406,256,1.0,1.0,1.0,1.0,1.0,1.0,1.0,1.0,1.0,1.0,1.0,1.0,1.0,1.0,1.0,1.0,1.0,1.0
406,512,1.0,1.0,1.0,1.0,1.0,1.0,1.0,1.0,1.0,1.0,1.0,1.0,1.0,1.0,1.0,1.0,1.0,1.0
407,64,1.0,1.0,1.0,1.0,1.0,1.0,1.0,1.0,1.0,1.0,1.0,1.0,1.0,1.0,1.0,1.0,1.0,1.0
407,128,1.0,1.0,1.0,1.0,1.0,1.0,1.0,1.0,1.0,1.0,1.0,1.0,1.0,1.0,1.0,1.0,1.0,1.0
407,256,1.0,1.0,1.0,1.0,1.0,1.0,1.0,1.0,1.0,1.0,1.0,1.0,1.0,1.0,1.0,1.0,1.0,1.0
407,512,1.0,1.0,1.0,1.0,1.0,1.0,1.0,1.0,1.0,1.0,1.0,1.0,1.0,1.0,1.0,1.0,1.0,1.0
408,64,0.6333333333333333,0.6,0.6333333333333333,0.6,0.2,0.16666666666666666,0.0,0.0,0.0,0.0,0.0,0.0,0.0,0.0,0.0,0.0,0.2,0.16666666666666666
408,128,0.6,0.3,0.5333333333333333,0.23333333333333334,0.26666666666666666,0.0,0.0,0.0,0.0,0.0,0.06666666666666667,0.0,0.06666666666666667,0.0,0.06666666666666667,0.0,0.3,0.0
408,256,0.4,0.2,0.4,0.2,0.06666666666666667,0.0,0.0,0.0,0.0,0.0,0.0,0.0,0.0,0.0,0.0,0.0,0.06666666666666667,0.0
408,512,0.5666666666666667,0.16666666666666666,0.5666666666666667,0.16666666666666666,0.0,0.0,0.0,0.0,0.0,0.0,0.0,0.0,0.0,0.0,0.0,0.0,0.0,0.0
409,64,1.0,1.0,1.0,1.0,1.0,1.0,1.0,1.0,0.43333333333333335,0.43333333333333335,1.0,1.0,1.0,1.0,1.0,1.0,1.0,1.0
409,128,1.0,1.0,1.0,1.0,1.0,1.0,1.0,1.0,0.43333333333333335,0.43333333333333335,1.0,1.0,1.0,1.0,1.0,1.0,1.0,1.0
409,256,1.0,1.0,1.0,1.0,1.0,1.0,1.0,1.0,0.6,0.6,1.0,1.0,1.0,1.0,1.0,1.0,1.0,1.0
409,512,1.0,1.0,1.0,1.0,1.0,1.0,1.0,1.0,0.7666666666666667,0.7666666666666667,1.0,1.0,1.0,1.0,1.0,1.0,1.0,1.0
410,64,1.0,1.0,1.0,1.0,1.0,1.0,1.0,1.0,0.6,0.6,1.0,1.0,1.0,1.0,1.0,1.0,1.0,1.0
410,128,1.0,1.0,1.0,1.0,1.0,1.0,1.0,1.0,0.8,0.8,1.0,1.0,1.0,1.0,1.0,1.0,1.0,1.0
410,256,1.0,1.0,1.0,1.0,1.0,1.0,1.0,1.0,0.9666666666666667,0.9666666666666667,1.0,1.0,1.0,1.0,1.0,1.0,1.0,1.0
410,512,1.0,1.0,1.0,1.0,1.0,1.0,1.0,1.0,1.0,1.0,1.0,1.0,1.0,1.0,1.0,1.0,1.0,1.0
411,64,1.0,1.0,1.0,1.0,1.0,1.0,1.0,1.0,0.4666666666666667,0.4666666666666667,1.0,1.0,1.0,1.0,1.0,1.0,1.0,1.0
411,128,1.0,1.0,1.0,1.0,1.0,1.0,1.0,1.0,0.5666666666666667,0.5666666666666667,1.0,1.0,1.0,1.0,1.0,1.0,1.0,1.0
411,256,1.0,1.0,1.0,1.0,1.0,1.0,1.0,1.0,0.5333333333333333,0.5333333333333333,1.0,1.0,1.0,1.0,1.0,1.0,1.0,1.0
411,512,1.0,1.0,1.0,1.0,1.0,1.0,1.0,1.0,0.8666666666666667,0.8666666666666667,1.0,1.0,1.0,1.0,1.0,1.0,1.0,1.0
412,64,0.03333333333333333,0.5333333333333333,0.03333333333333333,0.4666666666666667,0.0,0.16666666666666666,0.0,0.0,0.0,0.0,0.0,0.0,0.0,0.0,0.0,0.0,0.0,0.26666666666666666
412,128,0.0,0.7333333333333333,0.0,0.7333333333333333,0.0,0.2,0.0,0.0,0.0,0.0,0.0,0.0,0.0,0.0,0.0,0.0,0.0,0.36666666666666664
412,256,0.0,0.7666666666666667,0.0,0.7666666666666667,0.0,0.0,0.0,0.0,0.0,0.0,0.0,0.0,0.0,0.0,0.0,0.0,0.0,0.26666666666666666
412,512,0.0,0.8,0.0,0.8,0.0,0.0,0.0,0.0,0.0,0.0,0.0,0.0,0.0,0.0,0.0,0.0,0.0,0.0
413,64,1.0,1.0,1.0,1.0,1.0,1.0,1.0,1.0,0.4666666666666667,0.4666666666666667,1.0,1.0,1.0,1.0,1.0,1.0,1.0,1.0
413,128,1.0,1.0,1.0,1.0,1.0,1.0,1.0,1.0,0.8333333333333334,0.8333333333333334,1.0,1.0,1.0,1.0,1.0,1.0,1.0,1.0
413,256,1.0,1.0,1.0,1.0,1.0,1.0,1.0,1.0,0.9333333333333333,0.9333333333333333,1.0,1.0,1.0,1.0,1.0,1.0,1.0,1.0
413,512,1.0,1.0,1.0,1.0,1.0,1.0,1.0,1.0,1.0,1.0,1.0,1.0,1.0,1.0,1.0,1.0,1.0,1.0
414,64,1.0,1.0,1.0,1.0,1.0,1.0,1.0,1.0,0.8333333333333334,0.8333333333333334,1.0,1.0,1.0,1.0,1.0,1.0,1.0,1.0
414,128,1.0,1.0,1.0,1.0,1.0,1.0,1.0,1.0,0.7333333333333333,0.7333333333333333,1.0,1.0,1.0,1.0,1.0,1.0,1.0,1.0
414,256,1.0,1.0,1.0,1.0,1.0,1.0,1.0,1.0,0.8666666666666667,0.8666666666666667,1.0,1.0,1.0,1.0,1.0,1.0,1.0,1.0
414,512,1.0,1.0,1.0,1.0,1.0,1.0,1.0,1.0,1.0,1.0,1.0,1.0,1.0,1.0,1.0,1.0,1.0,1.0
415,64,1.0,1.0,1.0,1.0,1.0,1.0,1.0,1.0,0.2,0.2,1.0,1.0,1.0,1.0,1.0,1.0,1.0,1.0
415,128,1.0,1.0,1.0,1.0,1.0,1.0,1.0,1.0,0.3333333333333333,0.3333333333333333,1.0,1.0,1.0,1.0,1.0,1.0,1.0,1.0
415,256,1.0,1.0,1.0,1.0,1.0,1.0,1.0,1.0,0.36666666666666664,0.36666666666666664,1.0,1.0,1.0,1.0,1.0,1.0,1.0,1.0
415,512,1.0,1.0,1.0,1.0,1.0,1.0,1.0,1.0,0.6333333333333333,0.6333333333333333,1.0,1.0,1.0,1.0,1.0,1.0,1.0,1.0
416,64,1.0,1.0,1.0,1.0,1.0,1.0,1.0,1.0,0.7,0.7,1.0,1.0,1.0,1.0,1.0,1.0,1.0,1.0
416,128,1.0,1.0,1.0,1.0,1.0,1.0,1.0,1.0,0.8,0.8,1.0,1.0,1.0,1.0,1.0,1.0,1.0,1.0
416,256,1.0,1.0,1.0,1.0,1.0,1.0,1.0,1.0,0.7333333333333333,0.7333333333333333,1.0,1.0,1.0,1.0,1.0,1.0,1.0,1.0
416,512,1.0,1.0,1.0,1.0,1.0,1.0,1.0,1.0,0.7666666666666667,0.7666666666666667,1.0,1.0,1.0,1.0,1.0,1.0,1.0,1.0
417,64,0.3333333333333333,0.16666666666666666,0.3,0.1,0.13333333333333333,0.0,0.0,0.0,0.0,0.0,0.0,0.0,0.0,0.0,0.0,0.0,0.0,0.0
417,128,0.2,0.23333333333333334,0.16666666666666666,0.16666666666666666,0.03333333333333333,0.0,0.0,0.0,0.0,0.0,0.0,0.0,0.0,0.0,0.0,0.0,0.0,0.0
417,256,0.5,0.16666666666666666,0.43333333333333335,0.1,0.06666666666666667,0.0,0.0,0.0,0.0,0.0,0.0,0.0,0.0,0.0,0.0,0.0,0.0,0.0
417,512,0.3,0.26666666666666666,0.3,0.26666666666666666,0.0,0.0,0.0,0.0,0.0,0.0,0.0,0.0,0.0,0.0,0.0,0.0,0.0,0.0
418,64,1.0,1.0,1.0,1.0,1.0,1.0,0.7666666666666667,0.7666666666666667,0.03333333333333333,0.03333333333333333,0.9666666666666667,0.9666666666666667,0.8,0.8,0.9666666666666667,0.9666666666666667,1.0,1.0
418,128,1.0,1.0,1.0,1.0,1.0,1.0,0.8666666666666667,0.8666666666666667,0.0,0.0,1.0,1.0,1.0,1.0,1.0,1.0,1.0,1.0
418,256,1.0,1.0,1.0,1.0,1.0,1.0,1.0,1.0,0.0,0.0,1.0,1.0,1.0,1.0,1.0,1.0,1.0,1.0
418,512,1.0,1.0,1.0,1.0,1.0,1.0,1.0,1.0,0.0,0.0,1.0,1.0,1.0,1.0,1.0,1.0,1.0,1.0
419,64,1.0,1.0,1.0,1.0,1.0,1.0,0.9666666666666667,0.9666666666666667,0.1,0.1,1.0,1.0,1.0,1.0,1.0,1.0,1.0,1.0
419,128,1.0,1.0,1.0,1.0,1.0,1.0,1.0,1.0,0.23333333333333334,0.23333333333333334,1.0,1.0,1.0,1.0,1.0,1.0,1.0,1.0
419,256,1.0,1.0,1.0,1.0,1.0,1.0,1.0,1.0,0.3333333333333333,0.3333333333333333,1.0,1.0,1.0,1.0,1.0,1.0,1.0,1.0
419,512,1.0,1.0,1.0,1.0,1.0,1.0,1.0,1.0,0.06666666666666667,0.06666666666666667,1.0,1.0,1.0,1.0,1.0,1.0,1.0,1.0
420,64,0.9666666666666667,0.9666666666666667,0.9666666666666667,0.9666666666666667,0.8666666666666667,0.8666666666666667,0.16666666666666666,0.16666666666666666,0.0,0.0,0.4666666666666667,0.4666666666666667,0.26666666666666666,0.26666666666666666,0.4666666666666667,0.4666666666666667,0.9333333333333333,0.9333333333333333
420,128,1.0,1.0,1.0,1.0,0.9333333333333333,0.9333333333333333,0.06666666666666667,0.06666666666666667,0.0,0.0,0.8333333333333334,0.8333333333333334,0.6333333333333333,0.6333333333333333,0.8333333333333334,0.8333333333333334,1.0,1.0
420,256,1.0,1.0,1.0,1.0,0.9666666666666667,0.9666666666666667,0.1,0.1,0.0,0.0,0.9666666666666667,0.9666666666666667,0.9666666666666667,0.9666666666666667,0.9666666666666667,0.9666666666666667,1.0,1.0
420,512,1.0,1.0,1.0,1.0,1.0,1.0,0.0,0.0,0.0,0.0,1.0,1.0,1.0,1.0,1.0,1.0,1.0,1.0
421,64,0.0,0.06666666666666667,0.0,0.03333333333333333,0.0,0.0,0.0,0.0,0.0,0.0,0.0,0.0,0.0,0.0,0.0,0.0,0.0,0.0
421,128,0.0,0.13333333333333333,0.0,0.13333333333333333,0.0,0.0,0.0,0.0,0.0,0.0,0.0,0.0,0.0,0.0,0.0,0.0,0.0,0.0
421,256,0.0,0.03333333333333333,0.0,0.0,0.0,0.0,0.0,0.0,0.0,0.0,0.0,0.0,0.0,0.0,0.0,0.0,0.0,0.0
421,512,0.0,0.1,0.0,0.06666666666666667,0.0,0.0,0.0,0.0,0.0,0.0,0.0,0.0,0.0,0.0,0.0,0.0,0.0,0.0
422,64,1.0,1.0,1.0,1.0,1.0,1.0,1.0,1.0,0.06666666666666667,0.06666666666666667,1.0,1.0,1.0,1.0,1.0,1.0,1.0,1.0
422,128,1.0,1.0,1.0,1.0,1.0,1.0,1.0,1.0,0.1,0.1,1.0,1.0,1.0,1.0,1.0,1.0,1.0,1.0
422,256,1.0,1.0,1.0,1.0,1.0,1.0,1.0,1.0,0.13333333333333333,0.13333333333333333,1.0,1.0,1.0,1.0,1.0,1.0,1.0,1.0
422,512,1.0,1.0,1.0,1.0,1.0,1.0,1.0,1.0,0.1,0.1,1.0,1.0,1.0,1.0,1.0,1.0,1.0,1.0
423,64,1.0,1.0,1.0,1.0,1.0,1.0,0.9333333333333333,0.9333333333333333,0.06666666666666667,0.06666666666666667,1.0,1.0,0.9666666666666667,0.9666666666666667,1.0,1.0,1.0,1.0
423,128,1.0,1.0,1.0,1.0,1.0,1.0,0.9666666666666667,0.9666666666666667,0.0,0.0,1.0,1.0,1.0,1.0,1.0,1.0,1.0,1.0
423,256,1.0,1.0,1.0,1.0,1.0,1.0,1.0,1.0,0.0,0.0,1.0,1.0,1.0,1.0,1.0,1.0,1.0,1.0
423,512,1.0,1.0,1.0,1.0,1.0,1.0,1.0,1.0,0.0,0.0,1.0,1.0,1.0,1.0,1.0,1.0,1.0,1.0
424,64,1.0,1.0,1.0,1.0,1.0,1.0,0.5666666666666667,0.5666666666666667,0.0,0.0,0.9333333333333333,0.9333333333333333,0.8666666666666667,0.8666666666666667,0.9333333333333333,0.9333333333333333,1.0,1.0
424,128,1.0,1.0,1.0,1.0,1.0,1.0,0.7666666666666667,0.7666666666666667,0.03333333333333333,0.03333333333333333,1.0,1.0,1.0,1.0,1.0,1.0,1.0,1.0
424,256,1.0,1.0,1.0,1.0,1.0,1.0,0.8666666666666667,0.8666666666666667,0.0,0.0,1.0,1.0,1.0,1.0,1.0,1.0,1.0,1.0
424,512,1.0,1.0,1.0,1.0,1.0,1.0,0.9,0.9,0.0,0.0,1.0,1.0,1.0,1.0,1.0,1.0,1.0,1.0
425,64,0.36666666666666664,0.36666666666666664,0.26666666666666666,0.26666666666666666,0.1,0.1,0.0,0.0,0.0,0.0,0.0,0.0,0.0,0.0,0.0,0.0,0.03333333333333333,0.03333333333333333
425,128,0.5,0.5,0.4666666666666667,0.4666666666666667,0.23333333333333334,0.23333333333333334,0.0,0.0,0.0,0.0,0.0,0.0,0.0,0.0,0.0,0.0,0.0,0.0
425,256,0.8,0.8,0.8,0.8,0.3,0.3,0.0,0.0,0.0,0.0,0.0,0.0,0.0,0.0,0.0,0.0,0.0,0.0
425,512,0.9333333333333333,0.8,0.9,0.7666666666666667,0.3333333333333333,0.2,0.0,0.0,0.0,0.0,0.1,0.0,0.0,0.0,0.1,0.0,0.0,0.0
426,64,0.9,0.9,0.8666666666666667,0.8666666666666667,0.7333333333333333,0.7333333333333333,0.03333333333333333,0.03333333333333333,0.0,0.0,0.0,0.0,0.0,0.0,0.0,0.0,0.5666666666666667,0.5666666666666667
426,128,0.9666666666666667,0.9666666666666667,0.9666666666666667,0.9666666666666667,0.8,0.8,0.03333333333333333,0.03333333333333333,0.0,0.0,0.23333333333333334,0.23333333333333334,0.03333333333333333,0.03333333333333333,0.23333333333333334,0.23333333333333334,0.6333333333333333,0.6333333333333333
426,256,1.0,1.0,1.0,1.0,1.0,1.0,0.1,0.1,0.0,0.0,0.9,0.9,0.5333333333333333,0.5333333333333333,0.9,0.9,0.9333333333333333,0.9333333333333333
426,512,1.0,1.0,1.0,1.0,1.0,1.0,0.03333333333333333,0.03333333333333333,0.0,0.0,1.0,1.0,1.0,1.0,1.0,1.0,1.0,1.0
427,64,0.5333333333333333,0.5333333333333333,0.4,0.4,0.23333333333333334,0.23333333333333334,0.0,0.0,0.0,0.0,0.0,0.0,0.0,0.0,0.0,0.0,0.03333333333333333,0.03333333333333333
427,128,0.8666666666666667,0.8666666666666667,0.8,0.8,0.6666666666666666,0.6666666666666666,0.03333333333333333,0.03333333333333333,0.0,0.0,0.0,0.0,0.0,0.0,0.0,0.0,0.2,0.2
427,256,0.9666666666666667,0.9666666666666667,0.9666666666666667,0.9666666666666667,0.6,0.6,0.0,0.0,0.0,0.0,0.1,0.1,0.0,0.0,0.1,0.1,0.06666666666666667,0.06666666666666667
427,512,1.0,1.0,1.0,1.0,0.8666666666666667,0.8666666666666667,0.0,0.0,0.0,0.0,0.5666666666666667,0.5666666666666667,0.1,0.1,0.5666666666666667,0.5666666666666667,0.0,0.0
428,64,0.43333333333333335,0.43333333333333335,0.3333333333333333,0.3333333333333333,0.1,0.1,0.0,0.0,0.0,0.0,0.0,0.0,0.0,0.0,0.0,0.0,0.06666666666666667,0.06666666666666667
428,128,0.4666666666666667,0.3333333333333333,0.4666666666666667,0.3333333333333333,0.16666666666666666,0.03333333333333333,0.0,0.0,0.0,0.0,0.0,0.0,0.0,0.0,0.0,0.0,0.16666666666666666,0.03333333333333333
428,256,0.5666666666666667,0.4,0.5666666666666667,0.4,0.06666666666666667,0.0,0.0,0.0,0.0,0.0,0.0,0.0,0.0,0.0,0.0,0.0,0.06666666666666667,0.0
428,512,0.7666666666666667,0.5,0.7333333333333333,0.4666666666666667,0.0,0.0,0.0,0.0,0.0,0.0,0.0,0.0,0.0,0.0,0.0,0.0,0.0,0.0
429,64,0.9333333333333333,0.9333333333333333,0.9333333333333333,0.9333333333333333,0.9,0.9,0.5,0.5,0.0,0.0,0.4666666666666667,0.4666666666666667,0.1,0.1,0.4666666666666667,0.4666666666666667,0.8666666666666667,0.8666666666666667
429,128,1.0,1.0,1.0,1.0,1.0,1.0,0.8333333333333334,0.8333333333333334,0.0,0.0,1.0,1.0,0.8666666666666667,0.8666666666666667,1.0,1.0,1.0,1.0
429,256,1.0,1.0,1.0,1.0,1.0,1.0,1.0,1.0,0.0,0.0,1.0,1.0,1.0,1.0,1.0,1.0,1.0,1.0
429,512,1.0,1.0,1.0,1.0,1.0,1.0,1.0,1.0,0.0,0.0,1.0,1.0,1.0,1.0,1.0,1.0,1.0,1.0
430,64,1.0,1.0,1.0,1.0,1.0,1.0,0.7666666666666667,0.7666666666666667,0.0,0.0,0.7666666666666667,0.7666666666666667,0.26666666666666666,0.26666666666666666,0.7666666666666667,0.7666666666666667,0.9333333333333333,0.9333333333333333
430,128,1.0,1.0,1.0,1.0,1.0,1.0,0.8333333333333334,0.8333333333333334,0.0,0.0,0.9666666666666667,0.9666666666666667,0.9,0.9,0.9666666666666667,0.9666666666666667,1.0,1.0
430,256,1.0,1.0,1.0,1.0,1.0,1.0,0.9666666666666667,0.9666666666666667,0.0,0.0,1.0,1.0,1.0,1.0,1.0,1.0,1.0,1.0
430,512,1.0,1.0,1.0,1.0,1.0,1.0,1.0,1.0,0.0,0.0,1.0,1.0,1.0,1.0,1.0,1.0,1.0,1.0
431,64,0.9666666666666667,0.9666666666666667,0.9666666666666667,0.9666666666666667,0.8666666666666667,0.8666666666666667,0.16666666666666666,0.16666666666666666,0.0,0.0,0.3,0.3,0.06666666666666667,0.06666666666666667,0.3,0.3,0.8666666666666667,0.8666666666666667
431,128,1.0,1.0,1.0,1.0,0.9666666666666667,0.9666666666666667,0.2,0.2,0.0,0.0,0.6666666666666666,0.6666666666666666,0.5333333333333333,0.5333333333333333,0.6666666666666666,0.6666666666666666,0.9666666666666667,0.9666666666666667
431,256,1.0,1.0,1.0,1.0,1.0,1.0,0.3333333333333333,0.3333333333333333,0.0,0.0,1.0,1.0,1.0,1.0,1.0,1.0,1.0,1.0
431,512,1.0,1.0,1.0,1.0,1.0,1.0,0.3333333333333333,0.3333333333333333,0.0,0.0,1.0,1.0,1.0,1.0,1.0,1.0,1.0,1.0
432,64,1.0,1.0,1.0,1.0,1.0,1.0,0.4666666666666667,0.4666666666666667,0.0,0.0,0.8,0.8,0.43333333333333335,0.43333333333333335,0.8,0.8,1.0,1.0
432,128,1.0,1.0,1.0,1.0,1.0,1.0,0.5666666666666667,0.5666666666666667,0.0,0.0,1.0,1.0,0.9333333333333333,0.9333333333333333,1.0,1.0,1.0,1.0
432,256,1.0,1.0,1.0,1.0,1.0,1.0,0.7,0.7,0.0,0.0,1.0,1.0,1.0,1.0,1.0,1.0,1.0,1.0
432,512,1.0,1.0,1.0,1.0,1.0,1.0,0.9333333333333333,0.9333333333333333,0.0,0.0,1.0,1.0,1.0,1.0,1.0,1.0,1.0,1.0
433,64,1.0,1.0,1.0,1.0,1.0,1.0,0.5,0.5,0.0,0.0,0.8333333333333334,0.8333333333333334,0.4,0.4,0.8333333333333334,0.8333333333333334,1.0,1.0
433,128,1.0,1.0,1.0,1.0,1.0,1.0,0.6666666666666666,0.6666666666666666,0.0,0.0,1.0,1.0,1.0,1.0,1.0,1.0,1.0,1.0
433,256,1.0,1.0,1.0,1.0,1.0,1.0,0.9333333333333333,0.9333333333333333,0.0,0.0,1.0,1.0,1.0,1.0,1.0,1.0,1.0,1.0
433,512,1.0,1.0,1.0,1.0,1.0,1.0,1.0,1.0,0.0,0.0,1.0,1.0,1.0,1.0,1.0,1.0,1.0,1.0
434,64,0.9666666666666667,0.9333333333333333,0.9666666666666667,0.9333333333333333,0.6333333333333333,0.6333333333333333,0.1,0.1,0.0,0.0,0.23333333333333334,0.23333333333333334,0.06666666666666667,0.06666666666666667,0.23333333333333334,0.23333333333333334,0.8666666666666667,0.8666666666666667
434,128,1.0,1.0,0.9666666666666667,0.9666666666666667,0.6333333333333333,0.6333333333333333,0.0,0.0,0.0,0.0,0.2,0.2,0.1,0.1,0.2,0.2,0.8333333333333334,0.8333333333333334
434,256,1.0,1.0,1.0,1.0,0.8,0.8,0.0,0.0,0.0,0.0,0.8333333333333334,0.8333333333333334,0.5,0.5,0.8,0.8,0.9333333333333333,0.9333333333333333
434,512,1.0,1.0,1.0,1.0,0.9666666666666667,0.9666666666666667,0.0,0.0,0.0,0.0,1.0,1.0,1.0,1.0,0.9666666666666667,0.9666666666666667,1.0,1.0
435,64,1.0,1.0,1.0,1.0,0.9666666666666667,0.9666666666666667,0.3333333333333333,0.3333333333333333,0.0,0.0,0.5666666666666667,0.5666666666666667,0.26666666666666666,0.26666666666666666,0.5666666666666667,0.5666666666666667,0.9666666666666667,0.9666666666666667
435,128,1.0,1.0,1.0,1.0,1.0,1.0,0.36666666666666664,0.36666666666666664,0.0,0.0,0.9333333333333333,0.9333333333333333,0.8,0.8,0.9333333333333333,0.9333333333333333,1.0,1.0
435,256,1.0,1.0,1.0,1.0,1.0,1.0,0.23333333333333334,0.23333333333333334,0.0,0.0,1.0,1.0,1.0,1.0,1.0,1.0,1.0,1.0
435,512,1.0,1.0,1.0,1.0,1.0,1.0,0.03333333333333333,0.03333333333333333,0.0,0.0,1.0,1.0,1.0,1.0,1.0,1.0,1.0,1.0
436,64,0.3333333333333333,0.5666666666666667,0.3,0.5,0.03333333333333333,0.16666666666666666,0.0,0.03333333333333333,0.0,0.0,0.0,0.03333333333333333,0.0,0.0,0.0,0.03333333333333333,0.03333333333333333,0.23333333333333334
436,128,0.4666666666666667,0.5333333333333333,0.4666666666666667,0.5333333333333333,0.06666666666666667,0.13333333333333333,0.0,0.0,0.0,0.0,0.0,0.03333333333333333,0.0,0.0,0.0,0.03333333333333333,0.13333333333333333,0.2
436,256,0.13333333333333333,0.8333333333333334,0.1,0.8333333333333334,0.0,0.2,0.0,0.0,0.0,0.0,0.0,0.13333333333333333,0.0,0.03333333333333333,0.0,0.13333333333333333,0.0,0.3333333333333333
436,512,0.0,0.9333333333333333,0.0,0.9333333333333333,0.0,0.0,0.0,0.0,0.0,0.0,0.0,0.2,0.0,0.0,0.0,0.0,0.0,0.26666666666666666
437,64,0.16666666666666666,0.7,0.1,0.5333333333333333,0.03333333333333333,0.16666666666666666,0.0,0.0,0.0,0.0,0.0,0.03333333333333333,0.0,0.0,0.0,0.03333333333333333,0.03333333333333333,0.16666666666666666
437,128,0.16666666666666666,0.8333333333333334,0.16666666666666666,0.8,0.03333333333333333,0.23333333333333334,0.0,0.0,0.0,0.0,0.0,0.03333333333333333,0.0,0.0,0.0,0.03333333333333333,0.03333333333333333,0.3333333333333333
437,256,0.16666666666666666,0.8333333333333334,0.13333333333333333,0.8333333333333334,0.0,0.1,0.0,0.0,0.0,0.0,0.0,0.03333333333333333,0.0,0.0,0.0,0.03333333333333333,0.0,0.3
437,512,0.03333333333333333,0.8666666666666667,0.03333333333333333,0.8666666666666667,0.0,0.0,0.0,0.0,0.0,0.0,0.0,0.03333333333333333,0.0,0.0,0.0,0.0,0.0,0.06666666666666667
438,64,0.9666666666666667,0.9333333333333333,0.9333333333333333,0.9333333333333333,0.7,0.7,0.0,0.0,0.0,0.0,0.13333333333333333,0.13333333333333333,0.0,0.0,0.13333333333333333,0.13333333333333333,0.7333333333333333,0.7333333333333333
438,128,0.9666666666666667,0.9666666666666667,0.9666666666666667,0.9666666666666667,0.7333333333333333,0.7333333333333333,0.0,0.0,0.0,0.0,0.4,0.4,0.16666666666666666,0.16666666666666666,0.4,0.4,0.8,0.8
438,256,1.0,1.0,1.0,1.0,0.9,0.9,0.0,0.0,0.0,0.0,0.8666666666666667,0.8666666666666667,0.6,0.6,0.8666666666666667,0.8666666666666667,1.0,1.0
438,512,1.0,1.0,1.0,1.0,1.0,1.0,0.0,0.0,0.0,0.0,1.0,1.0,1.0,1.0,1.0,1.0,1.0,1.0
439,64,0.9333333333333333,0.9333333333333333,0.9333333333333333,0.9333333333333333,0.8333333333333334,0.8333333333333334,0.0,0.0,0.0,0.0,0.13333333333333333,0.13333333333333333,0.0,0.0,0.13333333333333333,0.13333333333333333,0.8,0.8
439,128,1.0,1.0,1.0,1.0,0.9666666666666667,0.9666666666666667,0.06666666666666667,0.06666666666666667,0.0,0.0,0.7,0.7,0.4,0.4,0.7,0.7,1.0,1.0
439,256,1.0,1.0,1.0,1.0,0.9666666666666667,0.9666666666666667,0.06666666666666667,0.06666666666666667,0.0,0.0,0.9666666666666667,0.9666666666666667,0.9,0.9,0.9666666666666667,0.9666666666666667,1.0,1.0
439,512,1.0,1.0,1.0,1.0,1.0,1.0,0.03333333333333333,0.03333333333333333,0.0,0.0,1.0,1.0,1.0,1.0,1.0,1.0,1.0,1.0
440,64,0.9,0.9,0.8666666666666667,0.8666666666666667,0.5666666666666667,0.5666666666666667,0.06666666666666667,0.06666666666666667,0.0,0.0,0.1,0.1,0.03333333333333333,0.03333333333333333,0.1,0.1,0.6666666666666666,0.6666666666666666
440,128,0.9333333333333333,0.9333333333333333,0.9333333333333333,0.9333333333333333,0.8,0.8,0.0,0.0,0.0,0.0,0.4666666666666667,0.4666666666666667,0.16666666666666666,0.16666666666666666,0.4666666666666667,0.4666666666666667,0.8666666666666667,0.8666666666666667
440,256,1.0,1.0,1.0,1.0,0.9,0.9,0.0,0.0,0.0,0.0,0.9,0.9,0.7,0.7,0.9,0.9,1.0,1.0
440,512,1.0,1.0,1.0,1.0,1.0,1.0,0.0,0.0,0.0,0.0,1.0,1.0,1.0,1.0,1.0,1.0,1.0,1.0
441,64,0.2,0.8,0.2,0.7666666666666667,0.06666666666666667,0.4666666666666667,0.0,0.0,0.0,0.0,0.0,0.06666666666666667,0.0,0.0,0.0,0.06666666666666667,0.06666666666666667,0.5666666666666667
441,128,0.26666666666666666,0.7333333333333333,0.23333333333333334,0.6666666666666666,0.0,0.26666666666666666,0.0,0.0,0.0,0.0,0.0,0.03333333333333333,0.0,0.0,0.0,0.03333333333333333,0.0,0.43333333333333335
441,256,0.13333333333333333,0.8666666666666667,0.13333333333333333,0.8333333333333334,0.0,0.06666666666666667,0.0,0.0,0.0,0.0,0.0,0.06666666666666667,0.0,0.0,0.0,0.06666666666666667,0.0,0.43333333333333335
441,512,0.0,1.0,0.0,1.0,0.0,0.03333333333333333,0.0,0.0,0.0,0.0,0.0,0.3333333333333333,0.0,0.03333333333333333,0.0,0.03333333333333333,0.0,0.36666666666666664
442,64,1.0,1.0,1.0,1.0,1.0,1.0,0.6666666666666666,0.6666666666666666,0.0,0.0,0.9333333333333333,0.9333333333333333,0.7,0.7,0.9333333333333333,0.9333333333333333,1.0,1.0
442,128,1.0,1.0,1.0,1.0,1.0,1.0,0.8666666666666667,0.8666666666666667,0.0,0.0,1.0,1.0,1.0,1.0,1.0,1.0,1.0,1.0
442,256,1.0,1.0,1.0,1.0,1.0,1.0,0.9,0.9,0.0,0.0,1.0,1.0,1.0,1.0,1.0,1.0,1.0,1.0
442,512,1.0,1.0,1.0,1.0,1.0,1.0,1.0,1.0,0.0,0.0,1.0,1.0,1.0,1.0,1.0,1.0,1.0,1.0
443,64,0.16666666666666666,0.7333333333333333,0.16666666666666666,0.7,0.06666666666666667,0.36666666666666664,0.0,0.0,0.0,0.0,0.0,0.03333333333333333,0.0,0.0,0.0,0.03333333333333333,0.06666666666666667,0.4666666666666667
443,128,0.16666666666666666,0.8333333333333334,0.16666666666666666,0.8,0.0,0.3333333333333333,0.0,0.0,0.0,0.0,0.0,0.16666666666666666,0.0,0.03333333333333333,0.0,0.16666666666666666,0.06666666666666667,0.6
443,256,0.0,1.0,0.0,1.0,0.0,0.36666666666666664,0.0,0.0,0.0,0.0,0.0,0.3,0.0,0.03333333333333333,0.0,0.3,0.0,0.6
443,512,0.0,1.0,0.0,1.0,0.0,0.03333333333333333,0.0,0.0,0.0,0.0,0.0,0.4,0.0,0.1,0.0,0.03333333333333333,0.0,0.5333333333333333
444,64,1.0,1.0,1.0,1.0,1.0,1.0,0.6666666666666666,0.6666666666666666,0.0,0.0,0.9,0.9,0.6666666666666666,0.6666666666666666,0.9,0.9,1.0,1.0
444,128,1.0,1.0,1.0,1.0,1.0,1.0,0.9666666666666667,0.9666666666666667,0.0,0.0,1.0,1.0,1.0,1.0,1.0,1.0,1.0,1.0
444,256,1.0,1.0,1.0,1.0,1.0,1.0,1.0,1.0,0.0,0.0,1.0,1.0,1.0,1.0,1.0,1.0,1.0,1.0
444,512,1.0,1.0,1.0,1.0,1.0,1.0,1.0,1.0,0.0,0.0,1.0,1.0,1.0,1.0,1.0,1.0,1.0,1.0
445,64,1.0,1.0,1.0,1.0,0.9666666666666667,0.9666666666666667,0.3,0.3,0.0,0.0,0.5666666666666667,0.5666666666666667,0.23333333333333334,0.23333333333333334,0.5666666666666667,0.5666666666666667,0.9666666666666667,0.9666666666666667
445,128,1.0,1.0,1.0,1.0,1.0,1.0,0.4,0.4,0.0,0.0,0.9333333333333333,0.9333333333333333,0.8333333333333334,0.8333333333333334,0.9333333333333333,0.9333333333333333,1.0,1.0
445,256,1.0,1.0,1.0,1.0,1.0,1.0,0.5,0.5,0.0,0.0,1.0,1.0,1.0,1.0,1.0,1.0,1.0,1.0
445,512,1.0,1.0,1.0,1.0,1.0,1.0,0.6,0.6,0.0,0.0,1.0,1.0,1.0,1.0,1.0,1.0,1.0,1.0
446,64,0.9333333333333333,0.9,0.9,0.8666666666666667,0.6666666666666666,0.6666666666666666,0.06666666666666667,0.06666666666666667,0.0,0.0,0.1,0.1,0.06666666666666667,0.06666666666666667,0.1,0.1,0.6666666666666666,0.6666666666666666
446,128,1.0,0.9666666666666667,1.0,0.9666666666666667,0.7333333333333333,0.7333333333333333,0.03333333333333333,0.03333333333333333,0.0,0.0,0.26666666666666666,0.26666666666666666,0.06666666666666667,0.06666666666666667,0.26666666666666666,0.26666666666666666,0.8666666666666667,0.8666666666666667
446,256,1.0,1.0,1.0,1.0,0.8333333333333334,0.8333333333333334,0.0,0.0,0.0,0.0,0.8333333333333334,0.8333333333333334,0.5333333333333333,0.5333333333333333,0.8333333333333334,0.8333333333333334,0.9666666666666667,0.9666666666666667
446,512,1.0,1.0,1.0,1.0,0.9666666666666667,0.9666666666666667,0.0,0.0,0.0,0.0,0.9666666666666667,0.9666666666666667,0.9666666666666667,0.9666666666666667,0.9666666666666667,0.9666666666666667,1.0,1.0
447,64,1.0,1.0,1.0,1.0,1.0,1.0,1.0,1.0,0.3333333333333333,0.3333333333333333,1.0,1.0,1.0,1.0,1.0,1.0,1.0,1.0
447,128,1.0,1.0,1.0,1.0,1.0,1.0,1.0,1.0,0.1,0.1,1.0,1.0,1.0,1.0,1.0,1.0,1.0,1.0
447,256,1.0,1.0,1.0,1.0,1.0,1.0,1.0,1.0,0.13333333333333333,0.13333333333333333,1.0,1.0,1.0,1.0,1.0,1.0,1.0,1.0
447,512,1.0,1.0,1.0,1.0,1.0,1.0,1.0,1.0,0.06666666666666667,0.06666666666666667,1.0,1.0,1.0,1.0,1.0,1.0,1.0,1.0
448,64,1.0,1.0,1.0,1.0,1.0,1.0,1.0,1.0,0.6,0.6,1.0,1.0,1.0,1.0,1.0,1.0,1.0,1.0
448,128,1.0,1.0,1.0,1.0,1.0,1.0,1.0,1.0,0.4,0.4,1.0,1.0,1.0,1.0,1.0,1.0,1.0,1.0
448,256,1.0,1.0,1.0,1.0,1.0,1.0,1.0,1.0,0.2,0.2,1.0,1.0,1.0,1.0,1.0,1.0,1.0,1.0
448,512,1.0,1.0,1.0,1.0,1.0,1.0,1.0,1.0,0.2,0.2,1.0,1.0,1.0,1.0,1.0,1.0,1.0,1.0
449,64,1.0,1.0,1.0,1.0,1.0,1.0,1.0,1.0,0.2,0.2,1.0,1.0,1.0,1.0,1.0,1.0,1.0,1.0
449,128,1.0,1.0,1.0,1.0,1.0,1.0,1.0,1.0,0.5666666666666667,0.5666666666666667,1.0,1.0,1.0,1.0,1.0,1.0,1.0,1.0
449,256,1.0,1.0,1.0,1.0,1.0,1.0,1.0,1.0,0.1,0.1,1.0,1.0,1.0,1.0,1.0,1.0,1.0,1.0
449,512,1.0,1.0,1.0,1.0,1.0,1.0,1.0,1.0,0.16666666666666666,0.16666666666666666,1.0,1.0,1.0,1.0,1.0,1.0,1.0,1.0
450,64,1.0,1.0,1.0,1.0,1.0,1.0,1.0,1.0,0.3333333333333333,0.3333333333333333,1.0,1.0,1.0,1.0,1.0,1.0,1.0,1.0
450,128,1.0,1.0,1.0,1.0,1.0,1.0,1.0,1.0,0.3333333333333333,0.3333333333333333,1.0,1.0,1.0,1.0,1.0,1.0,1.0,1.0
450,256,1.0,1.0,1.0,1.0,1.0,1.0,1.0,1.0,0.1,0.1,1.0,1.0,1.0,1.0,1.0,1.0,1.0,1.0
450,512,1.0,1.0,1.0,1.0,1.0,1.0,1.0,1.0,0.1,0.1,1.0,1.0,1.0,1.0,1.0,1.0,1.0,1.0
451,64,1.0,1.0,1.0,1.0,1.0,1.0,1.0,1.0,0.26666666666666666,0.26666666666666666,1.0,1.0,1.0,1.0,1.0,1.0,1.0,1.0
451,128,1.0,1.0,1.0,1.0,1.0,1.0,1.0,1.0,0.0,0.0,1.0,1.0,1.0,1.0,1.0,1.0,1.0,1.0
451,256,1.0,1.0,1.0,1.0,1.0,1.0,1.0,1.0,0.03333333333333333,0.03333333333333333,1.0,1.0,1.0,1.0,1.0,1.0,1.0,1.0
451,512,1.0,1.0,1.0,1.0,1.0,1.0,1.0,1.0,0.0,0.0,1.0,1.0,1.0,1.0,1.0,1.0,1.0,1.0
452,64,1.0,1.0,1.0,1.0,1.0,1.0,1.0,1.0,0.3333333333333333,0.3333333333333333,1.0,1.0,1.0,1.0,1.0,1.0,1.0,1.0
452,128,1.0,1.0,1.0,1.0,1.0,1.0,1.0,1.0,0.36666666666666664,0.36666666666666664,1.0,1.0,1.0,1.0,1.0,1.0,1.0,1.0
452,256,1.0,1.0,1.0,1.0,1.0,1.0,1.0,1.0,0.3,0.3,1.0,1.0,1.0,1.0,1.0,1.0,1.0,1.0
452,512,1.0,1.0,1.0,1.0,1.0,1.0,1.0,1.0,0.1,0.1,1.0,1.0,1.0,1.0,1.0,1.0,1.0,1.0
453,64,1.0,1.0,1.0,1.0,1.0,1.0,1.0,1.0,0.26666666666666666,0.26666666666666666,1.0,1.0,1.0,1.0,1.0,1.0,1.0,1.0
453,128,1.0,1.0,1.0,1.0,1.0,1.0,1.0,1.0,0.1,0.1,1.0,1.0,1.0,1.0,1.0,1.0,1.0,1.0
453,256,1.0,1.0,1.0,1.0,1.0,1.0,1.0,1.0,0.1,0.1,1.0,1.0,1.0,1.0,1.0,1.0,1.0,1.0
453,512,1.0,1.0,1.0,1.0,1.0,1.0,1.0,1.0,0.0,0.0,1.0,1.0,1.0,1.0,1.0,1.0,1.0,1.0
454,64,1.0,1.0,1.0,1.0,1.0,1.0,1.0,1.0,0.6,0.6,1.0,1.0,1.0,1.0,1.0,1.0,1.0,1.0
454,128,1.0,1.0,1.0,1.0,1.0,1.0,1.0,1.0,0.36666666666666664,0.36666666666666664,1.0,1.0,1.0,1.0,1.0,1.0,1.0,1.0
454,256,1.0,1.0,1.0,1.0,1.0,1.0,1.0,1.0,0.26666666666666666,0.26666666666666666,1.0,1.0,1.0,1.0,1.0,1.0,1.0,1.0
454,512,1.0,1.0,1.0,1.0,1.0,1.0,1.0,1.0,0.06666666666666667,0.06666666666666667,1.0,1.0,1.0,1.0,1.0,1.0,1.0,1.0
455,64,1.0,1.0,1.0,1.0,1.0,1.0,1.0,1.0,0.23333333333333334,0.23333333333333334,1.0,1.0,1.0,1.0,1.0,1.0,1.0,1.0
455,128,1.0,1.0,1.0,1.0,1.0,1.0,1.0,1.0,0.16666666666666666,0.16666666666666666,1.0,1.0,1.0,1.0,1.0,1.0,1.0,1.0
455,256,1.0,1.0,1.0,1.0,1.0,1.0,1.0,1.0,0.2,0.2,1.0,1.0,1.0,1.0,1.0,1.0,1.0,1.0
455,512,1.0,1.0,1.0,1.0,1.0,1.0,1.0,1.0,0.06666666666666667,0.06666666666666667,1.0,1.0,1.0,1.0,1.0,1.0,1.0,1.0
456,64,1.0,1.0,1.0,1.0,1.0,1.0,1.0,1.0,0.5666666666666667,0.5666666666666667,1.0,1.0,1.0,1.0,1.0,1.0,1.0,1.0
456,128,1.0,1.0,1.0,1.0,1.0,1.0,1.0,1.0,0.6333333333333333,0.6333333333333333,1.0,1.0,1.0,1.0,1.0,1.0,1.0,1.0
456,256,1.0,1.0,1.0,1.0,1.0,1.0,1.0,1.0,0.6666666666666666,0.6666666666666666,1.0,1.0,1.0,1.0,1.0,1.0,1.0,1.0
456,512,1.0,1.0,1.0,1.0,1.0,1.0,1.0,1.0,0.9,0.9,1.0,1.0,1.0,1.0,1.0,1.0,1.0,1.0
457,64,1.0,1.0,1.0,1.0,1.0,1.0,1.0,1.0,0.3333333333333333,0.3333333333333333,1.0,1.0,1.0,1.0,1.0,1.0,1.0,1.0
457,128,1.0,1.0,1.0,1.0,1.0,1.0,1.0,1.0,0.36666666666666664,0.36666666666666664,1.0,1.0,1.0,1.0,1.0,1.0,1.0,1.0
457,256,1.0,1.0,1.0,1.0,1.0,1.0,1.0,1.0,0.5666666666666667,0.5666666666666667,1.0,1.0,1.0,1.0,1.0,1.0,1.0,1.0
457,512,1.0,1.0,1.0,1.0,1.0,1.0,1.0,1.0,0.5,0.5,1.0,1.0,1.0,1.0,1.0,1.0,1.0,1.0
458,64,1.0,1.0,1.0,1.0,1.0,1.0,1.0,1.0,0.8666666666666667,0.8666666666666667,1.0,1.0,1.0,1.0,1.0,1.0,1.0,1.0
458,128,1.0,1.0,1.0,1.0,1.0,1.0,1.0,1.0,0.9,0.9,1.0,1.0,1.0,1.0,1.0,1.0,1.0,1.0
458,256,1.0,1.0,1.0,1.0,1.0,1.0,1.0,1.0,0.9333333333333333,0.9333333333333333,1.0,1.0,1.0,1.0,1.0,1.0,1.0,1.0
458,512,1.0,1.0,1.0,1.0,1.0,1.0,1.0,1.0,1.0,1.0,1.0,1.0,1.0,1.0,1.0,1.0,1.0,1.0
459,64,1.0,1.0,1.0,1.0,1.0,1.0,1.0,1.0,0.3333333333333333,0.3333333333333333,1.0,1.0,1.0,1.0,1.0,1.0,1.0,1.0
459,128,1.0,1.0,1.0,1.0,1.0,1.0,1.0,1.0,0.5,0.5,1.0,1.0,1.0,1.0,1.0,1.0,1.0,1.0
459,256,1.0,1.0,1.0,1.0,1.0,1.0,1.0,1.0,0.6333333333333333,0.6333333333333333,1.0,1.0,1.0,1.0,1.0,1.0,1.0,1.0
459,512,1.0,1.0,1.0,1.0,1.0,1.0,1.0,1.0,0.7666666666666667,0.7666666666666667,1.0,1.0,1.0,1.0,1.0,1.0,1.0,1.0
460,64,1.0,1.0,1.0,1.0,1.0,1.0,1.0,1.0,0.4,0.4,1.0,1.0,1.0,1.0,1.0,1.0,1.0,1.0
460,128,1.0,1.0,1.0,1.0,1.0,1.0,1.0,1.0,0.3,0.3,1.0,1.0,1.0,1.0,1.0,1.0,1.0,1.0
460,256,1.0,1.0,1.0,1.0,1.0,1.0,1.0,1.0,0.5,0.5,1.0,1.0,1.0,1.0,1.0,1.0,1.0,1.0
460,512,1.0,1.0,1.0,1.0,1.0,1.0,1.0,1.0,0.3333333333333333,0.3333333333333333,1.0,1.0,1.0,1.0,1.0,1.0,1.0,1.0
461,64,1.0,1.0,1.0,1.0,1.0,1.0,1.0,1.0,0.6666666666666666,0.6666666666666666,1.0,1.0,1.0,1.0,1.0,1.0,1.0,1.0
461,128,1.0,1.0,1.0,1.0,1.0,1.0,1.0,1.0,0.7333333333333333,0.7333333333333333,1.0,1.0,1.0,1.0,1.0,1.0,1.0,1.0
461,256,1.0,1.0,1.0,1.0,1.0,1.0,1.0,1.0,0.9,0.9,1.0,1.0,1.0,1.0,1.0,1.0,1.0,1.0
461,512,1.0,1.0,1.0,1.0,1.0,1.0,1.0,1.0,0.9666666666666667,0.9666666666666667,1.0,1.0,1.0,1.0,1.0,1.0,1.0,1.0
462,64,1.0,1.0,1.0,1.0,1.0,1.0,1.0,1.0,0.9333333333333333,0.9333333333333333,1.0,1.0,1.0,1.0,1.0,1.0,1.0,1.0
462,128,1.0,1.0,1.0,1.0,1.0,1.0,1.0,1.0,0.9666666666666667,0.9666666666666667,1.0,1.0,1.0,1.0,1.0,1.0,1.0,1.0
462,256,1.0,1.0,1.0,1.0,1.0,1.0,1.0,1.0,1.0,1.0,1.0,1.0,1.0,1.0,1.0,1.0,1.0,1.0
462,512,1.0,1.0,1.0,1.0,1.0,1.0,1.0,1.0,1.0,1.0,1.0,1.0,1.0,1.0,1.0,1.0,1.0,1.0
463,64,1.0,1.0,1.0,1.0,1.0,1.0,1.0,1.0,0.8333333333333334,0.8333333333333334,1.0,1.0,1.0,1.0,1.0,1.0,1.0,1.0
463,128,1.0,1.0,1.0,1.0,1.0,1.0,1.0,1.0,0.9333333333333333,0.9333333333333333,1.0,1.0,1.0,1.0,1.0,1.0,1.0,1.0
463,256,1.0,1.0,1.0,1.0,1.0,1.0,1.0,1.0,1.0,1.0,1.0,1.0,1.0,1.0,1.0,1.0,1.0,1.0
463,512,1.0,1.0,1.0,1.0,1.0,1.0,1.0,1.0,1.0,1.0,1.0,1.0,1.0,1.0,1.0,1.0,1.0,1.0
464,64,1.0,1.0,1.0,1.0,1.0,1.0,1.0,1.0,0.9333333333333333,0.9333333333333333,1.0,1.0,1.0,1.0,1.0,1.0,1.0,1.0
464,128,1.0,1.0,1.0,1.0,1.0,1.0,1.0,1.0,1.0,1.0,1.0,1.0,1.0,1.0,1.0,1.0,1.0,1.0
464,256,1.0,1.0,1.0,1.0,1.0,1.0,1.0,1.0,1.0,1.0,1.0,1.0,1.0,1.0,1.0,1.0,1.0,1.0
464,512,1.0,1.0,1.0,1.0,1.0,1.0,1.0,1.0,1.0,1.0,1.0,1.0,1.0,1.0,1.0,1.0,1.0,1.0
465,64,1.0,1.0,1.0,1.0,1.0,1.0,1.0,1.0,0.13333333333333333,0.13333333333333333,1.0,1.0,1.0,1.0,1.0,1.0,1.0,1.0
465,128,1.0,1.0,1.0,1.0,1.0,1.0,1.0,1.0,0.06666666666666667,0.06666666666666667,1.0,1.0,1.0,1.0,1.0,1.0,1.0,1.0
465,256,1.0,1.0,1.0,1.0,1.0,1.0,1.0,1.0,0.03333333333333333,0.03333333333333333,1.0,1.0,1.0,1.0,1.0,1.0,1.0,1.0
465,512,1.0,1.0,1.0,1.0,1.0,1.0,1.0,1.0,0.0,0.0,1.0,1.0,1.0,1.0,1.0,1.0,1.0,1.0
466,64,0.9333333333333333,0.9333333333333333,0.9,0.9,0.5333333333333333,0.5333333333333333,0.0,0.0,0.0,0.0,0.26666666666666666,0.26666666666666666,0.06666666666666667,0.06666666666666667,0.26666666666666666,0.26666666666666666,0.8333333333333334,0.8333333333333334
466,128,0.9666666666666667,0.9666666666666667,0.9666666666666667,0.9666666666666667,0.43333333333333335,0.43333333333333335,0.0,0.0,0.0,0.0,0.3,0.3,0.2,0.2,0.3,0.3,0.8666666666666667,0.8666666666666667
466,256,1.0,1.0,1.0,1.0,0.5333333333333333,0.5333333333333333,0.0,0.0,0.0,0.0,0.6333333333333333,0.6333333333333333,0.4666666666666667,0.4666666666666667,0.5333333333333333,0.5333333333333333,0.9333333333333333,0.9333333333333333
466,512,1.0,1.0,1.0,1.0,0.6,0.6,0.0,0.0,0.0,0.0,1.0,1.0,0.9333333333333333,0.9333333333333333,0.6,0.6,1.0,1.0
467,64,0.3333333333333333,0.6666666666666666,0.3,0.6333333333333333,0.0,0.13333333333333333,0.0,0.0,0.0,0.0,0.0,0.0,0.0,0.0,0.0,0.0,0.13333333333333333,0.4666666666666667
467,128,0.16666666666666666,0.8333333333333334,0.16666666666666666,0.8,0.0,0.06666666666666667,0.0,0.0,0.0,0.0,0.0,0.0,0.0,0.0,0.0,0.0,0.06666666666666667,0.26666666666666666
467,256,0.23333333333333334,0.7666666666666667,0.16666666666666666,0.7,0.0,0.0,0.0,0.0,0.0,0.0,0.0,0.03333333333333333,0.0,0.0,0.0,0.0,0.06666666666666667,0.36666666666666664
467,512,0.1,0.7666666666666667,0.06666666666666667,0.7333333333333333,0.0,0.0,0.0,0.0,0.0,0.0,0.0,0.0,0.0,0.0,0.0,0.0,0.0,0.16666666666666666
468,64,1.0,1.0,1.0,1.0,1.0,1.0,0.8333333333333334,0.8333333333333334,0.06666666666666667,0.06666666666666667,1.0,1.0,0.8666666666666667,0.8666666666666667,1.0,1.0,1.0,1.0
468,128,1.0,1.0,1.0,1.0,1.0,1.0,0.9,0.9,0.0,0.0,1.0,1.0,1.0,1.0,1.0,1.0,1.0,1.0
468,256,1.0,1.0,1.0,1.0,1.0,1.0,1.0,1.0,0.0,0.0,1.0,1.0,1.0,1.0,1.0,1.0,1.0,1.0
468,512,1.0,1.0,1.0,1.0,1.0,1.0,1.0,1.0,0.0,0.0,1.0,1.0,1.0,1.0,1.0,1.0,1.0,1.0
469,64,1.0,1.0,1.0,1.0,1.0,1.0,0.43333333333333335,0.43333333333333335,0.0,0.0,0.9,0.9,0.7,0.7,0.9,0.9,1.0,1.0
469,128,1.0,1.0,1.0,1.0,1.0,1.0,0.7,0.7,0.0,0.0,1.0,1.0,1.0,1.0,1.0,1.0,1.0,1.0
469,256,1.0,1.0,1.0,1.0,1.0,1.0,0.7666666666666667,0.7666666666666667,0.0,0.0,1.0,1.0,1.0,1.0,1.0,1.0,1.0,1.0
469,512,1.0,1.0,1.0,1.0,1.0,1.0,0.9666666666666667,0.9666666666666667,0.0,0.0,1.0,1.0,1.0,1.0,1.0,1.0,1.0,1.0
470,64,1.0,1.0,1.0,1.0,1.0,1.0,0.8666666666666667,0.8666666666666667,0.0,0.0,1.0,1.0,0.9,0.9,1.0,1.0,1.0,1.0
470,128,1.0,1.0,1.0,1.0,1.0,1.0,0.9,0.9,0.0,0.0,1.0,1.0,1.0,1.0,1.0,1.0,1.0,1.0
470,256,1.0,1.0,1.0,1.0,1.0,1.0,1.0,1.0,0.0,0.0,1.0,1.0,1.0,1.0,1.0,1.0,1.0,1.0
470,512,1.0,1.0,1.0,1.0,1.0,1.0,1.0,1.0,0.0,0.0,1.0,1.0,1.0,1.0,1.0,1.0,1.0,1.0
471,64,1.0,1.0,1.0,1.0,1.0,1.0,0.6666666666666666,0.6666666666666666,0.0,0.0,0.9,0.9,0.7,0.7,0.9,0.9,1.0,1.0
471,128,1.0,1.0,1.0,1.0,1.0,1.0,0.8666666666666667,0.8666666666666667,0.0,0.0,1.0,1.0,1.0,1.0,1.0,1.0,1.0,1.0
471,256,1.0,1.0,1.0,1.0,1.0,1.0,0.9,0.9,0.0,0.0,1.0,1.0,1.0,1.0,1.0,1.0,1.0,1.0
471,512,1.0,1.0,1.0,1.0,1.0,1.0,1.0,1.0,0.0,0.0,1.0,1.0,1.0,1.0,1.0,1.0,1.0,1.0
472,64,0.9666666666666667,0.9666666666666667,0.9666666666666667,0.9666666666666667,0.6666666666666666,0.6666666666666666,0.06666666666666667,0.06666666666666667,0.0,0.0,0.16666666666666666,0.16666666666666666,0.06666666666666667,0.06666666666666667,0.16666666666666666,0.16666666666666666,0.7666666666666667,0.7666666666666667
472,128,1.0,1.0,1.0,1.0,0.8,0.8,0.0,0.0,0.0,0.0,0.43333333333333335,0.43333333333333335,0.2,0.2,0.43333333333333335,0.43333333333333335,0.9666666666666667,0.9666666666666667
472,256,1.0,1.0,1.0,1.0,0.9333333333333333,0.9333333333333333,0.0,0.0,0.0,0.0,0.9333333333333333,0.9333333333333333,0.7666666666666667,0.7666666666666667,0.9333333333333333,0.9333333333333333,1.0,1.0
472,512,1.0,1.0,1.0,1.0,1.0,1.0,0.0,0.0,0.0,0.0,1.0,1.0,1.0,1.0,1.0,1.0,1.0,1.0
473,64,1.0,1.0,1.0,1.0,1.0,1.0,0.8,0.8,0.0,0.0,1.0,1.0,0.8666666666666667,0.8666666666666667,1.0,1.0,1.0,1.0
473,128,1.0,1.0,1.0,1.0,1.0,1.0,0.8666666666666667,0.8666666666666667,0.0,0.0,1.0,1.0,1.0,1.0,1.0,1.0,1.0,1.0
473,256,1.0,1.0,1.0,1.0,1.0,1.0,0.9666666666666667,0.9666666666666667,0.0,0.0,1.0,1.0,1.0,1.0,1.0,1.0,1.0,1.0
473,512,1.0,1.0,1.0,1.0,1.0,1.0,1.0,1.0,0.0,0.0,1.0,1.0,1.0,1.0,1.0,1.0,1.0,1.0
474,64,1.0,1.0,1.0,1.0,1.0,1.0,0.9333333333333333,0.9333333333333333,0.0,0.0,0.9666666666666667,0.9666666666666667,0.9666666666666667,0.9666666666666667,0.9666666666666667,0.9666666666666667,1.0,1.0
474,128,1.0,1.0,1.0,1.0,1.0,1.0,1.0,1.0,0.0,0.0,1.0,1.0,1.0,1.0,1.0,1.0,1.0,1.0
474,256,1.0,1.0,1.0,1.0,1.0,1.0,1.0,1.0,0.0,0.0,1.0,1.0,1.0,1.0,1.0,1.0,1.0,1.0
474,512,1.0,1.0,1.0,1.0,1.0,1.0,1.0,1.0,0.0,0.0,1.0,1.0,1.0,1.0,1.0,1.0,1.0,1.0
475,64,0.0,0.2,0.0,0.16666666666666666,0.0,0.03333333333333333,0.0,0.0,0.0,0.0,0.0,0.0,0.0,0.0,0.0,0.0,0.0,0.06666666666666667
475,128,0.0,0.36666666666666664,0.0,0.36666666666666664,0.0,0.0,0.0,0.0,0.0,0.0,0.0,0.0,0.0,0.0,0.0,0.0,0.0,0.03333333333333333
475,256,0.0,0.36666666666666664,0.0,0.36666666666666664,0.0,0.0,0.0,0.0,0.0,0.0,0.0,0.0,0.0,0.0,0.0,0.0,0.0,0.0
475,512,0.0,0.3333333333333333,0.0,0.3,0.0,0.0,0.0,0.0,0.0,0.0,0.0,0.0,0.0,0.0,0.0,0.0,0.0,0.0
476,64,0.0,0.4,0.0,0.36666666666666664,0.0,0.16666666666666666,0.0,0.0,0.0,0.0,0.0,0.0,0.0,0.0,0.0,0.0,0.0,0.13333333333333333
476,128,0.0,0.36666666666666664,0.0,0.26666666666666666,0.0,0.1,0.0,0.0,0.0,0.0,0.0,0.0,0.0,0.0,0.0,0.0,0.0,0.03333333333333333
476,256,0.0,0.5,0.0,0.5,0.0,0.0,0.0,0.0,0.0,0.0,0.0,0.0,0.0,0.0,0.0,0.0,0.0,0.0
476,512,0.0,0.43333333333333335,0.0,0.43333333333333335,0.0,0.0,0.0,0.0,0.0,0.0,0.0,0.0,0.0,0.0,0.0,0.0,0.0,0.0
477,64,0.03333333333333333,0.0,0.0,0.0,0.0,0.0,0.0,0.0,0.0,0.0,0.0,0.0,0.0,0.0,0.0,0.0,0.0,0.0
477,128,0.06666666666666667,0.0,0.06666666666666667,0.0,0.0,0.0,0.0,0.0,0.0,0.0,0.0,0.0,0.0,0.0,0.0,0.0,0.0,0.0
477,256,0.2,0.03333333333333333,0.13333333333333333,0.0,0.0,0.0,0.0,0.0,0.0,0.0,0.0,0.0,0.0,0.0,0.0,0.0,0.0,0.0
477,512,0.13333333333333333,0.0,0.13333333333333333,0.0,0.0,0.0,0.0,0.0,0.0,0.0,0.0,0.0,0.0,0.0,0.0,0.0,0.0,0.0
478,64,0.6666666666666666,0.6666666666666666,0.6666666666666666,0.6666666666666666,0.36666666666666664,0.36666666666666664,0.03333333333333333,0.03333333333333333,0.0,0.0,0.0,0.0,0.0,0.0,0.0,0.0,0.3,0.3
478,128,0.6333333333333333,0.6333333333333333,0.5666666666666667,0.5666666666666667,0.16666666666666666,0.16666666666666666,0.0,0.0,0.0,0.0,0.0,0.0,0.0,0.0,0.0,0.0,0.16666666666666666,0.16666666666666666
478,256,0.8333333333333334,0.8333333333333334,0.7666666666666667,0.7666666666666667,0.1,0.1,0.0,0.0,0.0,0.0,0.0,0.0,0.0,0.0,0.0,0.0,0.0,0.0
478,512,1.0,0.9333333333333333,1.0,0.9333333333333333,0.2,0.13333333333333333,0.0,0.0,0.0,0.0,0.16666666666666666,0.1,0.06666666666666667,0.0,0.16666666666666666,0.1,0.1,0.03333333333333333
479,64,0.0,0.6666666666666666,0.0,0.6333333333333333,0.0,0.3333333333333333,0.0,0.0,0.0,0.0,0.0,0.0,0.0,0.0,0.0,0.0,0.0,0.3
479,128,0.0,0.7666666666666667,0.0,0.7666666666666667,0.0,0.36666666666666664,0.0,0.0,0.0,0.0,0.0,0.13333333333333333,0.0,0.0,0.0,0.13333333333333333,0.0,0.36666666666666664
479,256,0.0,0.9666666666666667,0.0,0.9333333333333333,0.0,0.4666666666666667,0.0,0.0,0.0,0.0,0.0,0.26666666666666666,0.0,0.06666666666666667,0.0,0.26666666666666666,0.0,0.43333333333333335
479,512,0.0,1.0,0.0,1.0,0.0,0.36666666666666664,0.0,0.0,0.0,0.0,0.0,0.4666666666666667,0.0,0.1,0.0,0.36666666666666664,0.0,0.26666666666666666
480,64,0.0,0.06666666666666667,0.0,0.06666666666666667,0.0,0.03333333333333333,0.0,0.0,0.0,0.0,0.0,0.0,0.0,0.0,0.0,0.0,0.0,0.0
480,128,0.0,0.16666666666666666,0.0,0.13333333333333333,0.0,0.0,0.0,0.0,0.0,0.0,0.0,0.0,0.0,0.0,0.0,0.0,0.0,0.0
480,256,0.0,0.1,0.0,0.1,0.0,0.0,0.0,0.0,0.0,0.0,0.0,0.0,0.0,0.0,0.0,0.0,0.0,0.0
480,512,0.0,0.16666666666666666,0.0,0.13333333333333333,0.0,0.0,0.0,0.0,0.0,0.0,0.0,0.0,0.0,0.0,0.0,0.0,0.0,0.0
481,64,0.03333333333333333,0.3333333333333333,0.03333333333333333,0.3,0.0,0.06666666666666667,0.0,0.0,0.0,0.0,0.0,0.0,0.0,0.0,0.0,0.0,0.0,0.06666666666666667
481,128,0.06666666666666667,0.26666666666666666,0.03333333333333333,0.23333333333333334,0.0,0.06666666666666667,0.0,0.0,0.0,0.0,0.0,0.0,0.0,0.0,0.0,0.0,0.0,0.0
481,256,0.0,0.7666666666666667,0.0,0.6666666666666666,0.0,0.06666666666666667,0.0,0.0,0.0,0.0,0.0,0.0,0.0,0.0,0.0,0.0,0.0,0.0
481,512,0.0,0.8,0.0,0.8,0.0,0.0,0.0,0.0,0.0,0.0,0.0,0.0,0.0,0.0,0.0,0.0,0.0,0.0
482,64,0.0,0.43333333333333335,0.0,0.4,0.0,0.16666666666666666,0.0,0.0,0.0,0.0,0.0,0.0,0.0,0.0,0.0,0.0,0.0,0.13333333333333333
482,128,0.0,0.7666666666666667,0.0,0.7333333333333333,0.0,0.3,0.0,0.0,0.0,0.0,0.0,0.03333333333333333,0.0,0.0,0.0,0.03333333333333333,0.0,0.23333333333333334
482,256,0.0,0.8333333333333334,0.0,0.7666666666666667,0.0,0.1,0.0,0.0,0.0,0.0,0.0,0.0,0.0,0.0,0.0,0.0,0.0,0.0
482,512,0.0,1.0,0.0,1.0,0.0,0.1,0.0,0.0,0.0,0.0,0.0,0.1,0.0,0.0,0.0,0.1,0.0,0.0
483,64,0.0,0.6666666666666666,0.0,0.5666666666666667,0.0,0.2,0.0,0.0,0.0,0.0,0.0,0.0,0.0,0.0,0.0,0.0,0.0,0.16666666666666666
483,128,0.0,0.5666666666666667,0.0,0.5333333333333333,0.0,0.23333333333333334,0.0,0.0,0.0,0.0,0.0,0.03333333333333333,0.0,0.0,0.0,0.03333333333333333,0.0,0.2
483,256,0.0,0.8666666666666667,0.0,0.8666666666666667,0.0,0.36666666666666664,0.0,0.0,0.0,0.0,0.0,0.1,0.0,0.03333333333333333,0.0,0.1,0.0,0.2
483,512,0.0,0.9666666666666667,0.0,0.9666666666666667,0.0,0.23333333333333334,0.0,0.0,0.0,0.0,0.0,0.3,0.0,0.06666666666666667,0.0,0.23333333333333334,0.0,0.13333333333333333
484,64,0.5666666666666667,0.5666666666666667,0.5333333333333333,0.5333333333333333,0.26666666666666666,0.26666666666666666,0.0,0.0,0.0,0.0,0.0,0.0,0.0,0.0,0.0,0.0,0.16666666666666666,0.16666666666666666
484,128,0.5666666666666667,0.5,0.5333333333333333,0.4666666666666667,0.1,0.03333333333333333,0.0,0.0,0.0,0.0,0.0,0.0,0.0,0.0,0.0,0.0,0.03333333333333333,0.0
484,256,0.7,0.4666666666666667,0.6333333333333333,0.4,0.13333333333333333,0.0,0.0,0.0,0.0,0.0,0.0,0.0,0.0,0.0,0.0,0.0,0.0,0.0
484,512,0.7,0.4666666666666667,0.7,0.4666666666666667,0.0,0.0,0.0,0.0,0.0,0.0,0.0,0.0,0.0,0.0,0.0,0.0,0.0,0.0
485,64,0.0,0.6333333333333333,0.0,0.5666666666666667,0.0,0.23333333333333334,0.0,0.0,0.0,0.0,0.0,0.0,0.0,0.0,0.0,0.0,0.0,0.23333333333333334
485,128,0.0,0.7666666666666667,0.0,0.7,0.0,0.13333333333333333,0.0,0.0,0.0,0.0,0.0,0.0,0.0,0.0,0.0,0.0,0.0,0.2
485,256,0.0,0.9,0.0,0.9,0.0,0.2,0.0,0.0,0.0,0.0,0.0,0.1,0.0,0.03333333333333333,0.0,0.1,0.0,0.43333333333333335
485,512,0.0,1.0,0.0,1.0,0.0,0.2,0.0,0.0,0.0,0.0,0.0,0.4,0.0,0.13333333333333333,0.0,0.2,0.0,0.36666666666666664
486,64,0.0,0.9666666666666667,0.0,0.9666666666666667,0.0,0.8666666666666667,0.0,0.2,0.0,0.0,0.0,0.23333333333333334,0.0,0.16666666666666666,0.0,0.23333333333333334,0.0,0.8666666666666667
486,128,0.0,1.0,0.0,1.0,0.0,1.0,0.0,0.36666666666666664,0.0,0.0,0.0,0.9,0.0,0.7666666666666667,0.0,0.9,0.0,1.0
486,256,0.0,1.0,0.0,1.0,0.0,1.0,0.0,0.3,0.0,0.0,0.0,1.0,0.0,0.9666666666666667,0.0,1.0,0.0,1.0
486,512,0.0,1.0,0.0,1.0,0.0,1.0,0.0,0.36666666666666664,0.0,0.0,0.0,1.0,0.0,1.0,0.0,1.0,0.0,1.0
487,64,1.0,1.0,1.0,1.0,1.0,1.0,1.0,1.0,0.9,0.9,1.0,1.0,1.0,1.0,1.0,1.0,1.0,1.0
487,128,1.0,1.0,1.0,1.0,1.0,1.0,1.0,1.0,1.0,1.0,1.0,1.0,1.0,1.0,1.0,1.0,1.0,1.0
487,256,1.0,1.0,1.0,1.0,1.0,1.0,1.0,1.0,1.0,1.0,1.0,1.0,1.0,1.0,1.0,1.0,1.0,1.0
487,512,1.0,1.0,1.0,1.0,1.0,1.0,1.0,1.0,1.0,1.0,1.0,1.0,1.0,1.0,1.0,1.0,1.0,1.0
488,64,1.0,1.0,1.0,1.0,1.0,1.0,1.0,1.0,0.9333333333333333,0.9333333333333333,1.0,1.0,1.0,1.0,1.0,1.0,1.0,1.0
488,128,1.0,1.0,1.0,1.0,1.0,1.0,1.0,1.0,1.0,1.0,1.0,1.0,1.0,1.0,1.0,1.0,1.0,1.0
488,256,1.0,1.0,1.0,1.0,1.0,1.0,1.0,1.0,1.0,1.0,1.0,1.0,1.0,1.0,1.0,1.0,1.0,1.0
488,512,1.0,1.0,1.0,1.0,1.0,1.0,1.0,1.0,1.0,1.0,1.0,1.0,1.0,1.0,1.0,1.0,1.0,1.0
489,64,1.0,1.0,1.0,1.0,1.0,1.0,1.0,1.0,0.7666666666666667,0.7666666666666667,1.0,1.0,1.0,1.0,1.0,1.0,1.0,1.0
489,128,1.0,1.0,1.0,1.0,1.0,1.0,1.0,1.0,0.8333333333333334,0.8333333333333334,1.0,1.0,1.0,1.0,1.0,1.0,1.0,1.0
489,256,1.0,1.0,1.0,1.0,1.0,1.0,1.0,1.0,0.9,0.9,1.0,1.0,1.0,1.0,1.0,1.0,1.0,1.0
489,512,1.0,1.0,1.0,1.0,1.0,1.0,1.0,1.0,0.9666666666666667,0.9666666666666667,1.0,1.0,1.0,1.0,1.0,1.0,1.0,1.0
490,64,1.0,1.0,1.0,1.0,1.0,1.0,1.0,1.0,0.7666666666666667,0.7666666666666667,1.0,1.0,1.0,1.0,1.0,1.0,1.0,1.0
490,128,1.0,1.0,1.0,1.0,1.0,1.0,1.0,1.0,0.6666666666666666,0.6666666666666666,1.0,1.0,1.0,1.0,1.0,1.0,1.0,1.0
490,256,1.0,1.0,1.0,1.0,1.0,1.0,1.0,1.0,1.0,1.0,1.0,1.0,1.0,1.0,1.0,1.0,1.0,1.0
490,512,1.0,1.0,1.0,1.0,1.0,1.0,1.0,1.0,1.0,1.0,1.0,1.0,1.0,1.0,1.0,1.0,1.0,1.0
491,64,1.0,1.0,1.0,1.0,1.0,1.0,1.0,1.0,0.9333333333333333,0.9333333333333333,1.0,1.0,1.0,1.0,1.0,1.0,1.0,1.0
491,128,1.0,1.0,1.0,1.0,1.0,1.0,1.0,1.0,0.9666666666666667,0.9666666666666667,1.0,1.0,1.0,1.0,1.0,1.0,1.0,1.0
491,256,1.0,1.0,1.0,1.0,1.0,1.0,1.0,1.0,1.0,1.0,1.0,1.0,1.0,1.0,1.0,1.0,1.0,1.0
491,512,1.0,1.0,1.0,1.0,1.0,1.0,1.0,1.0,1.0,1.0,1.0,1.0,1.0,1.0,1.0,1.0,1.0,1.0
492,64,1.0,1.0,1.0,1.0,1.0,1.0,1.0,1.0,0.8666666666666667,0.8666666666666667,1.0,1.0,1.0,1.0,1.0,1.0,1.0,1.0
492,128,1.0,1.0,1.0,1.0,1.0,1.0,1.0,1.0,0.9333333333333333,0.9333333333333333,1.0,1.0,1.0,1.0,1.0,1.0,1.0,1.0
492,256,1.0,1.0,1.0,1.0,1.0,1.0,1.0,1.0,1.0,1.0,1.0,1.0,1.0,1.0,1.0,1.0,1.0,1.0
492,512,1.0,1.0,1.0,1.0,1.0,1.0,1.0,1.0,1.0,1.0,1.0,1.0,1.0,1.0,1.0,1.0,1.0,1.0
493,64,1.0,1.0,1.0,1.0,1.0,1.0,1.0,1.0,0.6666666666666666,0.6666666666666666,1.0,1.0,1.0,1.0,1.0,1.0,1.0,1.0
493,128,1.0,1.0,1.0,1.0,1.0,1.0,1.0,1.0,0.5333333333333333,0.5333333333333333,1.0,1.0,1.0,1.0,1.0,1.0,1.0,1.0
493,256,1.0,1.0,1.0,1.0,1.0,1.0,1.0,1.0,0.6666666666666666,0.6666666666666666,1.0,1.0,1.0,1.0,1.0,1.0,1.0,1.0
493,512,1.0,1.0,1.0,1.0,1.0,1.0,1.0,1.0,0.6666666666666666,0.6666666666666666,1.0,1.0,1.0,1.0,1.0,1.0,1.0,1.0
494,64,1.0,1.0,1.0,1.0,1.0,1.0,1.0,1.0,0.9,0.9,1.0,1.0,1.0,1.0,1.0,1.0,1.0,1.0
494,128,1.0,1.0,1.0,1.0,1.0,1.0,1.0,1.0,0.9666666666666667,0.9666666666666667,1.0,1.0,1.0,1.0,1.0,1.0,1.0,1.0
494,256,1.0,1.0,1.0,1.0,1.0,1.0,1.0,1.0,1.0,1.0,1.0,1.0,1.0,1.0,1.0,1.0,1.0,1.0
494,512,1.0,1.0,1.0,1.0,1.0,1.0,1.0,1.0,1.0,1.0,1.0,1.0,1.0,1.0,1.0,1.0,1.0,1.0
495,64,1.0,1.0,1.0,1.0,1.0,1.0,1.0,1.0,0.8,0.8,1.0,1.0,1.0,1.0,1.0,1.0,1.0,1.0
495,128,1.0,1.0,1.0,1.0,1.0,1.0,1.0,1.0,0.9,0.9,1.0,1.0,1.0,1.0,1.0,1.0,1.0,1.0
495,256,1.0,1.0,1.0,1.0,1.0,1.0,1.0,1.0,0.9666666666666667,0.9666666666666667,1.0,1.0,1.0,1.0,1.0,1.0,1.0,1.0
495,512,1.0,1.0,1.0,1.0,1.0,1.0,1.0,1.0,1.0,1.0,1.0,1.0,1.0,1.0,1.0,1.0,1.0,1.0
496,64,1.0,1.0,1.0,1.0,1.0,1.0,1.0,1.0,0.5,0.5,1.0,1.0,1.0,1.0,1.0,1.0,1.0,1.0
496,128,1.0,1.0,1.0,1.0,1.0,1.0,1.0,1.0,0.5666666666666667,0.5666666666666667,1.0,1.0,1.0,1.0,1.0,1.0,1.0,1.0
496,256,1.0,1.0,1.0,1.0,1.0,1.0,1.0,1.0,0.5666666666666667,0.5666666666666667,1.0,1.0,1.0,1.0,1.0,1.0,1.0,1.0
496,512,1.0,1.0,1.0,1.0,1.0,1.0,1.0,1.0,0.7,0.7,1.0,1.0,1.0,1.0,1.0,1.0,1.0,1.0
497,64,1.0,1.0,1.0,1.0,1.0,1.0,0.5333333333333333,0.5333333333333333,0.0,0.0,0.9333333333333333,0.9333333333333333,0.8,0.8,0.9333333333333333,0.9333333333333333,1.0,1.0
497,128,1.0,1.0,1.0,1.0,1.0,1.0,0.7333333333333333,0.7333333333333333,0.03333333333333333,0.03333333333333333,1.0,1.0,1.0,1.0,1.0,1.0,1.0,1.0
497,256,1.0,1.0,1.0,1.0,1.0,1.0,0.8666666666666667,0.8666666666666667,0.0,0.0,1.0,1.0,1.0,1.0,1.0,1.0,1.0,1.0
497,512,1.0,1.0,1.0,1.0,1.0,1.0,1.0,1.0,0.0,0.0,1.0,1.0,1.0,1.0,1.0,1.0,1.0,1.0
498,64,1.0,1.0,1.0,1.0,1.0,1.0,0.9666666666666667,0.9666666666666667,0.1,0.1,1.0,1.0,0.9666666666666667,0.9666666666666667,1.0,1.0,1.0,1.0
498,128,1.0,1.0,1.0,1.0,1.0,1.0,1.0,1.0,0.06666666666666667,0.06666666666666667,1.0,1.0,1.0,1.0,1.0,1.0,1.0,1.0
498,256,1.0,1.0,1.0,1.0,1.0,1.0,1.0,1.0,0.0,0.0,1.0,1.0,1.0,1.0,1.0,1.0,1.0,1.0
498,512,1.0,1.0,1.0,1.0,1.0,1.0,1.0,1.0,0.0,0.0,1.0,1.0,1.0,1.0,1.0,1.0,1.0,1.0
499,64,1.0,1.0,1.0,1.0,1.0,1.0,1.0,1.0,0.2,0.2,1.0,1.0,1.0,1.0,1.0,1.0,1.0,1.0
499,128,1.0,1.0,1.0,1.0,1.0,1.0,1.0,1.0,0.3,0.3,1.0,1.0,1.0,1.0,1.0,1.0,1.0,1.0
499,256,1.0,1.0,1.0,1.0,1.0,1.0,1.0,1.0,0.13333333333333333,0.13333333333333333,1.0,1.0,1.0,1.0,1.0,1.0,1.0,1.0
499,512,1.0,1.0,1.0,1.0,1.0,1.0,1.0,1.0,0.13333333333333333,0.13333333333333333,1.0,1.0,1.0,1.0,1.0,1.0,1.0,1.0
500,64,1.0,1.0,1.0,1.0,1.0,1.0,1.0,1.0,0.03333333333333333,0.03333333333333333,1.0,1.0,1.0,1.0,1.0,1.0,1.0,1.0
500,128,1.0,1.0,1.0,1.0,1.0,1.0,0.9,0.9,0.0,0.0,1.0,1.0,1.0,1.0,1.0,1.0,1.0,1.0
500,256,1.0,1.0,1.0,1.0,1.0,1.0,1.0,1.0,0.0,0.0,1.0,1.0,1.0,1.0,1.0,1.0,1.0,1.0
500,512,1.0,1.0,1.0,1.0,1.0,1.0,1.0,1.0,0.0,0.0,1.0,1.0,1.0,1.0,1.0,1.0,1.0,1.0
501,64,1.0,1.0,1.0,1.0,1.0,1.0,0.9666666666666667,0.9666666666666667,0.0,0.0,1.0,1.0,1.0,1.0,1.0,1.0,1.0,1.0
501,128,1.0,1.0,1.0,1.0,1.0,1.0,1.0,1.0,0.03333333333333333,0.03333333333333333,1.0,1.0,1.0,1.0,1.0,1.0,1.0,1.0
501,256,1.0,1.0,1.0,1.0,1.0,1.0,1.0,1.0,0.03333333333333333,0.03333333333333333,1.0,1.0,1.0,1.0,1.0,1.0,1.0,1.0
501,512,1.0,1.0,1.0,1.0,1.0,1.0,1.0,1.0,0.0,0.0,1.0,1.0,1.0,1.0,1.0,1.0,1.0,1.0
502,64,1.0,1.0,1.0,1.0,1.0,1.0,0.8,0.8,0.06666666666666667,0.06666666666666667,1.0,1.0,0.9333333333333333,0.9333333333333333,1.0,1.0,1.0,1.0
502,128,1.0,1.0,1.0,1.0,1.0,1.0,0.9666666666666667,0.9666666666666667,0.0,0.0,1.0,1.0,1.0,1.0,1.0,1.0,1.0,1.0
502,256,1.0,1.0,1.0,1.0,1.0,1.0,1.0,1.0,0.0,0.0,1.0,1.0,1.0,1.0,1.0,1.0,1.0,1.0
502,512,1.0,1.0,1.0,1.0,1.0,1.0,1.0,1.0,0.0,0.0,1.0,1.0,1.0,1.0,1.0,1.0,1.0,1.0
503,64,1.0,1.0,1.0,1.0,1.0,1.0,1.0,1.0,0.26666666666666666,0.26666666666666666,1.0,1.0,1.0,1.0,1.0,1.0,1.0,1.0
503,128,1.0,1.0,1.0,1.0,1.0,1.0,1.0,1.0,0.06666666666666667,0.06666666666666667,1.0,1.0,1.0,1.0,1.0,1.0,1.0,1.0
503,256,1.0,1.0,1.0,1.0,1.0,1.0,1.0,1.0,0.06666666666666667,0.06666666666666667,1.0,1.0,1.0,1.0,1.0,1.0,1.0,1.0
503,512,1.0,1.0,1.0,1.0,1.0,1.0,1.0,1.0,0.03333333333333333,0.03333333333333333,1.0,1.0,1.0,1.0,1.0,1.0,1.0,1.0
504,64,1.0,1.0,1.0,1.0,1.0,1.0,1.0,1.0,0.6333333333333333,0.6333333333333333,1.0,1.0,1.0,1.0,1.0,1.0,1.0,1.0
504,128,1.0,1.0,1.0,1.0,1.0,1.0,1.0,1.0,0.6666666666666666,0.6666666666666666,1.0,1.0,1.0,1.0,1.0,1.0,1.0,1.0
504,256,1.0,1.0,1.0,1.0,1.0,1.0,1.0,1.0,0.9,0.9,1.0,1.0,1.0,1.0,1.0,1.0,1.0,1.0
504,512,1.0,1.0,1.0,1.0,1.0,1.0,1.0,1.0,1.0,1.0,1.0,1.0,1.0,1.0,1.0,1.0,1.0,1.0
505,64,1.0,1.0,1.0,1.0,1.0,1.0,1.0,1.0,0.16666666666666666,0.16666666666666666,1.0,1.0,1.0,1.0,1.0,1.0,1.0,1.0
505,128,1.0,1.0,1.0,1.0,1.0,1.0,1.0,1.0,0.13333333333333333,0.13333333333333333,1.0,1.0,1.0,1.0,1.0,1.0,1.0,1.0
505,256,1.0,1.0,1.0,1.0,1.0,1.0,1.0,1.0,0.03333333333333333,0.03333333333333333,1.0,1.0,1.0,1.0,1.0,1.0,1.0,1.0
505,512,1.0,1.0,1.0,1.0,1.0,1.0,1.0,1.0,0.0,0.0,1.0,1.0,1.0,1.0,1.0,1.0,1.0,1.0
506,64,1.0,1.0,1.0,1.0,1.0,1.0,1.0,1.0,0.5,0.5,1.0,1.0,1.0,1.0,1.0,1.0,1.0,1.0
506,128,1.0,1.0,1.0,1.0,1.0,1.0,1.0,1.0,0.7666666666666667,0.7666666666666667,1.0,1.0,1.0,1.0,1.0,1.0,1.0,1.0
506,256,1.0,1.0,1.0,1.0,1.0,1.0,1.0,1.0,0.9666666666666667,0.9666666666666667,1.0,1.0,1.0,1.0,1.0,1.0,1.0,1.0
506,512,1.0,1.0,1.0,1.0,1.0,1.0,1.0,1.0,1.0,1.0,1.0,1.0,1.0,1.0,1.0,1.0,1.0,1.0
507,64,1.0,1.0,1.0,1.0,0.9666666666666667,0.9666666666666667,0.36666666666666664,0.36666666666666664,0.0,0.0,0.8333333333333334,0.8333333333333334,0.6666666666666666,0.6666666666666666,0.8333333333333334,0.8333333333333334,0.9666666666666667,0.9666666666666667
507,128,1.0,1.0,1.0,1.0,1.0,1.0,0.06666666666666667,0.06666666666666667,0.0,0.0,1.0,1.0,0.8,0.8,1.0,1.0,1.0,1.0
507,256,1.0,1.0,1.0,1.0,1.0,1.0,0.1,0.1,0.0,0.0,1.0,1.0,1.0,1.0,1.0,1.0,1.0,1.0
507,512,1.0,1.0,1.0,1.0,1.0,1.0,0.0,0.0,0.0,0.0,1.0,1.0,1.0,1.0,1.0,1.0,1.0,1.0
508,64,1.0,1.0,1.0,1.0,1.0,1.0,0.8333333333333334,0.8333333333333334,0.06666666666666667,0.06666666666666667,1.0,1.0,0.9333333333333333,0.9333333333333333,1.0,1.0,1.0,1.0
508,128,1.0,1.0,1.0,1.0,1.0,1.0,0.9666666666666667,0.9666666666666667,0.03333333333333333,0.03333333333333333,1.0,1.0,1.0,1.0,1.0,1.0,1.0,1.0
508,256,1.0,1.0,1.0,1.0,1.0,1.0,1.0,1.0,0.0,0.0,1.0,1.0,1.0,1.0,1.0,1.0,1.0,1.0
508,512,1.0,1.0,1.0,1.0,1.0,1.0,1.0,1.0,0.0,0.0,1.0,1.0,1.0,1.0,1.0,1.0,1.0,1.0
509,64,1.0,1.0,1.0,1.0,1.0,1.0,1.0,1.0,0.26666666666666666,0.26666666666666666,1.0,1.0,1.0,1.0,1.0,1.0,1.0,1.0
509,128,1.0,1.0,1.0,1.0,1.0,1.0,1.0,1.0,0.2,0.2,1.0,1.0,1.0,1.0,1.0,1.0,1.0,1.0
509,256,1.0,1.0,1.0,1.0,1.0,1.0,1.0,1.0,0.0,0.0,1.0,1.0,1.0,1.0,1.0,1.0,1.0,1.0
509,512,1.0,1.0,1.0,1.0,1.0,1.0,1.0,1.0,0.03333333333333333,0.03333333333333333,1.0,1.0,1.0,1.0,1.0,1.0,1.0,1.0
510,64,1.0,1.0,1.0,1.0,1.0,1.0,1.0,1.0,0.36666666666666664,0.36666666666666664,1.0,1.0,1.0,1.0,1.0,1.0,1.0,1.0
510,128,1.0,1.0,1.0,1.0,1.0,1.0,1.0,1.0,0.16666666666666666,0.16666666666666666,1.0,1.0,1.0,1.0,1.0,1.0,1.0,1.0
510,256,1.0,1.0,1.0,1.0,1.0,1.0,1.0,1.0,0.03333333333333333,0.03333333333333333,1.0,1.0,1.0,1.0,1.0,1.0,1.0,1.0
510,512,1.0,1.0,1.0,1.0,1.0,1.0,1.0,1.0,0.0,0.0,1.0,1.0,1.0,1.0,1.0,1.0,1.0,1.0
511,64,1.0,1.0,1.0,1.0,1.0,1.0,1.0,1.0,0.4666666666666667,0.4666666666666667,1.0,1.0,1.0,1.0,1.0,1.0,1.0,1.0
511,128,1.0,1.0,1.0,1.0,1.0,1.0,1.0,1.0,0.4666666666666667,0.4666666666666667,1.0,1.0,1.0,1.0,1.0,1.0,1.0,1.0
511,256,1.0,1.0,1.0,1.0,1.0,1.0,1.0,1.0,0.43333333333333335,0.43333333333333335,1.0,1.0,1.0,1.0,1.0,1.0,1.0,1.0
511,512,1.0,1.0,1.0,1.0,1.0,1.0,1.0,1.0,0.36666666666666664,0.36666666666666664,1.0,1.0,1.0,1.0,1.0,1.0,1.0,1.0
512,64,1.0,1.0,1.0,1.0,1.0,1.0,1.0,1.0,0.3,0.3,1.0,1.0,1.0,1.0,1.0,1.0,1.0,1.0
512,128,1.0,1.0,1.0,1.0,1.0,1.0,1.0,1.0,0.4,0.4,1.0,1.0,1.0,1.0,1.0,1.0,1.0,1.0
512,256,1.0,1.0,1.0,1.0,1.0,1.0,1.0,1.0,0.43333333333333335,0.43333333333333335,1.0,1.0,1.0,1.0,1.0,1.0,1.0,1.0
512,512,1.0,1.0,1.0,1.0,1.0,1.0,1.0,1.0,0.3,0.3,1.0,1.0,1.0,1.0,1.0,1.0,1.0,1.0
513,64,1.0,1.0,1.0,1.0,1.0,1.0,0.9333333333333333,0.9333333333333333,0.16666666666666666,0.16666666666666666,1.0,1.0,0.9666666666666667,0.9666666666666667,1.0,1.0,1.0,1.0
513,128,1.0,1.0,1.0,1.0,1.0,1.0,1.0,1.0,0.0,0.0,1.0,1.0,1.0,1.0,1.0,1.0,1.0,1.0
513,256,1.0,1.0,1.0,1.0,1.0,1.0,1.0,1.0,0.0,0.0,1.0,1.0,1.0,1.0,1.0,1.0,1.0,1.0
513,512,1.0,1.0,1.0,1.0,1.0,1.0,1.0,1.0,0.0,0.0,1.0,1.0,1.0,1.0,1.0,1.0,1.0,1.0
514,64,1.0,1.0,1.0,1.0,1.0,1.0,0.9333333333333333,0.9333333333333333,0.2,0.2,1.0,1.0,1.0,1.0,1.0,1.0,1.0,1.0
514,128,1.0,1.0,1.0,1.0,1.0,1.0,1.0,1.0,0.13333333333333333,0.13333333333333333,1.0,1.0,1.0,1.0,1.0,1.0,1.0,1.0
514,256,1.0,1.0,1.0,1.0,1.0,1.0,1.0,1.0,0.06666666666666667,0.06666666666666667,1.0,1.0,1.0,1.0,1.0,1.0,1.0,1.0
514,512,1.0,1.0,1.0,1.0,1.0,1.0,1.0,1.0,0.0,0.0,1.0,1.0,1.0,1.0,1.0,1.0,1.0,1.0
515,64,1.0,1.0,1.0,1.0,1.0,1.0,0.9666666666666667,0.9666666666666667,0.1,0.1,1.0,1.0,0.9666666666666667,0.9666666666666667,1.0,1.0,1.0,1.0
515,128,1.0,1.0,1.0,1.0,1.0,1.0,1.0,1.0,0.06666666666666667,0.06666666666666667,1.0,1.0,1.0,1.0,1.0,1.0,1.0,1.0
515,256,1.0,1.0,1.0,1.0,1.0,1.0,1.0,1.0,0.0,0.0,1.0,1.0,1.0,1.0,1.0,1.0,1.0,1.0
515,512,1.0,1.0,1.0,1.0,1.0,1.0,1.0,1.0,0.0,0.0,1.0,1.0,1.0,1.0,1.0,1.0,1.0,1.0
516,64,0.9666666666666667,0.9666666666666667,0.9666666666666667,0.9666666666666667,0.7666666666666667,0.7666666666666667,0.06666666666666667,0.06666666666666667,0.0,0.0,0.3333333333333333,0.3333333333333333,0.06666666666666667,0.06666666666666667,0.3333333333333333,0.3333333333333333,0.9333333333333333,0.9333333333333333
516,128,1.0,1.0,1.0,1.0,0.8,0.8,0.13333333333333333,0.13333333333333333,0.0,0.0,0.6666666666666666,0.6666666666666666,0.5,0.5,0.6666666666666666,0.6666666666666666,1.0,1.0
516,256,1.0,1.0,1.0,1.0,0.9666666666666667,0.9666666666666667,0.0,0.0,0.0,0.0,1.0,1.0,0.8666666666666667,0.8666666666666667,0.9666666666666667,0.9666666666666667,1.0,1.0
516,512,1.0,1.0,1.0,1.0,1.0,1.0,0.0,0.0,0.0,0.0,1.0,1.0,1.0,1.0,1.0,1.0,1.0,1.0
517,64,1.0,1.0,1.0,1.0,1.0,1.0,0.9666666666666667,0.9666666666666667,0.1,0.1,1.0,1.0,0.9333333333333333,0.9333333333333333,1.0,1.0,1.0,1.0
517,128,1.0,1.0,1.0,1.0,1.0,1.0,0.9666666666666667,0.9666666666666667,0.13333333333333333,0.13333333333333333,1.0,1.0,1.0,1.0,1.0,1.0,1.0,1.0
517,256,1.0,1.0,1.0,1.0,1.0,1.0,1.0,1.0,0.03333333333333333,0.03333333333333333,1.0,1.0,1.0,1.0,1.0,1.0,1.0,1.0
517,512,1.0,1.0,1.0,1.0,1.0,1.0,1.0,1.0,0.03333333333333333,0.03333333333333333,1.0,1.0,1.0,1.0,1.0,1.0,1.0,1.0
518,64,1.0,1.0,1.0,1.0,1.0,1.0,0.9666666666666667,0.9666666666666667,0.23333333333333334,0.23333333333333334,1.0,1.0,0.9666666666666667,0.9666666666666667,1.0,1.0,1.0,1.0
518,128,1.0,1.0,1.0,1.0,1.0,1.0,1.0,1.0,0.13333333333333333,0.13333333333333333,1.0,1.0,1.0,1.0,1.0,1.0,1.0,1.0
518,256,1.0,1.0,1.0,1.0,1.0,1.0,1.0,1.0,0.2,0.2,1.0,1.0,1.0,1.0,1.0,1.0,1.0,1.0
518,512,1.0,1.0,1.0,1.0,1.0,1.0,1.0,1.0,0.1,0.1,1.0,1.0,1.0,1.0,1.0,1.0,1.0,1.0
519,64,1.0,1.0,1.0,1.0,1.0,1.0,0.9333333333333333,0.9333333333333333,0.03333333333333333,0.03333333333333333,0.9666666666666667,0.9666666666666667,0.9333333333333333,0.9333333333333333,0.9666666666666667,0.9666666666666667,1.0,1.0
519,128,1.0,1.0,1.0,1.0,1.0,1.0,1.0,1.0,0.0,0.0,1.0,1.0,1.0,1.0,1.0,1.0,1.0,1.0
519,256,1.0,1.0,1.0,1.0,1.0,1.0,1.0,1.0,0.0,0.0,1.0,1.0,1.0,1.0,1.0,1.0,1.0,1.0
519,512,1.0,1.0,1.0,1.0,1.0,1.0,1.0,1.0,0.0,0.0,1.0,1.0,1.0,1.0,1.0,1.0,1.0,1.0
520,64,1.0,1.0,1.0,1.0,1.0,1.0,1.0,1.0,0.13333333333333333,0.13333333333333333,1.0,1.0,1.0,1.0,1.0,1.0,1.0,1.0
520,128,1.0,1.0,1.0,1.0,1.0,1.0,1.0,1.0,0.06666666666666667,0.06666666666666667,1.0,1.0,1.0,1.0,1.0,1.0,1.0,1.0
520,256,1.0,1.0,1.0,1.0,1.0,1.0,1.0,1.0,0.03333333333333333,0.03333333333333333,1.0,1.0,1.0,1.0,1.0,1.0,1.0,1.0
520,512,1.0,1.0,1.0,1.0,1.0,1.0,1.0,1.0,0.0,0.0,1.0,1.0,1.0,1.0,1.0,1.0,1.0,1.0
521,64,1.0,1.0,1.0,1.0,1.0,1.0,1.0,1.0,0.2,0.2,1.0,1.0,1.0,1.0,1.0,1.0,1.0,1.0
521,128,1.0,1.0,1.0,1.0,1.0,1.0,1.0,1.0,0.03333333333333333,0.03333333333333333,1.0,1.0,1.0,1.0,1.0,1.0,1.0,1.0
521,256,1.0,1.0,1.0,1.0,1.0,1.0,1.0,1.0,0.06666666666666667,0.06666666666666667,1.0,1.0,1.0,1.0,1.0,1.0,1.0,1.0
521,512,1.0,1.0,1.0,1.0,1.0,1.0,1.0,1.0,0.0,0.0,1.0,1.0,1.0,1.0,1.0,1.0,1.0,1.0
522,64,1.0,1.0,1.0,1.0,1.0,1.0,0.5333333333333333,0.5333333333333333,0.0,0.0,0.8,0.8,0.6333333333333333,0.6333333333333333,0.8,0.8,1.0,1.0
522,128,1.0,1.0,1.0,1.0,1.0,1.0,0.6333333333333333,0.6333333333333333,0.0,0.0,1.0,1.0,1.0,1.0,1.0,1.0,1.0,1.0
522,256,1.0,1.0,1.0,1.0,1.0,1.0,0.6333333333333333,0.6333333333333333,0.0,0.0,1.0,1.0,1.0,1.0,1.0,1.0,1.0,1.0
522,512,1.0,1.0,1.0,1.0,1.0,1.0,0.8333333333333334,0.8333333333333334,0.0,0.0,1.0,1.0,1.0,1.0,1.0,1.0,1.0,1.0
523,64,1.0,1.0,1.0,1.0,1.0,1.0,0.7666666666666667,0.7666666666666667,0.0,0.0,0.9,0.9,0.8,0.8,0.9,0.9,1.0,1.0
523,128,1.0,1.0,1.0,1.0,1.0,1.0,0.9333333333333333,0.9333333333333333,0.1,0.1,1.0,1.0,1.0,1.0,1.0,1.0,1.0,1.0
523,256,1.0,1.0,1.0,1.0,1.0,1.0,1.0,1.0,0.0,0.0,1.0,1.0,1.0,1.0,1.0,1.0,1.0,1.0
523,512,1.0,1.0,1.0,1.0,1.0,1.0,1.0,1.0,0.0,0.0,1.0,1.0,1.0,1.0,1.0,1.0,1.0,1.0
524,64,1.0,1.0,1.0,1.0,0.9666666666666667,0.9666666666666667,0.4666666666666667,0.4666666666666667,0.0,0.0,0.7,0.7,0.5,0.5,0.7,0.7,1.0,1.0
524,128,1.0,1.0,1.0,1.0,1.0,1.0,0.3333333333333333,0.3333333333333333,0.0,0.0,0.9333333333333333,0.9333333333333333,0.8,0.8,0.9333333333333333,0.9333333333333333,1.0,1.0
524,256,1.0,1.0,1.0,1.0,1.0,1.0,0.13333333333333333,0.13333333333333333,0.0,0.0,1.0,1.0,0.9666666666666667,0.9666666666666667,1.0,1.0,1.0,1.0
524,512,1.0,1.0,1.0,1.0,1.0,1.0,0.06666666666666667,0.06666666666666667,0.0,0.0,1.0,1.0,1.0,1.0,1.0,1.0,1.0,1.0
525,64,1.0,1.0,1.0,1.0,1.0,1.0,0.9666666666666667,0.9666666666666667,0.06666666666666667,0.06666666666666667,1.0,1.0,0.9666666666666667,0.9666666666666667,1.0,1.0,1.0,1.0
525,128,1.0,1.0,1.0,1.0,1.0,1.0,1.0,1.0,0.1,0.1,1.0,1.0,1.0,1.0,1.0,1.0,1.0,1.0
525,256,1.0,1.0,1.0,1.0,1.0,1.0,1.0,1.0,0.03333333333333333,0.03333333333333333,1.0,1.0,1.0,1.0,1.0,1.0,1.0,1.0
525,512,1.0,1.0,1.0,1.0,1.0,1.0,1.0,1.0,0.0,0.0,1.0,1.0,1.0,1.0,1.0,1.0,1.0,1.0
526,64,1.0,1.0,1.0,1.0,1.0,1.0,1.0,1.0,0.5333333333333333,0.5333333333333333,1.0,1.0,1.0,1.0,1.0,1.0,1.0,1.0
526,128,1.0,1.0,1.0,1.0,1.0,1.0,1.0,1.0,0.5,0.5,1.0,1.0,1.0,1.0,1.0,1.0,1.0,1.0
526,256,1.0,1.0,1.0,1.0,1.0,1.0,1.0,1.0,0.6,0.6,1.0,1.0,1.0,1.0,1.0,1.0,1.0,1.0
526,512,1.0,1.0,1.0,1.0,1.0,1.0,1.0,1.0,0.6333333333333333,0.6333333333333333,1.0,1.0,1.0,1.0,1.0,1.0,1.0,1.0
527,64,1.0,1.0,1.0,1.0,1.0,1.0,1.0,1.0,0.2,0.2,1.0,1.0,1.0,1.0,1.0,1.0,1.0,1.0
527,128,1.0,1.0,1.0,1.0,1.0,1.0,1.0,1.0,0.2,0.2,1.0,1.0,1.0,1.0,1.0,1.0,1.0,1.0
527,256,1.0,1.0,1.0,1.0,1.0,1.0,1.0,1.0,0.13333333333333333,0.13333333333333333,1.0,1.0,1.0,1.0,1.0,1.0,1.0,1.0
527,512,1.0,1.0,1.0,1.0,1.0,1.0,1.0,1.0,0.0,0.0,1.0,1.0,1.0,1.0,1.0,1.0,1.0,1.0
528,64,1.0,1.0,1.0,1.0,1.0,1.0,1.0,1.0,0.4,0.4,1.0,1.0,1.0,1.0,1.0,1.0,1.0,1.0
528,128,1.0,1.0,1.0,1.0,1.0,1.0,1.0,1.0,0.13333333333333333,0.13333333333333333,1.0,1.0,1.0,1.0,1.0,1.0,1.0,1.0
528,256,1.0,1.0,1.0,1.0,1.0,1.0,1.0,1.0,0.2,0.2,1.0,1.0,1.0,1.0,1.0,1.0,1.0,1.0
528,512,1.0,1.0,1.0,1.0,1.0,1.0,1.0,1.0,0.1,0.1,1.0,1.0,1.0,1.0,1.0,1.0,1.0,1.0
529,64,1.0,1.0,1.0,1.0,1.0,1.0,0.9666666666666667,0.9666666666666667,0.16666666666666666,0.16666666666666666,1.0,1.0,0.9666666666666667,0.9666666666666667,1.0,1.0,1.0,1.0
529,128,1.0,1.0,1.0,1.0,1.0,1.0,1.0,1.0,0.23333333333333334,0.23333333333333334,1.0,1.0,1.0,1.0,1.0,1.0,1.0,1.0
529,256,1.0,1.0,1.0,1.0,1.0,1.0,1.0,1.0,0.16666666666666666,0.16666666666666666,1.0,1.0,1.0,1.0,1.0,1.0,1.0,1.0
529,512,1.0,1.0,1.0,1.0,1.0,1.0,1.0,1.0,0.03333333333333333,0.03333333333333333,1.0,1.0,1.0,1.0,1.0,1.0,1.0,1.0
530,64,1.0,1.0,1.0,1.0,1.0,1.0,0.9666666666666667,0.9666666666666667,0.16666666666666666,0.16666666666666666,1.0,1.0,1.0,1.0,1.0,1.0,1.0,1.0
530,128,1.0,1.0,1.0,1.0,1.0,1.0,1.0,1.0,0.36666666666666664,0.36666666666666664,1.0,1.0,1.0,1.0,1.0,1.0,1.0,1.0
530,256,1.0,1.0,1.0,1.0,1.0,1.0,1.0,1.0,0.06666666666666667,0.06666666666666667,1.0,1.0,1.0,1.0,1.0,1.0,1.0,1.0
530,512,1.0,1.0,1.0,1.0,1.0,1.0,1.0,1.0,0.06666666666666667,0.06666666666666667,1.0,1.0,1.0,1.0,1.0,1.0,1.0,1.0
531,64,1.0,1.0,1.0,1.0,1.0,1.0,0.9666666666666667,0.9666666666666667,0.1,0.1,1.0,1.0,1.0,1.0,1.0,1.0,1.0,1.0
531,128,1.0,1.0,1.0,1.0,1.0,1.0,0.9333333333333333,0.9333333333333333,0.0,0.0,1.0,1.0,1.0,1.0,1.0,1.0,1.0,1.0
531,256,1.0,1.0,1.0,1.0,1.0,1.0,0.9666666666666667,0.9666666666666667,0.0,0.0,1.0,1.0,1.0,1.0,1.0,1.0,1.0,1.0
531,512,1.0,1.0,1.0,1.0,1.0,1.0,1.0,1.0,0.0,0.0,1.0,1.0,1.0,1.0,1.0,1.0,1.0,1.0
532,64,1.0,1.0,1.0,1.0,1.0,1.0,1.0,1.0,0.3333333333333333,0.3333333333333333,1.0,1.0,1.0,1.0,1.0,1.0,1.0,1.0
532,128,1.0,1.0,1.0,1.0,1.0,1.0,1.0,1.0,0.3,0.3,1.0,1.0,1.0,1.0,1.0,1.0,1.0,1.0
532,256,1.0,1.0,1.0,1.0,1.0,1.0,1.0,1.0,0.1,0.1,1.0,1.0,1.0,1.0,1.0,1.0,1.0,1.0
532,512,1.0,1.0,1.0,1.0,1.0,1.0,1.0,1.0,0.16666666666666666,0.16666666666666666,1.0,1.0,1.0,1.0,1.0,1.0,1.0,1.0
533,64,1.0,1.0,1.0,1.0,1.0,1.0,1.0,1.0,0.4666666666666667,0.4666666666666667,1.0,1.0,1.0,1.0,1.0,1.0,1.0,1.0
533,128,1.0,1.0,1.0,1.0,1.0,1.0,1.0,1.0,0.3,0.3,1.0,1.0,1.0,1.0,1.0,1.0,1.0,1.0
533,256,1.0,1.0,1.0,1.0,1.0,1.0,1.0,1.0,0.16666666666666666,0.16666666666666666,1.0,1.0,1.0,1.0,1.0,1.0,1.0,1.0
533,512,1.0,1.0,1.0,1.0,1.0,1.0,1.0,1.0,0.03333333333333333,0.03333333333333333,1.0,1.0,1.0,1.0,1.0,1.0,1.0,1.0
534,64,1.0,1.0,1.0,1.0,1.0,1.0,1.0,1.0,0.36666666666666664,0.36666666666666664,1.0,1.0,1.0,1.0,1.0,1.0,1.0,1.0
534,128,1.0,1.0,1.0,1.0,1.0,1.0,1.0,1.0,0.3,0.3,1.0,1.0,1.0,1.0,1.0,1.0,1.0,1.0
534,256,1.0,1.0,1.0,1.0,1.0,1.0,1.0,1.0,0.36666666666666664,0.36666666666666664,1.0,1.0,1.0,1.0,1.0,1.0,1.0,1.0
534,512,1.0,1.0,1.0,1.0,1.0,1.0,1.0,1.0,0.43333333333333335,0.43333333333333335,1.0,1.0,1.0,1.0,1.0,1.0,1.0,1.0
535,64,1.0,1.0,1.0,1.0,1.0,1.0,1.0,1.0,0.3,0.3,1.0,1.0,1.0,1.0,1.0,1.0,1.0,1.0
535,128,1.0,1.0,1.0,1.0,1.0,1.0,1.0,1.0,0.3,0.3,1.0,1.0,1.0,1.0,1.0,1.0,1.0,1.0
535,256,1.0,1.0,1.0,1.0,1.0,1.0,1.0,1.0,0.2,0.2,1.0,1.0,1.0,1.0,1.0,1.0,1.0,1.0
535,512,1.0,1.0,1.0,1.0,1.0,1.0,1.0,1.0,0.0,0.0,1.0,1.0,1.0,1.0,1.0,1.0,1.0,1.0
536,64,1.0,1.0,1.0,1.0,1.0,1.0,0.7666666666666667,0.7666666666666667,0.0,0.0,0.9666666666666667,0.9666666666666667,0.8,0.8,0.9666666666666667,0.9666666666666667,1.0,1.0
536,128,1.0,1.0,1.0,1.0,1.0,1.0,0.6666666666666666,0.6666666666666666,0.0,0.0,1.0,1.0,0.9666666666666667,0.9666666666666667,1.0,1.0,1.0,1.0
536,256,1.0,1.0,1.0,1.0,1.0,1.0,0.7666666666666667,0.7666666666666667,0.0,0.0,1.0,1.0,1.0,1.0,1.0,1.0,1.0,1.0
536,512,1.0,1.0,1.0,1.0,1.0,1.0,0.8666666666666667,0.8666666666666667,0.0,0.0,1.0,1.0,1.0,1.0,1.0,1.0,1.0,1.0
537,64,1.0,1.0,1.0,1.0,1.0,1.0,1.0,1.0,1.0,1.0,1.0,1.0,1.0,1.0,1.0,1.0,1.0,1.0
537,128,1.0,1.0,1.0,1.0,1.0,1.0,1.0,1.0,1.0,1.0,1.0,1.0,1.0,1.0,1.0,1.0,1.0,1.0
537,256,1.0,1.0,1.0,1.0,1.0,1.0,1.0,1.0,1.0,1.0,1.0,1.0,1.0,1.0,1.0,1.0,1.0,1.0
537,512,1.0,1.0,1.0,1.0,1.0,1.0,1.0,1.0,1.0,1.0,1.0,1.0,1.0,1.0,1.0,1.0,1.0,1.0
538,64,1.0,1.0,1.0,1.0,1.0,1.0,1.0,1.0,1.0,1.0,1.0,1.0,1.0,1.0,1.0,1.0,1.0,1.0
538,128,1.0,1.0,1.0,1.0,1.0,1.0,1.0,1.0,1.0,1.0,1.0,1.0,1.0,1.0,1.0,1.0,1.0,1.0
538,256,1.0,1.0,1.0,1.0,1.0,1.0,1.0,1.0,1.0,1.0,1.0,1.0,1.0,1.0,1.0,1.0,1.0,1.0
538,512,1.0,1.0,1.0,1.0,1.0,1.0,1.0,1.0,1.0,1.0,1.0,1.0,1.0,1.0,1.0,1.0,1.0,1.0
539,64,1.0,1.0,1.0,1.0,1.0,1.0,1.0,1.0,1.0,1.0,1.0,1.0,1.0,1.0,1.0,1.0,1.0,1.0
539,128,1.0,1.0,1.0,1.0,1.0,1.0,1.0,1.0,1.0,1.0,1.0,1.0,1.0,1.0,1.0,1.0,1.0,1.0
539,256,1.0,1.0,1.0,1.0,1.0,1.0,1.0,1.0,1.0,1.0,1.0,1.0,1.0,1.0,1.0,1.0,1.0,1.0
539,512,1.0,1.0,1.0,1.0,1.0,1.0,1.0,1.0,1.0,1.0,1.0,1.0,1.0,1.0,1.0,1.0,1.0,1.0
540,64,1.0,1.0,1.0,1.0,1.0,1.0,1.0,1.0,1.0,1.0,1.0,1.0,1.0,1.0,1.0,1.0,1.0,1.0
540,128,1.0,1.0,1.0,1.0,1.0,1.0,1.0,1.0,1.0,1.0,1.0,1.0,1.0,1.0,1.0,1.0,1.0,1.0
540,256,1.0,1.0,1.0,1.0,1.0,1.0,1.0,1.0,1.0,1.0,1.0,1.0,1.0,1.0,1.0,1.0,1.0,1.0
540,512,1.0,1.0,1.0,1.0,1.0,1.0,1.0,1.0,1.0,1.0,1.0,1.0,1.0,1.0,1.0,1.0,1.0,1.0
541,64,1.0,1.0,1.0,1.0,1.0,1.0,1.0,1.0,1.0,1.0,1.0,1.0,1.0,1.0,1.0,1.0,1.0,1.0
541,128,1.0,1.0,1.0,1.0,1.0,1.0,1.0,1.0,1.0,1.0,1.0,1.0,1.0,1.0,1.0,1.0,1.0,1.0
541,256,1.0,1.0,1.0,1.0,1.0,1.0,1.0,1.0,1.0,1.0,1.0,1.0,1.0,1.0,1.0,1.0,1.0,1.0
541,512,1.0,1.0,1.0,1.0,1.0,1.0,1.0,1.0,1.0,1.0,1.0,1.0,1.0,1.0,1.0,1.0,1.0,1.0
542,64,1.0,1.0,1.0,1.0,1.0,1.0,1.0,1.0,1.0,1.0,1.0,1.0,1.0,1.0,1.0,1.0,1.0,1.0
542,128,1.0,1.0,1.0,1.0,1.0,1.0,1.0,1.0,1.0,1.0,1.0,1.0,1.0,1.0,1.0,1.0,1.0,1.0
542,256,1.0,1.0,1.0,1.0,1.0,1.0,1.0,1.0,1.0,1.0,1.0,1.0,1.0,1.0,1.0,1.0,1.0,1.0
542,512,1.0,1.0,1.0,1.0,1.0,1.0,1.0,1.0,1.0,1.0,1.0,1.0,1.0,1.0,1.0,1.0,1.0,1.0
543,64,1.0,1.0,1.0,1.0,1.0,1.0,1.0,1.0,1.0,1.0,1.0,1.0,1.0,1.0,1.0,1.0,1.0,1.0
543,128,1.0,1.0,1.0,1.0,1.0,1.0,1.0,1.0,1.0,1.0,1.0,1.0,1.0,1.0,1.0,1.0,1.0,1.0
543,256,1.0,1.0,1.0,1.0,1.0,1.0,1.0,1.0,1.0,1.0,1.0,1.0,1.0,1.0,1.0,1.0,1.0,1.0
543,512,1.0,1.0,1.0,1.0,1.0,1.0,1.0,1.0,1.0,1.0,1.0,1.0,1.0,1.0,1.0,1.0,1.0,1.0
544,64,1.0,1.0,1.0,1.0,1.0,1.0,1.0,1.0,1.0,1.0,1.0,1.0,1.0,1.0,1.0,1.0,1.0,1.0
544,128,1.0,1.0,1.0,1.0,1.0,1.0,1.0,1.0,1.0,1.0,1.0,1.0,1.0,1.0,1.0,1.0,1.0,1.0
544,256,1.0,1.0,1.0,1.0,1.0,1.0,1.0,1.0,1.0,1.0,1.0,1.0,1.0,1.0,1.0,1.0,1.0,1.0
544,512,1.0,1.0,1.0,1.0,1.0,1.0,1.0,1.0,1.0,1.0,1.0,1.0,1.0,1.0,1.0,1.0,1.0,1.0
545,64,1.0,1.0,1.0,1.0,1.0,1.0,1.0,1.0,1.0,1.0,1.0,1.0,1.0,1.0,1.0,1.0,1.0,1.0
545,128,1.0,1.0,1.0,1.0,1.0,1.0,1.0,1.0,1.0,1.0,1.0,1.0,1.0,1.0,1.0,1.0,1.0,1.0
545,256,1.0,1.0,1.0,1.0,1.0,1.0,1.0,1.0,1.0,1.0,1.0,1.0,1.0,1.0,1.0,1.0,1.0,1.0
545,512,1.0,1.0,1.0,1.0,1.0,1.0,1.0,1.0,1.0,1.0,1.0,1.0,1.0,1.0,1.0,1.0,1.0,1.0
546,64,1.0,1.0,1.0,1.0,1.0,1.0,1.0,1.0,1.0,1.0,1.0,1.0,1.0,1.0,1.0,1.0,1.0,1.0
546,128,1.0,1.0,1.0,1.0,1.0,1.0,1.0,1.0,1.0,1.0,1.0,1.0,1.0,1.0,1.0,1.0,1.0,1.0
546,256,1.0,1.0,1.0,1.0,1.0,1.0,1.0,1.0,1.0,1.0,1.0,1.0,1.0,1.0,1.0,1.0,1.0,1.0
546,512,1.0,1.0,1.0,1.0,1.0,1.0,1.0,1.0,1.0,1.0,1.0,1.0,1.0,1.0,1.0,1.0,1.0,1.0
547,64,1.0,1.0,1.0,1.0,1.0,1.0,1.0,1.0,0.9,0.9,1.0,1.0,1.0,1.0,1.0,1.0,1.0,1.0
547,128,1.0,1.0,1.0,1.0,1.0,1.0,1.0,1.0,1.0,1.0,1.0,1.0,1.0,1.0,1.0,1.0,1.0,1.0
547,256,1.0,1.0,1.0,1.0,1.0,1.0,1.0,1.0,1.0,1.0,1.0,1.0,1.0,1.0,1.0,1.0,1.0,1.0
547,512,1.0,1.0,1.0,1.0,1.0,1.0,1.0,1.0,1.0,1.0,1.0,1.0,1.0,1.0,1.0,1.0,1.0,1.0
548,64,1.0,1.0,1.0,1.0,1.0,1.0,1.0,1.0,1.0,1.0,1.0,1.0,1.0,1.0,1.0,1.0,1.0,1.0
548,128,1.0,1.0,1.0,1.0,1.0,1.0,1.0,1.0,1.0,1.0,1.0,1.0,1.0,1.0,1.0,1.0,1.0,1.0
548,256,1.0,1.0,1.0,1.0,1.0,1.0,1.0,1.0,1.0,1.0,1.0,1.0,1.0,1.0,1.0,1.0,1.0,1.0
548,512,1.0,1.0,1.0,1.0,1.0,1.0,1.0,1.0,1.0,1.0,1.0,1.0,1.0,1.0,1.0,1.0,1.0,1.0
549,64,0.9,0.9,0.8333333333333334,0.8333333333333334,0.7,0.7,0.23333333333333334,0.23333333333333334,0.0,0.0,0.03333333333333333,0.03333333333333333,0.0,0.0,0.03333333333333333,0.03333333333333333,0.4,0.4
549,128,1.0,1.0,1.0,1.0,1.0,1.0,0.4666666666666667,0.4666666666666667,0.0,0.0,0.3333333333333333,0.3333333333333333,0.1,0.1,0.3333333333333333,0.3333333333333333,0.6333333333333333,0.6333333333333333
549,256,1.0,1.0,1.0,1.0,1.0,1.0,0.7333333333333333,0.7333333333333333,0.0,0.0,0.9333333333333333,0.9333333333333333,0.7666666666666667,0.7666666666666667,0.9333333333333333,0.9333333333333333,0.9333333333333333,0.9333333333333333
549,512,1.0,1.0,1.0,1.0,1.0,1.0,0.8,0.8,0.0,0.0,1.0,1.0,1.0,1.0,1.0,1.0,1.0,1.0
550,64,1.0,1.0,0.9666666666666667,0.9666666666666667,0.9666666666666667,0.9666666666666667,0.6333333333333333,0.6333333333333333,0.0,0.0,0.13333333333333333,0.13333333333333333,0.0,0.0,0.13333333333333333,0.13333333333333333,0.8,0.8
550,128,1.0,1.0,1.0,1.0,1.0,1.0,0.8,0.8,0.0,0.0,0.7333333333333333,0.7333333333333333,0.16666666666666666,0.16666666666666666,0.7333333333333333,0.7333333333333333,0.9,0.9
550,256,1.0,1.0,1.0,1.0,1.0,1.0,0.7666666666666667,0.7666666666666667,0.0,0.0,1.0,1.0,0.9,0.9,1.0,1.0,1.0,1.0
550,512,1.0,1.0,1.0,1.0,1.0,1.0,0.9333333333333333,0.9333333333333333,0.0,0.0,1.0,1.0,1.0,1.0,1.0,1.0,1.0,1.0
551,64,0.9333333333333333,0.9333333333333333,0.9333333333333333,0.9333333333333333,0.7666666666666667,0.7666666666666667,0.36666666666666664,0.36666666666666664,0.0,0.0,0.0,0.0,0.0,0.0,0.0,0.0,0.5333333333333333,0.5333333333333333
551,128,1.0,1.0,1.0,1.0,0.9666666666666667,0.9666666666666667,0.7,0.7,0.0,0.0,0.6,0.6,0.23333333333333334,0.23333333333333334,0.6,0.6,0.7666666666666667,0.7666666666666667
551,256,1.0,1.0,1.0,1.0,1.0,1.0,0.8,0.8,0.0,0.0,0.9666666666666667,0.9666666666666667,0.8666666666666667,0.8666666666666667,0.9666666666666667,0.9666666666666667,0.9666666666666667,0.9666666666666667
551,512,1.0,1.0,1.0,1.0,1.0,1.0,0.9,0.9,0.0,0.0,1.0,1.0,1.0,1.0,1.0,1.0,1.0,1.0
552,64,0.8666666666666667,0.8666666666666667,0.7666666666666667,0.7666666666666667,0.7333333333333333,0.7333333333333333,0.16666666666666666,0.16666666666666666,0.0,0.0,0.0,0.0,0.0,0.0,0.0,0.0,0.23333333333333334,0.23333333333333334
552,128,1.0,1.0,1.0,1.0,1.0,1.0,0.5666666666666667,0.5666666666666667,0.0,0.0,0.3333333333333333,0.3333333333333333,0.13333333333333333,0.13333333333333333,0.3333333333333333,0.3333333333333333,0.7333333333333333,0.7333333333333333
552,256,1.0,1.0,1.0,1.0,1.0,1.0,0.7333333333333333,0.7333333333333333,0.0,0.0,0.9666666666666667,0.9666666666666667,0.7,0.7,0.9666666666666667,0.9666666666666667,0.9,0.9
552,512,1.0,1.0,1.0,1.0,1.0,1.0,0.9333333333333333,0.9333333333333333,0.0,0.0,1.0,1.0,1.0,1.0,1.0,1.0,1.0,1.0
553,64,1.0,1.0,1.0,1.0,1.0,1.0,0.7333333333333333,0.7333333333333333,0.0,0.0,0.13333333333333333,0.13333333333333333,0.0,0.0,0.13333333333333333,0.13333333333333333,0.8333333333333334,0.8333333333333334
553,128,1.0,1.0,1.0,1.0,1.0,1.0,0.9,0.9,0.0,0.0,0.9,0.9,0.5333333333333333,0.5333333333333333,0.9,0.9,0.9666666666666667,0.9666666666666667
553,256,1.0,1.0,1.0,1.0,1.0,1.0,0.9666666666666667,0.9666666666666667,0.03333333333333333,0.03333333333333333,1.0,1.0,1.0,1.0,1.0,1.0,1.0,1.0
553,512,1.0,1.0,1.0,1.0,1.0,1.0,1.0,1.0,0.0,0.0,1.0,1.0,1.0,1.0,1.0,1.0,1.0,1.0
554,64,1.0,1.0,1.0,1.0,0.9666666666666667,0.9666666666666667,0.5333333333333333,0.5333333333333333,0.0,0.0,0.16666666666666666,0.16666666666666666,0.0,0.0,0.16666666666666666,0.16666666666666666,0.7333333333333333,0.7333333333333333
554,128,1.0,1.0,1.0,1.0,1.0,1.0,0.8666666666666667,0.8666666666666667,0.0,0.0,0.8333333333333334,0.8333333333333334,0.4,0.4,0.8333333333333334,0.8333333333333334,0.9333333333333333,0.9333333333333333
554,256,1.0,1.0,1.0,1.0,1.0,1.0,0.9666666666666667,0.9666666666666667,0.0,0.0,1.0,1.0,0.9666666666666667,0.9666666666666667,1.0,1.0,1.0,1.0
554,512,1.0,1.0,1.0,1.0,1.0,1.0,1.0,1.0,0.0,0.0,1.0,1.0,1.0,1.0,1.0,1.0,1.0,1.0
555,64,0.9666666666666667,0.9666666666666667,0.9666666666666667,0.9666666666666667,0.9333333333333333,0.9333333333333333,0.6333333333333333,0.6333333333333333,0.0,0.0,0.26666666666666666,0.26666666666666666,0.13333333333333333,0.13333333333333333,0.26666666666666666,0.26666666666666666,0.8,0.8
555,128,1.0,1.0,1.0,1.0,1.0,1.0,0.9333333333333333,0.9333333333333333,0.0,0.0,0.9333333333333333,0.9333333333333333,0.7,0.7,0.9333333333333333,0.9333333333333333,0.9666666666666667,0.9666666666666667
555,256,1.0,1.0,1.0,1.0,1.0,1.0,1.0,1.0,0.0,0.0,1.0,1.0,1.0,1.0,1.0,1.0,1.0,1.0
555,512,1.0,1.0,1.0,1.0,1.0,1.0,1.0,1.0,0.0,0.0,1.0,1.0,1.0,1.0,1.0,1.0,1.0,1.0
556,64,0.9333333333333333,0.9333333333333333,0.9333333333333333,0.9333333333333333,0.9,0.9,0.43333333333333335,0.43333333333333335,0.0,0.0,0.06666666666666667,0.06666666666666667,0.0,0.0,0.06666666666666667,0.06666666666666667,0.6666666666666666,0.6666666666666666
556,128,1.0,1.0,1.0,1.0,1.0,1.0,0.7,0.7,0.0,0.0,0.6,0.6,0.16666666666666666,0.16666666666666666,0.6,0.6,0.8666666666666667,0.8666666666666667
556,256,1.0,1.0,1.0,1.0,1.0,1.0,0.8666666666666667,0.8666666666666667,0.0,0.0,1.0,1.0,0.9,0.9,1.0,1.0,0.9333333333333333,0.9333333333333333
556,512,1.0,1.0,1.0,1.0,1.0,1.0,0.9666666666666667,0.9666666666666667,0.0,0.0,1.0,1.0,1.0,1.0,1.0,1.0,1.0,1.0
557,64,0.9666666666666667,0.9666666666666667,0.9666666666666667,0.9666666666666667,0.9333333333333333,0.9333333333333333,0.7,0.7,0.0,0.0,0.2,0.2,0.06666666666666667,0.06666666666666667,0.2,0.2,0.7333333333333333,0.7333333333333333
557,128,1.0,1.0,1.0,1.0,0.9666666666666667,0.9666666666666667,0.7666666666666667,0.7666666666666667,0.0,0.0,0.6666666666666666,0.6666666666666666,0.3333333333333333,0.3333333333333333,0.6666666666666666,0.6666666666666666,0.9,0.9
557,256,1.0,1.0,1.0,1.0,1.0,1.0,0.8666666666666667,0.8666666666666667,0.0,0.0,0.9666666666666667,0.9666666666666667,0.9333333333333333,0.9333333333333333,0.9666666666666667,0.9666666666666667,0.9666666666666667,0.9666666666666667
557,512,1.0,1.0,1.0,1.0,1.0,1.0,1.0,1.0,0.0,0.0,1.0,1.0,1.0,1.0,1.0,1.0,1.0,1.0
559,64,0.6666666666666666,0.6666666666666666,0.6,0.6,0.5,0.5,0.1,0.1,0.0,0.0,0.0,0.0,0.0,0.0,0.0,0.0,0.0,0.0
559,128,0.6,0.6,0.5,0.5,0.4,0.4,0.1,0.1,0.0,0.0,0.0,0.0,0.0,0.0,0.0,0.0,0.03333333333333333,0.03333333333333333
559,256,0.9666666666666667,0.9666666666666667,0.9333333333333333,0.9333333333333333,0.7,0.7,0.06666666666666667,0.06666666666666667,0.0,0.0,0.1,0.1,0.0,0.0,0.1,0.1,0.0,0.0
559,512,1.0,1.0,1.0,1.0,0.8333333333333334,0.8333333333333334,0.06666666666666667,0.06666666666666667,0.0,0.0,0.4,0.4,0.36666666666666664,0.36666666666666664,0.4,0.4,0.0,0.0
562,64,1.0,1.0,1.0,1.0,1.0,1.0,1.0,1.0,0.9,0.9,1.0,1.0,1.0,1.0,1.0,1.0,1.0,1.0
562,128,1.0,1.0,1.0,1.0,1.0,1.0,1.0,1.0,0.9333333333333333,0.9333333333333333,1.0,1.0,1.0,1.0,1.0,1.0,1.0,1.0
562,256,1.0,1.0,1.0,1.0,1.0,1.0,1.0,1.0,1.0,1.0,1.0,1.0,1.0,1.0,1.0,1.0,1.0,1.0
562,512,1.0,1.0,1.0,1.0,1.0,1.0,1.0,1.0,1.0,1.0,1.0,1.0,1.0,1.0,1.0,1.0,1.0,1.0
563,64,1.0,1.0,1.0,1.0,1.0,1.0,1.0,1.0,0.9666666666666667,0.9666666666666667,1.0,1.0,1.0,1.0,1.0,1.0,1.0,1.0
563,128,1.0,1.0,1.0,1.0,1.0,1.0,1.0,1.0,1.0,1.0,1.0,1.0,1.0,1.0,1.0,1.0,1.0,1.0
563,256,1.0,1.0,1.0,1.0,1.0,1.0,1.0,1.0,1.0,1.0,1.0,1.0,1.0,1.0,1.0,1.0,1.0,1.0
563,512,1.0,1.0,1.0,1.0,1.0,1.0,1.0,1.0,1.0,1.0,1.0,1.0,1.0,1.0,1.0,1.0,1.0,1.0
564,64,1.0,1.0,1.0,1.0,1.0,1.0,1.0,1.0,0.9666666666666667,0.9666666666666667,1.0,1.0,1.0,1.0,1.0,1.0,1.0,1.0
564,128,1.0,1.0,1.0,1.0,1.0,1.0,1.0,1.0,1.0,1.0,1.0,1.0,1.0,1.0,1.0,1.0,1.0,1.0
564,256,1.0,1.0,1.0,1.0,1.0,1.0,1.0,1.0,1.0,1.0,1.0,1.0,1.0,1.0,1.0,1.0,1.0,1.0
564,512,1.0,1.0,1.0,1.0,1.0,1.0,1.0,1.0,1.0,1.0,1.0,1.0,1.0,1.0,1.0,1.0,1.0,1.0
565,64,1.0,1.0,1.0,1.0,1.0,1.0,1.0,1.0,0.9666666666666667,0.9666666666666667,1.0,1.0,1.0,1.0,1.0,1.0,1.0,1.0
565,128,1.0,1.0,1.0,1.0,1.0,1.0,1.0,1.0,1.0,1.0,1.0,1.0,1.0,1.0,1.0,1.0,1.0,1.0
565,256,1.0,1.0,1.0,1.0,1.0,1.0,1.0,1.0,1.0,1.0,1.0,1.0,1.0,1.0,1.0,1.0,1.0,1.0
565,512,1.0,1.0,1.0,1.0,1.0,1.0,1.0,1.0,1.0,1.0,1.0,1.0,1.0,1.0,1.0,1.0,1.0,1.0
566,64,1.0,1.0,1.0,1.0,1.0,1.0,1.0,1.0,0.9666666666666667,0.9666666666666667,1.0,1.0,1.0,1.0,1.0,1.0,1.0,1.0
566,128,1.0,1.0,1.0,1.0,1.0,1.0,1.0,1.0,1.0,1.0,1.0,1.0,1.0,1.0,1.0,1.0,1.0,1.0
566,256,1.0,1.0,1.0,1.0,1.0,1.0,1.0,1.0,1.0,1.0,1.0,1.0,1.0,1.0,1.0,1.0,1.0,1.0
566,512,1.0,1.0,1.0,1.0,1.0,1.0,1.0,1.0,1.0,1.0,1.0,1.0,1.0,1.0,1.0,1.0,1.0,1.0
567,64,1.0,1.0,1.0,1.0,1.0,1.0,1.0,1.0,0.9333333333333333,0.9333333333333333,1.0,1.0,1.0,1.0,1.0,1.0,1.0,1.0
567,128,1.0,1.0,1.0,1.0,1.0,1.0,1.0,1.0,1.0,1.0,1.0,1.0,1.0,1.0,1.0,1.0,1.0,1.0
567,256,1.0,1.0,1.0,1.0,1.0,1.0,1.0,1.0,1.0,1.0,1.0,1.0,1.0,1.0,1.0,1.0,1.0,1.0
567,512,1.0,1.0,1.0,1.0,1.0,1.0,1.0,1.0,1.0,1.0,1.0,1.0,1.0,1.0,1.0,1.0,1.0,1.0
568,64,1.0,1.0,1.0,1.0,1.0,1.0,1.0,1.0,1.0,1.0,1.0,1.0,1.0,1.0,1.0,1.0,1.0,1.0
568,128,1.0,1.0,1.0,1.0,1.0,1.0,1.0,1.0,1.0,1.0,1.0,1.0,1.0,1.0,1.0,1.0,1.0,1.0
568,256,1.0,1.0,1.0,1.0,1.0,1.0,1.0,1.0,1.0,1.0,1.0,1.0,1.0,1.0,1.0,1.0,1.0,1.0
568,512,1.0,1.0,1.0,1.0,1.0,1.0,1.0,1.0,1.0,1.0,1.0,1.0,1.0,1.0,1.0,1.0,1.0,1.0
569,64,1.0,1.0,1.0,1.0,1.0,1.0,1.0,1.0,0.8666666666666667,0.8666666666666667,1.0,1.0,1.0,1.0,1.0,1.0,1.0,1.0
569,128,1.0,1.0,1.0,1.0,1.0,1.0,1.0,1.0,1.0,1.0,1.0,1.0,1.0,1.0,1.0,1.0,1.0,1.0
569,256,1.0,1.0,1.0,1.0,1.0,1.0,1.0,1.0,1.0,1.0,1.0,1.0,1.0,1.0,1.0,1.0,1.0,1.0
569,512,1.0,1.0,1.0,1.0,1.0,1.0,1.0,1.0,1.0,1.0,1.0,1.0,1.0,1.0,1.0,1.0,1.0,1.0
570,64,1.0,1.0,1.0,1.0,1.0,1.0,1.0,1.0,0.8333333333333334,0.8333333333333334,1.0,1.0,1.0,1.0,1.0,1.0,1.0,1.0
570,128,1.0,1.0,1.0,1.0,1.0,1.0,1.0,1.0,0.9666666666666667,0.9666666666666667,1.0,1.0,1.0,1.0,1.0,1.0,1.0,1.0
570,256,1.0,1.0,1.0,1.0,1.0,1.0,1.0,1.0,1.0,1.0,1.0,1.0,1.0,1.0,1.0,1.0,1.0,1.0
570,512,1.0,1.0,1.0,1.0,1.0,1.0,1.0,1.0,1.0,1.0,1.0,1.0,1.0,1.0,1.0,1.0,1.0,1.0
571,64,1.0,1.0,1.0,1.0,1.0,1.0,1.0,1.0,1.0,1.0,1.0,1.0,1.0,1.0,1.0,1.0,1.0,1.0
571,128,1.0,1.0,1.0,1.0,1.0,1.0,1.0,1.0,1.0,1.0,1.0,1.0,1.0,1.0,1.0,1.0,1.0,1.0
571,256,1.0,1.0,1.0,1.0,1.0,1.0,1.0,1.0,1.0,1.0,1.0,1.0,1.0,1.0,1.0,1.0,1.0,1.0
571,512,1.0,1.0,1.0,1.0,1.0,1.0,1.0,1.0,1.0,1.0,1.0,1.0,1.0,1.0,1.0,1.0,1.0,1.0
572,64,0.43333333333333335,0.5,0.26666666666666666,0.36666666666666664,0.06666666666666667,0.3333333333333333,0.03333333333333333,0.03333333333333333,0.0,0.0,0.0,0.0,0.0,0.0,0.0,0.0,0.03333333333333333,0.0
572,128,0.36666666666666664,0.3333333333333333,0.23333333333333334,0.26666666666666666,0.1,0.2,0.0,0.0,0.0,0.0,0.0,0.0,0.0,0.0,0.0,0.0,0.03333333333333333,0.0
572,256,0.4,0.43333333333333335,0.3333333333333333,0.36666666666666664,0.1,0.0,0.0,0.0,0.0,0.0,0.0,0.0,0.0,0.0,0.0,0.0,0.0,0.0
572,512,0.36666666666666664,0.26666666666666666,0.3333333333333333,0.16666666666666666,0.0,0.0,0.0,0.0,0.0,0.0,0.0,0.0,0.0,0.0,0.0,0.0,0.0,0.0
573,64,0.13333333333333333,0.6333333333333333,0.1,0.5333333333333333,0.1,0.43333333333333335,0.0,0.06666666666666667,0.0,0.0,0.0,0.0,0.0,0.0,0.0,0.0,0.0,0.06666666666666667
573,128,0.1,0.8333333333333334,0.1,0.7,0.0,0.5333333333333333,0.0,0.03333333333333333,0.0,0.0,0.0,0.0,0.0,0.0,0.0,0.0,0.0,0.03333333333333333
573,256,0.1,0.8666666666666667,0.1,0.8333333333333334,0.0,0.5666666666666667,0.0,0.03333333333333333,0.0,0.0,0.0,0.06666666666666667,0.0,0.03333333333333333,0.0,0.06666666666666667,0.0,0.06666666666666667
573,512,0.0,0.9666666666666667,0.0,0.9666666666666667,0.0,0.5333333333333333,0.0,0.0,0.0,0.0,0.0,0.03333333333333333,0.0,0.0,0.0,0.03333333333333333,0.0,0.0
574,64,0.1,0.7666666666666667,0.06666666666666667,0.6666666666666666,0.03333333333333333,0.5,0.0,0.1,0.0,0.0,0.0,0.0,0.0,0.0,0.0,0.0,0.0,0.2
574,128,0.1,0.8333333333333334,0.06666666666666667,0.8333333333333334,0.0,0.6333333333333333,0.0,0.06666666666666667,0.0,0.0,0.0,0.03333333333333333,0.0,0.03333333333333333,0.0,0.03333333333333333,0.0,0.06666666666666667
574,256,0.06666666666666667,0.8666666666666667,0.06666666666666667,0.8333333333333334,0.0,0.5,0.0,0.1,0.0,0.0,0.0,0.13333333333333333,0.0,0.03333333333333333,0.0,0.13333333333333333,0.0,0.1
574,512,0.0,1.0,0.0,1.0,0.0,0.7333333333333333,0.0,0.0,0.0,0.0,0.0,0.3,0.0,0.16666666666666666,0.0,0.3,0.0,0.0
575,64,0.23333333333333334,0.6666666666666666,0.13333333333333333,0.6333333333333333,0.1,0.4,0.0,0.1,0.0,0.0,0.0,0.0,0.0,0.0,0.0,0.0,0.0,0.13333333333333333
575,128,0.16666666666666666,0.8333333333333334,0.13333333333333333,0.8,0.03333333333333333,0.5666666666666667,0.0,0.03333333333333333,0.0,0.0,0.0,0.03333333333333333,0.0,0.0,0.0,0.03333333333333333,0.0,0.1
575,256,0.0,1.0,0.0,1.0,0.0,0.8333333333333334,0.0,0.03333333333333333,0.0,0.0,0.0,0.13333333333333333,0.0,0.03333333333333333,0.0,0.13333333333333333,0.0,0.06666666666666667
575,512,0.0,1.0,0.0,1.0,0.0,0.8333333333333334,0.0,0.0,0.0,0.0,0.0,0.5666666666666667,0.0,0.2,0.0,0.5666666666666667,0.0,0.03333333333333333
576,64,0.13333333333333333,0.7,0.03333333333333333,0.6,0.0,0.4,0.0,0.1,0.0,0.0,0.0,0.0,0.0,0.0,0.0,0.0,0.0,0.16666666666666666
576,128,0.23333333333333334,0.7333333333333333,0.2,0.6666666666666666,0.03333333333333333,0.4666666666666667,0.0,0.03333333333333333,0.0,0.0,0.0,0.0,0.0,0.0,0.0,0.0,0.0,0.06666666666666667
576,256,0.03333333333333333,0.9666666666666667,0.0,0.9666666666666667,0.0,0.6,0.0,0.0,0.0,0.0,0.0,0.1,0.0,0.0,0.0,0.1,0.0,0.03333333333333333
576,512,0.0,1.0,0.0,1.0,0.0,0.7666666666666667,0.0,0.0,0.0,0.0,0.0,0.36666666666666664,0.0,0.03333333333333333,0.0,0.36666666666666664,0.0,0.0
577,64,0.23333333333333334,0.5333333333333333,0.13333333333333333,0.43333333333333335,0.1,0.3,0.0,0.1,0.0,0.0,0.0,0.0,0.0,0.0,0.0,0.0,0.03333333333333333,0.1
577,128,0.16666666666666666,0.8,0.06666666666666667,0.6666666666666666,0.03333333333333333,0.4666666666666667,0.0,0.03333333333333333,0.0,0.0,0.0,0.0,0.0,0.0,0.0,0.0,0.0,0.03333333333333333
577,256,0.06666666666666667,0.9333333333333333,0.06666666666666667,0.9333333333333333,0.0,0.5,0.0,0.03333333333333333,0.0,0.0,0.0,0.03333333333333333,0.0,0.03333333333333333,0.0,0.03333333333333333,0.0,0.03333333333333333
577,512,0.0,1.0,0.0,1.0,0.0,0.5333333333333333,0.0,0.0,0.0,0.0,0.0,0.2,0.0,0.03333333333333333,0.0,0.2,0.0,0.0
578,64,0.2,0.7333333333333333,0.16666666666666666,0.7,0.13333333333333333,0.6,0.0,0.26666666666666666,0.0,0.0,0.0,0.0,0.0,0.0,0.0,0.0,0.0,0.23333333333333334
578,128,0.1,0.9,0.06666666666666667,0.8666666666666667,0.0,0.6666666666666666,0.0,0.1,0.0,0.0,0.0,0.06666666666666667,0.0,0.0,0.0,0.06666666666666667,0.0,0.1
578,256,0.03333333333333333,0.9666666666666667,0.03333333333333333,0.9666666666666667,0.0,0.9333333333333333,0.0,0.13333333333333333,0.0,0.0,0.0,0.23333333333333334,0.0,0.03333333333333333,0.0,0.23333333333333334,0.0,0.1
578,512,0.0,1.0,0.0,1.0,0.0,0.9,0.0,0.03333333333333333,0.0,0.0,0.0,0.7333333333333333,0.0,0.4,0.0,0.7333333333333333,0.0,0.06666666666666667
579,64,0.0,0.7666666666666667,0.0,0.7333333333333333,0.0,0.6666666666666666,0.0,0.2,0.0,0.0,0.0,0.0,0.0,0.0,0.0,0.0,0.0,0.23333333333333334
579,128,0.0,0.9,0.0,0.9,0.0,0.6666666666666666,0.0,0.16666666666666666,0.0,0.0,0.0,0.06666666666666667,0.0,0.0,0.0,0.06666666666666667,0.0,0.23333333333333334
579,256,0.0,0.9666666666666667,0.0,0.9666666666666667,0.0,0.7666666666666667,0.0,0.06666666666666667,0.0,0.0,0.0,0.2,0.0,0.1,0.0,0.2,0.0,0.23333333333333334
579,512,0.0,1.0,0.0,1.0,0.0,0.9,0.0,0.0,0.0,0.0,0.0,0.7,0.0,0.4,0.0,0.7,0.0,0.03333333333333333
580,64,0.1,0.6333333333333333,0.1,0.6,0.0,0.4666666666666667,0.0,0.06666666666666667,0.0,0.0,0.0,0.0,0.0,0.0,0.0,0.0,0.0,0.1
580,128,0.03333333333333333,0.7333333333333333,0.03333333333333333,0.7,0.03333333333333333,0.43333333333333335,0.0,0.03333333333333333,0.0,0.0,0.0,0.0,0.0,0.0,0.0,0.0,0.0,0.06666666666666667
580,256,0.0,0.8333333333333334,0.0,0.8,0.0,0.43333333333333335,0.0,0.03333333333333333,0.0,0.0,0.0,0.03333333333333333,0.0,0.03333333333333333,0.0,0.03333333333333333,0.0,0.03333333333333333
580,512,0.0,0.7666666666666667,0.0,0.7333333333333333,0.0,0.16666666666666666,0.0,0.0,0.0,0.0,0.0,0.03333333333333333,0.0,0.0,0.0,0.03333333333333333,0.0,0.0
581,64,0.6,0.6,0.4666666666666667,0.4666666666666667,0.43333333333333335,0.43333333333333335,0.16666666666666666,0.16666666666666666,0.0,0.0,0.0,0.0,0.0,0.0,0.0,0.0,0.06666666666666667,0.06666666666666667
581,128,0.6666666666666666,0.6666666666666666,0.6666666666666666,0.6666666666666666,0.3333333333333333,0.3333333333333333,0.03333333333333333,0.03333333333333333,0.0,0.0,0.0,0.0,0.0,0.0,0.0,0.0,0.0,0.0
581,256,0.9333333333333333,0.9333333333333333,0.9333333333333333,0.9333333333333333,0.7333333333333333,0.7333333333333333,0.16666666666666666,0.16666666666666666,0.0,0.0,0.1,0.1,0.03333333333333333,0.03333333333333333,0.1,0.1,0.03333333333333333,0.03333333333333333
581,512,1.0,1.0,1.0,1.0,0.9333333333333333,0.9333333333333333,0.03333333333333333,0.03333333333333333,0.0,0.0,0.4666666666666667,0.4666666666666667,0.1,0.1,0.4666666666666667,0.4666666666666667,0.0,0.0
582,64,0.0,0.4666666666666667,0.0,0.43333333333333335,0.0,0.3333333333333333,0.0,0.1,0.0,0.0,0.0,0.0,0.0,0.0,0.0,0.0,0.0,0.1
582,128,0.0,0.7333333333333333,0.0,0.6,0.0,0.3333333333333333,0.0,0.0,0.0,0.0,0.0,0.0,0.0,0.0,0.0,0.0,0.0,0.13333333333333333
582,256,0.0,0.8,0.0,0.8,0.0,0.4,0.0,0.0,0.0,0.0,0.0,0.1,0.0,0.0,0.0,0.1,0.0,0.1
582,512,0.0,0.8,0.0,0.8,0.0,0.16666666666666666,0.0,0.0,0.0,0.0,0.0,0.03333333333333333,0.0,0.0,0.0,0.03333333333333333,0.0,0.0
583,64,0.0,0.03333333333333333,0.0,0.0,0.0,0.0,0.0,0.0,0.0,0.0,0.0,0.0,0.0,0.0,0.0,0.0,0.0,0.0
583,128,0.03333333333333333,0.23333333333333334,0.0,0.13333333333333333,0.0,0.0,0.0,0.0,0.0,0.0,0.0,0.0,0.0,0.0,0.0,0.0,0.0,0.0
583,256,0.0,0.06666666666666667,0.0,0.06666666666666667,0.0,0.0,0.0,0.0,0.0,0.0,0.0,0.0,0.0,0.0,0.0,0.0,0.0,0.0
583,512,0.0,0.06666666666666667,0.0,0.03333333333333333,0.0,0.0,0.0,0.0,0.0,0.0,0.0,0.0,0.0,0.0,0.0,0.0,0.0,0.0
584,64,0.03333333333333333,0.6,0.03333333333333333,0.5,0.0,0.5,0.0,0.1,0.0,0.0,0.0,0.0,0.0,0.0,0.0,0.0,0.0,0.1
584,128,0.0,0.9,0.0,0.8,0.0,0.6666666666666666,0.0,0.2,0.0,0.0,0.0,0.06666666666666667,0.0,0.0,0.0,0.06666666666666667,0.0,0.2
584,256,0.0,0.9,0.0,0.9,0.0,0.7333333333333333,0.0,0.23333333333333334,0.0,0.0,0.0,0.3,0.0,0.1,0.0,0.3,0.0,0.2
584,512,0.0,1.0,0.0,1.0,0.0,1.0,0.0,0.03333333333333333,0.0,0.0,0.0,0.6333333333333333,0.0,0.23333333333333334,0.0,0.6333333333333333,0.0,0.0
585,64,0.0,0.06666666666666667,0.0,0.0,0.0,0.0,0.0,0.0,0.0,0.0,0.0,0.0,0.0,0.0,0.0,0.0,0.0,0.0
585,128,0.0,0.06666666666666667,0.0,0.0,0.0,0.0,0.0,0.0,0.0,0.0,0.0,0.0,0.0,0.0,0.0,0.0,0.0,0.0
585,256,0.0,0.0,0.0,0.0,0.0,0.0,0.0,0.0,0.0,0.0,0.0,0.0,0.0,0.0,0.0,0.0,0.0,0.0
585,512,0.0,0.0,0.0,0.0,0.0,0.0,0.0,0.0,0.0,0.0,0.0,0.0,0.0,0.0,0.0,0.0,0.0,0.0
586,64,0.16666666666666666,0.7333333333333333,0.13333333333333333,0.6666666666666666,0.06666666666666667,0.36666666666666664,0.0,0.1,0.0,0.0,0.0,0.0,0.0,0.0,0.0,0.0,0.0,0.2
586,128,0.06666666666666667,0.9,0.06666666666666667,0.8666666666666667,0.03333333333333333,0.5666666666666667,0.0,0.0,0.0,0.0,0.0,0.0,0.0,0.0,0.0,0.0,0.0,0.06666666666666667
586,256,0.1,0.8666666666666667,0.1,0.8666666666666667,0.0,0.5,0.0,0.0,0.0,0.0,0.0,0.0,0.0,0.0,0.0,0.0,0.0,0.0
586,512,0.0,1.0,0.0,1.0,0.0,0.5666666666666667,0.0,0.0,0.0,0.0,0.0,0.2,0.0,0.03333333333333333,0.0,0.2,0.0,0.0
587,64,0.1,0.3333333333333333,0.0,0.3,0.0,0.26666666666666666,0.0,0.03333333333333333,0.0,0.0,0.0,0.0,0.0,0.0,0.0,0.0,0.0,0.03333333333333333
587,128,0.1,0.5,0.1,0.43333333333333335,0.06666666666666667,0.16666666666666666,0.0,0.0,0.0,0.0,0.0,0.0,0.0,0.0,0.0,0.0,0.0,0.0
587,256,0.06666666666666667,0.6,0.06666666666666667,0.5333333333333333,0.0,0.2,0.0,0.0,0.0,0.0,0.0,0.0,0.0,0.0,0.0,0.0,0.0,0.0
587,512,0.0,0.5666666666666667,0.0,0.5666666666666667,0.0,0.03333333333333333,0.0,0.0,0.0,0.0,0.0,0.0,0.0,0.0,0.0,0.0,0.0,0.0
588,64,0.0,0.6,0.0,0.6,0.0,0.4,0.0,0.06666666666666667,0.0,0.0,0.0,0.0,0.0,0.0,0.0,0.0,0.0,0.06666666666666667
588,128,0.0,0.7333333333333333,0.0,0.6333333333333333,0.0,0.43333333333333335,0.0,0.06666666666666667,0.0,0.0,0.0,0.03333333333333333,0.0,0.0,0.0,0.03333333333333333,0.0,0.1
588,256,0.0,0.7333333333333333,0.0,0.7333333333333333,0.0,0.36666666666666664,0.0,0.0,0.0,0.0,0.0,0.0,0.0,0.0,0.0,0.0,0.0,0.0
588,512,0.0,0.7,0.0,0.6666666666666666,0.0,0.03333333333333333,0.0,0.0,0.0,0.0,0.0,0.0,0.0,0.0,0.0,0.0,0.0,0.0
589,64,0.06666666666666667,0.6333333333333333,0.03333333333333333,0.5333333333333333,0.03333333333333333,0.4,0.0,0.06666666666666667,0.0,0.0,0.0,0.0,0.0,0.0,0.0,0.0,0.0,0.06666666666666667
589,128,0.1,0.7333333333333333,0.06666666666666667,0.6333333333333333,0.03333333333333333,0.3333333333333333,0.0,0.03333333333333333,0.0,0.0,0.0,0.03333333333333333,0.0,0.0,0.0,0.03333333333333333,0.0,0.06666666666666667
589,256,0.0,0.6666666666666666,0.0,0.6666666666666666,0.0,0.36666666666666664,0.0,0.0,0.0,0.0,0.0,0.0,0.0,0.0,0.0,0.0,0.0,0.0
589,512,0.0,0.7,0.0,0.6666666666666666,0.0,0.1,0.0,0.0,0.0,0.0,0.0,0.0,0.0,0.0,0.0,0.0,0.0,0.0
590,64,0.0,0.4,0.0,0.23333333333333334,0.0,0.06666666666666667,0.0,0.0,0.0,0.0,0.0,0.0,0.0,0.0,0.0,0.0,0.0,0.0
590,128,0.0,0.2,0.0,0.13333333333333333,0.0,0.0,0.0,0.0,0.0,0.0,0.0,0.0,0.0,0.0,0.0,0.0,0.0,0.0
590,256,0.0,0.26666666666666666,0.0,0.16666666666666666,0.0,0.0,0.0,0.0,0.0,0.0,0.0,0.0,0.0,0.0,0.0,0.0,0.0,0.0
590,512,0.0,0.2,0.0,0.16666666666666666,0.0,0.0,0.0,0.0,0.0,0.0,0.0,0.0,0.0,0.0,0.0,0.0,0.0,0.0
591,64,0.5666666666666667,0.5666666666666667,0.5,0.5,0.5,0.5,0.06666666666666667,0.06666666666666667,0.0,0.0,0.0,0.0,0.0,0.0,0.0,0.0,0.03333333333333333,0.03333333333333333
591,128,0.8333333333333334,0.8333333333333334,0.8,0.8,0.4,0.4,0.06666666666666667,0.06666666666666667,0.0,0.0,0.03333333333333333,0.03333333333333333,0.0,0.0,0.03333333333333333,0.03333333333333333,0.06666666666666667,0.06666666666666667
591,256,0.9,0.9,0.8666666666666667,0.8666666666666667,0.5666666666666667,0.5666666666666667,0.06666666666666667,0.06666666666666667,0.0,0.0,0.06666666666666667,0.06666666666666667,0.0,0.0,0.06666666666666667,0.06666666666666667,0.0,0.0
591,512,1.0,0.9666666666666667,1.0,0.9666666666666667,0.9,0.8666666666666667,0.03333333333333333,0.0,0.0,0.0,0.3333333333333333,0.3,0.16666666666666666,0.13333333333333333,0.3333333333333333,0.3,0.0,0.0
592,64,1.0,1.0,1.0,1.0,1.0,1.0,1.0,1.0,0.9666666666666667,0.9666666666666667,1.0,1.0,1.0,1.0,1.0,1.0,1.0,1.0
592,128,1.0,1.0,1.0,1.0,1.0,1.0,1.0,1.0,1.0,1.0,1.0,1.0,1.0,1.0,1.0,1.0,1.0,1.0
592,256,1.0,1.0,1.0,1.0,1.0,1.0,1.0,1.0,1.0,1.0,1.0,1.0,1.0,1.0,1.0,1.0,1.0,1.0
592,512,1.0,1.0,1.0,1.0,1.0,1.0,1.0,1.0,1.0,1.0,1.0,1.0,1.0,1.0,1.0,1.0,1.0,1.0
593,64,1.0,1.0,1.0,1.0,1.0,1.0,1.0,1.0,0.9666666666666667,0.9666666666666667,1.0,1.0,1.0,1.0,1.0,1.0,1.0,1.0
593,128,1.0,1.0,1.0,1.0,1.0,1.0,1.0,1.0,1.0,1.0,1.0,1.0,1.0,1.0,1.0,1.0,1.0,1.0
593,256,1.0,1.0,1.0,1.0,1.0,1.0,1.0,1.0,1.0,1.0,1.0,1.0,1.0,1.0,1.0,1.0,1.0,1.0
593,512,1.0,1.0,1.0,1.0,1.0,1.0,1.0,1.0,1.0,1.0,1.0,1.0,1.0,1.0,1.0,1.0,1.0,1.0
594,64,1.0,1.0,1.0,1.0,1.0,1.0,1.0,1.0,0.9666666666666667,0.9666666666666667,1.0,1.0,1.0,1.0,1.0,1.0,1.0,1.0
594,128,1.0,1.0,1.0,1.0,1.0,1.0,1.0,1.0,1.0,1.0,1.0,1.0,1.0,1.0,1.0,1.0,1.0,1.0
594,256,1.0,1.0,1.0,1.0,1.0,1.0,1.0,1.0,1.0,1.0,1.0,1.0,1.0,1.0,1.0,1.0,1.0,1.0
594,512,1.0,1.0,1.0,1.0,1.0,1.0,1.0,1.0,1.0,1.0,1.0,1.0,1.0,1.0,1.0,1.0,1.0,1.0
595,64,1.0,1.0,1.0,1.0,1.0,1.0,1.0,1.0,0.9,0.9,1.0,1.0,1.0,1.0,1.0,1.0,1.0,1.0
595,128,1.0,1.0,1.0,1.0,1.0,1.0,1.0,1.0,1.0,1.0,1.0,1.0,1.0,1.0,1.0,1.0,1.0,1.0
595,256,1.0,1.0,1.0,1.0,1.0,1.0,1.0,1.0,1.0,1.0,1.0,1.0,1.0,1.0,1.0,1.0,1.0,1.0
595,512,1.0,1.0,1.0,1.0,1.0,1.0,1.0,1.0,1.0,1.0,1.0,1.0,1.0,1.0,1.0,1.0,1.0,1.0
596,64,1.0,1.0,1.0,1.0,1.0,1.0,1.0,1.0,0.9333333333333333,0.9333333333333333,1.0,1.0,1.0,1.0,1.0,1.0,1.0,1.0
596,128,1.0,1.0,1.0,1.0,1.0,1.0,1.0,1.0,0.9666666666666667,0.9666666666666667,1.0,1.0,1.0,1.0,1.0,1.0,1.0,1.0
596,256,1.0,1.0,1.0,1.0,1.0,1.0,1.0,1.0,1.0,1.0,1.0,1.0,1.0,1.0,1.0,1.0,1.0,1.0
596,512,1.0,1.0,1.0,1.0,1.0,1.0,1.0,1.0,1.0,1.0,1.0,1.0,1.0,1.0,1.0,1.0,1.0,1.0
597,64,1.0,1.0,1.0,1.0,1.0,1.0,1.0,1.0,0.9,0.9,1.0,1.0,1.0,1.0,1.0,1.0,1.0,1.0
597,128,1.0,1.0,1.0,1.0,1.0,1.0,1.0,1.0,1.0,1.0,1.0,1.0,1.0,1.0,1.0,1.0,1.0,1.0
597,256,1.0,1.0,1.0,1.0,1.0,1.0,1.0,1.0,1.0,1.0,1.0,1.0,1.0,1.0,1.0,1.0,1.0,1.0
597,512,1.0,1.0,1.0,1.0,1.0,1.0,1.0,1.0,1.0,1.0,1.0,1.0,1.0,1.0,1.0,1.0,1.0,1.0
598,64,1.0,1.0,1.0,1.0,1.0,1.0,1.0,1.0,0.9,0.9,1.0,1.0,1.0,1.0,1.0,1.0,1.0,1.0
598,128,1.0,1.0,1.0,1.0,1.0,1.0,1.0,1.0,1.0,1.0,1.0,1.0,1.0,1.0,1.0,1.0,1.0,1.0
598,256,1.0,1.0,1.0,1.0,1.0,1.0,1.0,1.0,1.0,1.0,1.0,1.0,1.0,1.0,1.0,1.0,1.0,1.0
598,512,1.0,1.0,1.0,1.0,1.0,1.0,1.0,1.0,1.0,1.0,1.0,1.0,1.0,1.0,1.0,1.0,1.0,1.0
599,64,1.0,1.0,1.0,1.0,1.0,1.0,1.0,1.0,0.9666666666666667,0.9666666666666667,1.0,1.0,1.0,1.0,1.0,1.0,1.0,1.0
599,128,1.0,1.0,1.0,1.0,1.0,1.0,1.0,1.0,1.0,1.0,1.0,1.0,1.0,1.0,1.0,1.0,1.0,1.0
599,256,1.0,1.0,1.0,1.0,1.0,1.0,1.0,1.0,1.0,1.0,1.0,1.0,1.0,1.0,1.0,1.0,1.0,1.0
599,512,1.0,1.0,1.0,1.0,1.0,1.0,1.0,1.0,1.0,1.0,1.0,1.0,1.0,1.0,1.0,1.0,1.0,1.0
600,64,1.0,1.0,1.0,1.0,1.0,1.0,1.0,1.0,0.9666666666666667,0.9666666666666667,1.0,1.0,1.0,1.0,1.0,1.0,1.0,1.0
600,128,1.0,1.0,1.0,1.0,1.0,1.0,1.0,1.0,1.0,1.0,1.0,1.0,1.0,1.0,1.0,1.0,1.0,1.0
600,256,1.0,1.0,1.0,1.0,1.0,1.0,1.0,1.0,1.0,1.0,1.0,1.0,1.0,1.0,1.0,1.0,1.0,1.0
600,512,1.0,1.0,1.0,1.0,1.0,1.0,1.0,1.0,1.0,1.0,1.0,1.0,1.0,1.0,1.0,1.0,1.0,1.0
601,64,1.0,1.0,1.0,1.0,1.0,1.0,1.0,1.0,1.0,1.0,1.0,1.0,1.0,1.0,1.0,1.0,1.0,1.0
601,128,1.0,1.0,1.0,1.0,1.0,1.0,1.0,1.0,1.0,1.0,1.0,1.0,1.0,1.0,1.0,1.0,1.0,1.0
601,256,1.0,1.0,1.0,1.0,1.0,1.0,1.0,1.0,1.0,1.0,1.0,1.0,1.0,1.0,1.0,1.0,1.0,1.0
601,512,1.0,1.0,1.0,1.0,1.0,1.0,1.0,1.0,1.0,1.0,1.0,1.0,1.0,1.0,1.0,1.0,1.0,1.0
602,64,1.0,1.0,1.0,1.0,1.0,1.0,1.0,1.0,1.0,1.0,1.0,1.0,1.0,1.0,1.0,1.0,1.0,1.0
602,128,1.0,1.0,1.0,1.0,1.0,1.0,1.0,1.0,1.0,1.0,1.0,1.0,1.0,1.0,1.0,1.0,1.0,1.0
602,256,1.0,1.0,1.0,1.0,1.0,1.0,1.0,1.0,1.0,1.0,1.0,1.0,1.0,1.0,1.0,1.0,1.0,1.0
602,512,1.0,1.0,1.0,1.0,1.0,1.0,1.0,1.0,1.0,1.0,1.0,1.0,1.0,1.0,1.0,1.0,1.0,1.0
603,64,1.0,1.0,1.0,1.0,1.0,1.0,1.0,1.0,1.0,1.0,1.0,1.0,1.0,1.0,1.0,1.0,1.0,1.0
603,128,1.0,1.0,1.0,1.0,1.0,1.0,1.0,1.0,1.0,1.0,1.0,1.0,1.0,1.0,1.0,1.0,1.0,1.0
603,256,1.0,1.0,1.0,1.0,1.0,1.0,1.0,1.0,1.0,1.0,1.0,1.0,1.0,1.0,1.0,1.0,1.0,1.0
603,512,1.0,1.0,1.0,1.0,1.0,1.0,1.0,1.0,1.0,1.0,1.0,1.0,1.0,1.0,1.0,1.0,1.0,1.0
604,64,1.0,1.0,1.0,1.0,1.0,1.0,1.0,1.0,1.0,1.0,1.0,1.0,1.0,1.0,1.0,1.0,1.0,1.0
604,128,1.0,1.0,1.0,1.0,1.0,1.0,1.0,1.0,1.0,1.0,1.0,1.0,1.0,1.0,1.0,1.0,1.0,1.0
604,256,1.0,1.0,1.0,1.0,1.0,1.0,1.0,1.0,1.0,1.0,1.0,1.0,1.0,1.0,1.0,1.0,1.0,1.0
604,512,1.0,1.0,1.0,1.0,1.0,1.0,1.0,1.0,1.0,1.0,1.0,1.0,1.0,1.0,1.0,1.0,1.0,1.0
605,64,1.0,1.0,1.0,1.0,1.0,1.0,1.0,1.0,1.0,1.0,1.0,1.0,1.0,1.0,1.0,1.0,1.0,1.0
605,128,1.0,1.0,1.0,1.0,1.0,1.0,1.0,1.0,1.0,1.0,1.0,1.0,1.0,1.0,1.0,1.0,1.0,1.0
605,256,1.0,1.0,1.0,1.0,1.0,1.0,1.0,1.0,1.0,1.0,1.0,1.0,1.0,1.0,1.0,1.0,1.0,1.0
605,512,1.0,1.0,1.0,1.0,1.0,1.0,1.0,1.0,1.0,1.0,1.0,1.0,1.0,1.0,1.0,1.0,1.0,1.0
606,64,1.0,1.0,1.0,1.0,1.0,1.0,1.0,1.0,0.9666666666666667,0.9666666666666667,1.0,1.0,1.0,1.0,1.0,1.0,1.0,1.0
606,128,1.0,1.0,1.0,1.0,1.0,1.0,1.0,1.0,1.0,1.0,1.0,1.0,1.0,1.0,1.0,1.0,1.0,1.0
606,256,1.0,1.0,1.0,1.0,1.0,1.0,1.0,1.0,1.0,1.0,1.0,1.0,1.0,1.0,1.0,1.0,1.0,1.0
606,512,1.0,1.0,1.0,1.0,1.0,1.0,1.0,1.0,1.0,1.0,1.0,1.0,1.0,1.0,1.0,1.0,1.0,1.0
607,64,1.0,1.0,1.0,1.0,1.0,1.0,1.0,1.0,1.0,1.0,1.0,1.0,1.0,1.0,1.0,1.0,1.0,1.0
607,128,1.0,1.0,1.0,1.0,1.0,1.0,1.0,1.0,1.0,1.0,1.0,1.0,1.0,1.0,1.0,1.0,1.0,1.0
607,256,1.0,1.0,1.0,1.0,1.0,1.0,1.0,1.0,1.0,1.0,1.0,1.0,1.0,1.0,1.0,1.0,1.0,1.0
607,512,1.0,1.0,1.0,1.0,1.0,1.0,1.0,1.0,1.0,1.0,1.0,1.0,1.0,1.0,1.0,1.0,1.0,1.0
608,64,1.0,1.0,1.0,1.0,1.0,1.0,1.0,1.0,1.0,1.0,1.0,1.0,1.0,1.0,1.0,1.0,1.0,1.0
608,128,1.0,1.0,1.0,1.0,1.0,1.0,1.0,1.0,1.0,1.0,1.0,1.0,1.0,1.0,1.0,1.0,1.0,1.0
608,256,1.0,1.0,1.0,1.0,1.0,1.0,1.0,1.0,1.0,1.0,1.0,1.0,1.0,1.0,1.0,1.0,1.0,1.0
608,512,1.0,1.0,1.0,1.0,1.0,1.0,1.0,1.0,1.0,1.0,1.0,1.0,1.0,1.0,1.0,1.0,1.0,1.0
609,64,1.0,1.0,1.0,1.0,1.0,1.0,1.0,1.0,1.0,1.0,1.0,1.0,1.0,1.0,1.0,1.0,1.0,1.0
609,128,1.0,1.0,1.0,1.0,1.0,1.0,1.0,1.0,1.0,1.0,1.0,1.0,1.0,1.0,1.0,1.0,1.0,1.0
609,256,1.0,1.0,1.0,1.0,1.0,1.0,1.0,1.0,1.0,1.0,1.0,1.0,1.0,1.0,1.0,1.0,1.0,1.0
609,512,1.0,1.0,1.0,1.0,1.0,1.0,1.0,1.0,1.0,1.0,1.0,1.0,1.0,1.0,1.0,1.0,1.0,1.0
610,64,1.0,1.0,1.0,1.0,1.0,1.0,1.0,1.0,1.0,1.0,1.0,1.0,1.0,1.0,1.0,1.0,1.0,1.0
610,128,1.0,1.0,1.0,1.0,1.0,1.0,1.0,1.0,1.0,1.0,1.0,1.0,1.0,1.0,1.0,1.0,1.0,1.0
610,256,1.0,1.0,1.0,1.0,1.0,1.0,1.0,1.0,1.0,1.0,1.0,1.0,1.0,1.0,1.0,1.0,1.0,1.0
610,512,1.0,1.0,1.0,1.0,1.0,1.0,1.0,1.0,1.0,1.0,1.0,1.0,1.0,1.0,1.0,1.0,1.0,1.0
611,64,1.0,1.0,1.0,1.0,1.0,1.0,1.0,1.0,0.7666666666666667,0.7666666666666667,1.0,1.0,1.0,1.0,1.0,1.0,1.0,1.0
611,128,1.0,1.0,1.0,1.0,1.0,1.0,1.0,1.0,0.8666666666666667,0.8666666666666667,1.0,1.0,1.0,1.0,1.0,1.0,1.0,1.0
611,256,1.0,1.0,1.0,1.0,1.0,1.0,1.0,1.0,1.0,1.0,1.0,1.0,1.0,1.0,1.0,1.0,1.0,1.0
611,512,1.0,1.0,1.0,1.0,1.0,1.0,1.0,1.0,1.0,1.0,1.0,1.0,1.0,1.0,1.0,1.0,1.0,1.0
612,64,1.0,1.0,1.0,1.0,1.0,1.0,1.0,1.0,1.0,1.0,1.0,1.0,1.0,1.0,1.0,1.0,1.0,1.0
612,128,1.0,1.0,1.0,1.0,1.0,1.0,1.0,1.0,1.0,1.0,1.0,1.0,1.0,1.0,1.0,1.0,1.0,1.0
612,256,1.0,1.0,1.0,1.0,1.0,1.0,1.0,1.0,1.0,1.0,1.0,1.0,1.0,1.0,1.0,1.0,1.0,1.0
612,512,1.0,1.0,1.0,1.0,1.0,1.0,1.0,1.0,1.0,1.0,1.0,1.0,1.0,1.0,1.0,1.0,1.0,1.0
613,64,1.0,1.0,1.0,1.0,1.0,1.0,1.0,1.0,0.9333333333333333,0.9333333333333333,1.0,1.0,1.0,1.0,1.0,1.0,1.0,1.0
613,128,1.0,1.0,1.0,1.0,1.0,1.0,1.0,1.0,1.0,1.0,1.0,1.0,1.0,1.0,1.0,1.0,1.0,1.0
613,256,1.0,1.0,1.0,1.0,1.0,1.0,1.0,1.0,1.0,1.0,1.0,1.0,1.0,1.0,1.0,1.0,1.0,1.0
613,512,1.0,1.0,1.0,1.0,1.0,1.0,1.0,1.0,1.0,1.0,1.0,1.0,1.0,1.0,1.0,1.0,1.0,1.0
614,64,1.0,1.0,1.0,1.0,1.0,1.0,1.0,1.0,1.0,1.0,1.0,1.0,1.0,1.0,1.0,1.0,1.0,1.0
614,128,1.0,1.0,1.0,1.0,1.0,1.0,1.0,1.0,1.0,1.0,1.0,1.0,1.0,1.0,1.0,1.0,1.0,1.0
614,256,1.0,1.0,1.0,1.0,1.0,1.0,1.0,1.0,1.0,1.0,1.0,1.0,1.0,1.0,1.0,1.0,1.0,1.0
614,512,1.0,1.0,1.0,1.0,1.0,1.0,1.0,1.0,1.0,1.0,1.0,1.0,1.0,1.0,1.0,1.0,1.0,1.0
615,64,1.0,1.0,1.0,1.0,1.0,1.0,1.0,1.0,1.0,1.0,1.0,1.0,1.0,1.0,1.0,1.0,1.0,1.0
615,128,1.0,1.0,1.0,1.0,1.0,1.0,1.0,1.0,1.0,1.0,1.0,1.0,1.0,1.0,1.0,1.0,1.0,1.0
615,256,1.0,1.0,1.0,1.0,1.0,1.0,1.0,1.0,1.0,1.0,1.0,1.0,1.0,1.0,1.0,1.0,1.0,1.0
615,512,1.0,1.0,1.0,1.0,1.0,1.0,1.0,1.0,1.0,1.0,1.0,1.0,1.0,1.0,1.0,1.0,1.0,1.0
616,64,1.0,1.0,1.0,1.0,1.0,1.0,1.0,1.0,1.0,1.0,1.0,1.0,1.0,1.0,1.0,1.0,1.0,1.0
616,128,1.0,1.0,1.0,1.0,1.0,1.0,1.0,1.0,1.0,1.0,1.0,1.0,1.0,1.0,1.0,1.0,1.0,1.0
616,256,1.0,1.0,1.0,1.0,1.0,1.0,1.0,1.0,1.0,1.0,1.0,1.0,1.0,1.0,1.0,1.0,1.0,1.0
616,512,1.0,1.0,1.0,1.0,1.0,1.0,1.0,1.0,1.0,1.0,1.0,1.0,1.0,1.0,1.0,1.0,1.0,1.0
617,64,1.0,1.0,1.0,1.0,1.0,1.0,1.0,1.0,1.0,1.0,1.0,1.0,1.0,1.0,1.0,1.0,1.0,1.0
617,128,1.0,1.0,1.0,1.0,1.0,1.0,1.0,1.0,1.0,1.0,1.0,1.0,1.0,1.0,1.0,1.0,1.0,1.0
617,256,1.0,1.0,1.0,1.0,1.0,1.0,1.0,1.0,1.0,1.0,1.0,1.0,1.0,1.0,1.0,1.0,1.0,1.0
617,512,1.0,1.0,1.0,1.0,1.0,1.0,1.0,1.0,1.0,1.0,1.0,1.0,1.0,1.0,1.0,1.0,1.0,1.0
618,64,1.0,1.0,1.0,1.0,1.0,1.0,1.0,1.0,1.0,1.0,1.0,1.0,1.0,1.0,1.0,1.0,1.0,1.0
618,128,1.0,1.0,1.0,1.0,1.0,1.0,1.0,1.0,1.0,1.0,1.0,1.0,1.0,1.0,1.0,1.0,1.0,1.0
618,256,1.0,1.0,1.0,1.0,1.0,1.0,1.0,1.0,1.0,1.0,1.0,1.0,1.0,1.0,1.0,1.0,1.0,1.0
618,512,1.0,1.0,1.0,1.0,1.0,1.0,1.0,1.0,1.0,1.0,1.0,1.0,1.0,1.0,1.0,1.0,1.0,1.0
619,64,1.0,1.0,1.0,1.0,1.0,1.0,1.0,1.0,1.0,1.0,1.0,1.0,1.0,1.0,1.0,1.0,1.0,1.0
619,128,1.0,1.0,1.0,1.0,1.0,1.0,1.0,1.0,1.0,1.0,1.0,1.0,1.0,1.0,1.0,1.0,1.0,1.0
619,256,1.0,1.0,1.0,1.0,1.0,1.0,1.0,1.0,1.0,1.0,1.0,1.0,1.0,1.0,1.0,1.0,1.0,1.0
619,512,1.0,1.0,1.0,1.0,1.0,1.0,1.0,1.0,1.0,1.0,1.0,1.0,1.0,1.0,1.0,1.0,1.0,1.0
620,64,1.0,1.0,1.0,1.0,1.0,1.0,1.0,1.0,1.0,1.0,1.0,1.0,1.0,1.0,1.0,1.0,1.0,1.0
620,128,1.0,1.0,1.0,1.0,1.0,1.0,1.0,1.0,1.0,1.0,1.0,1.0,1.0,1.0,1.0,1.0,1.0,1.0
620,256,1.0,1.0,1.0,1.0,1.0,1.0,1.0,1.0,1.0,1.0,1.0,1.0,1.0,1.0,1.0,1.0,1.0,1.0
620,512,1.0,1.0,1.0,1.0,1.0,1.0,1.0,1.0,1.0,1.0,1.0,1.0,1.0,1.0,1.0,1.0,1.0,1.0
621,64,1.0,1.0,1.0,1.0,1.0,1.0,1.0,1.0,0.8333333333333334,0.8333333333333334,1.0,1.0,1.0,1.0,1.0,1.0,1.0,1.0
621,128,1.0,1.0,1.0,1.0,1.0,1.0,1.0,1.0,1.0,1.0,1.0,1.0,1.0,1.0,1.0,1.0,1.0,1.0
621,256,1.0,1.0,1.0,1.0,1.0,1.0,1.0,1.0,1.0,1.0,1.0,1.0,1.0,1.0,1.0,1.0,1.0,1.0
621,512,1.0,1.0,1.0,1.0,1.0,1.0,1.0,1.0,1.0,1.0,1.0,1.0,1.0,1.0,1.0,1.0,1.0,1.0
622,64,1.0,1.0,1.0,1.0,1.0,1.0,1.0,1.0,0.5666666666666667,0.5666666666666667,1.0,1.0,1.0,1.0,1.0,1.0,1.0,1.0
622,128,1.0,1.0,1.0,1.0,1.0,1.0,1.0,1.0,0.5666666666666667,0.5666666666666667,1.0,1.0,1.0,1.0,1.0,1.0,1.0,1.0
622,256,1.0,1.0,1.0,1.0,1.0,1.0,1.0,1.0,0.43333333333333335,0.43333333333333335,1.0,1.0,1.0,1.0,1.0,1.0,1.0,1.0
622,512,1.0,1.0,1.0,1.0,1.0,1.0,1.0,1.0,0.5,0.5,1.0,1.0,1.0,1.0,1.0,1.0,1.0,1.0
623,64,1.0,1.0,1.0,1.0,1.0,1.0,1.0,1.0,0.7,0.7,1.0,1.0,1.0,1.0,1.0,1.0,1.0,1.0
623,128,1.0,1.0,1.0,1.0,1.0,1.0,1.0,1.0,0.6333333333333333,0.6333333333333333,1.0,1.0,1.0,1.0,1.0,1.0,1.0,1.0
623,256,1.0,1.0,1.0,1.0,1.0,1.0,1.0,1.0,0.7,0.7,1.0,1.0,1.0,1.0,1.0,1.0,1.0,1.0
623,512,1.0,1.0,1.0,1.0,1.0,1.0,1.0,1.0,0.8666666666666667,0.8666666666666667,1.0,1.0,1.0,1.0,1.0,1.0,1.0,1.0
624,64,1.0,1.0,1.0,1.0,1.0,1.0,1.0,1.0,0.6,0.6,1.0,1.0,1.0,1.0,1.0,1.0,1.0,1.0
624,128,1.0,1.0,1.0,1.0,1.0,1.0,1.0,1.0,0.7,0.7,1.0,1.0,1.0,1.0,1.0,1.0,1.0,1.0
624,256,1.0,1.0,1.0,1.0,1.0,1.0,1.0,1.0,0.6666666666666666,0.6666666666666666,1.0,1.0,1.0,1.0,1.0,1.0,1.0,1.0
624,512,1.0,1.0,1.0,1.0,1.0,1.0,1.0,1.0,0.9,0.9,1.0,1.0,1.0,1.0,1.0,1.0,1.0,1.0
625,64,1.0,1.0,1.0,1.0,1.0,1.0,1.0,1.0,0.16666666666666666,0.16666666666666666,1.0,1.0,1.0,1.0,1.0,1.0,1.0,1.0
625,128,1.0,1.0,1.0,1.0,1.0,1.0,1.0,1.0,0.06666666666666667,0.06666666666666667,1.0,1.0,1.0,1.0,1.0,1.0,1.0,1.0
625,256,1.0,1.0,1.0,1.0,1.0,1.0,1.0,1.0,0.0,0.0,1.0,1.0,1.0,1.0,1.0,1.0,1.0,1.0
625,512,1.0,1.0,1.0,1.0,1.0,1.0,1.0,1.0,0.0,0.0,1.0,1.0,1.0,1.0,1.0,1.0,1.0,1.0
626,64,1.0,1.0,1.0,1.0,1.0,1.0,1.0,1.0,0.26666666666666666,0.26666666666666666,1.0,1.0,1.0,1.0,1.0,1.0,1.0,1.0
626,128,1.0,1.0,1.0,1.0,1.0,1.0,1.0,1.0,0.4666666666666667,0.4666666666666667,1.0,1.0,1.0,1.0,1.0,1.0,1.0,1.0
626,256,1.0,1.0,1.0,1.0,1.0,1.0,1.0,1.0,0.43333333333333335,0.43333333333333335,1.0,1.0,1.0,1.0,1.0,1.0,1.0,1.0
626,512,1.0,1.0,1.0,1.0,1.0,1.0,1.0,1.0,0.2,0.2,1.0,1.0,1.0,1.0,1.0,1.0,1.0,1.0
627,64,1.0,1.0,1.0,1.0,1.0,1.0,1.0,1.0,0.6333333333333333,0.6333333333333333,1.0,1.0,1.0,1.0,1.0,1.0,1.0,1.0
627,128,1.0,1.0,1.0,1.0,1.0,1.0,1.0,1.0,0.8,0.8,1.0,1.0,1.0,1.0,1.0,1.0,1.0,1.0
627,256,1.0,1.0,1.0,1.0,1.0,1.0,1.0,1.0,0.8333333333333334,0.8333333333333334,1.0,1.0,1.0,1.0,1.0,1.0,1.0,1.0
627,512,1.0,1.0,1.0,1.0,1.0,1.0,1.0,1.0,0.9,0.9,1.0,1.0,1.0,1.0,1.0,1.0,1.0,1.0
628,64,1.0,1.0,1.0,1.0,1.0,1.0,1.0,1.0,0.36666666666666664,0.36666666666666664,1.0,1.0,1.0,1.0,1.0,1.0,1.0,1.0
628,128,1.0,1.0,1.0,1.0,1.0,1.0,1.0,1.0,0.23333333333333334,0.23333333333333334,1.0,1.0,1.0,1.0,1.0,1.0,1.0,1.0
628,256,1.0,1.0,1.0,1.0,1.0,1.0,1.0,1.0,0.06666666666666667,0.06666666666666667,1.0,1.0,1.0,1.0,1.0,1.0,1.0,1.0
628,512,1.0,1.0,1.0,1.0,1.0,1.0,1.0,1.0,0.03333333333333333,0.03333333333333333,1.0,1.0,1.0,1.0,1.0,1.0,1.0,1.0
629,64,1.0,1.0,1.0,1.0,1.0,1.0,1.0,1.0,0.8,0.8,1.0,1.0,1.0,1.0,1.0,1.0,1.0,1.0
629,128,1.0,1.0,1.0,1.0,1.0,1.0,1.0,1.0,0.7666666666666667,0.7666666666666667,1.0,1.0,1.0,1.0,1.0,1.0,1.0,1.0
629,256,1.0,1.0,1.0,1.0,1.0,1.0,1.0,1.0,0.9333333333333333,0.9333333333333333,1.0,1.0,1.0,1.0,1.0,1.0,1.0,1.0
629,512,1.0,1.0,1.0,1.0,1.0,1.0,1.0,1.0,1.0,1.0,1.0,1.0,1.0,1.0,1.0,1.0,1.0,1.0
630,64,1.0,1.0,1.0,1.0,1.0,1.0,1.0,1.0,0.4,0.4,1.0,1.0,1.0,1.0,1.0,1.0,1.0,1.0
630,128,1.0,1.0,1.0,1.0,1.0,1.0,1.0,1.0,0.36666666666666664,0.36666666666666664,1.0,1.0,1.0,1.0,1.0,1.0,1.0,1.0
630,256,1.0,1.0,1.0,1.0,1.0,1.0,1.0,1.0,0.5333333333333333,0.5333333333333333,1.0,1.0,1.0,1.0,1.0,1.0,1.0,1.0
630,512,1.0,1.0,1.0,1.0,1.0,1.0,1.0,1.0,0.36666666666666664,0.36666666666666664,1.0,1.0,1.0,1.0,1.0,1.0,1.0,1.0
631,64,1.0,1.0,1.0,1.0,1.0,1.0,1.0,1.0,0.7666666666666667,0.7666666666666667,1.0,1.0,1.0,1.0,1.0,1.0,1.0,1.0
631,128,1.0,1.0,1.0,1.0,1.0,1.0,1.0,1.0,0.8666666666666667,0.8666666666666667,1.0,1.0,1.0,1.0,1.0,1.0,1.0,1.0
631,256,1.0,1.0,1.0,1.0,1.0,1.0,1.0,1.0,0.9333333333333333,0.9333333333333333,1.0,1.0,1.0,1.0,1.0,1.0,1.0,1.0
631,512,1.0,1.0,1.0,1.0,1.0,1.0,1.0,1.0,1.0,1.0,1.0,1.0,1.0,1.0,1.0,1.0,1.0,1.0
632,64,1.0,1.0,1.0,1.0,1.0,1.0,1.0,1.0,0.5333333333333333,0.5333333333333333,1.0,1.0,1.0,1.0,1.0,1.0,1.0,1.0
632,128,1.0,1.0,1.0,1.0,1.0,1.0,1.0,1.0,0.4,0.4,1.0,1.0,1.0,1.0,1.0,1.0,1.0,1.0
632,256,1.0,1.0,1.0,1.0,1.0,1.0,1.0,1.0,0.36666666666666664,0.36666666666666664,1.0,1.0,1.0,1.0,1.0,1.0,1.0,1.0
632,512,1.0,1.0,1.0,1.0,1.0,1.0,1.0,1.0,0.43333333333333335,0.43333333333333335,1.0,1.0,1.0,1.0,1.0,1.0,1.0,1.0
633,64,1.0,1.0,1.0,1.0,1.0,1.0,1.0,1.0,0.9666666666666667,0.9666666666666667,1.0,1.0,1.0,1.0,1.0,1.0,1.0,1.0
633,128,1.0,1.0,1.0,1.0,1.0,1.0,1.0,1.0,1.0,1.0,1.0,1.0,1.0,1.0,1.0,1.0,1.0,1.0
633,256,1.0,1.0,1.0,1.0,1.0,1.0,1.0,1.0,1.0,1.0,1.0,1.0,1.0,1.0,1.0,1.0,1.0,1.0
633,512,1.0,1.0,1.0,1.0,1.0,1.0,1.0,1.0,1.0,1.0,1.0,1.0,1.0,1.0,1.0,1.0,1.0,1.0
634,64,1.0,1.0,1.0,1.0,1.0,1.0,1.0,1.0,0.9,0.9,1.0,1.0,1.0,1.0,1.0,1.0,1.0,1.0
634,128,1.0,1.0,1.0,1.0,1.0,1.0,1.0,1.0,0.9666666666666667,0.9666666666666667,1.0,1.0,1.0,1.0,1.0,1.0,1.0,1.0
634,256,1.0,1.0,1.0,1.0,1.0,1.0,1.0,1.0,1.0,1.0,1.0,1.0,1.0,1.0,1.0,1.0,1.0,1.0
634,512,1.0,1.0,1.0,1.0,1.0,1.0,1.0,1.0,1.0,1.0,1.0,1.0,1.0,1.0,1.0,1.0,1.0,1.0
635,64,1.0,1.0,1.0,1.0,1.0,1.0,1.0,1.0,0.9333333333333333,0.9333333333333333,1.0,1.0,1.0,1.0,1.0,1.0,1.0,1.0
635,128,1.0,1.0,1.0,1.0,1.0,1.0,1.0,1.0,1.0,1.0,1.0,1.0,1.0,1.0,1.0,1.0,1.0,1.0
635,256,1.0,1.0,1.0,1.0,1.0,1.0,1.0,1.0,1.0,1.0,1.0,1.0,1.0,1.0,1.0,1.0,1.0,1.0
635,512,1.0,1.0,1.0,1.0,1.0,1.0,1.0,1.0,1.0,1.0,1.0,1.0,1.0,1.0,1.0,1.0,1.0,1.0
636,64,1.0,1.0,1.0,1.0,1.0,1.0,1.0,1.0,0.9,0.9,1.0,1.0,1.0,1.0,1.0,1.0,1.0,1.0
636,128,1.0,1.0,1.0,1.0,1.0,1.0,1.0,1.0,1.0,1.0,1.0,1.0,1.0,1.0,1.0,1.0,1.0,1.0
636,256,1.0,1.0,1.0,1.0,1.0,1.0,1.0,1.0,1.0,1.0,1.0,1.0,1.0,1.0,1.0,1.0,1.0,1.0
636,512,1.0,1.0,1.0,1.0,1.0,1.0,1.0,1.0,1.0,1.0,1.0,1.0,1.0,1.0,1.0,1.0,1.0,1.0
637,64,1.0,1.0,1.0,1.0,1.0,1.0,1.0,1.0,0.9666666666666667,0.9666666666666667,1.0,1.0,1.0,1.0,1.0,1.0,1.0,1.0
637,128,1.0,1.0,1.0,1.0,1.0,1.0,1.0,1.0,0.9666666666666667,0.9666666666666667,1.0,1.0,1.0,1.0,1.0,1.0,1.0,1.0
637,256,1.0,1.0,1.0,1.0,1.0,1.0,1.0,1.0,1.0,1.0,1.0,1.0,1.0,1.0,1.0,1.0,1.0,1.0
637,512,1.0,1.0,1.0,1.0,1.0,1.0,1.0,1.0,1.0,1.0,1.0,1.0,1.0,1.0,1.0,1.0,1.0,1.0
638,64,1.0,1.0,1.0,1.0,1.0,1.0,1.0,1.0,0.9,0.9,1.0,1.0,1.0,1.0,1.0,1.0,1.0,1.0
638,128,1.0,1.0,1.0,1.0,1.0,1.0,1.0,1.0,1.0,1.0,1.0,1.0,1.0,1.0,1.0,1.0,1.0,1.0
638,256,1.0,1.0,1.0,1.0,1.0,1.0,1.0,1.0,1.0,1.0,1.0,1.0,1.0,1.0,1.0,1.0,1.0,1.0
638,512,1.0,1.0,1.0,1.0,1.0,1.0,1.0,1.0,1.0,1.0,1.0,1.0,1.0,1.0,1.0,1.0,1.0,1.0
639,64,1.0,1.0,1.0,1.0,1.0,1.0,1.0,1.0,0.8333333333333334,0.8333333333333334,1.0,1.0,1.0,1.0,1.0,1.0,1.0,1.0
639,128,1.0,1.0,1.0,1.0,1.0,1.0,1.0,1.0,0.9666666666666667,0.9666666666666667,1.0,1.0,1.0,1.0,1.0,1.0,1.0,1.0
639,256,1.0,1.0,1.0,1.0,1.0,1.0,1.0,1.0,1.0,1.0,1.0,1.0,1.0,1.0,1.0,1.0,1.0,1.0
639,512,1.0,1.0,1.0,1.0,1.0,1.0,1.0,1.0,1.0,1.0,1.0,1.0,1.0,1.0,1.0,1.0,1.0,1.0
640,64,1.0,1.0,1.0,1.0,1.0,1.0,1.0,1.0,0.9666666666666667,0.9666666666666667,1.0,1.0,1.0,1.0,1.0,1.0,1.0,1.0
640,128,1.0,1.0,1.0,1.0,1.0,1.0,1.0,1.0,0.9666666666666667,0.9666666666666667,1.0,1.0,1.0,1.0,1.0,1.0,1.0,1.0
640,256,1.0,1.0,1.0,1.0,1.0,1.0,1.0,1.0,1.0,1.0,1.0,1.0,1.0,1.0,1.0,1.0,1.0,1.0
640,512,1.0,1.0,1.0,1.0,1.0,1.0,1.0,1.0,1.0,1.0,1.0,1.0,1.0,1.0,1.0,1.0,1.0,1.0
641,64,1.0,1.0,1.0,1.0,1.0,1.0,1.0,1.0,1.0,1.0,1.0,1.0,1.0,1.0,1.0,1.0,1.0,1.0
641,128,1.0,1.0,1.0,1.0,1.0,1.0,1.0,1.0,1.0,1.0,1.0,1.0,1.0,1.0,1.0,1.0,1.0,1.0
641,256,1.0,1.0,1.0,1.0,1.0,1.0,1.0,1.0,1.0,1.0,1.0,1.0,1.0,1.0,1.0,1.0,1.0,1.0
641,512,1.0,1.0,1.0,1.0,1.0,1.0,1.0,1.0,1.0,1.0,1.0,1.0,1.0,1.0,1.0,1.0,1.0,1.0
642,64,1.0,1.0,1.0,1.0,1.0,1.0,1.0,1.0,0.43333333333333335,0.43333333333333335,1.0,1.0,1.0,1.0,1.0,1.0,1.0,1.0
642,128,1.0,1.0,1.0,1.0,1.0,1.0,1.0,1.0,0.43333333333333335,0.43333333333333335,1.0,1.0,1.0,1.0,1.0,1.0,1.0,1.0
642,256,1.0,1.0,1.0,1.0,1.0,1.0,1.0,1.0,0.36666666666666664,0.36666666666666664,1.0,1.0,1.0,1.0,1.0,1.0,1.0,1.0
642,512,1.0,1.0,1.0,1.0,1.0,1.0,1.0,1.0,0.1,0.1,1.0,1.0,1.0,1.0,1.0,1.0,1.0,1.0
643,64,1.0,1.0,1.0,1.0,1.0,1.0,1.0,1.0,0.8666666666666667,0.8666666666666667,1.0,1.0,1.0,1.0,1.0,1.0,1.0,1.0
643,128,1.0,1.0,1.0,1.0,1.0,1.0,1.0,1.0,0.9666666666666667,0.9666666666666667,1.0,1.0,1.0,1.0,1.0,1.0,1.0,1.0
643,256,1.0,1.0,1.0,1.0,1.0,1.0,1.0,1.0,1.0,1.0,1.0,1.0,1.0,1.0,1.0,1.0,1.0,1.0
643,512,1.0,1.0,1.0,1.0,1.0,1.0,1.0,1.0,1.0,1.0,1.0,1.0,1.0,1.0,1.0,1.0,1.0,1.0
644,64,1.0,1.0,1.0,1.0,1.0,1.0,1.0,1.0,0.36666666666666664,0.36666666666666664,1.0,1.0,1.0,1.0,1.0,1.0,1.0,1.0
644,128,1.0,1.0,1.0,1.0,1.0,1.0,1.0,1.0,0.5666666666666667,0.5666666666666667,1.0,1.0,1.0,1.0,1.0,1.0,1.0,1.0
644,256,1.0,1.0,1.0,1.0,1.0,1.0,1.0,1.0,0.4666666666666667,0.4666666666666667,1.0,1.0,1.0,1.0,1.0,1.0,1.0,1.0
644,512,1.0,1.0,1.0,1.0,1.0,1.0,1.0,1.0,0.5,0.5,1.0,1.0,1.0,1.0,1.0,1.0,1.0,1.0
645,64,1.0,1.0,1.0,1.0,1.0,1.0,1.0,1.0,0.4,0.4,1.0,1.0,1.0,1.0,1.0,1.0,1.0,1.0
645,128,1.0,1.0,1.0,1.0,1.0,1.0,1.0,1.0,0.16666666666666666,0.16666666666666666,1.0,1.0,1.0,1.0,1.0,1.0,1.0,1.0
645,256,1.0,1.0,1.0,1.0,1.0,1.0,1.0,1.0,0.1,0.1,1.0,1.0,1.0,1.0,1.0,1.0,1.0,1.0
645,512,1.0,1.0,1.0,1.0,1.0,1.0,1.0,1.0,0.0,0.0,1.0,1.0,1.0,1.0,1.0,1.0,1.0,1.0
646,64,1.0,1.0,1.0,1.0,1.0,1.0,1.0,1.0,0.3333333333333333,0.3333333333333333,1.0,1.0,1.0,1.0,1.0,1.0,1.0,1.0
646,128,1.0,1.0,1.0,1.0,1.0,1.0,1.0,1.0,0.13333333333333333,0.13333333333333333,1.0,1.0,1.0,1.0,1.0,1.0,1.0,1.0
646,256,1.0,1.0,1.0,1.0,1.0,1.0,1.0,1.0,0.23333333333333334,0.23333333333333334,1.0,1.0,1.0,1.0,1.0,1.0,1.0,1.0
646,512,1.0,1.0,1.0,1.0,1.0,1.0,1.0,1.0,0.0,0.0,1.0,1.0,1.0,1.0,1.0,1.0,1.0,1.0
647,64,1.0,1.0,1.0,1.0,1.0,1.0,1.0,1.0,0.43333333333333335,0.43333333333333335,1.0,1.0,1.0,1.0,1.0,1.0,1.0,1.0
647,128,1.0,1.0,1.0,1.0,1.0,1.0,1.0,1.0,0.26666666666666666,0.26666666666666666,1.0,1.0,1.0,1.0,1.0,1.0,1.0,1.0
647,256,1.0,1.0,1.0,1.0,1.0,1.0,1.0,1.0,0.16666666666666666,0.16666666666666666,1.0,1.0,1.0,1.0,1.0,1.0,1.0,1.0
647,512,1.0,1.0,1.0,1.0,1.0,1.0,1.0,1.0,0.13333333333333333,0.13333333333333333,1.0,1.0,1.0,1.0,1.0,1.0,1.0,1.0
648,64,1.0,1.0,1.0,1.0,1.0,1.0,1.0,1.0,0.23333333333333334,0.23333333333333334,1.0,1.0,1.0,1.0,1.0,1.0,1.0,1.0
648,128,1.0,1.0,1.0,1.0,1.0,1.0,1.0,1.0,0.16666666666666666,0.16666666666666666,1.0,1.0,1.0,1.0,1.0,1.0,1.0,1.0
648,256,1.0,1.0,1.0,1.0,1.0,1.0,1.0,1.0,0.13333333333333333,0.13333333333333333,1.0,1.0,1.0,1.0,1.0,1.0,1.0,1.0
648,512,1.0,1.0,1.0,1.0,1.0,1.0,1.0,1.0,0.0,0.0,1.0,1.0,1.0,1.0,1.0,1.0,1.0,1.0
649,64,1.0,1.0,1.0,1.0,1.0,1.0,1.0,1.0,0.3,0.3,1.0,1.0,1.0,1.0,1.0,1.0,1.0,1.0
649,128,1.0,1.0,1.0,1.0,1.0,1.0,1.0,1.0,0.4,0.4,1.0,1.0,1.0,1.0,1.0,1.0,1.0,1.0
649,256,1.0,1.0,1.0,1.0,1.0,1.0,1.0,1.0,0.23333333333333334,0.23333333333333334,1.0,1.0,1.0,1.0,1.0,1.0,1.0,1.0
649,512,1.0,1.0,1.0,1.0,1.0,1.0,1.0,1.0,0.1,0.1,1.0,1.0,1.0,1.0,1.0,1.0,1.0,1.0
650,64,1.0,1.0,1.0,1.0,1.0,1.0,1.0,1.0,0.8333333333333334,0.8333333333333334,1.0,1.0,1.0,1.0,1.0,1.0,1.0,1.0
650,128,1.0,1.0,1.0,1.0,1.0,1.0,1.0,1.0,0.9666666666666667,0.9666666666666667,1.0,1.0,1.0,1.0,1.0,1.0,1.0,1.0
650,256,1.0,1.0,1.0,1.0,1.0,1.0,1.0,1.0,1.0,1.0,1.0,1.0,1.0,1.0,1.0,1.0,1.0,1.0
650,512,1.0,1.0,1.0,1.0,1.0,1.0,1.0,1.0,1.0,1.0,1.0,1.0,1.0,1.0,1.0,1.0,1.0,1.0
651,64,1.0,1.0,1.0,1.0,1.0,1.0,0.9333333333333333,0.9333333333333333,0.0,0.0,1.0,1.0,1.0,1.0,1.0,1.0,1.0,1.0
651,128,1.0,1.0,1.0,1.0,1.0,1.0,0.9666666666666667,0.9666666666666667,0.03333333333333333,0.03333333333333333,1.0,1.0,1.0,1.0,1.0,1.0,1.0,1.0
651,256,1.0,1.0,1.0,1.0,1.0,1.0,1.0,1.0,0.0,0.0,1.0,1.0,1.0,1.0,1.0,1.0,1.0,1.0
651,512,1.0,1.0,1.0,1.0,1.0,1.0,1.0,1.0,0.0,0.0,1.0,1.0,1.0,1.0,1.0,1.0,1.0,1.0
652,64,0.03333333333333333,0.0,0.03333333333333333,0.0,0.03333333333333333,0.0,0.0,0.0,0.0,0.0,0.0,0.0,0.0,0.0,0.0,0.0,0.0,0.0
652,128,0.06666666666666667,0.0,0.03333333333333333,0.0,0.03333333333333333,0.0,0.0,0.0,0.0,0.0,0.0,0.0,0.0,0.0,0.0,0.0,0.0,0.0
652,256,0.26666666666666666,0.0,0.16666666666666666,0.0,0.13333333333333333,0.0,0.0,0.0,0.0,0.0,0.0,0.0,0.0,0.0,0.0,0.0,0.0,0.0
652,512,0.5333333333333333,0.0,0.5,0.0,0.2,0.0,0.0,0.0,0.0,0.0,0.0,0.0,0.0,0.0,0.0,0.0,0.0,0.0
653,64,0.0,0.0,0.0,0.0,0.0,0.0,0.0,0.0,0.0,0.0,0.0,0.0,0.0,0.0,0.0,0.0,0.0,0.0
653,128,0.0,0.0,0.0,0.0,0.0,0.0,0.0,0.0,0.0,0.0,0.0,0.0,0.0,0.0,0.0,0.0,0.0,0.0
653,256,0.0,0.0,0.0,0.0,0.0,0.0,0.0,0.0,0.0,0.0,0.0,0.0,0.0,0.0,0.0,0.0,0.0,0.0
653,512,0.0,0.0,0.0,0.0,0.0,0.0,0.0,0.0,0.0,0.0,0.0,0.0,0.0,0.0,0.0,0.0,0.0,0.0
654,64,0.06666666666666667,0.03333333333333333,0.03333333333333333,0.03333333333333333,0.03333333333333333,0.03333333333333333,0.0,0.0,0.0,0.0,0.0,0.0,0.0,0.0,0.0,0.0,0.0,0.0
654,128,0.13333333333333333,0.13333333333333333,0.06666666666666667,0.06666666666666667,0.06666666666666667,0.06666666666666667,0.0,0.0,0.0,0.0,0.0,0.0,0.0,0.0,0.0,0.0,0.0,0.0
654,256,0.13333333333333333,0.03333333333333333,0.1,0.0,0.1,0.0,0.0,0.0,0.0,0.0,0.0,0.0,0.0,0.0,0.0,0.0,0.0,0.0
654,512,0.2,0.2,0.06666666666666667,0.1,0.0,0.0,0.0,0.0,0.0,0.0,0.0,0.0,0.0,0.0,0.0,0.0,0.0,0.0
655,64,0.1,0.1,0.1,0.1,0.1,0.1,0.0,0.0,0.0,0.0,0.0,0.0,0.0,0.0,0.0,0.0,0.0,0.0
655,128,0.3333333333333333,0.3333333333333333,0.26666666666666666,0.26666666666666666,0.23333333333333334,0.23333333333333334,0.03333333333333333,0.03333333333333333,0.0,0.0,0.0,0.0,0.0,0.0,0.0,0.0,0.0,0.0
655,256,0.5666666666666667,0.5666666666666667,0.5,0.5,0.43333333333333335,0.43333333333333335,0.06666666666666667,0.06666666666666667,0.0,0.0,0.0,0.0,0.0,0.0,0.0,0.0,0.0,0.0
655,512,0.9666666666666667,0.8666666666666667,0.9333333333333333,0.8333333333333334,0.9333333333333333,0.8333333333333334,0.26666666666666666,0.2,0.0,0.0,0.0,0.0,0.0,0.0,0.0,0.0,0.0,0.0
656,64,0.13333333333333333,0.0,0.03333333333333333,0.0,0.03333333333333333,0.0,0.0,0.0,0.0,0.0,0.0,0.0,0.0,0.0,0.0,0.0,0.0,0.0
656,128,0.0,0.06666666666666667,0.0,0.0,0.0,0.0,0.0,0.0,0.0,0.0,0.0,0.0,0.0,0.0,0.0,0.0,0.0,0.0
656,256,0.03333333333333333,0.0,0.03333333333333333,0.0,0.0,0.0,0.0,0.0,0.0,0.0,0.0,0.0,0.0,0.0,0.0,0.0,0.0,0.0
656,512,0.1,0.03333333333333333,0.1,0.0,0.03333333333333333,0.0,0.0,0.0,0.0,0.0,0.0,0.0,0.0,0.0,0.0,0.0,0.0,0.0
657,64,0.0,0.0,0.0,0.0,0.0,0.0,0.0,0.0,0.0,0.0,0.0,0.0,0.0,0.0,0.0,0.0,0.0,0.0
657,128,0.13333333333333333,0.06666666666666667,0.1,0.0,0.1,0.0,0.0,0.0,0.0,0.0,0.0,0.0,0.0,0.0,0.0,0.0,0.0,0.0
657,256,0.06666666666666667,0.03333333333333333,0.03333333333333333,0.0,0.03333333333333333,0.0,0.0,0.0,0.0,0.0,0.0,0.0,0.0,0.0,0.0,0.0,0.0,0.0
657,512,0.13333333333333333,0.06666666666666667,0.13333333333333333,0.03333333333333333,0.03333333333333333,0.0,0.0,0.0,0.0,0.0,0.0,0.0,0.0,0.0,0.0,0.0,0.0,0.0
658,64,0.13333333333333333,0.13333333333333333,0.1,0.1,0.1,0.1,0.0,0.0,0.0,0.0,0.0,0.0,0.0,0.0,0.0,0.0,0.0,0.0
658,128,0.23333333333333334,0.2,0.16666666666666666,0.13333333333333333,0.16666666666666666,0.13333333333333333,0.0,0.0,0.0,0.0,0.0,0.0,0.0,0.0,0.0,0.0,0.0,0.0
658,256,0.5,0.13333333333333333,0.43333333333333335,0.06666666666666667,0.3,0.06666666666666667,0.03333333333333333,0.0,0.0,0.0,0.0,0.0,0.0,0.0,0.0,0.0,0.0,0.0
658,512,0.5333333333333333,0.16666666666666666,0.4,0.1,0.23333333333333334,0.03333333333333333,0.0,0.0,0.0,0.0,0.0,0.0,0.0,0.0,0.0,0.0,0.0,0.0
659,64,0.03333333333333333,0.0,0.03333333333333333,0.0,0.03333333333333333,0.0,0.0,0.0,0.0,0.0,0.0,0.0,0.0,0.0,0.0,0.0,0.0,0.0
659,128,0.1,0.0,0.1,0.0,0.1,0.0,0.03333333333333333,0.0,0.0,0.0,0.0,0.0,0.0,0.0,0.0,0.0,0.0,0.0
659,256,0.06666666666666667,0.0,0.0,0.0,0.0,0.0,0.0,0.0,0.0,0.0,0.0,0.0,0.0,0.0,0.0,0.0,0.0,0.0
659,512,0.16666666666666666,0.0,0.03333333333333333,0.0,0.0,0.0,0.0,0.0,0.0,0.0,0.0,0.0,0.0,0.0,0.0,0.0,0.0,0.0
660,64,0.06666666666666667,0.0,0.06666666666666667,0.0,0.06666666666666667,0.0,0.0,0.0,0.0,0.0,0.0,0.0,0.0,0.0,0.0,0.0,0.0,0.0
660,128,0.06666666666666667,0.0,0.0,0.0,0.0,0.0,0.0,0.0,0.0,0.0,0.0,0.0,0.0,0.0,0.0,0.0,0.0,0.0
660,256,0.0,0.0,0.0,0.0,0.0,0.0,0.0,0.0,0.0,0.0,0.0,0.0,0.0,0.0,0.0,0.0,0.0,0.0
660,512,0.06666666666666667,0.0,0.0,0.0,0.0,0.0,0.0,0.0,0.0,0.0,0.0,0.0,0.0,0.0,0.0,0.0,0.0,0.0
661,64,0.03333333333333333,0.0,0.03333333333333333,0.0,0.03333333333333333,0.0,0.0,0.0,0.0,0.0,0.0,0.0,0.0,0.0,0.0,0.0,0.0,0.0
661,128,0.06666666666666667,0.0,0.03333333333333333,0.0,0.03333333333333333,0.0,0.0,0.0,0.0,0.0,0.0,0.0,0.0,0.0,0.0,0.0,0.0,0.0
661,256,0.16666666666666666,0.0,0.1,0.0,0.1,0.0,0.0,0.0,0.0,0.0,0.0,0.0,0.0,0.0,0.0,0.0,0.0,0.0
661,512,0.4666666666666667,0.0,0.4,0.0,0.06666666666666667,0.0,0.0,0.0,0.0,0.0,0.0,0.0,0.0,0.0,0.0,0.0,0.0,0.0
662,64,0.0,0.0,0.0,0.0,0.0,0.0,0.0,0.0,0.0,0.0,0.0,0.0,0.0,0.0,0.0,0.0,0.0,0.0
662,128,0.1,0.0,0.0,0.0,0.0,0.0,0.0,0.0,0.0,0.0,0.0,0.0,0.0,0.0,0.0,0.0,0.0,0.0
662,256,0.1,0.0,0.06666666666666667,0.0,0.06666666666666667,0.0,0.0,0.0,0.0,0.0,0.0,0.0,0.0,0.0,0.0,0.0,0.0,0.0
662,512,0.16666666666666666,0.0,0.06666666666666667,0.0,0.03333333333333333,0.0,0.0,0.0,0.0,0.0,0.0,0.0,0.0,0.0,0.0,0.0,0.0,0.0
663,64,0.0,0.0,0.0,0.0,0.0,0.0,0.0,0.0,0.0,0.0,0.0,0.0,0.0,0.0,0.0,0.0,0.0,0.0
663,128,0.0,0.0,0.0,0.0,0.0,0.0,0.0,0.0,0.0,0.0,0.0,0.0,0.0,0.0,0.0,0.0,0.0,0.0
663,256,0.06666666666666667,0.0,0.0,0.0,0.0,0.0,0.0,0.0,0.0,0.0,0.0,0.0,0.0,0.0,0.0,0.0,0.0,0.0
663,512,0.03333333333333333,0.0,0.0,0.0,0.0,0.0,0.0,0.0,0.0,0.0,0.0,0.0,0.0,0.0,0.0,0.0,0.0,0.0
664,64,0.0,0.0,0.0,0.0,0.0,0.0,0.0,0.0,0.0,0.0,0.0,0.0,0.0,0.0,0.0,0.0,0.0,0.0
664,128,0.1,0.0,0.06666666666666667,0.0,0.06666666666666667,0.0,0.0,0.0,0.0,0.0,0.0,0.0,0.0,0.0,0.0,0.0,0.0,0.0
664,256,0.03333333333333333,0.0,0.03333333333333333,0.0,0.03333333333333333,0.0,0.0,0.0,0.0,0.0,0.0,0.0,0.0,0.0,0.0,0.0,0.0,0.0
664,512,0.4,0.0,0.26666666666666666,0.0,0.16666666666666666,0.0,0.0,0.0,0.0,0.0,0.0,0.0,0.0,0.0,0.0,0.0,0.0,0.0
665,64,0.0,0.0,0.0,0.0,0.0,0.0,0.0,0.0,0.0,0.0,0.0,0.0,0.0,0.0,0.0,0.0,0.0,0.0
665,128,0.0,0.0,0.0,0.0,0.0,0.0,0.0,0.0,0.0,0.0,0.0,0.0,0.0,0.0,0.0,0.0,0.0,0.0
665,256,0.03333333333333333,0.0,0.0,0.0,0.0,0.0,0.0,0.0,0.0,0.0,0.0,0.0,0.0,0.0,0.0,0.0,0.0,0.0
665,512,0.0,0.0,0.0,0.0,0.0,0.0,0.0,0.0,0.0,0.0,0.0,0.0,0.0,0.0,0.0,0.0,0.0,0.0
666,64,0.0,0.0,0.0,0.0,0.0,0.0,0.0,0.0,0.0,0.0,0.0,0.0,0.0,0.0,0.0,0.0,0.0,0.0
666,128,0.0,0.0,0.0,0.0,0.0,0.0,0.0,0.0,0.0,0.0,0.0,0.0,0.0,0.0,0.0,0.0,0.0,0.0
666,256,0.0,0.0,0.0,0.0,0.0,0.0,0.0,0.0,0.0,0.0,0.0,0.0,0.0,0.0,0.0,0.0,0.0,0.0
666,512,0.0,0.0,0.0,0.0,0.0,0.0,0.0,0.0,0.0,0.0,0.0,0.0,0.0,0.0,0.0,0.0,0.0,0.0
667,64,0.0,0.0,0.0,0.0,0.0,0.0,0.0,0.0,0.0,0.0,0.0,0.0,0.0,0.0,0.0,0.0,0.0,0.0
667,128,0.0,0.0,0.0,0.0,0.0,0.0,0.0,0.0,0.0,0.0,0.0,0.0,0.0,0.0,0.0,0.0,0.0,0.0
667,256,0.0,0.0,0.0,0.0,0.0,0.0,0.0,0.0,0.0,0.0,0.0,0.0,0.0,0.0,0.0,0.0,0.0,0.0
667,512,0.0,0.0,0.0,0.0,0.0,0.0,0.0,0.0,0.0,0.0,0.0,0.0,0.0,0.0,0.0,0.0,0.0,0.0
668,64,0.03333333333333333,0.0,0.0,0.0,0.0,0.0,0.0,0.0,0.0,0.0,0.0,0.0,0.0,0.0,0.0,0.0,0.0,0.0
668,128,0.0,0.0,0.0,0.0,0.0,0.0,0.0,0.0,0.0,0.0,0.0,0.0,0.0,0.0,0.0,0.0,0.0,0.0
668,256,0.03333333333333333,0.0,0.03333333333333333,0.0,0.03333333333333333,0.0,0.0,0.0,0.0,0.0,0.0,0.0,0.0,0.0,0.0,0.0,0.0,0.0
668,512,0.03333333333333333,0.0,0.03333333333333333,0.0,0.03333333333333333,0.0,0.0,0.0,0.0,0.0,0.0,0.0,0.0,0.0,0.0,0.0,0.0,0.0
669,64,0.0,0.0,0.0,0.0,0.0,0.0,0.0,0.0,0.0,0.0,0.0,0.0,0.0,0.0,0.0,0.0,0.0,0.0
669,128,0.0,0.0,0.0,0.0,0.0,0.0,0.0,0.0,0.0,0.0,0.0,0.0,0.0,0.0,0.0,0.0,0.0,0.0
669,256,0.0,0.0,0.0,0.0,0.0,0.0,0.0,0.0,0.0,0.0,0.0,0.0,0.0,0.0,0.0,0.0,0.0,0.0
669,512,0.0,0.0,0.0,0.0,0.0,0.0,0.0,0.0,0.0,0.0,0.0,0.0,0.0,0.0,0.0,0.0,0.0,0.0
670,64,0.0,0.0,0.0,0.0,0.0,0.0,0.0,0.0,0.0,0.0,0.0,0.0,0.0,0.0,0.0,0.0,0.0,0.0
670,128,0.0,0.0,0.0,0.0,0.0,0.0,0.0,0.0,0.0,0.0,0.0,0.0,0.0,0.0,0.0,0.0,0.0,0.0
670,256,0.0,0.0,0.0,0.0,0.0,0.0,0.0,0.0,0.0,0.0,0.0,0.0,0.0,0.0,0.0,0.0,0.0,0.0
670,512,0.0,0.0,0.0,0.0,0.0,0.0,0.0,0.0,0.0,0.0,0.0,0.0,0.0,0.0,0.0,0.0,0.0,0.0
671,64,0.0,0.0,0.0,0.0,0.0,0.0,0.0,0.0,0.0,0.0,0.0,0.0,0.0,0.0,0.0,0.0,0.0,0.0
671,128,0.13333333333333333,0.0,0.1,0.0,0.1,0.0,0.0,0.0,0.0,0.0,0.0,0.0,0.0,0.0,0.0,0.0,0.0,0.0
671,256,0.06666666666666667,0.0,0.06666666666666667,0.0,0.06666666666666667,0.0,0.0,0.0,0.0,0.0,0.0,0.0,0.0,0.0,0.0,0.0,0.0,0.0
671,512,0.13333333333333333,0.0,0.06666666666666667,0.0,0.06666666666666667,0.0,0.0,0.0,0.0,0.0,0.0,0.0,0.0,0.0,0.0,0.0,0.0,0.0
672,64,0.0,0.0,0.0,0.0,0.0,0.0,0.0,0.0,0.0,0.0,0.0,0.0,0.0,0.0,0.0,0.0,0.0,0.0
672,128,0.0,0.0,0.0,0.0,0.0,0.0,0.0,0.0,0.0,0.0,0.0,0.0,0.0,0.0,0.0,0.0,0.0,0.0
672,256,0.0,0.0,0.0,0.0,0.0,0.0,0.0,0.0,0.0,0.0,0.0,0.0,0.0,0.0,0.0,0.0,0.0,0.0
672,512,0.0,0.0,0.0,0.0,0.0,0.0,0.0,0.0,0.0,0.0,0.0,0.0,0.0,0.0,0.0,0.0,0.0,0.0
673,64,0.0,0.0,0.0,0.0,0.0,0.0,0.0,0.0,0.0,0.0,0.0,0.0,0.0,0.0,0.0,0.0,0.0,0.0
673,128,0.0,0.0,0.0,0.0,0.0,0.0,0.0,0.0,0.0,0.0,0.0,0.0,0.0,0.0,0.0,0.0,0.0,0.0
673,256,0.0,0.0,0.0,0.0,0.0,0.0,0.0,0.0,0.0,0.0,0.0,0.0,0.0,0.0,0.0,0.0,0.0,0.0
673,512,0.0,0.0,0.0,0.0,0.0,0.0,0.0,0.0,0.0,0.0,0.0,0.0,0.0,0.0,0.0,0.0,0.0,0.0
674,64,0.0,0.0,0.0,0.0,0.0,0.0,0.0,0.0,0.0,0.0,0.0,0.0,0.0,0.0,0.0,0.0,0.0,0.0
674,128,0.0,0.0,0.0,0.0,0.0,0.0,0.0,0.0,0.0,0.0,0.0,0.0,0.0,0.0,0.0,0.0,0.0,0.0
674,256,0.0,0.0,0.0,0.0,0.0,0.0,0.0,0.0,0.0,0.0,0.0,0.0,0.0,0.0,0.0,0.0,0.0,0.0
674,512,0.0,0.0,0.0,0.0,0.0,0.0,0.0,0.0,0.0,0.0,0.0,0.0,0.0,0.0,0.0,0.0,0.0,0.0
675,64,0.0,0.0,0.0,0.0,0.0,0.0,0.0,0.0,0.0,0.0,0.0,0.0,0.0,0.0,0.0,0.0,0.0,0.0
675,128,0.0,0.0,0.0,0.0,0.0,0.0,0.0,0.0,0.0,0.0,0.0,0.0,0.0,0.0,0.0,0.0,0.0,0.0
675,256,0.0,0.0,0.0,0.0,0.0,0.0,0.0,0.0,0.0,0.0,0.0,0.0,0.0,0.0,0.0,0.0,0.0,0.0
675,512,0.0,0.0,0.0,0.0,0.0,0.0,0.0,0.0,0.0,0.0,0.0,0.0,0.0,0.0,0.0,0.0,0.0,0.0
676,64,0.0,0.0,0.0,0.0,0.0,0.0,0.0,0.0,0.0,0.0,0.0,0.0,0.0,0.0,0.0,0.0,0.0,0.0
676,128,0.0,0.0,0.0,0.0,0.0,0.0,0.0,0.0,0.0,0.0,0.0,0.0,0.0,0.0,0.0,0.0,0.0,0.0
676,256,0.0,0.0,0.0,0.0,0.0,0.0,0.0,0.0,0.0,0.0,0.0,0.0,0.0,0.0,0.0,0.0,0.0,0.0
676,512,0.0,0.0,0.0,0.0,0.0,0.0,0.0,0.0,0.0,0.0,0.0,0.0,0.0,0.0,0.0,0.0,0.0,0.0
677,64,0.0,0.0,0.0,0.0,0.0,0.0,0.0,0.0,0.0,0.0,0.0,0.0,0.0,0.0,0.0,0.0,0.0,0.0
677,128,0.0,0.0,0.0,0.0,0.0,0.0,0.0,0.0,0.0,0.0,0.0,0.0,0.0,0.0,0.0,0.0,0.0,0.0
677,256,0.03333333333333333,0.0,0.03333333333333333,0.0,0.03333333333333333,0.0,0.0,0.0,0.0,0.0,0.0,0.0,0.0,0.0,0.0,0.0,0.0,0.0
677,512,0.1,0.0,0.0,0.0,0.0,0.0,0.0,0.0,0.0,0.0,0.0,0.0,0.0,0.0,0.0,0.0,0.0,0.0
678,64,0.0,0.0,0.0,0.0,0.0,0.0,0.0,0.0,0.0,0.0,0.0,0.0,0.0,0.0,0.0,0.0,0.0,0.0
678,128,0.0,0.0,0.0,0.0,0.0,0.0,0.0,0.0,0.0,0.0,0.0,0.0,0.0,0.0,0.0,0.0,0.0,0.0
678,256,0.0,0.0,0.0,0.0,0.0,0.0,0.0,0.0,0.0,0.0,0.0,0.0,0.0,0.0,0.0,0.0,0.0,0.0
678,512,0.0,0.0,0.0,0.0,0.0,0.0,0.0,0.0,0.0,0.0,0.0,0.0,0.0,0.0,0.0,0.0,0.0,0.0
679,64,0.0,0.0,0.0,0.0,0.0,0.0,0.0,0.0,0.0,0.0,0.0,0.0,0.0,0.0,0.0,0.0,0.0,0.0
679,128,0.03333333333333333,0.0,0.03333333333333333,0.0,0.03333333333333333,0.0,0.0,0.0,0.0,0.0,0.0,0.0,0.0,0.0,0.0,0.0,0.0,0.0
679,256,0.1,0.0,0.03333333333333333,0.0,0.03333333333333333,0.0,0.0,0.0,0.0,0.0,0.0,0.0,0.0,0.0,0.0,0.0,0.0,0.0
679,512,0.03333333333333333,0.0,0.0,0.0,0.0,0.0,0.0,0.0,0.0,0.0,0.0,0.0,0.0,0.0,0.0,0.0,0.0,0.0
680,64,0.0,0.0,0.0,0.0,0.0,0.0,0.0,0.0,0.0,0.0,0.0,0.0,0.0,0.0,0.0,0.0,0.0,0.0
680,128,0.0,0.0,0.0,0.0,0.0,0.0,0.0,0.0,0.0,0.0,0.0,0.0,0.0,0.0,0.0,0.0,0.0,0.0
680,256,0.0,0.0,0.0,0.0,0.0,0.0,0.0,0.0,0.0,0.0,0.0,0.0,0.0,0.0,0.0,0.0,0.0,0.0
680,512,0.0,0.0,0.0,0.0,0.0,0.0,0.0,0.0,0.0,0.0,0.0,0.0,0.0,0.0,0.0,0.0,0.0,0.0
681,64,0.0,0.0,0.0,0.0,0.0,0.0,0.0,0.0,0.0,0.0,0.0,0.0,0.0,0.0,0.0,0.0,0.0,0.0
681,128,0.03333333333333333,0.0,0.03333333333333333,0.0,0.03333333333333333,0.0,0.0,0.0,0.0,0.0,0.0,0.0,0.0,0.0,0.0,0.0,0.0,0.0
681,256,0.03333333333333333,0.0,0.0,0.0,0.0,0.0,0.0,0.0,0.0,0.0,0.0,0.0,0.0,0.0,0.0,0.0,0.0,0.0
681,512,0.0,0.0,0.0,0.0,0.0,0.0,0.0,0.0,0.0,0.0,0.0,0.0,0.0,0.0,0.0,0.0,0.0,0.0
