{
  "noise_models": [
    "DEP-MED",
    "IDEAL",
    "READOUT",
    "COMBINED",
    "DEP-LOW",
    "PAULI",
    "DEP-HIGH",
    "THERMAL",
    "RIGETTI-ANKAA3",
    "IBM-HERON-R2",
    "IBM-HERON-R1",
    "PAULI-ZBIAS",
    "IBM-HERON-R3"
  ],
  "baseline": "IDEAL",
  "by_noise_model": {
    "DEP-MED": {
      "mean": 0.2575480143229167,
      "std": 0.21287884803783266,
      "median": 0.279638671875,
      "is_normal": false,
      "skewness": 0.7853837999748382,
      "kurtosis": 0.3947500002219071,
      "vs_baseline": {
        "degradation_percent": 73.02727741484598,
        "cohens_d": 4.199674159295052,
        "effect_size": "Large"
      }
    },
    "IDEAL": {
      "mean": 0.9548461914062502,
      "std": 0.099089218311985,
      "median": 0.96357421875,
      "is_normal": false,
      "skewness": -4.139399978219934,
      "kurtosis": 16.462587645479953
    },
    "READOUT": {
      "mean": 0.8866699218750002,
      "std": 0.08677424005121634,
      "median": 0.88935546875,
      "is_normal": false,
      "skewness": -3.6278346685677327,
      "kurtosis": 13.833771109877269,
      "vs_baseline": {
        "degradation_percent": 7.140026335638766,
        "cohens_d": 0.7320116507662859,
        "effect_size": "Medium"
      }
    },
    "COMBINED": {
      "mean": 0.24923095703125,
      "std": 0.2055675818179121,
      "median": 0.264453125,
      "is_normal": false,
      "skewness": 0.824025758530748,
      "kurtosis": 0.5157557968350441,
      "vs_baseline": {
        "degradation_percent": 73.89831375206147,
        "cohens_d": 4.3728159893972816,
        "effect_size": "Large"
      }
    },
    "DEP-LOW": {
      "mean": 0.5726643880208333,
      "std": 0.29667562731329883,
      "median": 0.6790527343749999,
      "is_normal": false,
      "skewness": -0.7497324197572994,
      "kurtosis": -0.5361682843105564,
      "vs_baseline": {
        "degradation_percent": 40.02548335272285,
        "cohens_d": 1.727975793412108,
        "effect_size": "Large"
      }
    },
    "PAULI": {
      "mean": 0.22886962890624998,
      "std": 0.1782845297053386,
      "median": 0.23095703125,
      "is_normal": true,
      "skewness": 0.6623021229748787,
      "kurtosis": -0.10272283538777538,
      "vs_baseline": {
        "degradation_percent": 76.03073343475538,
        "cohens_d": 5.033496955451339,
        "effect_size": "Large"
      }
    },
    "DEP-HIGH": {
      "mean": 0.16416015625000002,
      "std": 0.1474410478011195,
      "median": 0.129638671875,
      "is_normal": false,
      "skewness": 1.4230756745699753,
      "kurtosis": 1.735363138901783,
      "vs_baseline": {
        "degradation_percent": 82.80768591554698,
        "cohens_d": 6.29459112093076,
        "effect_size": "Large"
      }
    },
    "THERMAL": {
      "mean": 0.7951822916666668,
      "std": 0.26811389013835835,
      "median": 0.90380859375,
      "is_normal": false,
      "skewness": -1.9022847551053739,
      "kurtosis": 2.3798623665336605,
      "vs_baseline": {
        "degradation_percent": 16.72142604500923,
        "cohens_d": 0.7899521494896298,
        "effect_size": "Medium"
      }
    },
    "RIGETTI-ANKAA3": {
      "mean": 0.5919067382812501,
      "std": 0.275704043232907,
      "median": 0.700244140625,
      "is_normal": false,
      "skewness": -1.0642161271266481,
      "kurtosis": 0.11670121607245809,
      "vs_baseline": {
        "degradation_percent": 38.01025300111224,
        "cohens_d": 1.7519677148699437,
        "effect_size": "Large"
      }
    },
    "IBM-HERON-R2": {
      "mean": 0.6860799153645832,
      "std": 0.28535186471192664,
      "median": 0.807373046875,
      "is_normal": false,
      "skewness": -1.5430969314531187,
      "kurtosis": 1.1965912699922114,
      "vs_baseline": {
        "degradation_percent": 28.14759889714188,
        "cohens_d": 1.258307419318883,
        "effect_size": "Large"
      }
    },
    "IBM-HERON-R1": {
      "mean": 0.6530476888020833,
      "std": 0.2713048122794898,
      "median": 0.762939453125,
      "is_normal": false,
      "skewness": -1.5187501074327243,
      "kurtosis": 1.1905472250050355,
      "vs_baseline": {
        "degradation_percent": 31.607027950720834,
        "cohens_d": 1.4776923928714418,
        "effect_size": "Large"
      }
    },
    "PAULI-ZBIAS": {
      "mean": 0.19647216796875,
      "std": 0.16823270156178838,
      "median": 0.184130859375,
      "is_normal": false,
      "skewness": 1.1408437639691071,
      "kurtosis": 1.2027480540364213,
      "vs_baseline": {
        "degradation_percent": 79.42368417688344,
        "cohens_d": 5.4930909284148886,
        "effect_size": "Large"
      }
    },
    "IBM-HERON-R3": {
      "mean": 0.7694335937500001,
      "std": 0.2816444851720552,
      "median": 0.889794921875,
      "is_normal": false,
      "skewness": -1.860405395726275,
      "kurtosis": 2.095872225723136,
      "vs_baseline": {
        "degradation_percent": 19.418059088991452,
        "cohens_d": 0.8782382436715024,
        "effect_size": "Large"
      }
    }
  },
  "ranking": [
    "IDEAL",
    "READOUT",
    "THERMAL",
    "IBM-HERON-R3",
    "IBM-HERON-R2",
    "IBM-HERON-R1",
    "RIGETTI-ANKAA3",
    "DEP-LOW",
    "DEP-MED",
    "COMBINED",
    "PAULI",
    "PAULI-ZBIAS",
    "DEP-HIGH"
  ],
  "most_detrimental": "DEP-HIGH",
  "crossover_noise_model": "DEP-MED"
}