{
  "job_id": "d8tj3bdposuc738oqolg",
  "backend": "ibm_fez",
  "circuit": "GHZ-4",
  "num_qubits": 4,
  "observables": [
    "ZZZZ",
    "XXXX",
    "ZZII",
    "IIZZ",
    "XZXZ",
    "YYYY"
  ],
  "ideal_values": [
    1.0,
    1.0,
    1.0,
    1.0,
    0.0,
    -1.0
  ],
  "optimization_level": 2,
  "isa_depth": 12,
  "timestamp": "2026-06-23T20:23:58.393128",
  "primitive_type": "estimator",
  "status": "DONE",
  "expectation_values": [
    0.9320179853701094,
    0.9454399033621904,
    0.9758583349257914,
    0.9519156595525842,
    0.0005368767196832427,
    0.9175223139386618
  ],
  "standard_deviations": [
    0.008610429099451809,
    0.009279486526639647,
    0.006076662798887604,
    0.0071932849287502576,
    0.01747093491195715,
    0.010077607645296426
  ],
  "qward_metrics": {
    "num_observables": 6,
    "evs_0": 0.9320179853701094,
    "evs_1": 0.9454399033621904,
    "evs_2": 0.9758583349257914,
    "evs_3": 0.9519156595525842,
    "evs_4": 0.0005368767196832427,
    "evs_5": 0.9175223139386618,
    "stds_0": 0.008610429099451809,
    "stds_1": 0.009279486526639647,
    "stds_2": 0.006076662798887604,
    "stds_3": 0.0071932849287502576,
    "stds_4": 0.01747093491195715,
    "stds_5": 0.010077607645296426,
    "observable_labels": [
      "ZZZZ",
      "XXXX",
      "ZZII",
      "IIZZ",
      "XZXZ",
      "YYYY"
    ],
    "mean_expectation_value": 0.7872151789781702,
    "min_expectation_value": 0.0005368767196832427,
    "max_expectation_value": 0.9758583349257914,
    "success_prob_0": 0.9660089926850547,
    "success_prob_1": 0.9727199516810952,
    "success_prob_2": 0.9879291674628957,
    "success_prob_3": 0.9759578297762921,
    "success_prob_4": 0.5002684383598416,
    "success_prob_5": 0.9587611569693308,
    "mean_success_probability": 0.893607589489085,
    "ideal_expectation_values": [
      1.0,
      1.0,
      1.0,
      1.0,
      0.0,
      -1.0
    ],
    "obs_fidelity_0": 0.9660089926850547,
    "obs_fidelity_1": 0.9727199516810952,
    "obs_fidelity_2": 0.9879291674628957,
    "obs_fidelity_3": 0.9759578297762921,
    "obs_fidelity_4": 0.9997315616401584,
    "obs_fidelity_5": 0.04123884303066916,
    "mean_observable_fidelity": 0.8239310577126941,
    "rel_error_0": 0.06798201462989062,
    "rel_error_1": 0.054560096637809585,
    "rel_error_2": 0.024141665074208563,
    "rel_error_3": 0.04808434044741583,
    "rel_error_4": 5368767.196832427,
    "rel_error_5": 1.9175223139386617,
    "mean_relative_error": 894794.8848538096,
    "snr_0": 108.24291967393904,
    "snr_1": 101.88493734518732,
    "snr_2": 160.59116117228564,
    "snr_3": 132.3339293495729,
    "snr_4": 0.030729707504994656,
    "snr_5": 91.04564756169107,
    "mean_snr": 99.02155413503017,
    "depolarization_factor": 0.5775419138544028
  },
  "pre_runtime_metrics": {
    "QiskitMetrics": {
      "basic_metrics.depth": 12,
      "basic_metrics.width": 4,
      "basic_metrics.size": 21,
      "basic_metrics.num_qubits": 4,
      "basic_metrics.num_clbits": 0,
      "basic_metrics.num_ancillas": 0,
      "basic_metrics.num_parameters": 0,
      "basic_metrics.has_calibrations": false,
      "basic_metrics.has_layout": false,
      "basic_metrics.count_ops.rz": 11,
      "basic_metrics.count_ops.sx": 7,
      "basic_metrics.count_ops.cz": 3,
      "instruction_metrics.num_connected_components": 1,
      "instruction_metrics.num_nonlocal_gates": 3,
      "instruction_metrics.num_tensor_factors": 1,
      "instruction_metrics.num_unitary_factors": 1,
      "instruction_metrics.instructions.rz": [
        "CircuitInstruction(operation=Instruction(name='rz', num_qubits=1, num_clbits=0, params=[1.5707963267948966]), qubits=(<Qubit register=(4, \"q\"), index=0>,), clbits=())",
        "CircuitInstruction(operation=Instruction(name='rz', num_qubits=1, num_clbits=0, params=[3.141592653589793]), qubits=(<Qubit register=(4, \"q\"), index=0>,), clbits=())",
        "CircuitInstruction(operation=Instruction(name='rz', num_qubits=1, num_clbits=0, params=[1.5707963267948966]), qubits=(<Qubit register=(4, \"q\"), index=1>,), clbits=())",
        "CircuitInstruction(operation=Instruction(name='rz', num_qubits=1, num_clbits=0, params=[3.141592653589793]), qubits=(<Qubit register=(4, \"q\"), index=1>,), clbits=())",
        "CircuitInstruction(operation=Instruction(name='rz', num_qubits=1, num_clbits=0, params=[1.5707963267948966]), qubits=(<Qubit register=(4, \"q\"), index=2>,), clbits=())",
        "CircuitInstruction(operation=Instruction(name='rz', num_qubits=1, num_clbits=0, params=[3.141592653589793]), qubits=(<Qubit register=(4, \"q\"), index=2>,), clbits=())",
        "CircuitInstruction(operation=Instruction(name='rz', num_qubits=1, num_clbits=0, params=[1.5707963267948966]), qubits=(<Qubit register=(4, \"q\"), index=3>,), clbits=())",
        "CircuitInstruction(operation=Instruction(name='rz', num_qubits=1, num_clbits=0, params=[1.5707963267948966]), qubits=(<Qubit register=(4, \"q\"), index=3>,), clbits=())",
        "CircuitInstruction(operation=Instruction(name='rz', num_qubits=1, num_clbits=0, params=[1.5707963267948966]), qubits=(<Qubit register=(4, \"q\"), index=2>,), clbits=())",
        "CircuitInstruction(operation=Instruction(name='rz', num_qubits=1, num_clbits=0, params=[1.5707963267948966]), qubits=(<Qubit register=(4, \"q\"), index=1>,), clbits=())",
        "CircuitInstruction(operation=Instruction(name='rz', num_qubits=1, num_clbits=0, params=[1.5707963267948966]), qubits=(<Qubit register=(4, \"q\"), index=0>,), clbits=())"
      ],
      "instruction_metrics.instructions.sx": [
        "CircuitInstruction(operation=Instruction(name='sx', num_qubits=1, num_clbits=0, params=[]), qubits=(<Qubit register=(4, \"q\"), index=0>,), clbits=())",
        "CircuitInstruction(operation=Instruction(name='sx', num_qubits=1, num_clbits=0, params=[]), qubits=(<Qubit register=(4, \"q\"), index=1>,), clbits=())",
        "CircuitInstruction(operation=Instruction(name='sx', num_qubits=1, num_clbits=0, params=[]), qubits=(<Qubit register=(4, \"q\"), index=2>,), clbits=())",
        "CircuitInstruction(operation=Instruction(name='sx', num_qubits=1, num_clbits=0, params=[]), qubits=(<Qubit register=(4, \"q\"), index=3>,), clbits=())",
        "CircuitInstruction(operation=Instruction(name='sx', num_qubits=1, num_clbits=0, params=[]), qubits=(<Qubit register=(4, \"q\"), index=2>,), clbits=())",
        "CircuitInstruction(operation=Instruction(name='sx', num_qubits=1, num_clbits=0, params=[]), qubits=(<Qubit register=(4, \"q\"), index=1>,), clbits=())",
        "CircuitInstruction(operation=Instruction(name='sx', num_qubits=1, num_clbits=0, params=[]), qubits=(<Qubit register=(4, \"q\"), index=0>,), clbits=())"
      ],
      "instruction_metrics.instructions.cz": [
        "CircuitInstruction(operation=Instruction(name='cz', num_qubits=2, num_clbits=0, params=[]), qubits=(<Qubit register=(4, \"q\"), index=3>, <Qubit register=(4, \"q\"), index=2>), clbits=())",
        "CircuitInstruction(operation=Instruction(name='cz', num_qubits=2, num_clbits=0, params=[]), qubits=(<Qubit register=(4, \"q\"), index=2>, <Qubit register=(4, \"q\"), index=1>), clbits=())",
        "CircuitInstruction(operation=Instruction(name='cz', num_qubits=2, num_clbits=0, params=[]), qubits=(<Qubit register=(4, \"q\"), index=1>, <Qubit register=(4, \"q\"), index=0>), clbits=())"
      ],
      "scheduling_metrics.is_scheduled": false,
      "scheduling_metrics.layout": null,
      "scheduling_metrics.op_start_times": null,
      "scheduling_metrics.qubit_duration": null,
      "scheduling_metrics.qubit_start_time": null,
      "scheduling_metrics.qubit_stop_time": null
    },
    "ComplexityMetrics": {
      "gate_based_metrics.gate_count": 21.0,
      "gate_based_metrics.circuit_depth": 12.0,
      "gate_based_metrics.t_count": 0.0,
      "gate_based_metrics.cnot_count": 0.0,
      "gate_based_metrics.two_qubit_count": 3.0,
      "gate_based_metrics.multi_qubit_ratio": 0.476,