{
  "noise_models": [
    "IDEAL",
    "DEP-HIGH",
    "READOUT",
    "DEP-LOW",
    "COMBINED",
    "DEP-MED"
  ],
  "baseline": "IDEAL",
  "by_noise_model": {
    "IDEAL": {
      "mean": 1.0,
      "std": 0.0,
      "median": 1.0,
      "is_normal": false,
      "skewness": NaN,
      "kurtosis": NaN
    },
    "DEP-HIGH": {
      "mean": 0.6087265624999999,
      "std": 0.2297760840280154,
      "median": 0.55654296875,
      "is_normal": true,
      "skewness": -0.4684980097351711,
      "kurtosis": -0.22049477590171218,
      "vs_baseline": {
        "degradation_percent": 39.12734375000001,
        "cohens_d": 2.4081888428448255,
        "effect_size": "Large"
      }
    },
    "READOUT": {
      "mean": 0.93788671875,
      "std": 0.03762473955201571,
      "median": 0.94072265625,
      "is_normal": true,
      "skewness": -0.59465162323448,
      "kurtosis": -0.09293004388314996,
      "vs_baseline": {
        "degradation_percent": 6.211328125000004,
        "cohens_d": 2.334672499880162,
        "effect_size": "Large"
      }
    },
    "DEP-LOW": {
      "mean": 0.9377929687499998,
      "std": 0.0520354343140842,
      "median": 0.93818359375,
      "is_normal": false,
      "skewness": -1.735735969668358,
      "kurtosis": 2.967709124305954,
      "vs_baseline": {
        "degradation_percent": 6.220703125000016,
        "cohens_d": 1.6906561543756662,
        "effect_size": "Large"
      }
    },
    "COMBINED": {
      "mean": 0.7483749999999999,
      "std": 0.16410787985365557,
      "median": 0.732421875,
      "is_normal": true,
      "skewness": -0.9331355535656566,
      "kurtosis": 0.6842068683232818,
      "vs_baseline": {
        "degradation_percent": 25.16250000000001,
        "cohens_d": 2.1683997620922493,
        "effect_size": "Large"
      }
    },
    "DEP-MED": {
      "mean": 0.7887890625,
      "std": 0.14999594418022769,
      "median": 0.7767578125,
      "is_normal": false,
      "skewness": -1.2159707114093983,
      "kurtosis": 1.334498540777938,
      "vs_baseline": {
        "degradation_percent": 21.121093749999996,
        "cohens_d": 1.9913696598031754,
        "effect_size": "Large"
      }
    }
  },
  "ranking": [
    "IDEAL",
    "READOUT",
    "DEP-LOW",
    "DEP-MED",
    "COMBINED",
    "DEP-HIGH"
  ],
  "most_detrimental": "DEP-HIGH",
  "crossover_noise_model": null
}